;FLAVOR:Marlin
;TIME:2338
;Filament used: 0.550774m
;Layer height: 0.1
;MINX:92.2
;MINY:102.2
;MINZ:0.3
;MAXX:127.8
;MAXY:137.8
;MAXZ:20
;TARGET_MACHINE.NAME:Unknown
;Generated with Cura_SteamEngine 5.10.1
M140 S60
M105
M190 S60
M104 S200
M105
M109 S200
G28 ;Home
G1 Z15.0 F6000 ;Move the platform down 15mm
;Prime the extruder
G92 E0
G1 F200 E3
G92 E0
M82 ;absolute extrusion mode
G92 E0
G92 E0
G1 F2100 E-2
;LAYER_COUNT:198
;LAYER:0
M107
G0 F3600 X94.39 Y104.552 Z0.3
;TYPE:SKIRT
G1 F2100 E0
G1 F1800 X95.743 Y103.46 E0.03271
G1 X97.722 Y102.474 E0.0743
G1 X99.246 Y102.252 E0.10327
G1 X120.622 Y102.2 E0.50536
G1 X122.679 Y102.622 E0.54486
G1 X124.45 Y103.617 E0.58307
G1 X125.448 Y104.39 E0.60682
G1 X126.54 Y105.743 E0.63952
G1 X127.526 Y107.722 E0.68111
G1 X127.748 Y109.246 E0.71008
G1 X127.8 Y130.622 E1.11218
G1 X127.378 Y132.679 E1.15168
G1 X126.383 Y134.45 E1.18989
G1 X125.61 Y135.448 E1.21364
G1 X124.257 Y136.54 E1.24634
G1 X122.278 Y137.526 E1.28793
G1 X120.754 Y137.748 E1.3169
G1 X99.284 Y137.8 E1.72077
G1 X97.282 Y137.361 E1.75932
G1 X95.496 Y136.361 E1.79782
G1 X94.553 Y135.622 E1.82036
G1 X93.472 Y134.276 E1.85283
G1 X92.474 Y132.26 E1.89515
G1 X92.252 Y130.754 E1.92378
G1 X92.2 Y109.378 E2.32588
G1 X92.622 Y107.321 E2.36538
G1 X93.617 Y105.55 E2.40359
G1 X94.39 Y104.552 E2.42733
G0 F3600 X94.678 Y104.833
G1 F1800 X95.96 Y103.799 E2.45832
G1 X97.842 Y102.861 E2.49787
G1 X99.304 Y102.648 E2.52566
G1 X120.581 Y102.6 E2.92589
G1 X122.538 Y103.002 E2.96348
G1 X124.205 Y103.933 E2.99939
G1 X125.167 Y104.678 E3.02228
G1 X126.201 Y105.96 E3.05326
G1 X127.139 Y107.842 E3.09282
G1 X127.352 Y109.304 E3.12061
G1 X127.4 Y130.581 E3.52084
G1 X126.998 Y132.538 E3.55842
G1 X126.067 Y134.205 E3.59434
G1 X125.322 Y135.167 E3.61722
G1 X124.04 Y136.201 E3.64821
G1 X122.158 Y137.139 E3.68776
G1 X120.696 Y137.352 E3.71555
G1 X99.328 Y137.4 E4.1175
G1 X97.424 Y136.982 E4.15417
G1 X95.743 Y136.046 E4.19036
G1 X94.837 Y135.336 E4.21201
G1 X93.808 Y134.055 E4.24292
G1 X92.861 Y132.142 E4.28307
G1 X92.648 Y130.696 E4.31056
G1 X92.6 Y109.419 E4.7108
G1 X93.002 Y107.462 E4.74838
G1 X93.933 Y105.795 E4.78429
G1 X94.678 Y104.833 E4.80718
G0 F3600 X94.966 Y105.114
G1 F1800 X96.177 Y104.138 E4.83644
G1 X97.962 Y103.248 E4.87396
G1 X99.362 Y103.044 E4.90057
G1 X120.539 Y103 E5.29892
G1 X122.397 Y103.382 E5.3346
G1 X123.96 Y104.249 E5.36822
G1 X124.886 Y104.966 E5.39025
G1 X125.862 Y106.177 E5.41951
G1 X126.752 Y107.962 E5.45703
G1 X126.956 Y109.362 E5.48364
G1 X127 Y130.539 E5.88199
G1 X126.618 Y132.397 E5.91768
G1 X125.751 Y133.96 E5.9513
G1 X125.034 Y134.886 E5.97333
G1 X123.823 Y135.862 E6.00258
G1 X122.038 Y136.752 E6.0401
G1 X120.638 Y136.956 E6.06672
G1 X99.373 Y137 E6.46672
G1 X97.567 Y136.603 E6.50151
G1 X95.99 Y135.731 E6.5354
G1 X95.121 Y135.05 E6.55617
G1 X94.144 Y133.834 E6.58551
G1 X93.248 Y132.024 E6.6235
G1 X93.044 Y130.638 E6.64986
G1 X93 Y109.461 E7.04821
G1 X93.382 Y107.603 E7.08389
G1 X94.249 Y106.04 E7.11751
G1 X94.966 Y105.114 E7.13954
G0 F3600 X95.251 Y105.398
G1 F1800 X96.397 Y104.475 E7.16722
G1 X98.082 Y103.635 E7.20263
G1 X99.42 Y103.44 E7.22807
G1 X120.497 Y103.4 E7.62454
G1 X122.257 Y103.762 E7.65834
G1 X123.766 Y104.599 E7.6908
G1 X124.602 Y105.251 E7.71074
G1 X125.525 Y106.397 E7.73842
G1 X126.365 Y108.082 E7.77384
G1 X126.56 Y109.42 E7.79927
G1 X126.6 Y130.497 E8.19574
G1 X126.238 Y132.257 E8.22954
G1 X125.401 Y133.766 E8.262
G1 X124.749 Y134.602 E8.28194
G1 X123.603 Y135.525 E8.30962
G1 X121.918 Y136.365 E8.34504
G1 X120.58 Y136.56 E8.37047
G1 X99.418 Y136.6 E8.76854
G1 X97.709 Y136.224 E8.80146
G1 X96.237 Y135.416 E8.83305
G1 X95.405 Y134.764 E8.85293
G1 X94.483 Y133.617 E8.88061
G1 X93.635 Y131.903 E8.91658
G1 X93.44 Y130.58 E8.94174
G1 X93.4 Y109.503 E9.33821
G1 X93.762 Y107.743 E9.37201
G1 X94.599 Y106.234 E9.40447
G1 X95.251 Y105.398 E9.42441
G0 F3600 X95.535 Y105.683
G1 F1800 X96.617 Y104.812 E9.45054
G1 X98.202 Y104.022 E9.48385
G1 X99.478 Y103.836 E9.50811
G1 X120.455 Y103.8 E9.9027
G1 X122.117 Y104.142 E9.93462
G1 X123.572 Y104.949 E9.96591
G1 X124.317 Y105.535 E9.98374
G1 X125.188 Y106.617 E10.00987
G1 X125.978 Y108.202 E10.04318
G1 X126.164 Y109.478 E10.06744
G1 X126.2 Y130.455 E10.46203
G1 X125.858 Y132.117 E10.49395
G1 X125.051 Y133.572 E10.52524
G1 X124.465 Y134.317 E10.54307
G1 X123.383 Y135.188 E10.5692
G1 X121.798 Y135.978 E10.60251
G1 X120.522 Y136.164 E10.62677
G1 X99.463 Y136.2 E11.0229
G1 X97.849 Y135.845 E11.05399
G1 X96.484 Y135.101 E11.08323
G1 X95.686 Y134.476 E11.1023
G1 X94.821 Y133.399 E11.12828
G1 X94.022 Y131.785 E11.16216
G1 X93.836 Y130.522 E11.18617
G1 X93.8 Y109.545 E11.58076
G1 X94.142 Y107.883 E11.61268
G1 X94.949 Y106.428 E11.64398
G1 X95.535 Y105.683 E11.66181
G0 F3600 X95.82 Y105.968
G1 F1800 X96.835 Y105.151 E11.68632
G1 X98.323 Y104.409 E11.71759
G1 X99.536 Y104.232 E11.74065
G1 X120.413 Y104.2 E12.13336
G1 X121.977 Y104.522 E12.1634
G1 X123.378 Y105.299 E12.19353
G1 X124.032 Y105.82 E12.20926
G1 X124.849 Y106.835 E12.23377
G1 X125.591 Y108.323 E12.26505
G1 X125.768 Y109.536 E12.28811
G1 X125.8 Y130.413 E12.68082
G1 X125.478 Y131.977 E12.71085
G1 X124.701 Y133.378 E12.74099
G1 X124.18 Y134.032 E12.75672
G1 X123.165 Y134.849 E12.78123
G1 X121.677 Y135.591 E12.8125
G1 X120.464 Y135.768 E12.83556
G1 X99.508 Y135.8 E13.22976
G1 X97.989 Y135.466 E13.25901
G1 X96.731 Y134.786 E13.28591
G1 X95.97 Y134.19 E13.30409
G1 X95.157 Y133.178 E13.32851
G1 X94.409 Y131.667 E13.36023
G1 X94.232 Y130.464 E13.3831
G1 X94.2 Y109.587 E13.77581
G1 X94.522 Y108.023 E13.80585
G1 X95.299 Y106.622 E13.83598
G1 X95.82 Y105.968 E13.85171
G0 F3600 X96.104 Y106.254
G1 F1800 X97.055 Y105.488 E13.87468
G1 X98.443 Y104.796 E13.90385
G1 X99.594 Y104.628 E13.92573
G1 X120.371 Y104.6 E14.31656
G1 X121.838 Y104.902 E14.34473
G1 X123.129 Y105.612 E14.37245
G1 X123.746 Y106.104 E14.38729
G1 X124.512 Y107.055 E14.41026
G1 X125.204 Y108.443 E14.43944
G1 X125.372 Y109.594 E14.46132
G1 X125.4 Y130.371 E14.85215
G1 X125.098 Y131.838 E14.88032
G1 X124.388 Y133.129 E14.90803
G1 X123.896 Y133.746 E14.92288
G1 X122.945 Y134.512 E14.94585
G1 X121.557 Y135.204 E14.97502
G1 X120.406 Y135.372 E14.9969
G1 X99.553 Y135.4 E15.38916
G1 X98.13 Y135.087 E15.41657
G1 X96.978 Y134.471 E15.44114
G1 X96.254 Y133.904 E15.45844
G1 X95.493 Y132.957 E15.48129
G1 X94.796 Y131.549 E15.51084
G1 X94.628 Y130.406 E15.53258
G1 X94.6 Y109.629 E15.9234
G1 X94.902 Y108.162 E15.95158
G1 X95.612 Y106.871 E15.97929
G1 X96.104 Y106.254 E15.99414
G0 F3600 X96.39 Y106.537
G1 F1800 X97.271 Y105.827 E16.01542
G1 X98.563 Y105.183 E16.04257
G1 X99.652 Y105.024 E16.06328
G1 X120.329 Y105 E16.45222
G1 X121.7 Y105.282 E16.47855
G1 X122.88 Y105.925 E16.50383
G1 X123.463 Y106.39 E16.51786
G1 X124.173 Y107.271 E16.53914
G1 X124.817 Y108.563 E16.5663
G1 X124.976 Y109.652 E16.587
G1 X125 Y130.329 E16.97594
G1 X124.718 Y131.7 E17.00227
G1 X124.075 Y132.88 E17.02755
G1 X123.61 Y133.463 E17.04158
G1 X122.729 Y134.173 E17.06286
G1 X121.437 Y134.817 E17.09002
G1 X120.348 Y134.976 E17.11072
G1 X99.598 Y135 E17.50104
G1 X98.27 Y134.708 E17.52662
G1 X97.167 Y134.118 E17.55015
G1 X96.539 Y133.619 E17.56523
G1 X95.829 Y132.736 E17.58655
G1 X95.183 Y131.431 E17.61394
G1 X95.024 Y130.348 E17.63453
G1 X95 Y109.671 E18.02347
G1 X95.282 Y108.3 E18.0498
G1 X95.925 Y107.12 E18.07508
G1 X96.39 Y106.537 E18.08911
G0 F3600 X96.674 Y106.822
G1 F1800 X97.491 Y106.164 E18.10884
G1 X98.683 Y105.57 E18.13389
G1 X99.71 Y105.42 E18.15342
G1 X120.287 Y105.4 E18.54048
G1 X121.562 Y105.662 E18.56497
G1 X122.631 Y106.238 E18.58781
G1 X123.178 Y106.674 E18.60097
G1 X123.836 Y107.491 E18.6207
G1 X124.43 Y108.683 E18.64575
G1 X124.58 Y109.71 E18.66527
G1 X124.6 Y130.287 E19.05234
G1 X124.338 Y131.562 E19.07682
G1 X123.762 Y132.631 E19.09967
G1 X123.326 Y133.178 E19.11282
G1 X122.509 Y133.836 E19.13256
G1 X121.317 Y134.43 E19.15761
G1 X120.29 Y134.58 E19.17713
G1 X99.643 Y134.6 E19.56551
G1 X98.41 Y134.329 E19.58926
G1 X97.356 Y133.765 E19.61175
G1 X96.825 Y133.336 E19.62459
G1 X96.165 Y132.515 E19.6444
G1 X95.57 Y131.313 E19.66963
G1 X95.42 Y130.29 E19.68908
G1 X95.4 Y109.713 E20.07615
G1 X95.662 Y108.438 E20.10063
G1 X96.238 Y107.369 E20.12347
G1 X96.674 Y106.822 E20.13663
G0 F3600 X96.956 Y107.109
G1 F1800 X97.711 Y106.501 E20.15486
G1 X98.803 Y105.957 E20.17781
G1 X99.768 Y105.816 E20.19616
G1 X120.246 Y105.8 E20.58136
G1 X121.424 Y106.042 E20.60398
G1 X122.441 Y106.59 E20.62571
G1 X122.891 Y106.956 E20.63662
G1 X123.499 Y107.711 E20.65486
G1 X124.043 Y108.803 E20.67781
G1 X124.184 Y109.768 E20.69615
G1 X124.2 Y130.246 E21.08136
G1 X123.958 Y131.424 E21.10398
G1 X123.41 Y132.441 E21.12571
G1 X123.044 Y132.891 E21.13662
G1 X122.289 Y133.499 E21.15485
G1 X121.197 Y134.043 E21.1778
G1 X120.232 Y134.184 E21.19615
G1 X99.688 Y134.2 E21.58259
G1 X98.55 Y133.95 E21.60451
G1 X97.578 Y133.43 E21.62524
G1 X97.111 Y133.052 E21.63655
G1 X96.501 Y132.294 E21.65485
G1 X95.957 Y131.195 E21.67791
G1 X95.816 Y130.232 E21.69622
G1 X95.8 Y109.754 E22.08143
G1 X96.042 Y108.576 E22.10405
G1 X96.59 Y107.559 E22.12578
G1 X96.956 Y107.109 E22.13669
G0 F3600 X97.207 Y107.421
G1 F1800 X97.931 Y106.838 E22.15417
G1 X98.923 Y106.344 E22.17502
G1 X99.826 Y106.212 E22.19219
G1 X120.205 Y106.2 E22.57553
G1 X121.286 Y106.422 E22.59629
G1 X122.194 Y106.905 E22.61563
G1 X122.579 Y107.207 E22.62484
G1 X123.162 Y107.931 E22.64232
G1 X123.656 Y108.923 E22.66317
G1 X123.788 Y109.826 E22.68033
G1 X123.8 Y130.205 E23.06367
G1 X123.578 Y131.286 E23.08443
G1 X123.095 Y132.194 E23.10378
G1 X122.793 Y132.579 E23.11298
G1 X122.069 Y133.162 E23.13047
G1 X121.077 Y133.656 E23.15131
G1 X120.174 Y133.788 E23.16848
G1 X99.733 Y133.8 E23.55299
G1 X98.69 Y133.571 E23.57307
G1 X97.767 Y133.077 E23.59277
G1 X97.398 Y132.77 E23.6018
G1 X96.839 Y132.075 E23.61857
G1 X96.344 Y131.076 E23.63954
G1 X96.212 Y130.174 E23.65669
G1 X96.2 Y109.795 E24.04003
G1 X96.422 Y108.714 E24.06079
G1 X96.905 Y107.806 E24.08014
G1 X97.207 Y107.421 E24.08934
G0 F3600 X97.458 Y107.733
G1 F1800 X98.151 Y107.175 E24.10608
G1 X99.043 Y106.731 E24.12482
G1 X99.884 Y106.608 E24.14081
G1 X120.164 Y106.6 E24.52229
G1 X121.15 Y106.802 E24.54122
G1 X121.955 Y107.226 E24.55833
G1 X122.267 Y107.458 E24.56565
G1 X122.825 Y108.151 E24.58238
G1 X123.269 Y109.043 E24.60113
G1 X123.392 Y109.884 E24.61711
G1 X123.4 Y130.164 E24.99859
G1 X123.198 Y131.15 E25.01752
G1 X122.774 Y131.955 E25.03464
G1 X122.542 Y132.267 E25.04195
G1 X121.849 Y132.825 E25.05869
G1 X120.957 Y133.269 E25.07743
G1 X120.116 Y133.392 E25.09342
G1 X99.778 Y133.4 E25.47599
G1 X98.83 Y133.192 E25.49425
G1 X97.956 Y132.724 E25.51289
G1 X97.71 Y132.519 E25.51892
G1 X97.177 Y131.856 E25.53492
G1 X96.731 Y130.957 E25.5538
G1 X96.608 Y130.116 E25.56979
G1 X96.6 Y109.836 E25.95126
G1 X96.802 Y108.85 E25.9702
G1 X97.226 Y108.045 E25.98731
G1 X97.458 Y107.733 E25.99462
G0 F3600 X97.749 Y108.012
G1 F1800 X98.367 Y107.514 E26.00955
G1 X99.163 Y107.118 E26.02628
G1 X99.942 Y107.004 E26.04109
G1 X120.123 Y107 E26.4207
G1 X121.013 Y107.182 E26.43779
G1 X121.768 Y107.58 E26.45385
G1 X121.988 Y107.749 E26.45906
G1 X122.486 Y108.367 E26.47399
G1 X122.882 Y109.163 E26.49072
G1 X122.996 Y109.942 E26.50553
G1 X123 Y130.123 E26.88514
G1 X122.818 Y131.013 E26.90223
G1 X122.42 Y131.768 E26.91828
G1 X122.251 Y131.988 E26.9235
G1 X121.633 Y132.486 E26.93843
G1 X120.837 Y132.882 E26.95516
G1 X120.058 Y132.996 E26.96997
G1 X99.823 Y133 E27.3506
G1 X98.97 Y132.813 E27.36702
G1 X98.145 Y132.371 E27.38463
G1 X98.022 Y132.268 E27.38765
G1 X97.515 Y131.637 E27.40287
G1 X97.118 Y130.837 E27.41967
G1 X97.004 Y130.058 E27.43448
G1 X97 Y109.877 E27.8141
G1 X97.182 Y108.987 E27.83119
G1 X97.58 Y108.232 E27.84724
G1 X97.749 Y108.012 E27.85246
G0 F3600 X98.037 Y108.293
G1 F1800 X98.583 Y107.853 E27.86565
G1 X99.283 Y107.505 E27.88035
G1 X100 Y107.4 E27.89399
G1 X120.082 Y107.4 E28.27174
G1 X120.878 Y107.563 E28.28702
G1 X121.582 Y107.934 E28.30199
G1 X121.707 Y108.037 E28.30504
G1 X122.147 Y108.583 E28.31823
G1 X122.495 Y109.283 E28.33293
G1 X122.6 Y110 E28.34656
G1 X122.6 Y130.082 E28.72432
G1 X122.437 Y130.878 E28.7396
G1 X122.066 Y131.582 E28.75457
G1 X121.963 Y131.707 E28.75762
G1 X121.417 Y132.147 E28.77081
G1 X120.717 Y132.495 E28.78551
G1 X120 Y132.6 E28.79914
G1 X99.868 Y132.6 E29.17784
G1 X99.11 Y132.434 E29.19243
G1 X98.334 Y132.018 E29.209
G1 X97.854 Y131.42 E29.22342
G1 X97.505 Y130.717 E29.23818
G1 X97.4 Y130 E29.25182
G1 X97.4 Y109.918 E29.62957
G1 X97.563 Y109.122 E29.64485
G1 X97.934 Y108.418 E29.65982
G1 X98.037 Y108.293 E29.66287
G0 F3600 X98.288 Y108.604
G1 F1800 X98.799 Y108.192 E29.67522
G1 X99.405 Y107.891 E29.68794
G1 X100 Y107.8 E29.69927
G1 X120.041 Y107.8 E30.07625
G1 X120.743 Y107.944 E30.08973
G1 X121.396 Y108.288 E30.10361
G1 X121.808 Y108.799 E30.11596
G1 X122.109 Y109.405 E30.12869
G1 X122.2 Y110 E30.14001
G1 X122.2 Y130.041 E30.51699
G1 X122.056 Y130.743 E30.53047
G1 X121.712 Y131.396 E30.54436
G1 X121.201 Y131.808 E30.5567
G1 X120.595 Y132.109 E30.56943
G1 X120 Y132.2 E30.58075
G1 X99.913 Y132.2 E30.9586
G1 X99.247 Y132.054 E30.97143
G1 X98.597 Y131.705 E30.9853
G1 X98.192 Y131.201 E30.99747
G1 X97.891 Y130.595 E31.01019
G1 X97.8 Y130 E31.02152
G1 X97.8 Y109.959 E31.3985
G1 X97.944 Y109.257 E31.41198
G1 X98.288 Y108.604 E31.42586
G0 F3600 X98.605 Y108.862
G1 F1800 X98.977 Y108.55 E31.435
G1 X99.526 Y108.277 E31.44653
G1 X100 Y108.2 E31.45556
G1 X120 Y108.2 E31.83177
G1 X120.606 Y108.324 E31.84341
G1 X121.138 Y108.605 E31.85473
G1 X121.45 Y108.977 E31.86386
G1 X121.723 Y109.526 E31.87539
G1 X121.8 Y110 E31.88442
G1 X121.8 Y130 E32.26064
G1 X121.676 Y130.606 E32.27227
G1 X121.395 Y131.138 E32.28359
G1 X121.023 Y131.45 E32.29272
G1 X120.474 Y131.723 E32.30426
G1 X120 Y131.8 E32.31329
G1 X99.958 Y131.8 E32.69029
G1 X99.384 Y131.674 E32.70134
G1 X98.859 Y131.392 E32.71255
G1 X98.55 Y131.023 E32.72161
G1 X98.277 Y130.474 E32.73314
G1 X98.2 Y130 E32.74217
G1 X98.2 Y110 E33.11838
G1 X98.324 Y109.394 E33.13002
G1 X98.605 Y108.862 E33.14134
G0 F3600 X98.923 Y109.117
G1 F1800 X99.155 Y108.908 E33.14721
G1 X99.649 Y108.662 E33.15759
G1 X100 Y108.6 E33.1643
G1 X120 Y108.6 E33.54051
G1 X120.419 Y108.678 E33.54852
G1 X120.883 Y108.923 E33.55839
G1 X121.092 Y109.155 E33.56427
G1 X121.338 Y109.649 E33.57465
G1 X121.4 Y110 E33.58135
G1 X121.4 Y130 E33.95757
G1 X121.322 Y130.419 E33.96558
G1 X121.077 Y130.883 E33.97545
G1 X120.845 Y131.092 E33.98133
G1 X120.351 Y131.338 E33.99171
G1 X120 Y131.4 E33.99841
G1 X99.958 Y131.4 E34.37541
G1 X99.477 Y131.285 E34.38472
G1 X99.117 Y131.077 E34.39254
G1 X98.908 Y130.845 E34.39841
G1 X98.662 Y130.351 E34.40879
G1 X98.6 Y130 E34.4155
G1 X98.6 Y110 E34.79171
G1 X98.678 Y109.581 E34.79972
G1 X98.923 Y109.117 E34.80959
G0 F3600 X99.207 Y109.399
G1 F1800 X99.07 Y109.662 E34.81517
G1 X99 Y110 E34.82167
G1 X99 Y130 E35.19788
G1 X99.054 Y130.273 E35.20311
G1 X99.26 Y130.655 E35.21128
G1 X99.399 Y130.793 E35.21496
G1 X99.662 Y130.93 E35.22054
G1 X100 Y131 E35.22703
G1 X120 Y131 E35.60324
G1 X120.273 Y130.946 E35.60848
G1 X120.655 Y130.74 E35.61664
G1 X120.793 Y130.601 E35.62032
G1 X120.93 Y130.338 E35.6259
G1 X121 Y130 E35.6324
G1 X121 Y110 E36.00861
G1 X120.946 Y109.727 E36.01384
G1 X120.74 Y109.345 E36.02201
G1 X120.601 Y109.207 E36.02569
G1 X120.338 Y109.07 E36.03127
G1 X120 Y109 E36.03776
G1 X100 Y109 E36.41397
G1 X99.727 Y109.054 E36.41921
G1 X99.345 Y109.26 E36.42737
G1 X99.207 Y109.399 E36.43106
G0 F3600 X99.839 Y109.881
G1 F1800 X100 Y109.8 E36.43445
G1 X120 Y109.8 E36.81066
G1 X120.119 Y109.839 E36.81301
G1 X120.2 Y110 E36.8164
G1 X120.2 Y130 E37.19261
G1 X120.161 Y130.119 E37.19497
G1 X120 Y130.2 E37.19836
G1 X100 Y130.2 E37.57457
G1 X99.881 Y130.161 E37.57693
G1 X99.8 Y130 E37.58032
G1 X99.8 Y110 E37.95653
G1 X99.839 Y109.881 E37.95888
G0 F3600 X99.459 Y109.756
G1 F1800 X99.55 Y109.604 E37.96222
G1 X99.82 Y109.443 E37.96813
G1 X100 Y109.4 E37.97161
G1 X120 Y109.4 E38.34782
G1 X120.244 Y109.459 E38.35254
G1 X120.396 Y109.55 E38.35588
G1 X120.557 Y109.82 E38.36179
G1 X120.6 Y110 E38.36527
G1 X120.6 Y130 E38.74148
G1 X120.541 Y130.244 E38.7462
G1 X120.45 Y130.396 E38.74954
G1 X120.18 Y130.557 E38.75545
G1 X120 Y130.6 E38.75893
G1 X100 Y130.6 E39.13514
G1 X99.756 Y130.541 E39.13986
G1 X99.604 Y130.45 E39.1432
G1 X99.443 Y130.18 E39.14911
G1 X99.4 Y130 E39.15259
G1 X99.4 Y110 E39.5288
G1 X99.459 Y109.756 E39.53352
G1 F2100 E37.53352
;MESH:xyzCalibration_cube.glb
G0 F3600 X100.424 Y110.424
G0 X119.09 Y129.12
G0 X119.4 Y129.4
;TYPE:WALL-INNER
G1 F2100 E39.53352
G1 F1800 X119.4 Y110.6 E39.88716
G1 X100.6 Y110.6 E40.2408
G1 X100.6 Y129.4 E40.59444
G1 X119.4 Y129.4 E40.94808
G0 F3600 X119.8 Y129.8
;TYPE:WALL-OUTER
G1 F1800 X119.8 Y110.2 E41.31676
G1 X100.2 Y110.2 E41.68545
G1 X100.2 Y129.8 E42.05414
G1 X119.8 Y129.8 E42.42282
G0 F3600 X119.8 Y129.6
G0 X119.02 Y129.02
;TYPE:SKIN
G1 F1800 X100.98 Y129.02 E42.76217
G1 X100.98 Y110.98 E43.10151
G1 X119.02 Y110.98 E43.44085
G1 X119.02 Y129.02 E43.78019
G0 F3600 X118.82 Y111.466
G1 F1800 X118.534 Y111.181 E43.78779
G0 F3600 X117.969 Y111.181
G1 F1800 X118.82 Y112.032 E43.81043
G0 F3600 X118.82 Y112.598
G1 F1800 X117.403 Y111.181 E43.84812
G0 F3600 X116.837 Y111.181
G1 F1800 X118.82 Y113.163 E43.90086
G0 F3600 X118.82 Y113.729
G1 F1800 X116.272 Y111.181 E43.96864
G0 F3600 X115.706 Y111.181
G1 F1800 X118.82 Y114.295 E44.05148
G0 F3600 X118.82 Y114.86
G1 F1800 X115.14 Y111.181 E44.14937
G0 F3600 X114.575 Y111.181
G1 F1800 X118.82 Y115.426 E44.26229
G0 F3600 X118.82 Y115.992
G1 F1800 X114.009 Y111.181 E44.39027
G0 F3600 X113.443 Y111.181
G1 F1800 X118.82 Y116.557 E44.5333
G0 F3600 X118.82 Y117.123
G1 F1800 X112.878 Y111.181 E44.69137
G0 F3600 X112.312 Y111.181
G1 F1800 X118.82 Y117.689 E44.8645
G0 F3600 X118.82 Y118.254
G1 F1800 X111.746 Y111.181 E45.05267
G0 F3600 X111.181 Y111.181
G1 F1800 X118.82 Y118.82 E45.25588
G0 F3600 X118.82 Y119.386
G1 F1800 X110.615 Y111.181 E45.47415
G0 F3600 X110.049 Y111.181
G1 F1800 X118.82 Y119.951 E45.70747
G0 F3600 X118.82 Y120.517
G1 F1800 X109.483 Y111.181 E45.95584
G0 F3600 X108.918 Y111.181
G1 F1800 X118.82 Y121.083 E46.21925
G0 F3600 X118.82 Y121.649
G1 F1800 X108.352 Y111.181 E46.49772
G0 F3600 X107.786 Y111.181
G1 F1800 X118.82 Y122.214 E46.79124
G0 F3600 X118.82 Y122.78
G1 F1800 X107.221 Y111.181 E47.0998
G0 F3600 X106.655 Y111.181
G1 F1800 X118.82 Y123.346 E47.42341
G0 F3600 X118.82 Y123.911
G1 F1800 X106.089 Y111.181 E47.76207
G0 F3600 X105.524 Y111.181
G1 F1800 X118.82 Y124.477 E48.11577
G0 F3600 X118.82 Y125.043
G1 F1800 X104.958 Y111.181 E48.48453
G0 F3600 X104.392 Y111.181
G1 F1800 X118.82 Y125.608 E48.86833
G0 F3600 X118.82 Y126.174
G1 F1800 X103.827 Y111.181 E49.26718
G0 F3600 X103.261 Y111.181
G1 F1800 X118.82 Y126.74 E49.68108
G0 F3600 X118.82 Y127.305
G1 F1800 X102.695 Y111.181 E50.11003
G0 F3600 X102.13 Y111.181
G1 F1800 X118.82 Y127.871 E50.55402
G0 F3600 X118.82 Y128.437
G1 F1800 X101.564 Y111.181 E51.01306
G0 F3600 X101.18 Y111.362
G1 F1800 X118.638 Y128.82 E51.47748
G0 F3600 X118.072 Y128.82
G1 F1800 X101.18 Y111.928 E51.92685
G0 F3600 X101.18 Y112.494
G1 F1800 X117.506 Y128.82 E52.36115
G0 F3600 X116.941 Y128.82
G1 F1800 X101.18 Y113.059 E52.78043
G0 F3600 X101.18 Y113.625
G1 F1800 X116.375 Y128.82 E53.18465
G0 F3600 X115.809 Y128.82
G1 F1800 X101.18 Y114.191 E53.57381
G0 F3600 X101.18 Y114.756
G1 F1800 X115.244 Y128.82 E53.94795
G0 F3600 X114.678 Y128.82
G1 F1800 X101.18 Y115.322 E54.30702
G0 F3600 X101.18 Y115.888
G1 F1800 X114.112 Y128.82 E54.65104
G0 F3600 X113.546 Y128.82
G1 F1800 X101.18 Y116.453 E54.98002
G0 F3600 X101.18 Y117.019
G1 F1800 X112.981 Y128.82 E55.29395
G0 F3600 X112.415 Y128.82
G1 F1800 X101.18 Y117.585 E55.59282
G0 F3600 X101.18 Y118.15
G1 F1800 X111.849 Y128.82 E55.87665
G0 F3600 X111.284 Y128.82
G1 F1800 X101.18 Y118.716 E56.14544
G0 F3600 X101.18 Y119.282
G1 F1800 X110.718 Y128.82 E56.39917
G0 F3600 X110.152 Y128.82
G1 F1800 X101.18 Y119.848 E56.63785
G0 F3600 X101.18 Y120.413
G1 F1800 X109.587 Y128.82 E56.86149
G0 F3600 X109.021 Y128.82
G1 F1800 X101.18 Y120.979 E57.07008
G0 F3600 X101.18 Y121.545
G1 F1800 X108.455 Y128.82 E57.26361
G0 F3600 X107.89 Y128.82
G1 F1800 X101.18 Y122.11 E57.44211
G0 F3600 X101.18 Y122.676
G1 F1800 X107.324 Y128.82 E57.60555
G0 F3600 X106.758 Y128.82
G1 F1800 X101.18 Y123.242 E57.75394
G0 F3600 X101.18 Y123.807
G1 F1800 X106.193 Y128.82 E57.8873
G0 F3600 X105.627 Y128.82
G1 F1800 X101.18 Y124.373 E58.0056
G0 F3600 X101.18 Y124.939
G1 F1800 X105.061 Y128.82 E58.10884
G0 F3600 X104.496 Y128.82
G1 F1800 X101.18 Y125.504 E58.19705
G0 F3600 X101.18 Y126.07
G1 F1800 X103.93 Y128.82 E58.27021
G0 F3600 X103.364 Y128.82
G1 F1800 X101.18 Y126.636 E58.32831
G0 F3600 X101.18 Y127.201
G1 F1800 X102.798 Y128.82 E58.37136
G0 F3600 X102.233 Y128.82
G1 F1800 X101.18 Y127.767 E58.39938
G0 F3600 X101.18 Y128.333
G1 F1800 X101.667 Y128.82 E58.41233
G0 F3600 X101.667 Y128.79
;MESH:NONMESH
G0 F600 X101.667 Y128.79 Z0.4
G0 F3600 X119.12 Y129.12
G0 X119.4 Y129.4
;TIME_ELAPSED:110.320054
;LAYER:1
M106 S255
;TYPE:WALL-INNER
;MESH:xyzCalibration_cube.glb
G1 F2700 X119.4 Y110.6 E58.53021
G1 X100.6 Y110.6 E58.64809
G1 X100.6 Y129.4 E58.76597
G1 X119.4 Y129.4 E58.88385
G0 F5400 X119.8 Y129.8
;TYPE:WALL-OUTER
G1 F1800 X119.8 Y110.2 E59.00674
G1 X100.2 Y110.2 E59.12964
G1 X100.2 Y129.8 E59.25254
G1 X119.8 Y129.8 E59.37543
G0 F5400 X119.8 Y129.6
G0 X119.02 Y129.02
;TYPE:SKIN
G1 F1800 X100.98 Y129.02 E59.48855
G1 X100.98 Y110.98 E59.60166
G1 X119.02 Y110.98 E59.71477
G1 X119.02 Y129.02 E59.82789
G0 F5400 X118.385 Y128.82
G1 F1800 X118.82 Y128.384 E59.83175
G0 F5400 X118.82 Y127.819
G1 F1800 X117.819 Y128.82 E59.84063
G0 F5400 X117.253 Y128.82
G1 F1800 X118.82 Y127.253 E59.85452
G0 F5400 X118.82 Y126.687
G1 F1800 X116.687 Y128.82 E59.87344
G0 F5400 X116.122 Y128.82
G1 F1800 X118.82 Y126.122 E59.89736
G0 F5400 X118.82 Y125.556
G1 F1800 X115.556 Y128.82 E59.9263
G0 F5400 X114.99 Y128.82
G1 F1800 X118.82 Y124.99 E59.96027
G0 F5400 X118.82 Y124.425
G1 F1800 X114.425 Y128.82 E59.99924
G0 F5400 X113.859 Y128.82
G1 F1800 X118.82 Y123.859 E60.04323
G0 F5400 X118.82 Y123.293
G1 F1800 X113.293 Y128.82 E60.09224
G0 F5400 X112.728 Y128.82
G1 F1800 X118.82 Y122.728 E60.14626
G0 F5400 X118.82 Y122.162
G1 F1800 X112.162 Y128.82 E60.2053
G0 F5400 X111.596 Y128.82
G1 F1800 X118.82 Y121.596 E60.26936
G0 F5400 X118.82 Y121.031
G1 F1800 X111.031 Y128.82 E60.33842
G0 F5400 X110.465 Y128.82
G1 F1800 X118.82 Y120.465 E60.41251
G0 F5400 X118.82 Y119.899
G1 F1800 X109.899 Y128.82 E60.49162
G0 F5400 X109.334 Y128.82
G1 F1800 X118.82 Y119.333 E60.57574
G0 F5400 X118.82 Y118.768
G1 F1800 X108.768 Y128.82 E60.66487
G0 F5400 X108.202 Y128.82
G1 F1800 X118.82 Y118.202 E60.75903
G0 F5400 X118.82 Y117.636
G1 F1800 X107.637 Y128.82 E60.85819
G0 F5400 X107.071 Y128.82
G1 F1800 X118.82 Y117.071 E60.96238
G0 F5400 X118.82 Y116.505
G1 F1800 X106.505 Y128.82 E61.07158
G0 F5400 X105.939 Y128.82
G1 F1800 X118.82 Y115.939 E61.1858
G0 F5400 X118.82 Y115.374
G1 F1800 X105.374 Y128.82 E61.30503
G0 F5400 X104.808 Y128.82
G1 F1800 X118.82 Y114.808 E61.42928
G0 F5400 X118.82 Y114.242
G1 F1800 X104.242 Y128.82 E61.55855
G0 F5400 X103.677 Y128.82
G1 F1800 X118.82 Y113.677 E61.69283
G0 F5400 X118.82 Y113.111
G1 F1800 X103.111 Y128.82 E61.83212
G0 F5400 X102.545 Y128.82
G1 F1800 X118.82 Y112.545 E61.97644
G0 F5400 X118.82 Y111.98
G1 F1800 X101.98 Y128.82 E62.12577
G0 F5400 X101.414 Y128.82
G1 F1800 X118.82 Y111.414 E62.28011
G0 F5400 X118.488 Y111.18
G1 F1800 X101.181 Y128.488 E62.43359
G0 F5400 X101.181 Y127.922
G1 F1800 X117.923 Y111.18 E62.58204
G0 F5400 X117.357 Y111.18
G1 F1800 X101.181 Y127.356 E62.72548
G0 F5400 X101.181 Y126.791
G1 F1800 X116.791 Y111.18 E62.86391
G0 F5400 X116.226 Y111.18
G1 F1800 X101.181 Y126.225 E62.99732
G0 F5400 X101.181 Y125.659
G1 F1800 X115.66 Y111.18 E63.12571
G0 F5400 X115.094 Y111.18
G1 F1800 X101.181 Y125.094 E63.24908
G0 F5400 X101.181 Y124.528
G1 F1800 X114.529 Y111.18 E63.36745
G0 F5400 X113.963 Y111.18
G1 F1800 X101.181 Y123.962 E63.48079
G0 F5400 X101.181 Y123.396
G1 F1800 X113.397 Y111.18 E63.58911
G0 F5400 X112.832 Y111.18
G1 F1800 X101.181 Y122.831 E63.69243
G0 F5400 X101.181 Y122.265
G1 F1800 X112.266 Y111.18 E63.79072
G0 F5400 X111.7 Y111.18
G1 F1800 X101.181 Y121.699 E63.884
G0 F5400 X101.181 Y121.134
G1 F1800 X111.135 Y111.18 E63.97226
G0 F5400 X110.569 Y111.18
G1 F1800 X101.181 Y120.568 E64.05551
G0 F5400 X101.181 Y120.002
G1 F1800 X110.003 Y111.18 E64.13374
G0 F5400 X109.438 Y111.18
G1 F1800 X101.181 Y119.437 E64.20696
G0 F5400 X101.181 Y118.871
G1 F1800 X108.872 Y111.18 E64.27515
G0 F5400 X108.306 Y111.18
G1 F1800 X101.181 Y118.305 E64.33834
G0 F5400 X101.181 Y117.74
G1 F1800 X107.74 Y111.18 E64.3965
G0 F5400 X107.175 Y111.18
G1 F1800 X101.181 Y117.174 E64.44965
G0 F5400 X101.181 Y116.608
G1 F1800 X106.609 Y111.18 E64.49778
G0 F5400 X106.043 Y111.18
G1 F1800 X101.181 Y116.043 E64.5409
G0 F5400 X101.181 Y115.477
G1 F1800 X105.478 Y111.18 E64.579
G0 F5400 X104.912 Y111.18
G1 F1800 X101.181 Y114.911 E64.61209
G0 F5400 X101.181 Y114.346
G1 F1800 X104.346 Y111.18 E64.64016
G0 F5400 X103.781 Y111.18
G1 F1800 X101.181 Y113.78 E64.66321
G0 F5400 X101.181 Y113.214
G1 F1800 X103.215 Y111.18 E64.68125
G0 F5400 X102.649 Y111.18
G1 F1800 X101.181 Y112.648 E64.69427
G0 F5400 X101.181 Y112.083
G1 F1800 X102.084 Y111.18 E64.70227
G0 F5400 X101.518 Y111.18
G1 F1800 X101.181 Y111.517 E64.70526
G0 F5400 X101.21 Y111.517
;MESH:NONMESH
G0 F600 X101.21 Y111.517 Z0.5
G0 F5400 X119.12 Y129.12
G0 X119.4 Y129.4
;TIME_ELAPSED:144.674356
;LAYER:2
;TYPE:WALL-INNER
;MESH:xyzCalibration_cube.glb
G1 F3600 X119.4 Y110.6 E64.82314
G1 X100.6 Y110.6 E64.94102
G1 X100.6 Y129.4 E65.0589
G1 X119.4 Y129.4 E65.17678
G0 F7200 X119.8 Y129.8
;TYPE:WALL-OUTER
G1 F1800 X119.8 Y110.2 E65.29968
G1 X100.2 Y110.2 E65.42257
G1 X100.2 Y129.8 E65.54547
G1 X119.8 Y129.8 E65.66836
G0 F7200 X119.8 Y129.6
G0 X119.02 Y129.02
;TYPE:SKIN
G1 F1800 X100.98 Y129.02 E65.78148
G1 X100.98 Y110.98 E65.89459
G1 X119.02 Y110.98 E66.00771
G1 X119.02 Y129.02 E66.12082
G0 F7200 X118.82 Y111.466
G1 F1800 X118.534 Y111.181 E66.12335
G0 F7200 X117.969 Y111.181
G1 F1800 X118.82 Y112.032 E66.1309
G0 F7200 X118.82 Y112.598
G1 F1800 X117.403 Y111.181 E66.14346
G0 F7200 X116.837 Y111.181
G1 F1800 X118.82 Y113.163 E66.16104
G0 F7200 X118.82 Y113.729
G1 F1800 X116.272 Y111.181 E66.18364
G0 F7200 X115.706 Y111.181
G1 F1800 X118.82 Y114.295 E66.21125
G0 F7200 X118.82 Y114.86
G1 F1800 X115.14 Y111.181 E66.24388
G0 F7200 X114.575 Y111.181
G1 F1800 X118.82 Y115.426 E66.28152
G0 F7200 X118.82 Y115.992
G1 F1800 X114.009 Y111.181 E66.32418
G0 F7200 X113.443 Y111.181
G1 F1800 X118.82 Y116.557 E66.37186
G0 F7200 X118.82 Y117.123
G1 F1800 X112.878 Y111.181 E66.42455
G0 F7200 X112.312 Y111.181
G1 F1800 X118.82 Y117.689 E66.48225
G0 F7200 X118.82 Y118.254
G1 F1800 X111.746 Y111.181 E66.54498
G0 F7200 X111.181 Y111.181
G1 F1800 X118.82 Y118.82 E66.61272
G0 F7200 X118.82 Y119.386
G1 F1800 X110.615 Y111.181 E66.68547
G0 F7200 X110.049 Y111.181
G1 F1800 X118.82 Y119.951 E66.76324
G0 F7200 X118.82 Y120.517
G1 F1800 X109.483 Y111.181 E66.84603
G0 F7200 X108.918 Y111.181
G1 F1800 X118.82 Y121.083 E66.93384
G0 F7200 X118.82 Y121.649
G1 F1800 X108.352 Y111.181 E67.02666
G0 F7200 X107.786 Y111.181
G1 F1800 X118.82 Y122.214 E67.1245
G0 F7200 X118.82 Y122.78
G1 F1800 X107.221 Y111.181 E67.22735
G0 F7200 X106.655 Y111.181
G1 F1800 X118.82 Y123.346 E67.33523
G0 F7200 X118.82 Y123.911
G1 F1800 X106.089 Y111.181 E67.44811
G0 F7200 X105.524 Y111.181
G1 F1800 X118.82 Y124.477 E67.56601
G0 F7200 X118.82 Y125.043
G1 F1800 X104.958 Y111.181 E67.68893
G0 F7200 X104.392 Y111.181
G1 F1800 X118.82 Y125.608 E67.81687
G0 F7200 X118.82 Y126.174
G1 F1800 X103.827 Y111.181 E67.94981
G0 F7200 X103.261 Y111.181
G1 F1800 X118.82 Y126.74 E68.08778
G0 F7200 X118.82 Y127.305
G1 F1800 X102.695 Y111.181 E68.23076
G0 F7200 X102.13 Y111.181
G1 F1800 X118.82 Y127.871 E68.37876
G0 F7200 X118.82 Y128.437
G1 F1800 X101.564 Y111.181 E68.53178
G0 F7200 X101.18 Y111.362
G1 F1800 X118.638 Y128.82 E68.68658
G0 F7200 X118.072 Y128.82
G1 F1800 X101.18 Y111.928 E68.83637
G0 F7200 X101.18 Y112.494
G1 F1800 X117.506 Y128.82 E68.98114
G0 F7200 X116.941 Y128.82
G1 F1800 X101.18 Y113.059 E69.1209
G0 F7200 X101.18 Y113.625
G1 F1800 X116.375 Y128.82 E69.25564
G0 F7200 X115.809 Y128.82
G1 F1800 X101.18 Y114.191 E69.38536
G0 F7200 X101.18 Y114.756
G1 F1800 X115.244 Y128.82 E69.51007
G0 F7200 X114.678 Y128.82
G1 F1800 X101.18 Y115.322 E69.62976
G0 F7200 X101.18 Y115.888
G1 F1800 X114.112 Y128.82 E69.74444
G0 F7200 X113.546 Y128.82
G1 F1800 X101.18 Y116.453 E69.85409
G0 F7200 X101.18 Y117.019
G1 F1800 X112.981 Y128.82 E69.95874
G0 F7200 X112.415 Y128.82
G1 F1800 X101.18 Y117.585 E70.05836
G0 F7200 X101.18 Y118.15
G1 F1800 X111.849 Y128.82 E70.15297
G0 F7200 X111.284 Y128.82
G1 F1800 X101.18 Y118.716 E70.24257
G0 F7200 X101.18 Y119.282
G1 F1800 X110.718 Y128.82 E70.32715
G0 F7200 X110.152 Y128.82
G1 F1800 X101.18 Y119.848 E70.4067
G0 F7200 X101.18 Y120.413
G1 F1800 X109.587 Y128.82 E70.48125
G0 F7200 X109.021 Y128.82
G1 F1800 X101.18 Y120.979 E70.55078
G0 F7200 X101.18 Y121.545
G1 F1800 X108.455 Y128.82 E70.61529
G0 F7200 X107.89 Y128.82
G1 F1800 X101.18 Y122.11 E70.67479
G0 F7200 X101.18 Y122.676
G1 F1800 X107.324 Y128.82 E70.72927
G0 F7200 X106.758 Y128.82
G1 F1800 X101.18 Y123.242 E70.77874
G0 F7200 X101.18 Y123.807
G1 F1800 X106.193 Y128.82 E70.82319
G0 F7200 X105.627 Y128.82
G1 F1800 X101.18 Y124.373 E70.86262
G0 F7200 X101.18 Y124.939
G1 F1800 X105.061 Y128.82 E70.89704
G0 F7200 X104.496 Y128.82
G1 F1800 X101.18 Y125.504 E70.92644
G0 F7200 X101.18 Y126.07
G1 F1800 X103.93 Y128.82 E70.95082
G0 F7200 X103.364 Y128.82
G1 F1800 X101.18 Y126.636 E70.97019
G0 F7200 X101.18 Y127.201
G1 F1800 X102.798 Y128.82 E70.98454
G0 F7200 X102.233 Y128.82
G1 F1800 X101.18 Y127.767 E70.99388
G0 F7200 X101.18 Y128.333
G1 F1800 X101.667 Y128.82 E70.9982
G0 F7200 X101.667 Y128.79
;MESH:NONMESH
G0 F600 X101.667 Y128.79 Z0.6
G0 F7200 X119.12 Y129.12
G0 X119.4 Y129.4
;TIME_ELAPSED:178.697689
;LAYER:3
;TYPE:WALL-INNER
;MESH:xyzCalibration_cube.glb
G1 F3600 X119.4 Y110.6 E71.11608
G1 X100.6 Y110.6 E71.23396
G1 X100.6 Y129.4 E71.35184
G1 X119.4 Y129.4 E71.46972
G0 F7200 X119.8 Y129.8
;TYPE:WALL-OUTER
G1 F1800 X119.8 Y110.2 E71.59261
G1 X100.2 Y110.2 E71.71551
G1 X100.2 Y129.8 E71.8384
G1 X119.8 Y129.8 E71.9613
G0 F7200 X119.8 Y129.6
G0 X119.02 Y129.02
;TYPE:SKIN
G1 F1800 X100.98 Y129.02 E72.07441
G1 X100.98 Y110.98 E72.18753
G1 X119.02 Y110.98 E72.30064
G1 X119.02 Y129.02 E72.41376
G0 F7200 X118.385 Y128.82
G1 F1800 X118.82 Y128.384 E72.41762
G0 F7200 X118.82 Y127.819
G1 F1800 X117.819 Y128.82 E72.42649
G0 F7200 X117.253 Y128.82
G1 F1800 X118.82 Y127.253 E72.44039
G0 F7200 X118.82 Y126.687
G1 F1800 X116.687 Y128.82 E72.4593
G0 F7200 X116.122 Y128.82
G1 F1800 X118.82 Y126.122 E72.48323
G0 F7200 X118.82 Y125.556
G1 F1800 X115.556 Y128.82 E72.51217
G0 F7200 X114.99 Y128.82
G1 F1800 X118.82 Y124.99 E72.54613
G0 F7200 X118.82 Y124.425
G1 F1800 X114.425 Y128.82 E72.5851
G0 F7200 X113.859 Y128.82
G1 F1800 X118.82 Y123.859 E72.6291
G0 F7200 X118.82 Y123.293
G1 F1800 X113.293 Y128.82 E72.67811
G0 F7200 X112.728 Y128.82
G1 F1800 X118.82 Y122.728 E72.73213
G0 F7200 X118.82 Y122.162
G1 F1800 X112.162 Y128.82 E72.79117
G0 F7200 X111.596 Y128.82
G1 F1800 X118.82 Y121.596 E72.85522
G0 F7200 X118.82 Y121.031
G1 F1800 X111.031 Y128.82 E72.92429
G0 F7200 X110.465 Y128.82
G1 F1800 X118.82 Y120.465 E72.99838
G0 F7200 X118.82 Y119.899
G1 F1800 X109.899 Y128.82 E73.07748
G0 F7200 X109.334 Y128.82
G1 F1800 X118.82 Y119.333 E73.1616
G0 F7200 X118.82 Y118.768
G1 F1800 X108.768 Y128.82 E73.25074
G0 F7200 X108.202 Y128.82
G1 F1800 X118.82 Y118.202 E73.34489
G0 F7200 X118.82 Y117.636
G1 F1800 X107.637 Y128.82 E73.44406
G0 F7200 X107.071 Y128.82
G1 F1800 X118.82 Y117.071 E73.54824
G0 F7200 X118.82 Y116.505
G1 F1800 X106.505 Y128.82 E73.65745
G0 F7200 X105.939 Y128.82
G1 F1800 X118.82 Y115.939 E73.77167
G0 F7200 X118.82 Y115.374
G1 F1800 X105.374 Y128.82 E73.8909
G0 F7200 X104.808 Y128.82
G1 F1800 X118.82 Y114.808 E74.01515
G0 F7200 X118.82 Y114.242
G1 F1800 X104.242 Y128.82 E74.14442
G0 F7200 X103.677 Y128.82
G1 F1800 X118.82 Y113.677 E74.27869
G0 F7200 X118.82 Y113.111
G1 F1800 X103.111 Y128.82 E74.41799
G0 F7200 X102.545 Y128.82
G1 F1800 X118.82 Y112.545 E74.56231
G0 F7200 X118.82 Y111.98
G1 F1800 X101.98 Y128.82 E74.71164
G0 F7200 X101.414 Y128.82
G1 F1800 X118.82 Y111.414 E74.86598
G0 F7200 X118.488 Y111.18
G1 F1800 X101.181 Y128.488 E75.01945
G0 F7200 X101.181 Y127.922
G1 F1800 X117.923 Y111.18 E75.16791
G0 F7200 X117.357 Y111.18
G1 F1800 X101.181 Y127.356 E75.31135
G0 F7200 X101.181 Y126.791
G1 F1800 X116.791 Y111.18 E75.44977
G0 F7200 X116.226 Y111.18
G1 F1800 X101.181 Y126.225 E75.58318
G0 F7200 X101.181 Y125.659
G1 F1800 X115.66 Y111.18 E75.71158
G0 F7200 X115.094 Y111.18
G1 F1800 X101.181 Y125.094 E75.83495
G0 F7200 X101.181 Y124.528
G1 F1800 X114.529 Y111.18 E75.95331
G0 F7200 X113.963 Y111.18
G1 F1800 X101.181 Y123.962 E76.06666
G0 F7200 X101.181 Y123.396
G1 F1800 X113.397 Y111.18 E76.17498
G0 F7200 X112.832 Y111.18
G1 F1800 X101.181 Y122.831 E76.27829
G0 F7200 X101.181 Y122.265
G1 F1800 X112.266 Y111.18 E76.37659
G0 F7200 X111.7 Y111.18
G1 F1800 X101.181 Y121.699 E76.46986
G0 F7200 X101.181 Y121.134
G1 F1800 X111.135 Y111.18 E76.55813
G0 F7200 X110.569 Y111.18
G1 F1800 X101.181 Y120.568 E76.64138
G0 F7200 X101.181 Y120.002
G1 F1800 X110.003 Y111.18 E76.71961
G0 F7200 X109.438 Y111.18
G1 F1800 X101.181 Y119.437 E76.79282
G0 F7200 X101.181 Y118.871
G1 F1800 X108.872 Y111.18 E76.86102
G0 F7200 X108.306 Y111.18
G1 F1800 X101.181 Y118.305 E76.9242
G0 F7200 X101.181 Y117.74
G1 F1800 X107.74 Y111.18 E76.98237
G0 F7200 X107.175 Y111.18
G1 F1800 X101.181 Y117.174 E77.03552
G0 F7200 X101.181 Y116.608
G1 F1800 X106.609 Y111.18 E77.08365
G0 F7200 X106.043 Y111.18
G1 F1800 X101.181 Y116.043 E77.12677
G0 F7200 X101.181 Y115.477
G1 F1800 X105.478 Y111.18 E77.16487
G0 F7200 X104.912 Y111.18
G1 F1800 X101.181 Y114.911 E77.19796
G0 F7200 X101.181 Y114.346
G1 F1800 X104.346 Y111.18 E77.22603
G0 F7200 X103.781 Y111.18
G1 F1800 X101.181 Y113.78 E77.24908
G0 F7200 X101.181 Y113.214
G1 F1800 X103.215 Y111.18 E77.26712
G0 F7200 X102.649 Y111.18
G1 F1800 X101.181 Y112.648 E77.28014
G0 F7200 X101.181 Y112.083
G1 F1800 X102.084 Y111.18 E77.28814
G0 F7200 X101.518 Y111.18
G1 F1800 X101.181 Y111.517 E77.29113
G0 F7200 X101.21 Y111.517
;MESH:NONMESH
G0 F600 X101.21 Y111.517 Z0.7
G0 F7200 X119.12 Y129.12
G0 X119.4 Y129.4
;TIME_ELAPSED:212.628521
;LAYER:4
;TYPE:WALL-INNER
;MESH:xyzCalibration_cube.glb
G1 F3600 X119.4 Y110.6 E77.40901
G1 X100.6 Y110.6 E77.52689
G1 X100.6 Y129.4 E77.64477
G1 X119.4 Y129.4 E77.76265
G0 F7200 X119.8 Y129.8
;TYPE:WALL-OUTER
G1 F1800 X119.8 Y110.2 E77.88554
G1 X100.2 Y110.2 E78.00844
G1 X100.2 Y129.8 E78.13134
G1 X119.8 Y129.8 E78.25423
G0 F7200 X119.8 Y129.6
G0 X119.02 Y129.02
;TYPE:SKIN
G1 F1800 X100.98 Y129.02 E78.36735
G1 X100.98 Y110.98 E78.48046
G1 X119.02 Y110.98 E78.59357
G1 X119.02 Y129.02 E78.70669
G0 F7200 X118.82 Y111.466
G1 F1800 X118.534 Y111.181 E78.70922
G0 F7200 X117.969 Y111.181
G1 F1800 X118.82 Y112.032 E78.71677
G0 F7200 X118.82 Y112.598
G1 F1800 X117.403 Y111.181 E78.72933
G0 F7200 X116.837 Y111.181
G1 F1800 X118.82 Y113.163 E78.74691
G0 F7200 X118.82 Y113.729
G1 F1800 X116.272 Y111.181 E78.7695
G0 F7200 X115.706 Y111.181
G1 F1800 X118.82 Y114.295 E78.79712
G0 F7200 X118.82 Y114.86
G1 F1800 X115.14 Y111.181 E78.82974
G0 F7200 X114.575 Y111.181
G1 F1800 X118.82 Y115.426 E78.86739
G0 F7200 X118.82 Y115.992
G1 F1800 X114.009 Y111.181 E78.91005
G0 F7200 X113.443 Y111.181
G1 F1800 X118.82 Y116.557 E78.95772
G0 F7200 X118.82 Y117.123
G1 F1800 X112.878 Y111.181 E79.01041
G0 F7200 X112.312 Y111.181
G1 F1800 X118.82 Y117.689 E79.06812
G0 F7200 X118.82 Y118.254
G1 F1800 X111.746 Y111.181 E79.13085
G0 F7200 X111.181 Y111.181
G1 F1800 X118.82 Y118.82 E79.19858
G0 F7200 X118.82 Y119.386
G1 F1800 X110.615 Y111.181 E79.27134
G0 F7200 X110.049 Y111.181
G1 F1800 X118.82 Y119.951 E79.34911
G0 F7200 X118.82 Y120.517
G1 F1800 X109.483 Y111.181 E79.4319
G0 F7200 X108.918 Y111.181
G1 F1800 X118.82 Y121.083 E79.51971
G0 F7200 X118.82 Y121.649
G1 F1800 X108.352 Y111.181 E79.61253
G0 F7200 X107.786 Y111.181
G1 F1800 X118.82 Y122.214 E79.71037
G0 F7200 X118.82 Y122.78
G1 F1800 X107.221 Y111.181 E79.81322
G0 F7200 X106.655 Y111.181
G1 F1800 X118.82 Y123.346 E79.92109
G0 F7200 X118.82 Y123.911
G1 F1800 X106.089 Y111.181 E80.03398
G0 F7200 X105.524 Y111.181
G1 F1800 X118.82 Y124.477 E80.15188
G0 F7200 X118.82 Y125.043
G1 F1800 X104.958 Y111.181 E80.2748
G0 F7200 X104.392 Y111.181
G1 F1800 X118.82 Y125.608 E80.40273
G0 F7200 X118.82 Y126.174
G1 F1800 X103.827 Y111.181 E80.53568
G0 F7200 X103.261 Y111.181
G1 F1800 X118.82 Y126.74 E80.67365
G0 F7200 X118.82 Y127.305
G1 F1800 X102.695 Y111.181 E80.81663
G0 F7200 X102.13 Y111.181
G1 F1800 X118.82 Y127.871 E80.96463
G0 F7200 X118.82 Y128.437
G1 F1800 X101.564 Y111.181 E81.11764
G0 F7200 X101.18 Y111.362
G1 F1800 X118.638 Y128.82 E81.27245
G0 F7200 X118.072 Y128.82
G1 F1800 X101.18 Y111.928 E81.42224
G0 F7200 X101.18 Y112.494
G1 F1800 X117.506 Y128.82 E81.56701
G0 F7200 X116.941 Y128.82
G1 F1800 X101.18 Y113.059 E81.70677
G0 F7200 X101.18 Y113.625
G1 F1800 X116.375 Y128.82 E81.84151
G0 F7200 X115.809 Y128.82
G1 F1800 X101.18 Y114.191 E81.97123
G0 F7200 X101.18 Y114.756
G1 F1800 X115.244 Y128.82 E82.09594
G0 F7200 X114.678 Y128.82
G1 F1800 X101.18 Y115.322 E82.21563
G0 F7200 X101.18 Y115.888
G1 F1800 X114.112 Y128.82 E82.3303
G0 F7200 X113.546 Y128.82
G1 F1800 X101.18 Y116.453 E82.43996
G0 F7200 X101.18 Y117.019
G1 F1800 X112.981 Y128.82 E82.54461
G0 F7200 X112.415 Y128.82
G1 F1800 X101.18 Y117.585 E82.64423
G0 F7200 X101.18 Y118.15
G1 F1800 X111.849 Y128.82 E82.73884
G0 F7200 X111.284 Y128.82
G1 F1800 X101.18 Y118.716 E82.82844
G0 F7200 X101.18 Y119.282
G1 F1800 X110.718 Y128.82 E82.91301
G0 F7200 X110.152 Y128.82
G1 F1800 X101.18 Y119.848 E82.99257
G0 F7200 X101.18 Y120.413
G1 F1800 X109.587 Y128.82 E83.06712
G0 F7200 X109.021 Y128.82
G1 F1800 X101.18 Y120.979 E83.13665
G0 F7200 X101.18 Y121.545
G1 F1800 X108.455 Y128.82 E83.20116
G0 F7200 X107.89 Y128.82
G1 F1800 X101.18 Y122.11 E83.26066
G0 F7200 X101.18 Y122.676
G1 F1800 X107.324 Y128.82 E83.31514
G0 F7200 X106.758 Y128.82
G1 F1800 X101.18 Y123.242 E83.3646
G0 F7200 X101.18 Y123.807
G1 F1800 X106.193 Y128.82 E83.40906
G0 F7200 X105.627 Y128.82
G1 F1800 X101.18 Y124.373 E83.44849
G0 F7200 X101.18 Y124.939
G1 F1800 X105.061 Y128.82 E83.4829
G0 F7200 X104.496 Y128.82
G1 F1800 X101.18 Y125.504 E83.51231
G0 F7200 X101.18 Y126.07
G1 F1800 X103.93 Y128.82 E83.53669
G0 F7200 X103.364 Y128.82
G1 F1800 X101.18 Y126.636 E83.55606
G0 F7200 X101.18 Y127.201
G1 F1800 X102.798 Y128.82 E83.57041
G0 F7200 X102.233 Y128.82
G1 F1800 X101.18 Y127.767 E83.57975
G0 F7200 X101.18 Y128.333
G1 F1800 X101.667 Y128.82 E83.58407
G0 F7200 X101.667 Y128.79
;MESH:NONMESH
G0 F600 X101.667 Y128.79 Z0.8
G0 F7200 X119.12 Y129.12
G0 X119.4 Y129.4
;TIME_ELAPSED:246.651854
;LAYER:5
;TYPE:WALL-INNER
;MESH:xyzCalibration_cube.glb
G1 F3600 X119.4 Y110.6 E83.70195
G1 X100.6 Y110.6 E83.81983
G1 X100.6 Y129.4 E83.93771
G1 X119.4 Y129.4 E84.05558
G0 F7200 X119.8 Y129.8
;TYPE:WALL-OUTER
G1 F1800 X119.8 Y110.2 E84.17848
G1 X100.2 Y110.2 E84.30138
G1 X100.2 Y129.8 E84.42427
G1 X119.8 Y129.8 E84.54717
G0 F7200 X119.8 Y129.6
G0 X119.02 Y129.02
;TYPE:SKIN
G1 F1800 X100.98 Y129.02 E84.66028
G1 X100.98 Y110.98 E84.7734
G1 X119.02 Y110.98 E84.88651
G1 X119.02 Y129.02 E84.99962
G0 F7200 X118.385 Y128.82
G1 F1800 X118.82 Y128.384 E85.00349
G0 F7200 X118.82 Y127.819
G1 F1800 X117.819 Y128.82 E85.01236
G0 F7200 X117.253 Y128.82
G1 F1800 X118.82 Y127.253 E85.02626
G0 F7200 X118.82 Y126.687
G1 F1800 X116.687 Y128.82 E85.04517
G0 F7200 X116.122 Y128.82
G1 F1800 X118.82 Y126.122 E85.0691
G0 F7200 X118.82 Y125.556
G1 F1800 X115.556 Y128.82 E85.09804
G0 F7200 X114.99 Y128.82
G1 F1800 X118.82 Y124.99 E85.132
G0 F7200 X118.82 Y124.425
G1 F1800 X114.425 Y128.82 E85.17097
G0 F7200 X113.859 Y128.82
G1 F1800 X118.82 Y123.859 E85.21496
G0 F7200 X118.82 Y123.293
G1 F1800 X113.293 Y128.82 E85.26397
G0 F7200 X112.728 Y128.82
G1 F1800 X118.82 Y122.728 E85.31799
G0 F7200 X118.82 Y122.162
G1 F1800 X112.162 Y128.82 E85.37703
G0 F7200 X111.596 Y128.82
G1 F1800 X118.82 Y121.596 E85.44109
G0 F7200 X118.82 Y121.031
G1 F1800 X111.031 Y128.82 E85.51016
G0 F7200 X110.465 Y128.82
G1 F1800 X118.82 Y120.465 E85.58425
G0 F7200 X118.82 Y119.899
G1 F1800 X109.899 Y128.82 E85.66335
G0 F7200 X109.334 Y128.82
G1 F1800 X118.82 Y119.333 E85.74747
G0 F7200 X118.82 Y118.768
G1 F1800 X108.768 Y128.82 E85.83661
G0 F7200 X108.202 Y128.82
G1 F1800 X118.82 Y118.202 E85.93076
G0 F7200 X118.82 Y117.636
G1 F1800 X107.637 Y128.82 E86.02993
G0 F7200 X107.071 Y128.82
G1 F1800 X118.82 Y117.071 E86.13411
G0 F7200 X118.82 Y116.505
G1 F1800 X106.505 Y128.82 E86.24331
G0 F7200 X105.939 Y128.82
G1 F1800 X118.82 Y115.939 E86.35753
G0 F7200 X118.82 Y115.374
G1 F1800 X105.374 Y128.82 E86.47677
G0 F7200 X104.808 Y128.82
G1 F1800 X118.82 Y114.808 E86.60102
G0 F7200 X118.82 Y114.242
G1 F1800 X104.242 Y128.82 E86.73028
G0 F7200 X103.677 Y128.82
G1 F1800 X118.82 Y113.677 E86.86456
G0 F7200 X118.82 Y113.111
G1 F1800 X103.111 Y128.82 E87.00386
G0 F7200 X102.545 Y128.82
G1 F1800 X118.82 Y112.545 E87.14818
G0 F7200 X118.82 Y111.98
G1 F1800 X101.98 Y128.82 E87.2975
G0 F7200 X101.414 Y128.82
G1 F1800 X118.82 Y111.414 E87.45185
G0 F7200 X118.488 Y111.18
G1 F1800 X101.181 Y128.488 E87.60532
G0 F7200 X101.181 Y127.922
G1 F1800 X117.923 Y111.18 E87.75378
G0 F7200 X117.357 Y111.18
G1 F1800 X101.181 Y127.356 E87.89722
G0 F7200 X101.181 Y126.791
G1 F1800 X116.791 Y111.18 E88.03564
G0 F7200 X116.226 Y111.18
G1 F1800 X101.181 Y126.225 E88.16905
G0 F7200 X101.181 Y125.659
G1 F1800 X115.66 Y111.18 E88.29744
G0 F7200 X115.094 Y111.18
G1 F1800 X101.181 Y125.094 E88.42082
G0 F7200 X101.181 Y124.528
G1 F1800 X114.529 Y111.18 E88.53918
G0 F7200 X113.963 Y111.18
G1 F1800 X101.181 Y123.962 E88.65252
G0 F7200 X101.181 Y123.396
G1 F1800 X113.397 Y111.18 E88.76085
G0 F7200 X112.832 Y111.18
G1 F1800 X101.181 Y122.831 E88.86416
G0 F7200 X101.181 Y122.265
G1 F1800 X112.266 Y111.18 E88.96246
G0 F7200 X111.7 Y111.18
G1 F1800 X101.181 Y121.699 E89.05573
G0 F7200 X101.181 Y121.134
G1 F1800 X111.135 Y111.18 E89.144
G0 F7200 X110.569 Y111.18
G1 F1800 X101.181 Y120.568 E89.22725
G0 F7200 X101.181 Y120.002
G1 F1800 X110.003 Y111.18 E89.30547
G0 F7200 X109.438 Y111.18
G1 F1800 X101.181 Y119.437 E89.37869
G0 F7200 X101.181 Y118.871
G1 F1800 X108.872 Y111.18 E89.44689
G0 F7200 X108.306 Y111.18
G1 F1800 X101.181 Y118.305 E89.51007
G0 F7200 X101.181 Y117.74
G1 F1800 X107.74 Y111.18 E89.56824
G0 F7200 X107.175 Y111.18
G1 F1800 X101.181 Y117.174 E89.62139
G0 F7200 X101.181 Y116.608
G1 F1800 X106.609 Y111.18 E89.66952
G0 F7200 X106.043 Y111.18
G1 F1800 X101.181 Y116.043 E89.71264
G0 F7200 X101.181 Y115.477
G1 F1800 X105.478 Y111.18 E89.75074
G0 F7200 X104.912 Y111.18
G1 F1800 X101.181 Y114.911 E89.78382
G0 F7200 X101.181 Y114.346
G1 F1800 X104.346 Y111.18 E89.81189
G0 F7200 X103.781 Y111.18
G1 F1800 X101.181 Y113.78 E89.83495
G0 F7200 X101.181 Y113.214
G1 F1800 X103.215 Y111.18 E89.85299
G0 F7200 X102.649 Y111.18
G1 F1800 X101.181 Y112.648 E89.866
G0 F7200 X101.181 Y112.083
G1 F1800 X102.084 Y111.18 E89.87401
G0 F7200 X101.518 Y111.18
G1 F1800 X101.181 Y111.517 E89.877
G0 F7200 X101.21 Y111.517
;MESH:NONMESH
G0 F600 X101.21 Y111.517 Z0.9
G0 F7200 X119.12 Y129.12
G0 X119.4 Y129.4
;TIME_ELAPSED:280.582686
;LAYER:6
;TYPE:WALL-INNER
;MESH:xyzCalibration_cube.glb
G1 F3600 X119.4 Y110.6 E89.99488
G1 X100.6 Y110.6 E90.11276
G1 X100.6 Y129.4 E90.23064
G1 X119.4 Y129.4 E90.34852
G0 F7200 X119.8 Y129.8
;TYPE:WALL-OUTER
G1 F1800 X119.8 Y110.2 E90.47141
G1 X100.2 Y110.2 E90.59431
G1 X100.2 Y129.8 E90.7172
G1 X119.8 Y129.8 E90.8401
G0 F7200 X119.8 Y129.6
G0 X119.02 Y129.02
;TYPE:SKIN
G1 F1800 X100.98 Y129.02 E90.95321
G1 X100.98 Y110.98 E91.06633
G1 X119.02 Y110.98 E91.17944
G1 X119.02 Y129.02 E91.29256
G0 F7200 X118.82 Y111.466
G1 F1800 X118.534 Y111.181 E91.29509
G0 F7200 X117.969 Y111.181
G1 F1800 X118.82 Y112.032 E91.30263
G0 F7200 X118.82 Y112.598
G1 F1800 X117.403 Y111.181 E91.3152
G0 F7200 X116.837 Y111.181
G1 F1800 X118.82 Y113.163 E91.33278
G0 F7200 X118.82 Y113.729
G1 F1800 X116.272 Y111.181 E91.35537
G0 F7200 X115.706 Y111.181
G1 F1800 X118.82 Y114.295 E91.38298
G0 F7200 X118.82 Y114.86
G1 F1800 X115.14 Y111.181 E91.41561
G0 F7200 X114.575 Y111.181
G1 F1800 X118.82 Y115.426 E91.45325
G0 F7200 X118.82 Y115.992
G1 F1800 X114.009 Y111.181 E91.49592
G0 F7200 X113.443 Y111.181
G1 F1800 X118.82 Y116.557 E91.54359
G0 F7200 X118.82 Y117.123
G1 F1800 X112.878 Y111.181 E91.59628
G0 F7200 X112.312 Y111.181
G1 F1800 X118.82 Y117.689 E91.65399
G0 F7200 X118.82 Y118.254
G1 F1800 X111.746 Y111.181 E91.71671
G0 F7200 X111.181 Y111.181
G1 F1800 X118.82 Y118.82 E91.78445
G0 F7200 X118.82 Y119.386
G1 F1800 X110.615 Y111.181 E91.85721
G0 F7200 X110.049 Y111.181
G1 F1800 X118.82 Y119.951 E91.93498
G0 F7200 X118.82 Y120.517
G1 F1800 X109.483 Y111.181 E92.01777
G0 F7200 X108.918 Y111.181
G1 F1800 X118.82 Y121.083 E92.10557
G0 F7200 X118.82 Y121.649
G1 F1800 X108.352 Y111.181 E92.1984
G0 F7200 X107.786 Y111.181
G1 F1800 X118.82 Y122.214 E92.29624
G0 F7200 X118.82 Y122.78
G1 F1800 X107.221 Y111.181 E92.39909
G0 F7200 X106.655 Y111.181
G1 F1800 X118.82 Y123.346 E92.50696
G0 F7200 X118.82 Y123.911
G1 F1800 X106.089 Y111.181 E92.61985
G0 F7200 X105.524 Y111.181
G1 F1800 X118.82 Y124.477 E92.73775
G0 F7200 X118.82 Y125.043
G1 F1800 X104.958 Y111.181 E92.86067
G0 F7200 X104.392 Y111.181
G1 F1800 X118.82 Y125.608 E92.9886
G0 F7200 X118.82 Y126.174
G1 F1800 X103.827 Y111.181 E93.12155
G0 F7200 X103.261 Y111.181
G1 F1800 X118.82 Y126.74 E93.25952
G0 F7200 X118.82 Y127.305
G1 F1800 X102.695 Y111.181 E93.4025
G0 F7200 X102.13 Y111.181
G1 F1800 X118.82 Y127.871 E93.5505
G0 F7200 X118.82 Y128.437
G1 F1800 X101.564 Y111.181 E93.70351
G0 F7200 X101.18 Y111.362
G1 F1800 X118.638 Y128.82 E93.85832
G0 F7200 X118.072 Y128.82
G1 F1800 X101.18 Y111.928 E94.00811
G0 F7200 X101.18 Y112.494
G1 F1800 X117.506 Y128.82 E94.15288
G0 F7200 X116.941 Y128.82
G1 F1800 X101.18 Y113.059 E94.29263
G0 F7200 X101.18 Y113.625
G1 F1800 X116.375 Y128.82 E94.42737
G0 F7200 X115.809 Y128.82
G1 F1800 X101.18 Y114.191 E94.5571
G0 F7200 X101.18 Y114.756
G1 F1800 X115.244 Y128.82 E94.68181
G0 F7200 X114.678 Y128.82
G1 F1800 X101.18 Y115.322 E94.8015
G0 F7200 X101.18 Y115.888
G1 F1800 X114.112 Y128.82 E94.91617
G0 F7200 X113.546 Y128.82
G1 F1800 X101.18 Y116.453 E95.02583
G0 F7200 X101.18 Y117.019
G1 F1800 X112.981 Y128.82 E95.13047
G0 F7200 X112.415 Y128.82
G1 F1800 X101.18 Y117.585 E95.2301
G0 F7200 X101.18 Y118.15
G1 F1800 X111.849 Y128.82 E95.32471
G0 F7200 X111.284 Y128.82
G1 F1800 X101.18 Y118.716 E95.4143
G0 F7200 X101.18 Y119.282
G1 F1800 X110.718 Y128.82 E95.49888
G0 F7200 X110.152 Y128.82
G1 F1800 X101.18 Y119.848 E95.57844
G0 F7200 X101.18 Y120.413
G1 F1800 X109.587 Y128.82 E95.65299
G0 F7200 X109.021 Y128.82
G1 F1800 X101.18 Y120.979 E95.72252
G0 F7200 X101.18 Y121.545
G1 F1800 X108.455 Y128.82 E95.78703
G0 F7200 X107.89 Y128.82
G1 F1800 X101.18 Y122.11 E95.84653
G0 F7200 X101.18 Y122.676
G1 F1800 X107.324 Y128.82 E95.90101
G0 F7200 X106.758 Y128.82
G1 F1800 X101.18 Y123.242 E95.95047
G0 F7200 X101.18 Y123.807
G1 F1800 X106.193 Y128.82 E95.99492
G0 F7200 X105.627 Y128.82
G1 F1800 X101.18 Y124.373 E96.03436
G0 F7200 X101.18 Y124.939
G1 F1800 X105.061 Y128.82 E96.06877
G0 F7200 X104.496 Y128.82
G1 F1800 X101.18 Y125.504 E96.09818
G0 F7200 X101.18 Y126.07
G1 F1800 X103.93 Y128.82 E96.12256
G0 F7200 X103.364 Y128.82
G1 F1800 X101.18 Y126.636 E96.14193
G0 F7200 X101.18 Y127.201
G1 F1800 X102.798 Y128.82 E96.15628
G0 F7200 X102.233 Y128.82
G1 F1800 X101.18 Y127.767 E96.16562
G0 F7200 X101.18 Y128.333
G1 F1800 X101.667 Y128.82 E96.16993
G0 F7200 X101.667 Y128.79
;MESH:NONMESH
G0 F600 X101.667 Y128.79 Z1
G0 F7200 X119.12 Y129.12
G0 X119.4 Y129.4
;TIME_ELAPSED:314.606019
;LAYER:7
;TYPE:WALL-INNER
;MESH:xyzCalibration_cube.glb
G1 F3600 X119.4 Y110.6 E96.28781
G1 X100.6 Y110.6 E96.40569
G1 X100.6 Y129.4 E96.52357
G1 X119.4 Y129.4 E96.64145
G0 F7200 X119.8 Y129.8
;TYPE:WALL-OUTER
G1 F1800 X119.8 Y110.2 E96.76435
G1 X100.2 Y110.2 E96.88724
G1 X100.2 Y129.8 E97.01014
G1 X119.8 Y129.8 E97.13303
G0 F7200 X119.8 Y129.6
G0 X119.02 Y129.02
;TYPE:SKIN
G1 F1800 X100.98 Y129.02 E97.24615
G1 X100.98 Y110.98 E97.35926
G1 X119.02 Y110.98 E97.47238
G1 X119.02 Y129.02 E97.58549
G0 F7200 X118.385 Y128.82
G1 F1800 X118.82 Y128.384 E97.58935
G0 F7200 X118.82 Y127.819
G1 F1800 X117.819 Y128.82 E97.59823
G0 F7200 X117.253 Y128.82
G1 F1800 X118.82 Y127.253 E97.61212
G0 F7200 X118.82 Y126.687
G1 F1800 X116.687 Y128.82 E97.63104
G0 F7200 X116.122 Y128.82
G1 F1800 X118.82 Y126.122 E97.65496
G0 F7200 X118.82 Y125.556
G1 F1800 X115.556 Y128.82 E97.68391
G0 F7200 X114.99 Y128.82
G1 F1800 X118.82 Y124.99 E97.71787
G0 F7200 X118.82 Y124.425
G1 F1800 X114.425 Y128.82 E97.75684
G0 F7200 X113.859 Y128.82
G1 F1800 X118.82 Y123.859 E97.80083
G0 F7200 X118.82 Y123.293
G1 F1800 X113.293 Y128.82 E97.84984
G0 F7200 X112.728 Y128.82
G1 F1800 X118.82 Y122.728 E97.90386
G0 F7200 X118.82 Y122.162
G1 F1800 X112.162 Y128.82 E97.9629
G0 F7200 X111.596 Y128.82
G1 F1800 X118.82 Y121.596 E98.02696
G0 F7200 X118.82 Y121.031
G1 F1800 X111.031 Y128.82 E98.09603
G0 F7200 X110.465 Y128.82
G1 F1800 X118.82 Y120.465 E98.17011
G0 F7200 X118.82 Y119.899
G1 F1800 X109.899 Y128.82 E98.24922
G0 F7200 X109.334 Y128.82
G1 F1800 X118.82 Y119.333 E98.33334
G0 F7200 X118.82 Y118.768
G1 F1800 X108.768 Y128.82 E98.42247
G0 F7200 X108.202 Y128.82
G1 F1800 X118.82 Y118.202 E98.51663
G0 F7200 X118.82 Y117.636
G1 F1800 X107.637 Y128.82 E98.6158
G0 F7200 X107.071 Y128.82
G1 F1800 X118.82 Y117.071 E98.71998
G0 F7200 X118.82 Y116.505
G1 F1800 X106.505 Y128.82 E98.82918
G0 F7200 X105.939 Y128.82
G1 F1800 X118.82 Y115.939 E98.9434
G0 F7200 X118.82 Y115.374
G1 F1800 X105.374 Y128.82 E99.06263
G0 F7200 X104.808 Y128.82
G1 F1800 X118.82 Y114.808 E99.18688
G0 F7200 X118.82 Y114.242
G1 F1800 X104.242 Y128.82 E99.31615
G0 F7200 X103.677 Y128.82
G1 F1800 X118.82 Y113.677 E99.45043
G0 F7200 X118.82 Y113.111
G1 F1800 X103.111 Y128.82 E99.58973
G0 F7200 X102.545 Y128.82
G1 F1800 X118.82 Y112.545 E99.73404
G0 F7200 X118.82 Y111.98
G1 F1800 X101.98 Y128.82 E99.88337
G0 F7200 X101.414 Y128.82
G1 F1800 X118.82 Y111.414 E100.03772
G0 F7200 X118.488 Y111.18
G1 F1800 X101.181 Y128.488 E100.19119
G0 F7200 X101.181 Y127.922
G1 F1800 X117.923 Y111.18 E100.33965
G0 F7200 X117.357 Y111.18
G1 F1800 X101.181 Y127.356 E100.48309
G0 F7200 X101.181 Y126.791
G1 F1800 X116.791 Y111.18 E100.62151
G0 F7200 X116.226 Y111.18
G1 F1800 X101.181 Y126.225 E100.75492
G0 F7200 X101.181 Y125.659
G1 F1800 X115.66 Y111.18 E100.88331
G0 F7200 X115.094 Y111.18
G1 F1800 X101.181 Y125.094 E101.00669
G0 F7200 X101.181 Y124.528
G1 F1800 X114.529 Y111.18 E101.12505
G0 F7200 X113.963 Y111.18
G1 F1800 X101.181 Y123.962 E101.23839
G0 F7200 X101.181 Y123.396
G1 F1800 X113.397 Y111.18 E101.34672
G0 F7200 X112.832 Y111.18
G1 F1800 X101.181 Y122.831 E101.45003
G0 F7200 X101.181 Y122.265
G1 F1800 X112.266 Y111.18 E101.54832
G0 F7200 X111.7 Y111.18
G1 F1800 X101.181 Y121.699 E101.6416
G0 F7200 X101.181 Y121.134
G1 F1800 X111.135 Y111.18 E101.72987
G0 F7200 X110.569 Y111.18
G1 F1800 X101.181 Y120.568 E101.81311
G0 F7200 X101.181 Y120.002
G1 F1800 X110.003 Y111.18 E101.89134
G0 F7200 X109.438 Y111.18
G1 F1800 X101.181 Y119.437 E101.96456
G0 F7200 X101.181 Y118.871
G1 F1800 X108.872 Y111.18 E102.03276
G0 F7200 X108.306 Y111.18
G1 F1800 X101.181 Y118.305 E102.09594
G0 F7200 X101.181 Y117.74
G1 F1800 X107.74 Y111.18 E102.1541
G0 F7200 X107.175 Y111.18
G1 F1800 X101.181 Y117.174 E102.20725
G0 F7200 X101.181 Y116.608
G1 F1800 X106.609 Y111.18 E102.25539
G0 F7200 X106.043 Y111.18
G1 F1800 X101.181 Y116.043 E102.2985
G0 F7200 X101.181 Y115.477
G1 F1800 X105.478 Y111.18 E102.33661
G0 F7200 X104.912 Y111.18
G1 F1800 X101.181 Y114.911 E102.36969
G0 F7200 X101.181 Y114.346
G1 F1800 X104.346 Y111.18 E102.39776
G0 F7200 X103.781 Y111.18
G1 F1800 X101.181 Y113.78 E102.42082
G0 F7200 X101.181 Y113.214
G1 F1800 X103.215 Y111.18 E102.43885
G0 F7200 X102.649 Y111.18
G1 F1800 X101.181 Y112.648 E102.45187
G0 F7200 X101.181 Y112.083
G1 F1800 X102.084 Y111.18 E102.45988
G0 F7200 X101.518 Y111.18
G1 F1800 X101.181 Y111.517 E102.46287
G0 F7200 X101.21 Y111.517
;MESH:NONMESH
G0 F600 X101.21 Y111.517 Z1.1
G0 F7200 X100.76 Y110.76
;TIME_ELAPSED:348.323978
;LAYER:8
;TYPE:FILL
;MESH:xyzCalibration_cube.glb
G1 F3600 X119.24 Y129.24 E102.62674
G1 X119.31 Y129.31
G0 F7200 X119.12 Y129.12
G0 X117.73 Y129.09
G0 X117.73 Y129.24
G1 F3600 X119.24 Y127.73 E102.64012
G1 X119.31 Y127.66
G0 F7200 X119.09 Y127.66
G0 X119.09 Y123.583
G0 X119.24 Y123.583
G1 F3600 X106.417 Y110.76 E102.75383
G1 X106.347 Y110.69
G0 F7200 X106.347 Y110.91
G0 X107.926 Y110.91
G0 X107.926 Y110.76
G1 F3600 X100.761 Y117.925 E102.81737
G1 X100.691 Y117.995
G0 F7200 X100.91 Y117.995
G0 X100.91 Y116.417
G0 X100.76 Y116.417
G1 F3600 X113.583 Y129.24 E102.93107
G1 X113.653 Y129.31
G0 F7200 X113.653 Y129.09
G0 X112.073 Y129.09
G0 X112.073 Y129.24
G1 F3600 X119.24 Y122.073 E102.99463
G1 X119.31 Y122.003
G0 F7200 X119.09 Y122.003
G0 X119.09 Y117.926
G0 X119.24 Y117.926
G1 F3600 X112.074 Y110.76 E103.05817
G1 X112.004 Y110.69
G0 F7200 X112.004 Y110.91
G0 X113.583 Y110.91
G0 X113.583 Y110.76
G1 F3600 X100.761 Y123.582 E103.17187
G1 X100.691 Y123.652
G0 F7200 X100.91 Y123.652
G0 X100.91 Y122.074
G0 X100.76 Y122.074
G1 F3600 X107.926 Y129.24 E103.23541
G1 X107.996 Y129.31
G0 F7200 X107.996 Y129.09
G0 X106.416 Y129.09
G0 X106.416 Y129.24
G1 F3600 X119.24 Y116.416 E103.34913
G1 X119.31 Y116.346
G0 F7200 X119.09 Y116.346
G0 X119.09 Y112.269
G0 X119.24 Y112.269
G1 F3600 X117.731 Y110.76 E103.36251
G1 X117.661 Y110.69
G0 F7200 X117.661 Y110.91
G0 X119.12 Y110.88
G0 X119.239 Y110.76
G1 F3600 X100.761 Y129.239 E103.52636
G1 X100.691 Y129.309
G0 F7200 X100.88 Y129.12
G0 X100.91 Y127.73
G0 X100.76 Y127.73
G1 F3600 X102.27 Y129.24 E103.53975
G1 X102.34 Y129.31
G0 F7200 X102.34 Y129.09
G0 X100.91 Y112.268
G0 X100.761 Y112.268
G1 F3600 X102.269 Y110.76 E103.55312
G1 X102.339 Y110.69
G0 F7200 X102.339 Y110.91
G0 X119.12 Y129.12
G0 X119.4 Y129.4
;TYPE:WALL-INNER
G1 F3600 X119.4 Y110.6 E103.671
G1 X100.6 Y110.6 E103.78888
G1 X100.6 Y129.4 E103.90676
G1 X119.4 Y129.4 E104.02464
G0 F7200 X119.8 Y129.8
;TYPE:WALL-OUTER
G1 F1800 X119.8 Y110.2 E104.14754
G1 X100.2 Y110.2 E104.27043
G1 X100.2 Y129.8 E104.39333
G1 X119.8 Y129.8 E104.51622
G0 F7200 X119.8 Y129.6
G0 X118.79 Y128.908
;MESH:NONMESH
G0 F600 X118.79 Y128.908 Z1.2
G0 F7200 X100.88 Y110.88
G0 X100.76 Y110.76
;TIME_ELAPSED:356.718004
;LAYER:9
;TYPE:FILL
;MESH:xyzCalibration_cube.glb
G1 F3600 X119.24 Y129.24 E104.68009
G1 X119.31 Y129.31
G0 F7200 X119.12 Y129.12
G0 X117.73 Y129.09
G0 X117.73 Y129.24
G1 F3600 X119.24 Y127.73 E104.69348
G1 X119.31 Y127.66
G0 F7200 X119.09 Y127.66
G0 X119.09 Y123.583
G0 X119.24 Y123.583
G1 F3600 X106.417 Y110.76 E104.80719
G1 X106.347 Y110.69
G0 F7200 X106.347 Y110.91
G0 X107.926 Y110.91
G0 X107.926 Y110.76
G1 F3600 X100.761 Y117.925 E104.87072
G1 X100.691 Y117.995
G0 F7200 X100.91 Y117.995
G0 X100.91 Y116.417
G0 X100.76 Y116.417
G1 F3600 X113.583 Y129.24 E104.98443
G1 X113.653 Y129.31
G0 F7200 X113.653 Y129.09
G0 X112.073 Y129.09
G0 X112.073 Y129.24
G1 F3600 X119.24 Y122.073 E105.04798
G1 X119.31 Y122.003
G0 F7200 X119.09 Y122.003
G0 X119.09 Y117.926
G0 X119.24 Y117.926
G1 F3600 X112.074 Y110.76 E105.11153
G1 X112.004 Y110.69
G0 F7200 X112.004 Y110.91
G0 X113.583 Y110.91
G0 X113.583 Y110.76
G1 F3600 X100.761 Y123.582 E105.22522
G1 X100.691 Y123.652
G0 F7200 X100.91 Y123.652
G0 X100.91 Y122.074
G0 X100.76 Y122.074
G1 F3600 X107.926 Y129.24 E105.28877
G1 X107.996 Y129.31
G0 F7200 X107.996 Y129.09
G0 X106.416 Y129.09
G0 X106.416 Y129.24
G1 F3600 X119.24 Y116.416 E105.40248
G1 X119.31 Y116.346
G0 F7200 X119.09 Y116.346
G0 X119.09 Y112.269
G0 X119.24 Y112.269
G1 F3600 X117.731 Y110.76 E105.41586
G1 X117.661 Y110.69
G0 F7200 X117.661 Y110.91
G0 X119.12 Y110.88
G0 X119.239 Y110.76
G1 F3600 X100.761 Y129.239 E105.57972
G1 X100.691 Y129.309
G0 F7200 X100.88 Y129.12
G0 X100.91 Y127.73
G0 X100.76 Y127.73
G1 F3600 X102.27 Y129.24 E105.59311
G1 X102.34 Y129.31
G0 F7200 X102.34 Y129.09
G0 X100.91 Y112.268
G0 X100.761 Y112.268
G1 F3600 X102.269 Y110.76 E105.60648
G1 X102.339 Y110.69
G0 F7200 X102.339 Y110.91
G0 X119.12 Y129.12
G0 X119.4 Y129.4
;TYPE:WALL-INNER
G1 F3600 X119.4 Y110.6 E105.72436
G1 X100.6 Y110.6 E105.84224
G1 X100.6 Y129.4 E105.96012
G1 X119.4 Y129.4 E106.078
G0 F7200 X119.8 Y129.8
;TYPE:WALL-OUTER
G1 F1800 X119.8 Y110.2 E106.2009
G1 X100.2 Y110.2 E106.32379
G1 X100.2 Y129.8 E106.44669
G1 X119.8 Y129.8 E106.56958
G0 F7200 X119.8 Y129.6
G0 X118.79 Y128.908
;MESH:NONMESH
G0 F600 X118.79 Y128.908 Z1.3
G0 F7200 X100.88 Y110.88
G0 X100.76 Y110.76
;TIME_ELAPSED:365.112029
;LAYER:10
;TYPE:FILL
;MESH:xyzCalibration_cube.glb
G1 F3600 X119.24 Y129.24 E106.73345
G1 X119.31 Y129.31
G0 F7200 X119.12 Y129.12
G0 X117.73 Y129.09
G0 X117.73 Y129.24
G1 F3600 X119.24 Y127.73 E106.74684
G1 X119.31 Y127.66
G0 F7200 X119.09 Y127.66
G0 X119.09 Y123.583
G0 X119.24 Y123.583
G1 F3600 X106.417 Y110.76 E106.86055
G1 X106.347 Y110.69
G0 F7200 X106.347 Y110.91
G0 X107.926 Y110.91
G0 X107.926 Y110.76
G1 F3600 X100.761 Y117.925 E106.92408
G1 X100.691 Y117.995
G0 F7200 X100.91 Y117.995
G0 X100.91 Y116.417
G0 X100.76 Y116.417
G1 F3600 X113.583 Y129.24 E107.03779
G1 X113.653 Y129.31
G0 F7200 X113.653 Y129.09
G0 X112.073 Y129.09
G0 X112.073 Y129.24
G1 F3600 X119.24 Y122.073 E107.10134
G1 X119.31 Y122.003
G0 F7200 X119.09 Y122.003
G0 X119.09 Y117.926
G0 X119.24 Y117.926
G1 F3600 X112.074 Y110.76 E107.16489
G1 X112.004 Y110.69
G0 F7200 X112.004 Y110.91
G0 X113.583 Y110.91
G0 X113.583 Y110.76
G1 F3600 X100.761 Y123.582 E107.27858
G1 X100.691 Y123.652
G0 F7200 X100.91 Y123.652
G0 X100.91 Y122.074
G0 X100.76 Y122.074
G1 F3600 X107.926 Y129.24 E107.34213
G1 X107.996 Y129.31
G0 F7200 X107.996 Y129.09
G0 X106.416 Y129.09
G0 X106.416 Y129.24
G1 F3600 X119.24 Y116.416 E107.45584
G1 X119.31 Y116.346
G0 F7200 X119.09 Y116.346
G0 X119.09 Y112.269
G0 X119.24 Y112.269
G1 F3600 X117.731 Y110.76 E107.46922
G1 X117.661 Y110.69
G0 F7200 X117.661 Y110.91
G0 X119.12 Y110.88
G0 X119.239 Y110.76
G1 F3600 X100.761 Y129.239 E107.63308
G1 X100.691 Y129.309
G0 F7200 X100.88 Y129.12
G0 X100.91 Y127.73
G0 X100.76 Y127.73
G1 F3600 X102.27 Y129.24 E107.64647
G1 X102.34 Y129.31
G0 F7200 X102.34 Y129.09
G0 X100.91 Y112.268
G0 X100.761 Y112.268
G1 F3600 X102.269 Y110.76 E107.65984
G1 X102.339 Y110.69
G0 F7200 X102.339 Y110.91
G0 X119.12 Y129.12
G0 X119.4 Y129.4
;TYPE:WALL-INNER
G1 F3600 X119.4 Y110.6 E107.77772
G1 X100.6 Y110.6 E107.8956
G1 X100.6 Y129.4 E108.01348
G1 X119.4 Y129.4 E108.13136
G0 F7200 X119.8 Y129.8
;TYPE:WALL-OUTER
G1 F1800 X119.8 Y110.2 E108.25425
G1 X100.2 Y110.2 E108.37715
G1 X100.2 Y129.8 E108.50005
G1 X119.8 Y129.8 E108.62294
G0 F7200 X119.8 Y129.6
G0 X118.79 Y128.908
;MESH:NONMESH
G0 F600 X118.79 Y128.908 Z1.4
G0 F7200 X100.88 Y110.88
G0 X100.76 Y110.76
;TIME_ELAPSED:373.506055
;LAYER:11
;TYPE:FILL
;MESH:xyzCalibration_cube.glb
G1 F3600 X119.24 Y129.24 E108.78681
G1 X119.31 Y129.31
G0 F7200 X119.12 Y129.12
G0 X117.73 Y129.09
G0 X117.73 Y129.24
G1 F3600 X119.24 Y127.73 E108.8002
G1 X119.31 Y127.66
G0 F7200 X119.09 Y127.66
G0 X119.09 Y123.583
G0 X119.24 Y123.583
G1 F3600 X106.417 Y110.76 E108.91391
G1 X106.347 Y110.69
G0 F7200 X106.347 Y110.91
G0 X107.926 Y110.91
G0 X107.926 Y110.76
G1 F3600 X100.761 Y117.925 E108.97744
G1 X100.691 Y117.995
G0 F7200 X100.91 Y117.995
G0 X100.91 Y116.417
G0 X100.76 Y116.417
G1 F3600 X113.583 Y129.24 E109.09115
G1 X113.653 Y129.31
G0 F7200 X113.653 Y129.09
G0 X112.073 Y129.09
G0 X112.073 Y129.24
G1 F3600 X119.24 Y122.073 E109.1547
G1 X119.31 Y122.003
G0 F7200 X119.09 Y122.003
G0 X119.09 Y117.926
G0 X119.24 Y117.926
G1 F3600 X112.074 Y110.76 E109.21824
G1 X112.004 Y110.69
G0 F7200 X112.004 Y110.91
G0 X113.583 Y110.91
G0 X113.583 Y110.76
G1 F3600 X100.761 Y123.582 E109.33194
G1 X100.691 Y123.652
G0 F7200 X100.91 Y123.652
G0 X100.91 Y122.074
G0 X100.76 Y122.074
G1 F3600 X107.926 Y129.24 E109.39549
G1 X107.996 Y129.31
G0 F7200 X107.996 Y129.09
G0 X106.416 Y129.09
G0 X106.416 Y129.24
G1 F3600 X119.24 Y116.416 E109.5092
G1 X119.31 Y116.346
G0 F7200 X119.09 Y116.346
G0 X119.09 Y112.269
G0 X119.24 Y112.269
G1 F3600 X117.731 Y110.76 E109.52258
G1 X117.661 Y110.69
G0 F7200 X117.661 Y110.91
G0 X119.12 Y110.88
G0 X119.239 Y110.76
G1 F3600 X100.761 Y129.239 E109.68644
G1 X100.691 Y129.309
G0 F7200 X100.88 Y129.12
G0 X100.91 Y127.73
G0 X100.76 Y127.73
G1 F3600 X102.27 Y129.24 E109.69983
G1 X102.34 Y129.31
G0 F7200 X102.34 Y129.09
G0 X100.91 Y112.268
G0 X100.761 Y112.268
G1 F3600 X102.269 Y110.76 E109.7132
G1 X102.339 Y110.69
G0 F7200 X102.339 Y110.91
G0 X119.12 Y129.12
G0 X119.4 Y129.4
;TYPE:WALL-INNER
G1 F3600 X119.4 Y110.6 E109.83108
G1 X100.6 Y110.6 E109.94896
G1 X100.6 Y129.4 E110.06684
G1 X119.4 Y129.4 E110.18472
G0 F7200 X119.8 Y129.8
;TYPE:WALL-OUTER
G1 F1800 X119.8 Y110.2 E110.30761
G1 X100.2 Y110.2 E110.43051
G1 X100.2 Y129.8 E110.5534
G1 X119.8 Y129.8 E110.6763
G0 F7200 X119.8 Y129.6
G0 X118.79 Y128.908
;MESH:NONMESH
G0 F600 X118.79 Y128.908 Z1.5
G0 F7200 X100.88 Y110.88
G0 X100.76 Y110.76
;TIME_ELAPSED:381.900081
;LAYER:12
;TYPE:FILL
;MESH:xyzCalibration_cube.glb
G1 F3600 X119.24 Y129.24 E110.84017
G1 X119.31 Y129.31
G0 F7200 X119.12 Y129.12
G0 X117.73 Y129.09
G0 X117.73 Y129.24
G1 F3600 X119.24 Y127.73 E110.85356
G1 X119.31 Y127.66
G0 F7200 X119.09 Y127.66
G0 X119.09 Y123.583
G0 X119.24 Y123.583
G1 F3600 X106.417 Y110.76 E110.96726
G1 X106.347 Y110.69
G0 F7200 X106.347 Y110.91
G0 X107.926 Y110.91
G0 X107.926 Y110.76
G1 F3600 X100.761 Y117.925 E111.0308
G1 X100.691 Y117.995
G0 F7200 X100.91 Y117.995
G0 X100.91 Y116.417
G0 X100.76 Y116.417
G1 F3600 X113.583 Y129.24 E111.14451
G1 X113.653 Y129.31
G0 F7200 X113.653 Y129.09
G0 X112.073 Y129.09
G0 X112.073 Y129.24
G1 F3600 X119.24 Y122.073 E111.20806
G1 X119.31 Y122.003
G0 F7200 X119.09 Y122.003
G0 X119.09 Y117.926
G0 X119.24 Y117.926
G1 F3600 X112.074 Y110.76 E111.2716
G1 X112.004 Y110.69
G0 F7200 X112.004 Y110.91
G0 X113.583 Y110.91
G0 X113.583 Y110.76
G1 F3600 X100.761 Y123.582 E111.3853
G1 X100.691 Y123.652
G0 F7200 X100.91 Y123.652
G0 X100.91 Y122.074
G0 X100.76 Y122.074
G1 F3600 X107.926 Y129.24 E111.44884
G1 X107.996 Y129.31
G0 F7200 X107.996 Y129.09
G0 X106.416 Y129.09
G0 X106.416 Y129.24
G1 F3600 X119.24 Y116.416 E111.56256
G1 X119.31 Y116.346
G0 F7200 X119.09 Y116.346
G0 X119.09 Y112.269
G0 X119.24 Y112.269
G1 F3600 X117.731 Y110.76 E111.57594
G1 X117.661 Y110.69
G0 F7200 X117.661 Y110.91
G0 X119.12 Y110.88
G0 X119.239 Y110.76
G1 F3600 X100.761 Y129.239 E111.7398
G1 X100.691 Y129.309
G0 F7200 X100.88 Y129.12
G0 X100.91 Y127.73
G0 X100.76 Y127.73
G1 F3600 X102.27 Y129.24 E111.75319
G1 X102.34 Y129.31
G0 F7200 X102.34 Y129.09
G0 X100.91 Y112.268
G0 X100.761 Y112.268
G1 F3600 X102.269 Y110.76 E111.76656
G1 X102.339 Y110.69
G0 F7200 X102.339 Y110.91
G0 X119.12 Y129.12
G0 X119.4 Y129.4
;TYPE:WALL-INNER
G1 F3600 X119.4 Y110.6 E111.88444
G1 X100.6 Y110.6 E112.00232
G1 X100.6 Y129.4 E112.1202
G1 X119.4 Y129.4 E112.23808
G0 F7200 X119.8 Y129.8
;TYPE:WALL-OUTER
G1 F1800 X119.8 Y110.2 E112.36097
G1 X100.2 Y110.2 E112.48387
G1 X100.2 Y129.8 E112.60676
G1 X119.8 Y129.8 E112.72966
G0 F7200 X119.8 Y129.6
G0 X118.79 Y128.908
;MESH:NONMESH
G0 F600 X118.79 Y128.908 Z1.6
G0 F7200 X100.88 Y110.88
G0 X100.76 Y110.76
;TIME_ELAPSED:390.294107
;LAYER:13
;TYPE:FILL
;MESH:xyzCalibration_cube.glb
G1 F3600 X119.24 Y129.24 E112.89353
G1 X119.31 Y129.31
G0 F7200 X119.12 Y129.12
G0 X117.73 Y129.09
G0 X117.73 Y129.24
G1 F3600 X119.24 Y127.73 E112.90692
G1 X119.31 Y127.66
G0 F7200 X119.09 Y127.66
G0 X119.09 Y123.583
G0 X119.24 Y123.583
G1 F3600 X106.417 Y110.76 E113.02062
G1 X106.347 Y110.69
G0 F7200 X106.347 Y110.91
G0 X107.926 Y110.91
G0 X107.926 Y110.76
G1 F3600 X100.761 Y117.925 E113.08416
G1 X100.691 Y117.995
G0 F7200 X100.91 Y117.995
G0 X100.91 Y116.417
G0 X100.76 Y116.417
G1 F3600 X113.583 Y129.24 E113.19786
G1 X113.653 Y129.31
G0 F7200 X113.653 Y129.09
G0 X112.073 Y129.09
G0 X112.073 Y129.24
G1 F3600 X119.24 Y122.073 E113.26142
G1 X119.31 Y122.003
G0 F7200 X119.09 Y122.003
G0 X119.09 Y117.926
G0 X119.24 Y117.926
G1 F3600 X112.074 Y110.76 E113.32496
G1 X112.004 Y110.69
G0 F7200 X112.004 Y110.91
G0 X113.583 Y110.91
G0 X113.583 Y110.76
G1 F3600 X100.761 Y123.582 E113.43866
G1 X100.691 Y123.652
G0 F7200 X100.91 Y123.652
G0 X100.91 Y122.074
G0 X100.76 Y122.074
G1 F3600 X107.926 Y129.24 E113.5022
G1 X107.996 Y129.31
G0 F7200 X107.996 Y129.09
G0 X106.416 Y129.09
G0 X106.416 Y129.24
G1 F3600 X119.24 Y116.416 E113.61592
G1 X119.31 Y116.346
G0 F7200 X119.09 Y116.346
G0 X119.09 Y112.269
G0 X119.24 Y112.269
G1 F3600 X117.731 Y110.76 E113.6293
G1 X117.661 Y110.69
G0 F7200 X117.661 Y110.91
G0 X119.12 Y110.88
G0 X119.239 Y110.76
G1 F3600 X100.761 Y129.239 E113.79315
G1 X100.691 Y129.309
G0 F7200 X100.88 Y129.12
G0 X100.91 Y127.73
G0 X100.76 Y127.73
G1 F3600 X102.27 Y129.24 E113.80654
G1 X102.34 Y129.31
G0 F7200 X102.34 Y129.09
G0 X100.91 Y112.268
G0 X100.761 Y112.268
G1 F3600 X102.269 Y110.76 E113.81992
G1 X102.339 Y110.69
G0 F7200 X102.339 Y110.91
G0 X119.12 Y129.12
G0 X119.4 Y129.4
;TYPE:WALL-INNER
G1 F3600 X119.4 Y110.6 E113.9378
G1 X100.6 Y110.6 E114.05567
G1 X100.6 Y129.4 E114.17355
G1 X119.4 Y129.4 E114.29143
G0 F7200 X119.8 Y129.8
;TYPE:WALL-OUTER
G1 F1800 X119.8 Y110.2 E114.41433
G1 X100.2 Y110.2 E114.53722
G1 X100.2 Y129.8 E114.66012
G1 X119.8 Y129.8 E114.78302
G0 F7200 X119.8 Y129.6
G0 X118.79 Y128.908
;MESH:NONMESH
G0 F600 X118.79 Y128.908 Z1.7
G0 F7200 X100.88 Y110.88
G0 X100.76 Y110.76
;TIME_ELAPSED:398.688133
;LAYER:14
;TYPE:FILL
;MESH:xyzCalibration_cube.glb
G1 F3600 X119.24 Y129.24 E114.94689
G1 X119.31 Y129.31
G0 F7200 X119.12 Y129.12
G0 X117.73 Y129.09
G0 X117.73 Y129.24
G1 F3600 X119.24 Y127.73 E114.96027
G1 X119.31 Y127.66
G0 F7200 X119.09 Y127.66
G0 X119.09 Y123.583
G0 X119.24 Y123.583
G1 F3600 X106.417 Y110.76 E115.07398
G1 X106.347 Y110.69
G0 F7200 X106.347 Y110.91
G0 X107.926 Y110.91
G0 X107.926 Y110.76
G1 F3600 X100.761 Y117.925 E115.13752
G1 X100.691 Y117.995
G0 F7200 X100.91 Y117.995
G0 X100.91 Y116.417
G0 X100.76 Y116.417
G1 F3600 X113.583 Y129.24 E115.25122
G1 X113.653 Y129.31
G0 F7200 X113.653 Y129.09
G0 X112.073 Y129.09
G0 X112.073 Y129.24
G1 F3600 X119.24 Y122.073 E115.31478
G1 X119.31 Y122.003
G0 F7200 X119.09 Y122.003
G0 X119.09 Y117.926
G0 X119.24 Y117.926
G1 F3600 X112.074 Y110.76 E115.37832
G1 X112.004 Y110.69
G0 F7200 X112.004 Y110.91
G0 X113.583 Y110.91
G0 X113.583 Y110.76
G1 F3600 X100.761 Y123.582 E115.49202
G1 X100.691 Y123.652
G0 F7200 X100.91 Y123.652
G0 X100.91 Y122.074
G0 X100.76 Y122.074
G1 F3600 X107.926 Y129.24 E115.55556
G1 X107.996 Y129.31
G0 F7200 X107.996 Y129.09
G0 X106.416 Y129.09
G0 X106.416 Y129.24
G1 F3600 X119.24 Y116.416 E115.66928
G1 X119.31 Y116.346
G0 F7200 X119.09 Y116.346
G0 X119.09 Y112.269
G0 X119.24 Y112.269
G1 F3600 X117.731 Y110.76 E115.68266
G1 X117.661 Y110.69
G0 F7200 X117.661 Y110.91
G0 X119.12 Y110.88
G0 X119.239 Y110.76
G1 F3600 X100.761 Y129.239 E115.84651
G1 X100.691 Y129.309
G0 F7200 X100.88 Y129.12
G0 X100.91 Y127.73
G0 X100.76 Y127.73
G1 F3600 X102.27 Y129.24 E115.8599
G1 X102.34 Y129.31
G0 F7200 X102.34 Y129.09
G0 X100.91 Y112.268
G0 X100.761 Y112.268
G1 F3600 X102.269 Y110.76 E115.87327
G1 X102.339 Y110.69
G0 F7200 X102.339 Y110.91
G0 X119.12 Y129.12
G0 X119.4 Y129.4
;TYPE:WALL-INNER
G1 F3600 X119.4 Y110.6 E115.99115
G1 X100.6 Y110.6 E116.10903
G1 X100.6 Y129.4 E116.22691
G1 X119.4 Y129.4 E116.34479
G0 F7200 X119.8 Y129.8
;TYPE:WALL-OUTER
G1 F1800 X119.8 Y110.2 E116.46769
G1 X100.2 Y110.2 E116.59058
G1 X100.2 Y129.8 E116.71348
G1 X119.8 Y129.8 E116.83637
G0 F7200 X119.8 Y129.6
G0 X118.79 Y128.908
;MESH:NONMESH
G0 F600 X118.79 Y128.908 Z1.8
G0 F7200 X100.88 Y110.88
G0 X100.76 Y110.76
;TIME_ELAPSED:407.082158
;LAYER:15
;TYPE:FILL
;MESH:xyzCalibration_cube.glb
G1 F3600 X119.24 Y129.24 E117.00024
G1 X119.31 Y129.31
G0 F7200 X119.12 Y129.12
G0 X117.73 Y129.09
G0 X117.73 Y129.24
G1 F3600 X119.24 Y127.73 E117.01363
G1 X119.31 Y127.66
G0 F7200 X119.09 Y127.66
G0 X119.09 Y123.583
G0 X119.24 Y123.583
G1 F3600 X106.417 Y110.76 E117.12734
G1 X106.347 Y110.69
G0 F7200 X106.347 Y110.91
G0 X107.926 Y110.91
G0 X107.926 Y110.76
G1 F3600 X100.761 Y117.925 E117.19087
G1 X100.691 Y117.995
G0 F7200 X100.91 Y117.995
G0 X100.91 Y116.417
G0 X100.76 Y116.417
G1 F3600 X113.583 Y129.24 E117.30458
G1 X113.653 Y129.31
G0 F7200 X113.653 Y129.09
G0 X112.073 Y129.09
G0 X112.073 Y129.24
G1 F3600 X119.24 Y122.073 E117.36813
G1 X119.31 Y122.003
G0 F7200 X119.09 Y122.003
G0 X119.09 Y117.926
G0 X119.24 Y117.926
G1 F3600 X112.074 Y110.76 E117.43168
G1 X112.004 Y110.69
G0 F7200 X112.004 Y110.91
G0 X113.583 Y110.91
G0 X113.583 Y110.76
G1 F3600 X100.761 Y123.582 E117.54537
G1 X100.691 Y123.652
G0 F7200 X100.91 Y123.652
G0 X100.91 Y122.074
G0 X100.76 Y122.074
G1 F3600 X107.926 Y129.24 E117.60892
G1 X107.996 Y129.31
G0 F7200 X107.996 Y129.09
G0 X106.416 Y129.09
G0 X106.416 Y129.24
G1 F3600 X119.24 Y116.416 E117.72263
G1 X119.31 Y116.346
G0 F7200 X119.09 Y116.346
G0 X119.09 Y112.269
G0 X119.24 Y112.269
G1 F3600 X117.731 Y110.76 E117.73601
G1 X117.661 Y110.69
G0 F7200 X117.661 Y110.91
G0 X119.12 Y110.88
G0 X119.239 Y110.76
G1 F3600 X100.761 Y129.239 E117.89987
G1 X100.691 Y129.309
G0 F7200 X100.88 Y129.12
G0 X100.91 Y127.73
G0 X100.76 Y127.73
G1 F3600 X102.27 Y129.24 E117.91326
G1 X102.34 Y129.31
G0 F7200 X102.34 Y129.09
G0 X100.91 Y112.268
G0 X100.761 Y112.268
G1 F3600 X102.269 Y110.76 E117.92663
G1 X102.339 Y110.69
G0 F7200 X102.339 Y110.91
G0 X119.12 Y129.12
G0 X119.4 Y129.4
;TYPE:WALL-INNER
G1 F3600 X119.4 Y110.6 E118.04451
G1 X100.6 Y110.6 E118.16239
G1 X100.6 Y129.4 E118.28027
G1 X119.4 Y129.4 E118.39815
G0 F7200 X119.8 Y129.8
;TYPE:WALL-OUTER
G1 F1800 X119.8 Y110.2 E118.52105
G1 X100.2 Y110.2 E118.64394
G1 X100.2 Y129.8 E118.76684
G1 X119.8 Y129.8 E118.88973
G0 F7200 X119.8 Y129.6
G0 X118.79 Y128.908
;MESH:NONMESH
G0 F600 X118.79 Y128.908 Z1.9
G0 F7200 X100.88 Y110.88
G0 X100.76 Y110.76
;TIME_ELAPSED:415.476184
;LAYER:16
;TYPE:FILL
;MESH:xyzCalibration_cube.glb
G1 F3600 X119.24 Y129.24 E119.0536
G1 X119.31 Y129.31
G0 F7200 X119.12 Y129.12
G0 X117.73 Y129.09
G0 X117.73 Y129.24
G1 F3600 X119.24 Y127.73 E119.06699
G1 X119.31 Y127.66
G0 F7200 X119.09 Y127.66
G0 X119.09 Y123.583
G0 X119.24 Y123.583
G1 F3600 X106.417 Y110.76 E119.1807
G1 X106.347 Y110.69
G0 F7200 X106.347 Y110.91
G0 X107.926 Y110.91
G0 X107.926 Y110.76
G1 F3600 X100.761 Y117.925 E119.24423
G1 X100.691 Y117.995
G0 F7200 X100.91 Y117.995
G0 X100.91 Y116.417
G0 X100.76 Y116.417
G1 F3600 X113.583 Y129.24 E119.35794
G1 X113.653 Y129.31
G0 F7200 X113.653 Y129.09
G0 X112.073 Y129.09
G0 X112.073 Y129.24
G1 F3600 X119.24 Y122.073 E119.42149
G1 X119.31 Y122.003
G0 F7200 X119.09 Y122.003
G0 X119.09 Y117.926
G0 X119.24 Y117.926
G1 F3600 X112.074 Y110.76 E119.48504
G1 X112.004 Y110.69
G0 F7200 X112.004 Y110.91
G0 X113.583 Y110.91
G0 X113.583 Y110.76
G1 F3600 X100.761 Y123.582 E119.59873
G1 X100.691 Y123.652
G0 F7200 X100.91 Y123.652
G0 X100.91 Y122.074
G0 X100.76 Y122.074
G1 F3600 X107.926 Y129.24 E119.66228
G1 X107.996 Y129.31
G0 F7200 X107.996 Y129.09
G0 X106.416 Y129.09
G0 X106.416 Y129.24
G1 F3600 X119.24 Y116.416 E119.77599
G1 X119.31 Y116.346
G0 F7200 X119.09 Y116.346
G0 X119.09 Y112.269
G0 X119.24 Y112.269
G1 F3600 X117.731 Y110.76 E119.78937
G1 X117.661 Y110.69
G0 F7200 X117.661 Y110.91
G0 X119.12 Y110.88
G0 X119.239 Y110.76
G1 F3600 X100.761 Y129.239 E119.95323
G1 X100.691 Y129.309
G0 F7200 X100.88 Y129.12
G0 X100.91 Y127.73
G0 X100.76 Y127.73
G1 F3600 X102.27 Y129.24 E119.96662
G1 X102.34 Y129.31
G0 F7200 X102.34 Y129.09
G0 X100.91 Y112.268
G0 X100.761 Y112.268
G1 F3600 X102.269 Y110.76 E119.97999
G1 X102.339 Y110.69
G0 F7200 X102.339 Y110.91
G0 X119.12 Y129.12
G0 X119.4 Y129.4
;TYPE:WALL-INNER
G1 F3600 X119.4 Y110.6 E120.09787
G1 X100.6 Y110.6 E120.21575
G1 X100.6 Y129.4 E120.33363
G1 X119.4 Y129.4 E120.45151
G0 F7200 X119.8 Y129.8
;TYPE:WALL-OUTER
G1 F1800 X119.8 Y110.2 E120.5744
G1 X100.2 Y110.2 E120.6973
G1 X100.2 Y129.8 E120.8202
G1 X119.8 Y129.8 E120.94309
G0 F7200 X119.8 Y129.6
G0 X118.79 Y128.908
;MESH:NONMESH
G0 F600 X118.79 Y128.908 Z2
G0 F7200 X100.88 Y110.88
G0 X100.76 Y110.76
;TIME_ELAPSED:423.870210
;LAYER:17
;TYPE:FILL
;MESH:xyzCalibration_cube.glb
G1 F3600 X119.24 Y129.24 E121.10696
G1 X119.31 Y129.31
G0 F7200 X119.12 Y129.12
G0 X117.73 Y129.09
G0 X117.73 Y129.24
G1 F3600 X119.24 Y127.73 E121.12035
G1 X119.31 Y127.66
G0 F7200 X119.09 Y127.66
G0 X119.09 Y123.583
G0 X119.24 Y123.583
G1 F3600 X106.417 Y110.76 E121.23406
G1 X106.347 Y110.69
G0 F7200 X106.347 Y110.91
G0 X107.926 Y110.91
G0 X107.926 Y110.76
G1 F3600 X100.761 Y117.925 E121.29759
G1 X100.691 Y117.995
G0 F7200 X100.91 Y117.995
G0 X100.91 Y116.417
G0 X100.76 Y116.417
G1 F3600 X113.583 Y129.24 E121.4113
G1 X113.653 Y129.31
G0 F7200 X113.653 Y129.09
G0 X112.073 Y129.09
G0 X112.073 Y129.24
G1 F3600 X119.24 Y122.073 E121.47485
G1 X119.31 Y122.003
G0 F7200 X119.09 Y122.003
G0 X119.09 Y117.926
G0 X119.24 Y117.926
G1 F3600 X112.074 Y110.76 E121.53839
G1 X112.004 Y110.69
G0 F7200 X112.004 Y110.91
G0 X113.583 Y110.91
G0 X113.583 Y110.76
G1 F3600 X100.761 Y123.582 E121.65209
G1 X100.691 Y123.652
G0 F7200 X100.91 Y123.652
G0 X100.91 Y122.074
G0 X100.76 Y122.074
G1 F3600 X107.926 Y129.24 E121.71564
G1 X107.996 Y129.31
G0 F7200 X107.996 Y129.09
G0 X106.416 Y129.09
G0 X106.416 Y129.24
G1 F3600 X119.24 Y116.416 E121.82935
G1 X119.31 Y116.346
G0 F7200 X119.09 Y116.346
G0 X119.09 Y112.269
G0 X119.24 Y112.269
G1 F3600 X117.731 Y110.76 E121.84273
G1 X117.661 Y110.69
G0 F7200 X117.661 Y110.91
G0 X119.12 Y110.88
G0 X119.239 Y110.76
G1 F3600 X100.761 Y129.239 E122.00659
G1 X100.691 Y129.309
G0 F7200 X100.88 Y129.12
G0 X100.91 Y127.73
G0 X100.76 Y127.73
G1 F3600 X102.27 Y129.24 E122.01998
G1 X102.34 Y129.31
G0 F7200 X102.34 Y129.09
G0 X100.91 Y112.268
G0 X100.761 Y112.268
G1 F3600 X102.269 Y110.76 E122.03335
G1 X102.339 Y110.69
G0 F7200 X102.339 Y110.91
G0 X119.12 Y129.12
G0 X119.4 Y129.4
;TYPE:WALL-INNER
G1 F3600 X119.4 Y110.6 E122.15123
G1 X100.6 Y110.6 E122.26911
G1 X100.6 Y129.4 E122.38699
G1 X119.4 Y129.4 E122.50487
G0 F7200 X119.8 Y129.8
;TYPE:WALL-OUTER
G1 F1800 X119.8 Y110.2 E122.62776
G1 X100.2 Y110.2 E122.75066
G1 X100.2 Y129.8 E122.87355
G1 X119.8 Y129.8 E122.99645
G0 F7200 X119.8 Y129.6
G0 X118.79 Y128.908
;MESH:NONMESH
G0 F600 X118.79 Y128.908 Z2.1
G0 F7200 X100.88 Y110.88
G0 X100.76 Y110.76
;TIME_ELAPSED:432.264236
;LAYER:18
;TYPE:FILL
;MESH:xyzCalibration_cube.glb
G1 F3600 X119.24 Y129.24 E123.16032
G1 X119.31 Y129.31
G0 F7200 X119.12 Y129.12
G0 X117.73 Y129.09
G0 X117.73 Y129.24
G1 F3600 X119.24 Y127.73 E123.17371
G1 X119.31 Y127.66
G0 F7200 X119.09 Y127.66
G0 X119.09 Y123.583
G0 X119.24 Y123.583
G1 F3600 X106.417 Y110.76 E123.28741
G1 X106.347 Y110.69
G0 F7200 X106.347 Y110.91
G0 X107.926 Y110.91
G0 X107.926 Y110.76
G1 F3600 X100.761 Y117.925 E123.35095
G1 X100.691 Y117.995
G0 F7200 X100.91 Y117.995
G0 X100.91 Y116.417
G0 X100.76 Y116.417
G1 F3600 X113.583 Y129.24 E123.46466
G1 X113.653 Y129.31
G0 F7200 X113.653 Y129.09
G0 X112.073 Y129.09
G0 X112.073 Y129.24
G1 F3600 X119.24 Y122.073 E123.52821
G1 X119.31 Y122.003
G0 F7200 X119.09 Y122.003
G0 X119.09 Y117.926
G0 X119.24 Y117.926
G1 F3600 X112.074 Y110.76 E123.59175
G1 X112.004 Y110.69
G0 F7200 X112.004 Y110.91
G0 X113.583 Y110.91
G0 X113.583 Y110.76
G1 F3600 X100.761 Y123.582 E123.70545
G1 X100.691 Y123.652
G0 F7200 X100.91 Y123.652
G0 X100.91 Y122.074
G0 X100.76 Y122.074
G1 F3600 X107.926 Y129.24 E123.76899
G1 X107.996 Y129.31
G0 F7200 X107.996 Y129.09
G0 X106.416 Y129.09
G0 X106.416 Y129.24
G1 F3600 X119.24 Y116.416 E123.88271
G1 X119.31 Y116.346
G0 F7200 X119.09 Y116.346
G0 X119.09 Y112.269
G0 X119.24 Y112.269
G1 F3600 X117.731 Y110.76 E123.89609
G1 X117.661 Y110.69
G0 F7200 X117.661 Y110.91
G0 X119.12 Y110.88
G0 X119.239 Y110.76
G1 F3600 X100.761 Y129.239 E124.05995
G1 X100.691 Y129.309
G0 F7200 X100.88 Y129.12
G0 X100.91 Y127.73
G0 X100.76 Y127.73
G1 F3600 X102.27 Y129.24 E124.07334
G1 X102.34 Y129.31
G0 F7200 X102.34 Y129.09
G0 X100.91 Y112.268
G0 X100.761 Y112.268
G1 F3600 X102.269 Y110.76 E124.08671
G1 X102.339 Y110.69
G0 F7200 X102.339 Y110.91
G0 X119.12 Y129.12
G0 X119.4 Y129.4
;TYPE:WALL-INNER
G1 F3600 X119.4 Y110.6 E124.20459
G1 X100.6 Y110.6 E124.32247
G1 X100.6 Y129.4 E124.44035
G1 X119.4 Y129.4 E124.55823
G0 F7200 X119.8 Y129.8
;TYPE:WALL-OUTER
G1 F1800 X119.8 Y110.2 E124.68112
G1 X100.2 Y110.2 E124.80402
G1 X100.2 Y129.8 E124.92691
G1 X119.8 Y129.8 E125.04981
G0 F7200 X119.8 Y129.6
G0 X118.79 Y128.908
;MESH:NONMESH
G0 F600 X118.79 Y128.908 Z2.2
G0 F7200 X100.88 Y110.88
G0 X100.76 Y110.76
;TIME_ELAPSED:440.658261
;LAYER:19
;TYPE:FILL
;MESH:xyzCalibration_cube.glb
G1 F3600 X119.24 Y129.24 E125.21368
G1 X119.31 Y129.31
G0 F7200 X119.12 Y129.12
G0 X117.73 Y129.09
G0 X117.73 Y129.24
G1 F3600 X119.24 Y127.73 E125.22707
G1 X119.31 Y127.66
G0 F7200 X119.09 Y127.66
G0 X119.09 Y123.583
G0 X119.24 Y123.583
G1 F3600 X106.417 Y110.76 E125.34077
G1 X106.347 Y110.69
G0 F7200 X106.347 Y110.91
G0 X107.926 Y110.91
G0 X107.926 Y110.76
G1 F3600 X100.761 Y117.925 E125.40431
G1 X100.691 Y117.995
G0 F7200 X100.91 Y117.995
G0 X100.91 Y116.417
G0 X100.76 Y116.417
G1 F3600 X113.583 Y129.24 E125.51801
G1 X113.653 Y129.31
G0 F7200 X113.653 Y129.09
G0 X112.073 Y129.09
G0 X112.073 Y129.24
G1 F3600 X119.24 Y122.073 E125.58157
G1 X119.31 Y122.003
G0 F7200 X119.09 Y122.003
G0 X119.09 Y117.926
G0 X119.24 Y117.926
G1 F3600 X112.074 Y110.76 E125.64511
G1 X112.004 Y110.69
G0 F7200 X112.004 Y110.91
G0 X113.583 Y110.91
G0 X113.583 Y110.76
G1 F3600 X100.761 Y123.582 E125.75881
G1 X100.691 Y123.652
G0 F7200 X100.91 Y123.652
G0 X100.91 Y122.074
G0 X100.76 Y122.074
G1 F3600 X107.926 Y129.24 E125.82235
G1 X107.996 Y129.31
G0 F7200 X107.996 Y129.09
G0 X106.416 Y129.09
G0 X106.416 Y129.24
G1 F3600 X119.24 Y116.416 E125.93607
G1 X119.31 Y116.346
G0 F7200 X119.09 Y116.346
G0 X119.09 Y112.269
G0 X119.24 Y112.269
G1 F3600 X117.731 Y110.76 E125.94945
G1 X117.661 Y110.69
G0 F7200 X117.661 Y110.91
G0 X119.12 Y110.88
G0 X119.239 Y110.76
G1 F3600 X100.761 Y129.239 E126.1133
G1 X100.691 Y129.309
G0 F7200 X100.88 Y129.12
G0 X100.91 Y127.73
G0 X100.76 Y127.73
G1 F3600 X102.27 Y129.24 E126.12669
G1 X102.34 Y129.31
G0 F7200 X102.34 Y129.09
G0 X100.91 Y112.268
G0 X100.761 Y112.268
G1 F3600 X102.269 Y110.76 E126.14007
G1 X102.339 Y110.69
G0 F7200 X102.339 Y110.91
G0 X119.12 Y129.12
G0 X119.4 Y129.4
;TYPE:WALL-INNER
G1 F3600 X119.4 Y110.6 E126.25795
G1 X100.6 Y110.6 E126.37582
G1 X100.6 Y129.4 E126.4937
G1 X119.4 Y129.4 E126.61158
G0 F7200 X119.8 Y129.8
;TYPE:WALL-OUTER
G1 F1800 X119.8 Y110.2 E126.73448
G1 X100.2 Y110.2 E126.85737
G1 X100.2 Y129.8 E126.98027
G1 X119.8 Y129.8 E127.10317
G0 F7200 X119.8 Y129.6
G0 X118.79 Y128.908
;MESH:NONMESH
G0 F600 X118.79 Y128.908 Z2.3
G0 F7200 X100.88 Y110.88
G0 X100.76 Y110.76
;TIME_ELAPSED:449.052287
;LAYER:20
;TYPE:FILL
;MESH:xyzCalibration_cube.glb
G1 F3600 X119.24 Y129.24 E127.26704
G1 X119.31 Y129.31
G0 F7200 X119.12 Y129.12
G0 X117.73 Y129.09
G0 X117.73 Y129.24
G1 F3600 X119.24 Y127.73 E127.28043
G1 X119.31 Y127.66
G0 F7200 X119.09 Y127.66
G0 X119.09 Y123.583
G0 X119.24 Y123.583
G1 F3600 X106.417 Y110.76 E127.39413
G1 X106.347 Y110.69
G0 F7200 X106.347 Y110.91
G0 X107.926 Y110.91
G0 X107.926 Y110.76
G1 F3600 X100.761 Y117.925 E127.45767
G1 X100.691 Y117.995
G0 F7200 X100.91 Y117.995
G0 X100.91 Y116.417
G0 X100.76 Y116.417
G1 F3600 X113.583 Y129.24 E127.57137
G1 X113.653 Y129.31
G0 F7200 X113.653 Y129.09
G0 X112.073 Y129.09
G0 X112.073 Y129.24
G1 F3600 X119.24 Y122.073 E127.63493
G1 X119.31 Y122.003
G0 F7200 X119.09 Y122.003
G0 X119.09 Y117.926
G0 X119.24 Y117.926
G1 F3600 X112.074 Y110.76 E127.69847
G1 X112.004 Y110.69
G0 F7200 X112.004 Y110.91
G0 X113.583 Y110.91
G0 X113.583 Y110.76
G1 F3600 X100.761 Y123.582 E127.81217
G1 X100.691 Y123.652
G0 F7200 X100.91 Y123.652
G0 X100.91 Y122.074
G0 X100.76 Y122.074
G1 F3600 X107.926 Y129.24 E127.87571
G1 X107.996 Y129.31
G0 F7200 X107.996 Y129.09
G0 X106.416 Y129.09
G0 X106.416 Y129.24
G1 F3600 X119.24 Y116.416 E127.98943
G1 X119.31 Y116.346
G0 F7200 X119.09 Y116.346
G0 X119.09 Y112.269
G0 X119.24 Y112.269
G1 F3600 X117.731 Y110.76 E128.00281
G1 X117.661 Y110.69
G0 F7200 X117.661 Y110.91
G0 X119.12 Y110.88
G0 X119.239 Y110.76
G1 F3600 X100.761 Y129.239 E128.16666
G1 X100.691 Y129.309
G0 F7200 X100.88 Y129.12
G0 X100.91 Y127.73
G0 X100.76 Y127.73
G1 F3600 X102.27 Y129.24 E128.18005
G1 X102.34 Y129.31
G0 F7200 X102.34 Y129.09
G0 X100.91 Y112.268
G0 X100.761 Y112.268
G1 F3600 X102.269 Y110.76 E128.19342
G1 X102.339 Y110.69
G0 F7200 X102.339 Y110.91
G0 X119.12 Y129.12
G0 X119.4 Y129.4
;TYPE:WALL-INNER
G1 F3600 X119.4 Y110.6 E128.3113
G1 X100.6 Y110.6 E128.42918
G1 X100.6 Y129.4 E128.54706
G1 X119.4 Y129.4 E128.66494
G0 F7200 X119.8 Y129.8
;TYPE:WALL-OUTER
G1 F1800 X119.8 Y110.2 E128.78784
G1 X100.2 Y110.2 E128.91073
G1 X100.2 Y129.8 E129.03363
G1 X119.8 Y129.8 E129.15652
G0 F7200 X119.8 Y129.6
G0 X118.79 Y128.908
;MESH:NONMESH
G0 F600 X118.79 Y128.908 Z2.4
G0 F7200 X100.88 Y110.88
G0 X100.76 Y110.76
;TIME_ELAPSED:457.446313
;LAYER:21
;TYPE:FILL
;MESH:xyzCalibration_cube.glb
G1 F3600 X119.24 Y129.24 E129.32039
G1 X119.31 Y129.31
G0 F7200 X119.12 Y129.12
G0 X117.73 Y129.09
G0 X117.73 Y129.24
G1 F3600 X119.24 Y127.73 E129.33378
G1 X119.31 Y127.66
G0 F7200 X119.09 Y127.66
G0 X119.09 Y123.583
G0 X119.24 Y123.583
G1 F3600 X106.417 Y110.76 E129.44749
G1 X106.347 Y110.69
G0 F7200 X106.347 Y110.91
G0 X107.926 Y110.91
G0 X107.926 Y110.76
G1 F3600 X100.761 Y117.925 E129.51102
G1 X100.691 Y117.995
G0 F7200 X100.91 Y117.995
G0 X100.91 Y116.417
G0 X100.76 Y116.417
G1 F3600 X113.583 Y129.24 E129.62473
G1 X113.653 Y129.31
G0 F7200 X113.653 Y129.09
G0 X112.073 Y129.09
G0 X112.073 Y129.24
G1 F3600 X119.24 Y122.073 E129.68828
G1 X119.31 Y122.003
G0 F7200 X119.09 Y122.003
G0 X119.09 Y117.926
G0 X119.24 Y117.926
G1 F3600 X112.074 Y110.76 E129.75183
G1 X112.004 Y110.69
G0 F7200 X112.004 Y110.91
G0 X113.583 Y110.91
G0 X113.583 Y110.76
G1 F3600 X100.761 Y123.582 E129.86552
G1 X100.691 Y123.652
G0 F7200 X100.91 Y123.652
G0 X100.91 Y122.074
G0 X100.76 Y122.074
G1 F3600 X107.926 Y129.24 E129.92907
G1 X107.996 Y129.31
G0 F7200 X107.996 Y129.09
G0 X106.416 Y129.09
G0 X106.416 Y129.24
G1 F3600 X119.24 Y116.416 E130.04278
G1 X119.31 Y116.346
G0 F7200 X119.09 Y116.346
G0 X119.09 Y112.269
G0 X119.24 Y112.269
G1 F3600 X117.731 Y110.76 E130.05616
G1 X117.661 Y110.69
G0 F7200 X117.661 Y110.91
G0 X119.12 Y110.88
G0 X119.239 Y110.76
G1 F3600 X100.761 Y129.239 E130.22002
G1 X100.691 Y129.309
G0 F7200 X100.88 Y129.12
G0 X100.91 Y127.73
G0 X100.76 Y127.73
G1 F3600 X102.27 Y129.24 E130.23341
G1 X102.34 Y129.31
G0 F7200 X102.34 Y129.09
G0 X100.91 Y112.268
G0 X100.761 Y112.268
G1 F3600 X102.269 Y110.76 E130.24678
G1 X102.339 Y110.69
G0 F7200 X102.339 Y110.91
G0 X119.12 Y129.12
G0 X119.4 Y129.4
;TYPE:WALL-INNER
G1 F3600 X119.4 Y110.6 E130.36466
G1 X100.6 Y110.6 E130.48254
G1 X100.6 Y129.4 E130.60042
G1 X119.4 Y129.4 E130.7183
G0 F7200 X119.8 Y129.8
;TYPE:WALL-OUTER
G1 F1800 X119.8 Y110.2 E130.8412
G1 X100.2 Y110.2 E130.96409
G1 X100.2 Y129.8 E131.08699
G1 X119.8 Y129.8 E131.20988
G0 F7200 X119.8 Y129.6
G0 X118.79 Y128.908
;MESH:NONMESH
G0 F600 X118.79 Y128.908 Z2.5
G0 F7200 X100.88 Y110.88
G0 X100.76 Y110.76
;TIME_ELAPSED:465.840339
;LAYER:22
;TYPE:FILL
;MESH:xyzCalibration_cube.glb
G1 F3600 X119.24 Y129.24 E131.37375
G1 X119.31 Y129.31
G0 F7200 X119.12 Y129.12
G0 X117.73 Y129.09
G0 X117.73 Y129.24
G1 F3600 X119.24 Y127.73 E131.38714
G1 X119.31 Y127.66
G0 F7200 X119.09 Y127.66
G0 X119.09 Y123.583
G0 X119.24 Y123.583
G1 F3600 X106.417 Y110.76 E131.50085
G1 X106.347 Y110.69
G0 F7200 X106.347 Y110.91
G0 X107.926 Y110.91
G0 X107.926 Y110.76
G1 F3600 X100.761 Y117.925 E131.56438
G1 X100.691 Y117.995
G0 F7200 X100.91 Y117.995
G0 X100.91 Y116.417
G0 X100.76 Y116.417
G1 F3600 X113.583 Y129.24 E131.67809
G1 X113.653 Y129.31
G0 F7200 X113.653 Y129.09
G0 X112.073 Y129.09
G0 X112.073 Y129.24
G1 F3600 X119.24 Y122.073 E131.74164
G1 X119.31 Y122.003
G0 F7200 X119.09 Y122.003
G0 X119.09 Y117.926
G0 X119.24 Y117.926
G1 F3600 X112.074 Y110.76 E131.80519
G1 X112.004 Y110.69
G0 F7200 X112.004 Y110.91
G0 X113.583 Y110.91
G0 X113.583 Y110.76
G1 F3600 X100.761 Y123.582 E131.91888
G1 X100.691 Y123.652
G0 F7200 X100.91 Y123.652
G0 X100.91 Y122.074
G0 X100.76 Y122.074
G1 F3600 X107.926 Y129.24 E131.98243
G1 X107.996 Y129.31
G0 F7200 X107.996 Y129.09
G0 X106.416 Y129.09
G0 X106.416 Y129.24
G1 F3600 X119.24 Y116.416 E132.09614
G1 X119.31 Y116.346
G0 F7200 X119.09 Y116.346
G0 X119.09 Y112.269
G0 X119.24 Y112.269
G1 F3600 X117.731 Y110.76 E132.10952
G1 X117.661 Y110.69
G0 F7200 X117.661 Y110.91
G0 X119.12 Y110.88
G0 X119.239 Y110.76
G1 F3600 X100.761 Y129.239 E132.27338
G1 X100.691 Y129.309
G0 F7200 X100.88 Y129.12
G0 X100.91 Y127.73
G0 X100.76 Y127.73
G1 F3600 X102.27 Y129.24 E132.28677
G1 X102.34 Y129.31
G0 F7200 X102.34 Y129.09
G0 X100.91 Y112.268
G0 X100.761 Y112.268
G1 F3600 X102.269 Y110.76 E132.30014
G1 X102.339 Y110.69
G0 F7200 X102.339 Y110.91
G0 X119.12 Y129.12
G0 X119.4 Y129.4
;TYPE:WALL-INNER
G1 F3600 X119.4 Y110.6 E132.41802
G1 X100.6 Y110.6 E132.5359
G1 X100.6 Y129.4 E132.65378
G1 X119.4 Y129.4 E132.77166
G0 F7200 X119.8 Y129.8
;TYPE:WALL-OUTER
G1 F1800 X119.8 Y110.2 E132.89455
G1 X100.2 Y110.2 E133.01745
G1 X100.2 Y129.8 E133.14035
G1 X119.8 Y129.8 E133.26324
G0 F7200 X119.8 Y129.6
G0 X118.79 Y128.908
;MESH:NONMESH
G0 F600 X118.79 Y128.908 Z2.6
G0 F7200 X100.88 Y110.88
G0 X100.76 Y110.76
;TIME_ELAPSED:474.234364
;LAYER:23
;TYPE:FILL
;MESH:xyzCalibration_cube.glb
G1 F3600 X119.24 Y129.24 E133.42711
G1 X119.31 Y129.31
G0 F7200 X119.12 Y129.12
G0 X117.73 Y129.09
G0 X117.73 Y129.24
G1 F3600 X119.24 Y127.73 E133.4405
G1 X119.31 Y127.66
G0 F7200 X119.09 Y127.66
G0 X119.09 Y123.583
G0 X119.24 Y123.583
G1 F3600 X106.417 Y110.76 E133.55421
G1 X106.347 Y110.69
G0 F7200 X106.347 Y110.91
G0 X107.926 Y110.91
G0 X107.926 Y110.76
G1 F3600 X100.761 Y117.925 E133.61774
G1 X100.691 Y117.995
G0 F7200 X100.91 Y117.995
G0 X100.91 Y116.417
G0 X100.76 Y116.417
G1 F3600 X113.583 Y129.24 E133.73145
G1 X113.653 Y129.31
G0 F7200 X113.653 Y129.09
G0 X112.073 Y129.09
G0 X112.073 Y129.24
G1 F3600 X119.24 Y122.073 E133.795
G1 X119.31 Y122.003
G0 F7200 X119.09 Y122.003
G0 X119.09 Y117.926
G0 X119.24 Y117.926
G1 F3600 X112.074 Y110.76 E133.85854
G1 X112.004 Y110.69
G0 F7200 X112.004 Y110.91
G0 X113.583 Y110.91
G0 X113.583 Y110.76
G1 F3600 X100.761 Y123.582 E133.97224
G1 X100.691 Y123.652
G0 F7200 X100.91 Y123.652
G0 X100.91 Y122.074
G0 X100.76 Y122.074
G1 F3600 X107.926 Y129.24 E134.03579
G1 X107.996 Y129.31
G0 F7200 X107.996 Y129.09
G0 X106.416 Y129.09
G0 X106.416 Y129.24
G1 F3600 X119.24 Y116.416 E134.1495
G1 X119.31 Y116.346
G0 F7200 X119.09 Y116.346
G0 X119.09 Y112.269
G0 X119.24 Y112.269
G1 F3600 X117.731 Y110.76 E134.16288
G1 X117.661 Y110.69
G0 F7200 X117.661 Y110.91
G0 X119.12 Y110.88
G0 X119.239 Y110.76
G1 F3600 X100.761 Y129.239 E134.32674
G1 X100.691 Y129.309
G0 F7200 X100.88 Y129.12
G0 X100.91 Y127.73
G0 X100.76 Y127.73
G1 F3600 X102.27 Y129.24 E134.34013
G1 X102.34 Y129.31
G0 F7200 X102.34 Y129.09
G0 X100.91 Y112.268
G0 X100.761 Y112.268
G1 F3600 X102.269 Y110.76 E134.3535
G1 X102.339 Y110.69
G0 F7200 X102.339 Y110.91
G0 X119.12 Y129.12
G0 X119.4 Y129.4
;TYPE:WALL-INNER
G1 F3600 X119.4 Y110.6 E134.47138
G1 X100.6 Y110.6 E134.58926
G1 X100.6 Y129.4 E134.70714
G1 X119.4 Y129.4 E134.82502
G0 F7200 X119.8 Y129.8
;TYPE:WALL-OUTER
G1 F1800 X119.8 Y110.2 E134.94791
G1 X100.2 Y110.2 E135.07081
G1 X100.2 Y129.8 E135.1937
G1 X119.8 Y129.8 E135.3166
G0 F7200 X119.8 Y129.6
G0 X118.79 Y128.908
;MESH:NONMESH
G0 F600 X118.79 Y128.908 Z2.7
G0 F7200 X100.88 Y110.88
G0 X100.76 Y110.76
;TIME_ELAPSED:482.628390
;LAYER:24
;TYPE:FILL
;MESH:xyzCalibration_cube.glb
G1 F3600 X119.24 Y129.24 E135.48047
G1 X119.31 Y129.31
G0 F7200 X119.12 Y129.12
G0 X117.73 Y129.09
G0 X117.73 Y129.24
G1 F3600 X119.24 Y127.73 E135.49386
G1 X119.31 Y127.66
G0 F7200 X119.09 Y127.66
G0 X119.09 Y123.583
G0 X119.24 Y123.583
G1 F3600 X106.417 Y110.76 E135.60756
G1 X106.347 Y110.69
G0 F7200 X106.347 Y110.91
G0 X107.926 Y110.91
G0 X107.926 Y110.76
G1 F3600 X100.761 Y117.925 E135.6711
G1 X100.691 Y117.995
G0 F7200 X100.91 Y117.995
G0 X100.91 Y116.417
G0 X100.76 Y116.417
G1 F3600 X113.583 Y129.24 E135.78481
G1 X113.653 Y129.31
G0 F7200 X113.653 Y129.09
G0 X112.073 Y129.09
G0 X112.073 Y129.24
G1 F3600 X119.24 Y122.073 E135.84836
G1 X119.31 Y122.003
G0 F7200 X119.09 Y122.003
G0 X119.09 Y117.926
G0 X119.24 Y117.926
G1 F3600 X112.074 Y110.76 E135.9119
G1 X112.004 Y110.69
G0 F7200 X112.004 Y110.91
G0 X113.583 Y110.91
G0 X113.583 Y110.76
G1 F3600 X100.761 Y123.582 E136.0256
G1 X100.691 Y123.652
G0 F7200 X100.91 Y123.652
G0 X100.91 Y122.074
G0 X100.76 Y122.074
G1 F3600 X107.926 Y129.24 E136.08914
G1 X107.996 Y129.31
G0 F7200 X107.996 Y129.09
G0 X106.416 Y129.09
G0 X106.416 Y129.24
G1 F3600 X119.24 Y116.416 E136.20286
G1 X119.31 Y116.346
G0 F7200 X119.09 Y116.346
G0 X119.09 Y112.269
G0 X119.24 Y112.269
G1 F3600 X117.731 Y110.76 E136.21624
G1 X117.661 Y110.69
G0 F7200 X117.661 Y110.91
G0 X119.12 Y110.88
G0 X119.239 Y110.76
G1 F3600 X100.761 Y129.239 E136.3801
G1 X100.691 Y129.309
G0 F7200 X100.88 Y129.12
G0 X100.91 Y127.73
G0 X100.76 Y127.73
G1 F3600 X102.27 Y129.24 E136.39349
G1 X102.34 Y129.31
G0 F7200 X102.34 Y129.09
G0 X100.91 Y112.268
G0 X100.761 Y112.268
G1 F3600 X102.269 Y110.76 E136.40686
G1 X102.339 Y110.69
G0 F7200 X102.339 Y110.91
G0 X119.12 Y129.12
G0 X119.4 Y129.4
;TYPE:WALL-INNER
G1 F3600 X119.4 Y110.6 E136.52474
G1 X100.6 Y110.6 E136.64262
G1 X100.6 Y129.4 E136.7605
G1 X119.4 Y129.4 E136.87838
G0 F7200 X119.8 Y129.8
;TYPE:WALL-OUTER
G1 F1800 X119.8 Y110.2 E137.00127
G1 X100.2 Y110.2 E137.12417
G1 X100.2 Y129.8 E137.24706
G1 X119.8 Y129.8 E137.36996
G0 F7200 X119.8 Y129.6
G0 X118.79 Y128.908
;MESH:NONMESH
G0 F600 X118.79 Y128.908 Z2.8
G0 F7200 X100.88 Y110.88
G0 X100.76 Y110.76
;TIME_ELAPSED:491.022416
;LAYER:25
;TYPE:FILL
;MESH:xyzCalibration_cube.glb
G1 F3600 X119.24 Y129.24 E137.53383
G1 X119.31 Y129.31
G0 F7200 X119.12 Y129.12
G0 X117.73 Y129.09
G0 X117.73 Y129.24
G1 F3600 X119.24 Y127.73 E137.54722
G1 X119.31 Y127.66
G0 F7200 X119.09 Y127.66
G0 X119.09 Y123.583
G0 X119.24 Y123.583
G1 F3600 X106.417 Y110.76 E137.66092
G1 X106.347 Y110.69
G0 F7200 X106.347 Y110.91
G0 X107.926 Y110.91
G0 X107.926 Y110.76
G1 F3600 X100.761 Y117.925 E137.72446
G1 X100.691 Y117.995
G0 F7200 X100.91 Y117.995
G0 X100.91 Y116.417
G0 X100.76 Y116.417
G1 F3600 X113.583 Y129.24 E137.83816
G1 X113.653 Y129.31
G0 F7200 X113.653 Y129.09
G0 X112.073 Y129.09
G0 X112.073 Y129.24
G1 F3600 X119.24 Y122.073 E137.90172
G1 X119.31 Y122.003
G0 F7200 X119.09 Y122.003
G0 X119.09 Y117.926
G0 X119.24 Y117.926
G1 F3600 X112.074 Y110.76 E137.96526
G1 X112.004 Y110.69
G0 F7200 X112.004 Y110.91
G0 X113.583 Y110.91
G0 X113.583 Y110.76
G1 F3600 X100.761 Y123.582 E138.07896
G1 X100.691 Y123.652
G0 F7200 X100.91 Y123.652
G0 X100.91 Y122.074
G0 X100.76 Y122.074
G1 F3600 X107.926 Y129.24 E138.1425
G1 X107.996 Y129.31
G0 F7200 X107.996 Y129.09
G0 X106.416 Y129.09
G0 X106.416 Y129.24
G1 F3600 X119.24 Y116.416 E138.25622
G1 X119.31 Y116.346
G0 F7200 X119.09 Y116.346
G0 X119.09 Y112.269
G0 X119.24 Y112.269
G1 F3600 X117.731 Y110.76 E138.2696
G1 X117.661 Y110.69
G0 F7200 X117.661 Y110.91
G0 X119.12 Y110.88
G0 X119.239 Y110.76
G1 F3600 X100.761 Y129.239 E138.43345
G1 X100.691 Y129.309
G0 F7200 X100.88 Y129.12
G0 X100.91 Y127.73
G0 X100.76 Y127.73
G1 F3600 X102.27 Y129.24 E138.44684
G1 X102.34 Y129.31
G0 F7200 X102.34 Y129.09
G0 X100.91 Y112.268
G0 X100.761 Y112.268
G1 F3600 X102.269 Y110.76 E138.46022
G1 X102.339 Y110.69
G0 F7200 X102.339 Y110.91
G0 X119.12 Y129.12
G0 X119.4 Y129.4
;TYPE:WALL-INNER
G1 F3600 X119.4 Y110.6 E138.5781
G1 X100.6 Y110.6 E138.69597
G1 X100.6 Y129.4 E138.81385
G1 X119.4 Y129.4 E138.93173
G0 F7200 X119.8 Y129.8
;TYPE:WALL-OUTER
G1 F1800 X119.8 Y110.2 E139.05463
G1 X100.2 Y110.2 E139.17752
G1 X100.2 Y129.8 E139.30042
G1 X119.8 Y129.8 E139.42332
G0 F7200 X119.8 Y129.6
G0 X118.79 Y128.908
;MESH:NONMESH
G0 F600 X118.79 Y128.908 Z2.9
G0 F7200 X100.88 Y110.88
G0 X100.76 Y110.76
;TIME_ELAPSED:499.416442
;LAYER:26
;TYPE:FILL
;MESH:xyzCalibration_cube.glb
G1 F3600 X119.24 Y129.24 E139.58719
G1 X119.31 Y129.31
G0 F7200 X119.12 Y129.12
G0 X117.73 Y129.09
G0 X117.73 Y129.24
G1 F3600 X119.24 Y127.73 E139.60058
G1 X119.31 Y127.66
G0 F7200 X119.09 Y127.66
G0 X119.09 Y123.583
G0 X119.24 Y123.583
G1 F3600 X118.4 Y122.742 E139.60803
G0 F7200 X118.8 Y122.512
G1 F3600 X119.24 Y122.073 E139.61193
G0 F7200 X119.09 Y122.073
G0 X118 Y122.342
G1 F3600 X118.4 Y122.742 E139.61547
G1 X118.4 Y117.257 E139.64986
G1 X119.24 Y116.416 E139.65732
G1 X119.31 Y116.346
G0 F7200 X119.09 Y116.346
G0 X118.8 Y117.487
G1 F3600 X113.313 Y112 E139.70597
G1 X112.345 Y112 E139.71204
G1 X100.761 Y123.582 E139.81475
G1 X100.691 Y123.652
G0 F7200 X100.91 Y123.652
G0 X100.91 Y122.074
G0 X100.76 Y122.074
G1 F3600 X107.926 Y129.24 E139.8783
G1 X107.996 Y129.31
G0 F7200 X107.996 Y129.09
G0 X106.416 Y129.09
G0 X106.416 Y129.24
G1 F3600 X117.6 Y118.057 E139.97746
G0 F7200 X118 Y117.657
G1 F3600 X117.6 Y118.057 E139.98101
G1 X117.6 Y121.942 E140.00537
G1 X106.417 Y110.76 E140.10453
G1 X106.4 Y110.8
G1 X106.4 Y112.286 E140.11385
G0 F7200 X106 Y112.686
G1 F3600 X106 Y110.8 E140.12567
G0 F7200 X105.6 Y110.8
G1 F3600 X105.6 Y113.086 E140.14001
G0 F7200 X105.2 Y113.486
G1 F3600 X105.2 Y110.8 E140.15685
G0 F7200 X104.8 Y110.8
G1 F3600 X104.8 Y113.886 E140.1762
G1 X104.8 Y113.986
G0 F7200 X102.269 Y110.91
G0 X102.269 Y110.76
G1 F3600 X100.761 Y112.268 E140.18957
G1 X100.691 Y112.338
G0 F7200 X100.91 Y112.338
G0 X100.91 Y116.417
G0 X100.76 Y116.417
G1 F3600 X113.583 Y129.24 E140.30328
G1 X113.653 Y129.31
G0 F7200 X113.653 Y129.09
G0 X112.073 Y129.09
G0 X112.073 Y129.24
G1 F3600 X118.8 Y122.512 E140.36293
G1 X118.8 Y117.487 E140.39444
G1 X119.24 Y117.926 E140.39834
G1 X119.31 Y117.996
G0 F7200 X119.09 Y117.996
G0 X118.4 Y117.257
G1 F3600 X118 Y117.657 E140.40188
G1 X118 Y122.342 E140.43126
G1 X117.6 Y121.942 E140.43481
G1 X117.53 Y121.872
G0 F7200 X115.2 Y113.885
G1 F3600 X115.2 Y110.8 E140.45415
G0 F7200 X114.8 Y110.8
G1 F3600 X114.8 Y113.485 E140.47099
G0 F7200 X114.4 Y113.085
G1 F3600 X114.4 Y110.8 E140.48531
G0 F7200 X114 Y110.8
G1 F3600 X114 Y112.685 E140.49713
G1 X114 Y112.785
G0 F7200 X113.313 Y112
G1 F3600 X112.074 Y110.76 E140.50812
G1 X112.032 Y110.8
G1 X112.369 Y111.975 E140.51579
G1 X112.345 Y112
G1 X113.583 Y110.76 E140.52678
G1 X113.653 Y110.69
G0 F7200 X113.653 Y110.91
G0 X117.731 Y110.91
G0 X117.731 Y110.76
G1 F3600 X119.24 Y112.269 E140.54016
G1 X119.31 Y112.339
G0 F7200 X119.09 Y112.339
G0 X119.12 Y110.88
G0 X119.239 Y110.76
G1 F3600 X100.761 Y129.239 E140.70401
G1 X100.691 Y129.309
G0 F7200 X100.88 Y129.12
G0 X100.91 Y127.73
G0 X100.76 Y127.73
G1 F3600 X102.27 Y129.24 E140.7174
G1 X102.34 Y129.31
G0 F7200 X102.34 Y129.09
G0 X100.91 Y117.925
G0 X100.761 Y117.925
G1 F3600 X107.926 Y110.76 E140.78094
G1 X107.996 Y110.69
G0 F7200 X107.996 Y110.91
G0 X119.12 Y129.12
G0 X119.4 Y129.4
;TYPE:WALL-INNER
G1 F3600 X119.4 Y110.6 E140.89882
G1 X100.6 Y110.6 E141.0167
G1 X100.6 Y129.4 E141.13458
G1 X119.4 Y129.4 E141.25245
G0 F7200 X119.8 Y129.8
;TYPE:WALL-OUTER
G1 F1800 X119.8 Y110.2 E141.37535
G1 X100.2 Y110.2 E141.49825
G1 X100.2 Y129.8 E141.62114
G1 X119.8 Y129.8 E141.74404
G0 F7200 X119.8 Y129.6
G0 X118.79 Y128.908
;MESH:NONMESH
G0 F600 X118.79 Y128.908 Z3
G0 F7200 X100.88 Y110.88
G0 X100.76 Y110.76
;TIME_ELAPSED:508.907993
;LAYER:27
;TYPE:FILL
;MESH:xyzCalibration_cube.glb
G1 F3600 X119.24 Y129.24 E141.90791
G1 X119.31 Y129.31
G0 F7200 X119.12 Y129.12
G0 X117.73 Y129.09
G0 X117.73 Y129.24
G1 F3600 X119.24 Y127.73 E141.9213
G1 X119.31 Y127.66
G0 F7200 X119.09 Y127.66
G0 X119.09 Y123.583
G0 X119.24 Y123.583
G1 F3600 X107.455 Y111.798 E142.0258
G0 F7200 X107.455 Y111.231
G1 F3600 X107.926 Y110.76 E142.02998
G0 F7200 X107.926 Y110.91
G0 X106.035 Y112.651
G1 F3600 X100.761 Y117.925 E142.07674
G1 X100.691 Y117.995
G0 F7200 X100.91 Y117.995
G0 X100.91 Y116.417
G0 X100.76 Y116.417
G1 F3600 X113.583 Y129.24 E142.19045
G1 X113.653 Y129.31
G0 F7200 X113.653 Y129.09
G0 X112.073 Y129.09
G0 X112.073 Y129.24
G1 F3600 X119.24 Y122.073 E142.254
G1 X119.31 Y122.003
G0 F7200 X119.09 Y122.003
G0 X119.09 Y117.926
G0 X119.24 Y117.926
G1 F3600 X113.966 Y112.652 E142.30077
G1 X113.896 Y112.582
G0 F7200 X111.729 Y112.614
G1 F3600 X100.761 Y123.582 E142.39802
G1 X100.691 Y123.652
G0 F7200 X100.91 Y123.652
G0 X100.91 Y122.074
G0 X100.76 Y122.074
G1 F3600 X107.926 Y129.24 E142.46157
G1 X107.996 Y129.31
G0 F7200 X107.996 Y129.09
G0 X106.416 Y129.09
G0 X106.416 Y129.24
G1 F3600 X117.294 Y118.362 E142.55803
G0 F7200 X117.587 Y118.069
G1 F3600 X119.24 Y116.416 E142.57269
G1 X119.31 Y116.346
G0 F7200 X119.09 Y116.346
G0 X119.09 Y112.269
G0 X119.24 Y112.269
G1 F3600 X117.731 Y110.76 E142.58607
G1 X117.661 Y110.69
G0 F7200 X117.661 Y110.91
G0 X119.12 Y110.88
G0 X119.239 Y110.76
G1 F3600 X100.761 Y129.239 E142.74992
G1 X100.691 Y129.309
G0 F7200 X100.88 Y129.12
G0 X100.91 Y127.73
G0 X100.76 Y127.73
G1 F3600 X102.27 Y129.24 E142.76331
G1 X102.34 Y129.31
G0 F7200 X102.34 Y129.09
G0 X100.91 Y112.268
G0 X100.761 Y112.268
G1 F3600 X102.269 Y110.76 E142.77668
G1 X102.339 Y110.69
G0 F7200 X102.339 Y110.91
G0 X119.12 Y129.12
G0 X119.4 Y129.4
;TYPE:WALL-INNER
G1 F3600 X119.4 Y110.6 E142.89456
G1 X100.6 Y110.6 E143.01244
G1 X100.6 Y129.4 E143.13032
G1 X119.4 Y129.4 E143.2482
G0 F7200 X119.8 Y129.8
;TYPE:WALL-OUTER
G1 F1800 X119.8 Y110.2 E143.3711
G1 X100.2 Y110.2 E143.49399
G1 X100.2 Y129.8 E143.61689
G1 X119.8 Y129.8 E143.73978
G0 F7200 X119.8 Y129.6
G0 X119.12 Y129.12
G0 X119.02 Y121.128
;TYPE:SKIN
G1 F1800 X117.432 Y121.128 E143.74974
G1 X117.432 Y118.208 E143.76805
G1 X119.02 Y118.208 E143.77801
G1 X119.02 Y121.128 E143.79632
G0 F7200 X118.357 Y120.928
G1 F1800 X118.819 Y120.466 E143.80041
G0 F7200 X118.819 Y119.9
G1 F1800 X117.791 Y120.928 E143.80953
G0 F7200 X117.631 Y120.522
G1 F1800 X118.819 Y119.334 E143.82006
G0 F7200 X118.819 Y118.768
G1 F1800 X117.631 Y119.956 E143.8306
G0 F7200 X117.631 Y119.391
G1 F1800 X118.614 Y118.408 E143.83931
G0 F7200 X118.049 Y118.408
G1 F1800 X117.631 Y118.825 E143.84302
G0 F7200 X114.888 Y112.511
G1 F1800 X111.869 Y112.512 E143.86195
G1 X111.872 Y110.98 E143.87155
G1 X114.891 Y110.981 E143.89048
G1 X114.888 Y112.511 E143.90008
G0 F7200 X114.528 Y112.312
G1 F1800 X114.688 Y112.151 E143.9015
G0 F7200 X114.689 Y111.585
G1 F1800 X113.962 Y112.312 E143.90795
G0 F7200 X113.397 Y112.312
G1 F1800 X114.528 Y111.181 E143.91797
G0 F7200 X113.962 Y111.181
G1 F1800 X112.831 Y112.312 E143.928
G0 F7200 X112.265 Y112.312
G1 F1800 X113.397 Y111.181 E143.93804
G0 F7200 X112.832 Y111.18
G1 F1800 X112.07 Y111.941 E143.94479
G0 F7200 X112.072 Y111.374
G1 F1800 X112.266 Y111.18 E143.94651
G0 F7200 X107.312 Y112.508
G1 F1800 X104.46 Y112.511 E143.96439
G1 X104.457 Y110.98 E143.97399
G1 X107.312 Y110.98 E143.99189
G1 X107.312 Y112.508 E144.00147
G0 F7200 X107.112 Y111.808
G1 F1800 X106.611 Y112.309 E144.00592
G0 F7200 X106.045 Y112.31
G1 F1800 X107.112 Y111.243 E144.01538
G0 F7200 X106.609 Y111.18
G1 F1800 X105.478 Y112.31 E144.0254
G0 F7200 X104.912 Y112.311
G1 F1800 X106.043 Y111.18 E144.03543
G0 F7200 X105.478 Y111.18
G1 F1800 X104.659 Y111.999 E144.04269
G0 F7200 X104.658 Y111.434
G1 F1800 X104.912 Y111.18 E144.04495
G0 F7200 X104.912 Y111.21
;MESH:NONMESH
G0 F600 X104.912 Y111.21 Z3.1
G0 F7200 X100.88 Y110.88
G0 X100.76 Y110.76
;TIME_ELAPSED:519.281881
;LAYER:28
;TYPE:FILL
;MESH:xyzCalibration_cube.glb
G1 F3600 X119.24 Y129.24 E144.20882
G1 X119.31 Y129.31
G0 F7200 X119.12 Y129.12
G0 X117.73 Y129.09
G0 X117.73 Y129.24
G1 F3600 X119.24 Y127.73 E144.22221
G1 X119.31 Y127.66
G0 F7200 X119.09 Y127.66
G0 X119.09 Y123.583
G0 X119.24 Y123.583
G1 F3600 X107.514 Y111.857 E144.32618
G0 F7200 X107.514 Y111.171
G1 F3600 X107.926 Y110.76 E144.32983
G0 F7200 X107.926 Y110.91
G0 X106.035 Y112.651
G1 F3600 X100.761 Y117.925 E144.3766
G1 X100.691 Y117.995
G0 F7200 X100.91 Y117.995
G0 X100.91 Y116.417
G0 X100.76 Y116.417
G1 F3600 X113.583 Y129.24 E144.49031
G1 X113.653 Y129.31
G0 F7200 X113.653 Y129.09
G0 X112.073 Y129.09
G0 X112.073 Y129.24
G1 F3600 X119.24 Y122.073 E144.55386
G1 X119.31 Y122.003
G0 F7200 X119.09 Y122.003
G0 X119.09 Y117.926
G0 X119.24 Y117.926
G1 F3600 X113.966 Y112.652 E144.60062
G1 X113.896 Y112.582
G0 F7200 X111.69 Y112.652
G1 F3600 X100.761 Y123.582 E144.69754
G1 X100.691 Y123.652
G0 F7200 X100.91 Y123.652
G0 X100.91 Y122.074
G0 X100.76 Y122.074
G1 F3600 X107.926 Y129.24 E144.76108
G1 X107.996 Y129.31
G0 F7200 X107.996 Y129.09
G0 X106.416 Y129.09
G0 X106.416 Y129.24
G1 F3600 X117.294 Y118.362 E144.85754
G0 F7200 X117.588 Y118.068
G1 F3600 X119.24 Y116.416 E144.87219
G1 X119.31 Y116.346
G0 F7200 X119.09 Y116.346
G0 X119.09 Y112.269
G0 X119.24 Y112.269
G1 F3600 X117.731 Y110.76 E144.88557
G1 X117.661 Y110.69
G0 F7200 X117.661 Y110.91
G0 X119.12 Y110.88
G0 X119.239 Y110.76
G1 F3600 X100.761 Y129.239 E145.04943
G1 X100.691 Y129.309
G0 F7200 X100.88 Y129.12
G0 X100.91 Y127.73
G0 X100.76 Y127.73
G1 F3600 X102.27 Y129.24 E145.06282
G1 X102.34 Y129.31
G0 F7200 X102.34 Y129.09
G0 X100.91 Y112.268
G0 X100.761 Y112.268
G1 F3600 X102.269 Y110.76 E145.07619
G1 X102.339 Y110.69
G0 F7200 X102.339 Y110.91
G0 X119.12 Y129.12
G0 X119.4 Y129.4
;TYPE:WALL-INNER
G1 F3600 X119.4 Y110.6 E145.19407
G1 X100.6 Y110.6 E145.31195
G1 X100.6 Y129.4 E145.42983
G1 X119.4 Y129.4 E145.54771
G0 F7200 X119.8 Y129.8
;TYPE:WALL-OUTER
G1 F1800 X119.8 Y110.2 E145.67061
G1 X100.2 Y110.2 E145.7935
G1 X100.2 Y129.8 E145.9164
G1 X119.8 Y129.8 E146.03929
G0 F7200 X119.8 Y129.6
G0 X119.12 Y129.12
G0 X119.02 Y121.128
;TYPE:SKIN
G1 F1800 X117.432 Y121.128 E146.04925
G1 X117.432 Y118.208 E146.06756
G1 X119.02 Y118.208 E146.07752
G1 X119.02 Y121.128 E146.09582
G0 F7200 X118.1 Y120.928
G1 F1800 X117.631 Y120.46 E146.09998
G0 F7200 X117.631 Y119.894
G1 F1800 X118.665 Y120.928 E146.10915
G0 F7200 X118.82 Y120.517
G1 F1800 X117.631 Y119.329 E146.11969
G0 F7200 X117.631 Y118.763
G1 F1800 X118.82 Y119.951 E146.13023
G0 F7200 X118.82 Y119.386
G1 F1800 X117.843 Y118.409 E146.13889
G0 F7200 X118.409 Y118.409
G1 F1800 X118.82 Y118.82 E146.14253
G0 F7200 X114.888 Y112.511
G1 F1800 X111.809 Y112.512 E146.16184
G1 X111.812 Y110.98 E146.17144
G1 X114.891 Y110.981 E146.19075
G1 X114.888 Y112.511 E146.20034
G0 F7200 X114.69 Y111.296
G1 F1800 X114.575 Y111.181 E146.20136
G0 F7200 X114.01 Y111.181
G1 F1800 X114.689 Y111.861 E146.20739
G0 F7200 X114.574 Y112.311
G1 F1800 X113.444 Y111.181 E146.21741
G0 F7200 X112.878 Y111.181
G1 F1800 X114.008 Y112.311 E146.22743
G0 F7200 X113.443 Y112.311
G1 F1800 X112.313 Y111.181 E146.23745
G0 F7200 X112.011 Y111.446
G1 F1800 X112.877 Y112.311 E146.24512
G0 F7200 X112.311 Y112.311
G1 F1800 X112.01 Y112.01 E146.24779
G0 F7200 X107.372 Y112.508
G1 F1800 X104.46 Y112.511 E146.26605
G1 X104.457 Y110.98 E146.27565
G1 X107.372 Y110.98 E146.29393
G1 X107.372 Y112.508 E146.30351
G0 F7200 X107.172 Y111.697
G1 F1800 X106.654 Y111.18 E146.3081
G0 F7200 X106.089 Y111.18
G1 F1800 X107.172 Y112.263 E146.3177
G0 F7200 X106.652 Y112.308
G1 F1800 X105.523 Y111.18 E146.32771
G0 F7200 X104.957 Y111.18
G1 F1800 X106.087 Y112.309 E146.33773
G0 F7200 X105.522 Y112.31
G1 F1800 X104.657 Y111.446 E146.34539
G0 F7200 X104.658 Y112.012
G1 F1800 X104.957 Y112.31 E146.34804
;MESH:NONMESH
G0 F600 X104.957 Y112.31 Z3.2
G0 F7200 X100.88 Y110.88
G0 X100.76 Y110.76
;TIME_ELAPSED:529.685769
;LAYER:29
;TYPE:FILL
;MESH:xyzCalibration_cube.glb
G1 F3600 X119.24 Y129.24 E146.51191
G1 X119.31 Y129.31
G0 F7200 X119.12 Y129.12
G0 X117.73 Y129.09
G0 X117.73 Y129.24
G1 F3600 X119.24 Y127.73 E146.5253
G1 X119.31 Y127.66
G0 F7200 X119.09 Y127.66
G0 X119.09 Y123.583
G0 X119.24 Y123.583
G1 F3600 X107.573 Y111.916 E146.62875
G1 X107.503 Y111.846
G0 F7200 X107.573 Y111.113
G1 F3600 X107.926 Y110.76 E146.63188
G0 F7200 X107.926 Y110.91
G0 X106.034 Y112.651
G1 F3600 X100.761 Y117.925 E146.67864
G1 X100.691 Y117.995
G0 F7200 X100.91 Y117.995
G0 X100.91 Y116.417
G0 X100.76 Y116.417
G1 F3600 X113.583 Y129.24 E146.79235
G1 X113.653 Y129.31
G0 F7200 X113.653 Y129.09
G0 X112.073 Y129.09
G0 X112.073 Y129.24
G1 F3600 X119.24 Y122.073 E146.8559
G1 X119.31 Y122.003
G0 F7200 X119.09 Y122.003
G0 X119.09 Y117.926
G0 X119.24 Y117.926
G1 F3600 X113.966 Y112.652 E146.90267
G1 X113.896 Y112.582
G0 F7200 X111.69 Y112.652
G1 F3600 X100.761 Y123.582 E146.99959
G1 X100.691 Y123.652
G0 F7200 X100.91 Y123.652
G0 X100.91 Y122.074
G0 X100.76 Y122.074
G1 F3600 X107.926 Y129.24 E147.06313
G1 X107.996 Y129.31
G0 F7200 X107.996 Y129.09
G0 X106.416 Y129.09
G0 X106.416 Y129.24
G1 F3600 X117.294 Y118.362 E147.15959
G0 F7200 X117.589 Y118.067
G1 F3600 X119.239 Y116.417 E147.17422
G1 X119.309 Y116.347
G0 F7200 X119.09 Y116.347
G0 X119.09 Y112.269
G0 X119.24 Y112.269
G1 F3600 X117.731 Y110.76 E147.1876
G1 X117.661 Y110.69
G0 F7200 X117.661 Y110.91
G0 X119.12 Y110.88
G0 X119.239 Y110.76
G1 F3600 X100.761 Y129.239 E147.35146
G1 X100.691 Y129.309
G0 F7200 X100.88 Y129.12
G0 X100.91 Y127.73
G0 X100.76 Y127.73
G1 F3600 X102.27 Y129.24 E147.36485
G1 X102.34 Y129.31
G0 F7200 X102.34 Y129.09
G0 X100.91 Y112.268
G0 X100.761 Y112.268
G1 F3600 X102.269 Y110.76 E147.37822
G1 X102.339 Y110.69
G0 F7200 X102.339 Y110.91
G0 X119.12 Y129.12
G0 X119.4 Y129.4
;TYPE:WALL-INNER
G1 F3600 X119.4 Y110.6 E147.4961
G1 X100.6 Y110.6 E147.61398
G1 X100.6 Y129.4 E147.73186
G1 X119.4 Y129.4 E147.84974
G0 F7200 X119.8 Y129.8
;TYPE:WALL-OUTER
G1 F1800 X119.8 Y110.2 E147.97263
G1 X100.2 Y110.2 E148.09553
G1 X100.2 Y129.8 E148.21842
G1 X119.8 Y129.8 E148.34132
G0 F7200 X119.8 Y129.6
G0 X119.12 Y129.12
G0 X119.02 Y121.128
;TYPE:SKIN
G1 F1800 X117.432 Y121.128 E148.35128
G1 X117.432 Y118.204 E148.36961
G1 X119.02 Y118.204 E148.37957
G1 X119.02 Y121.128 E148.3979
G0 F7200 X118.357 Y120.928
G1 F1800 X118.819 Y120.466 E148.402
G0 F7200 X118.819 Y119.9
G1 F1800 X117.791 Y120.928 E148.41111
G0 F7200 X117.632 Y120.521
G1 F1800 X118.819 Y119.334 E148.42164
G0 F7200 X118.819 Y118.768
G1 F1800 X117.632 Y119.956 E148.43217
G0 F7200 X117.632 Y119.39
G1 F1800 X118.618 Y118.404 E148.44091
G0 F7200 X118.052 Y118.404
G1 F1800 X117.632 Y118.824 E148.44464
G0 F7200 X114.888 Y112.511
G1 F1800 X111.745 Y112.512 E148.46434
G1 X111.748 Y110.98 E148.47395
G1 X114.891 Y110.981 E148.49366
G1 X114.888 Y112.511 E148.50325
G0 F7200 X114.528 Y112.312
G1 F1800 X114.688 Y112.151 E148.50467
G0 F7200 X114.689 Y111.585
G1 F1800 X113.962 Y112.312 E148.51112
G0 F7200 X113.397 Y112.312
G1 F1800 X114.528 Y111.181 E148.52115
G0 F7200 X113.962 Y111.181
G1 F1800 X112.83 Y112.313 E148.53119
G0 F7200 X112.265 Y112.313
G1 F1800 X113.397 Y111.181 E148.54123
G0 F7200 X112.832 Y111.18
G1 F1800 X111.946 Y112.066 E148.54908
G0 F7200 X111.947 Y111.499
G1 F1800 X112.266 Y111.18 E148.55191
G0 F7200 X107.432 Y112.508
G1 F1800 X104.46 Y112.511 E148.57055
G1 X104.457 Y110.98 E148.58015
G1 X107.432 Y110.98 E148.5988
G1 X107.432 Y112.508 E148.60838
G0 F7200 X106.611 Y112.309
G1 F1800 X107.232 Y111.688 E148.61389
G0 F7200 X107.175 Y111.18
G1 F1800 X106.045 Y112.31 E148.62391
G0 F7200 X105.478 Y112.31
G1 F1800 X106.609 Y111.18 E148.63393
G0 F7200 X106.043 Y111.18
G1 F1800 X104.912 Y112.311 E148.64396
G0 F7200 X104.659 Y111.999
G1 F1800 X105.478 Y111.18 E148.65122
G0 F7200 X104.912 Y111.18
G1 F1800 X104.658 Y111.434 E148.65348
;MESH:NONMESH
G0 F600 X104.658 Y111.434 Z3.3
G0 F7200 X100.88 Y110.88
G0 X100.76 Y110.76
;TIME_ELAPSED:540.088609
;LAYER:30
;TYPE:FILL
;MESH:xyzCalibration_cube.glb
G1 F3600 X119.24 Y129.24 E148.81734
G1 X119.31 Y129.31
G0 F7200 X119.12 Y129.12
G0 X117.73 Y129.09
G0 X117.73 Y129.24
G1 F3600 X119.24 Y127.73 E148.83073
G1 X119.31 Y127.66
G0 F7200 X119.09 Y127.66
G0 X119.09 Y123.583
G0 X119.24 Y123.583
G1 F3600 X107.633 Y111.976 E148.93366
G1 X107.563 Y111.906
G0 F7200 X107.632 Y111.054
G1 F3600 X107.926 Y110.76 E148.93626
G0 F7200 X107.926 Y110.91
G0 X106.034 Y112.651
G1 F3600 X100.761 Y117.925 E148.98303
G1 X100.691 Y117.995
G0 F7200 X100.91 Y117.995
G0 X100.91 Y116.417
G0 X100.76 Y116.417
G1 F3600 X113.583 Y129.24 E149.09673
G1 X113.653 Y129.31
G0 F7200 X113.653 Y129.09
G0 X112.073 Y129.09
G0 X112.073 Y129.24
G1 F3600 X119.24 Y122.073 E149.16029
G1 X119.31 Y122.003
G0 F7200 X119.09 Y122.003
G0 X119.09 Y117.926
G0 X119.24 Y117.926
G1 F3600 X113.966 Y112.652 E149.20705
G1 X113.896 Y112.582
G0 F7200 X111.69 Y112.652
G1 F3600 X100.761 Y123.582 E149.30397
G1 X100.691 Y123.652
G0 F7200 X100.91 Y123.652
G0 X100.91 Y122.074
G0 X100.76 Y122.074
G1 F3600 X107.926 Y129.24 E149.36751
G1 X107.996 Y129.31
G0 F7200 X107.996 Y129.09
G0 X106.416 Y129.09
G0 X106.416 Y129.24
G1 F3600 X117.295 Y118.361 E149.46398
G0 F7200 X117.591 Y118.065
G1 F3600 X119.24 Y116.416 E149.4786
G1 X119.31 Y116.346
G0 F7200 X119.09 Y116.346
G0 X119.09 Y112.269
G0 X119.24 Y112.269
G1 F3600 X117.731 Y110.76 E149.49198
G1 X117.661 Y110.69
G0 F7200 X117.661 Y110.91
G0 X119.12 Y110.88
G0 X119.239 Y110.76
G1 F3600 X100.761 Y129.239 E149.65584
G1 X100.691 Y129.309
G0 F7200 X100.88 Y129.12
G0 X100.91 Y127.73
G0 X100.76 Y127.73
G1 F3600 X102.27 Y129.24 E149.66923
G1 X102.34 Y129.31
G0 F7200 X102.34 Y129.09
G0 X100.91 Y112.268
G0 X100.761 Y112.268
G1 F3600 X102.269 Y110.76 E149.6826
G1 X102.339 Y110.69
G0 F7200 X102.339 Y110.91
G0 X119.12 Y129.12
G0 X119.4 Y129.4
;TYPE:WALL-INNER
G1 F3600 X119.4 Y110.6 E149.80048
G1 X100.6 Y110.6 E149.91836
G1 X100.6 Y129.4 E150.03624
G1 X119.4 Y129.4 E150.15412
G0 F7200 X119.8 Y129.8
;TYPE:WALL-OUTER
G1 F1800 X119.8 Y110.2 E150.27701
G1 X100.2 Y110.2 E150.39991
G1 X100.2 Y129.8 E150.52281
G1 X119.8 Y129.8 E150.6457
G0 F7200 X119.8 Y129.6
G0 X119.12 Y129.12
G0 X119.02 Y121.128
;TYPE:SKIN
G1 F1800 X117.432 Y121.128 E150.65566
G1 X117.432 Y118.204 E150.67399
G1 X119.02 Y118.204 E150.68395
G1 X119.02 Y121.128 E150.70228
G0 F7200 X118.1 Y120.928
G1 F1800 X117.631 Y120.46 E150.70644
G0 F7200 X117.631 Y119.894
G1 F1800 X118.665 Y120.928 E150.71561
G0 F7200 X118.82 Y120.517
G1 F1800 X117.631 Y119.329 E150.72615
G0 F7200 X117.631 Y118.763
G1 F1800 X118.82 Y119.951 E150.73669
G0 F7200 X118.82 Y119.386
G1 F1800 X117.839 Y118.404 E150.74539
G0 F7200 X118.404 Y118.404
G1 F1800 X118.82 Y118.82 E150.74908
G0 F7200 X114.888 Y112.511
G1 F1800 X111.685 Y112.512 E150.76916
G1 X111.688 Y110.98 E150.77877
G1 X114.891 Y110.981 E150.79885
G1 X114.888 Y112.511 E150.80844
G0 F7200 X114.69 Y111.296
G1 F1800 X114.575 Y111.181 E150.80946
G0 F7200 X114.01 Y111.181
G1 F1800 X114.689 Y111.861 E150.81549
G0 F7200 X114.574 Y112.311
G1 F1800 X113.444 Y111.181 E150.82551
G0 F7200 X112.878 Y111.181
G1 F1800 X114.008 Y112.311 E150.83553
G0 F7200 X113.443 Y112.311
G1 F1800 X112.312 Y111.181 E150.84555
G0 F7200 X111.888 Y111.322
G1 F1800 X112.877 Y112.311 E150.85432
G0 F7200 X112.311 Y112.311
G1 F1800 X111.886 Y111.886 E150.85809
G0 F7200 X107.491 Y112.508
G1 F1800 X104.46 Y112.511 E150.8771
G1 X104.457 Y110.98 E150.8867
G1 X107.488 Y110.98 E150.9057
G1 X107.491 Y112.508 E150.91528
G0 F7200 X107.289 Y111.248
G1 F1800 X107.22 Y111.18 E150.91589
G0 F7200 X106.654 Y111.18
G1 F1800 X107.29 Y111.816 E150.92153
G0 F7200 X107.217 Y112.308
G1 F1800 X106.089 Y111.18 E150.93153
G0 F7200 X105.523 Y111.18
G1 F1800 X106.652 Y112.308 E150.94154
G0 F7200 X106.087 Y112.309
G1 F1800 X104.957 Y111.18 E150.95155
G0 F7200 X104.657 Y111.446
G1 F1800 X105.522 Y112.31 E150.95922
G0 F7200 X104.957 Y112.31
G1 F1800 X104.658 Y112.012 E150.96187
;MESH:NONMESH
G0 F600 X104.658 Y112.012 Z3.4
G0 F7200 X100.88 Y110.88
G0 X100.76 Y110.76
;TIME_ELAPSED:550.549617
;LAYER:31
;TYPE:FILL
;MESH:xyzCalibration_cube.glb
G1 F3600 X119.24 Y129.24 E151.12574
G1 X119.31 Y129.31
G0 F7200 X119.12 Y129.12
G0 X117.73 Y129.09
G0 X117.73 Y129.24
G1 F3600 X119.24 Y127.73 E151.13913
G1 X119.31 Y127.66
G0 F7200 X119.09 Y127.66
G0 X119.09 Y123.583
G0 X119.24 Y123.583
G1 F3600 X107.692 Y112.035 E151.24153
G1 X107.622 Y111.965
G0 F7200 X107.692 Y110.993
G1 F3600 X107.926 Y110.76 E151.2436
G0 F7200 X107.926 Y110.91
G0 X106.034 Y112.651
G1 F3600 X100.761 Y117.925 E151.29036
G1 X100.691 Y117.995
G0 F7200 X100.91 Y117.995
G0 X100.91 Y116.417
G0 X100.76 Y116.417
G1 F3600 X113.583 Y129.24 E151.40407
G1 X113.653 Y129.31
G0 F7200 X113.653 Y129.09
G0 X112.073 Y129.09
G0 X112.073 Y129.24
G1 F3600 X119.24 Y122.073 E151.46762
G1 X119.31 Y122.003
G0 F7200 X119.09 Y122.003
G0 X119.09 Y117.926
G0 X119.24 Y117.926
G1 F3600 X113.966 Y112.652 E151.51438
G1 X113.896 Y112.582
G0 F7200 X111.69 Y112.652
G1 F3600 X100.761 Y123.582 E151.6113
G1 X100.691 Y123.652
G0 F7200 X100.91 Y123.652
G0 X100.91 Y122.074
G0 X100.76 Y122.074
G1 F3600 X107.926 Y129.24 E151.67484
G1 X107.996 Y129.31
G0 F7200 X107.996 Y129.09
G0 X106.416 Y129.09
G0 X106.416 Y129.24
G1 F3600 X117.294 Y118.362 E151.7713
G0 F7200 X117.592 Y118.064
G1 F3600 X119.24 Y116.416 E151.78592
G1 X119.31 Y116.346
G0 F7200 X119.09 Y116.346
G0 X119.09 Y112.269
G0 X119.24 Y112.269
G1 F3600 X117.731 Y110.76 E151.7993
G1 X117.661 Y110.69
G0 F7200 X117.661 Y110.91
G0 X119.12 Y110.88
G0 X119.239 Y110.76
G1 F3600 X100.761 Y129.239 E151.96315
G1 X100.691 Y129.309
G0 F7200 X100.88 Y129.12
G0 X100.91 Y127.73
G0 X100.76 Y127.73
G1 F3600 X102.27 Y129.24 E151.97654
G1 X102.34 Y129.31
G0 F7200 X102.34 Y129.09
G0 X100.91 Y112.268
G0 X100.761 Y112.268
G1 F3600 X102.269 Y110.76 E151.98992
G1 X102.339 Y110.69
G0 F7200 X102.339 Y110.91
G0 X119.12 Y129.12
G0 X119.4 Y129.4
;TYPE:WALL-INNER
G1 F3600 X119.4 Y110.6 E152.1078
G1 X100.6 Y110.6 E152.22567
G1 X100.6 Y129.4 E152.34355
G1 X119.4 Y129.4 E152.46143
G0 F7200 X119.8 Y129.8
;TYPE:WALL-OUTER
G1 F1800 X119.8 Y110.2 E152.58433
G1 X100.2 Y110.2 E152.70723
G1 X100.2 Y129.8 E152.83012
G1 X119.8 Y129.8 E152.95302
G0 F7200 X119.8 Y129.6
G0 X119.12 Y129.12
G0 X119.02 Y121.128
;TYPE:SKIN
G1 F1800 X117.432 Y121.128 E152.96297
G1 X117.432 Y118.204 E152.98131
G1 X119.02 Y118.204 E152.99126
G1 X119.02 Y121.128 E153.0096
G0 F7200 X118.357 Y120.928
G1 F1800 X118.819 Y120.466 E153.0137
G0 F7200 X118.819 Y119.9
G1 F1800 X117.791 Y120.928 E153.02281
G0 F7200 X117.632 Y120.521
G1 F1800 X118.819 Y119.334 E153.03334
G0 F7200 X118.819 Y118.768
G1 F1800 X117.632 Y119.956 E153.04387
G0 F7200 X117.632 Y119.39
G1 F1800 X118.618 Y118.404 E153.05261
G0 F7200 X118.052 Y118.404
G1 F1800 X117.632 Y118.824 E153.05633
G0 F7200 X114.888 Y112.511
G1 F1800 X111.625 Y112.512 E153.07679
G1 X111.628 Y110.98 E153.0864
G1 X114.891 Y110.981 E153.10686
G1 X114.888 Y112.511 E153.11645
G0 F7200 X114.528 Y112.312
G1 F1800 X114.688 Y112.151 E153.11788
G0 F7200 X114.689 Y111.585
G1 F1800 X113.962 Y112.312 E153.12432
G0 F7200 X113.397 Y112.312
G1 F1800 X114.528 Y111.181 E153.13435
G0 F7200 X113.962 Y111.181
G1 F1800 X112.831 Y112.312 E153.14438
G0 F7200 X112.265 Y112.312
G1 F1800 X113.397 Y111.181 E153.15441
G0 F7200 X112.832 Y111.18
G1 F1800 X111.826 Y112.185 E153.16333
G0 F7200 X111.827 Y111.619
G1 F1800 X112.266 Y111.18 E153.16722
G0 F7200 X107.552 Y112.508
G1 F1800 X104.46 Y112.511 E153.18661
G1 X104.457 Y110.98 E153.19621
G1 X107.552 Y110.98 E153.21562
G1 X107.552 Y112.508 E153.2252
G0 F7200 X107.178 Y112.308
G1 F1800 X107.352 Y112.134 E153.22674
G0 F7200 X107.352 Y111.569
G1 F1800 X106.611 Y112.309 E153.23331
G0 F7200 X106.045 Y112.31
G1 F1800 X107.175 Y111.18 E153.24333
G0 F7200 X106.609 Y111.18
G1 F1800 X105.478 Y112.31 E153.25335
G0 F7200 X104.912 Y112.311
G1 F1800 X106.043 Y111.18 E153.26338
G0 F7200 X105.478 Y111.18
G1 F1800 X104.659 Y111.999 E153.27064
G0 F7200 X104.658 Y111.434
G1 F1800 X104.912 Y111.18 E153.27289
G0 F7200 X104.912 Y111.21
;MESH:NONMESH
G0 F600 X104.912 Y111.21 Z3.5
G0 F7200 X100.88 Y110.88
G0 X100.76 Y110.76
;TIME_ELAPSED:561.010994
;LAYER:32
;TYPE:FILL
;MESH:xyzCalibration_cube.glb
G1 F3600 X119.24 Y129.24 E153.43676
G1 X119.31 Y129.31
G0 F7200 X119.12 Y129.12
G0 X117.73 Y129.09
G0 X117.73 Y129.24
G1 F3600 X119.24 Y127.73 E153.45015
G1 X119.31 Y127.66
G0 F7200 X119.09 Y127.66
G0 X119.09 Y123.583
G0 X119.24 Y123.583
G1 F3600 X107.751 Y112.094 E153.55203
G1 X107.681 Y112.024
G0 F7200 X107.751 Y110.934
G1 F3600 X107.926 Y110.76 E153.55358
G0 F7200 X107.926 Y110.91
G0 X106.034 Y112.651
G1 F3600 X100.761 Y117.925 E153.60034
G1 X100.691 Y117.995
G0 F7200 X100.91 Y117.995
G0 X100.91 Y116.417
G0 X100.76 Y116.417
G1 F3600 X113.583 Y129.24 E153.71405
G1 X113.653 Y129.31
G0 F7200 X113.653 Y129.09
G0 X112.073 Y129.09
G0 X112.073 Y129.24
G1 F3600 X119.24 Y122.073 E153.7776
G1 X119.31 Y122.003
G0 F7200 X119.09 Y122.003
G0 X119.09 Y117.926
G0 X119.24 Y117.926
G1 F3600 X113.966 Y112.652 E153.82437
G1 X113.896 Y112.582
G0 F7200 X111.69 Y112.652
G1 F3600 X100.761 Y123.582 E153.92128
G1 X100.691 Y123.652
G0 F7200 X100.91 Y123.652
G0 X100.91 Y122.074
G0 X100.76 Y122.074
G1 F3600 X107.926 Y129.24 E153.98483
G1 X107.996 Y129.31
G0 F7200 X107.996 Y129.09
G0 X106.416 Y129.09
G0 X106.416 Y129.24
G1 F3600 X117.294 Y118.362 E154.08128
G0 F7200 X117.592 Y118.064
G1 F3600 X119.24 Y116.416 E154.0959
G1 X119.31 Y116.346
G0 F7200 X119.09 Y116.346
G0 X119.09 Y112.269
G0 X119.24 Y112.269
G1 F3600 X117.731 Y110.76 E154.10928
G1 X117.661 Y110.69
G0 F7200 X117.661 Y110.91
G0 X119.12 Y110.88
G0 X119.239 Y110.76
G1 F3600 X100.761 Y129.239 E154.27314
G1 X100.691 Y129.309
G0 F7200 X100.88 Y129.12
G0 X100.91 Y127.73
G0 X100.76 Y127.73
G1 F3600 X102.27 Y129.24 E154.28652
G1 X102.34 Y129.31
G0 F7200 X102.34 Y129.09
G0 X100.91 Y112.268
G0 X100.761 Y112.268
G1 F3600 X102.269 Y110.76 E154.2999
G1 X102.339 Y110.69
G0 F7200 X102.339 Y110.91
G0 X119.12 Y129.12
G0 X119.4 Y129.4
;TYPE:WALL-INNER
G1 F3600 X119.4 Y110.6 E154.41778
G1 X100.6 Y110.6 E154.53566
G1 X100.6 Y129.4 E154.65354
G1 X119.4 Y129.4 E154.77141
G0 F7200 X119.8 Y129.8
;TYPE:WALL-OUTER
G1 F1800 X119.8 Y110.2 E154.89431
G1 X100.2 Y110.2 E155.01721
G1 X100.2 Y129.8 E155.1401
G1 X119.8 Y129.8 E155.263
G0 F7200 X119.8 Y129.6
G0 X119.12 Y129.12
G0 X119.02 Y121.128
;TYPE:SKIN
G1 F1800 X117.433 Y121.128 E155.27295
G1 X117.436 Y118.2 E155.29131
G1 X119.02 Y118.2 E155.30124
G1 X119.02 Y121.128 E155.3196
G0 F7200 X118.1 Y120.928
G1 F1800 X117.633 Y120.461 E155.32374
G0 F7200 X117.634 Y119.897
G1 F1800 X118.665 Y120.928 E155.33288
G0 F7200 X118.82 Y120.517
G1 F1800 X117.635 Y119.332 E155.34339
G0 F7200 X117.636 Y118.767
G1 F1800 X118.82 Y119.951 E155.35389
G0 F7200 X118.82 Y119.386
G1 F1800 X117.834 Y118.4 E155.36263
G0 F7200 X118.4 Y118.4
G1 F1800 X118.82 Y118.82 E155.36636
G0 F7200 X114.888 Y112.511
G1 F1800 X111.564 Y112.512 E155.3872
G1 X111.564 Y110.98 E155.3968
G1 X114.891 Y110.981 E155.41767
G1 X114.888 Y112.511 E155.42726
G0 F7200 X114.69 Y111.296
G1 F1800 X114.575 Y111.181 E155.42828
G0 F7200 X114.01 Y111.181
G1 F1800 X114.689 Y111.861 E155.4343
G0 F7200 X114.574 Y112.311
G1 F1800 X113.444 Y111.181 E155.44432
G0 F7200 X112.878 Y111.181
G1 F1800 X114.008 Y112.311 E155.45434
G0 F7200 X113.443 Y112.311
G1 F1800 X112.312 Y111.181 E155.46437
G0 F7200 X111.764 Y111.198
G1 F1800 X112.877 Y112.311 E155.47424
G0 F7200 X112.311 Y112.311
G1 F1800 X111.764 Y111.764 E155.47909
G0 F7200 X107.608 Y112.508
G1 F1800 X104.46 Y112.511 E155.49883
G1 X104.457 Y110.98 E155.50843
G1 X107.608 Y110.98 E155.52818
G1 X107.608 Y112.508 E155.53776
G0 F7200 X107.408 Y111.368
G1 F1800 X107.22 Y111.18 E155.53943
G0 F7200 X106.654 Y111.18
G1 F1800 X107.408 Y111.934 E155.54612
G0 F7200 X107.217 Y112.308
G1 F1800 X106.089 Y111.18 E155.55612
G0 F7200 X105.523 Y111.18
G1 F1800 X106.652 Y112.309 E155.56613
G0 F7200 X106.087 Y112.309
G1 F1800 X104.957 Y111.18 E155.57615
G0 F7200 X104.657 Y111.446
G1 F1800 X105.522 Y112.31 E155.58381
G0 F7200 X104.957 Y112.31
G1 F1800 X104.658 Y112.012 E155.58646
;MESH:NONMESH
G0 F600 X104.658 Y112.012 Z3.6
G0 F7200 X100.88 Y110.88
G0 X100.76 Y110.76
;TIME_ELAPSED:571.504385
;LAYER:33
;TYPE:FILL
;MESH:xyzCalibration_cube.glb
G1 F3600 X119.24 Y129.24 E155.75033
G1 X119.31 Y129.31
G0 F7200 X119.12 Y129.12
G0 X117.73 Y129.09
G0 X117.73 Y129.24
G1 F3600 X119.24 Y127.73 E155.76372
G1 X119.31 Y127.66
G0 F7200 X119.09 Y127.66
G0 X119.09 Y123.583
G0 X119.24 Y123.583
G1 F3600 X107.81 Y112.153 E155.86507
G1 X107.74 Y112.083
G0 F7200 X107.81 Y110.91
G0 X107.81 Y110.876
G1 F3600 X107.926 Y110.76 E155.8661
G0 F7200 X107.926 Y110.91
G0 X106.034 Y112.651
G1 F3600 X100.761 Y117.925 E155.91286
G1 X100.691 Y117.995
G0 F7200 X100.91 Y117.995
G0 X100.91 Y116.417
G0 X100.76 Y116.417
G1 F3600 X113.583 Y129.24 E156.02657
G1 X113.653 Y129.31
G0 F7200 X113.653 Y129.09
G0 X112.073 Y129.09
G0 X112.073 Y129.24
G1 F3600 X119.24 Y122.073 E156.09012
G1 X119.31 Y122.003
G0 F7200 X119.09 Y122.003
G0 X119.09 Y117.926
G0 X119.24 Y117.926
G1 F3600 X113.966 Y112.652 E156.13689
G1 X113.896 Y112.582
G0 F7200 X111.69 Y112.652
G1 F3600 X100.761 Y123.582 E156.23381
G1 X100.691 Y123.652
G0 F7200 X100.91 Y123.652
G0 X100.91 Y122.074
G0 X100.76 Y122.074
G1 F3600 X107.926 Y129.24 E156.29735
G1 X107.996 Y129.31
G0 F7200 X107.996 Y129.09
G0 X106.416 Y129.09
G0 X106.416 Y129.24
G1 F3600 X117.295 Y118.361 E156.39382
G0 F7200 X117.594 Y118.062
G1 F3600 X119.24 Y116.416 E156.40841
G1 X119.31 Y116.346
G0 F7200 X119.09 Y116.346
G0 X119.09 Y112.269
G0 X119.24 Y112.269
G1 F3600 X117.731 Y110.76 E156.42179
G1 X117.661 Y110.69
G0 F7200 X117.661 Y110.91
G0 X119.12 Y110.88
G0 X119.239 Y110.76
G1 F3600 X100.761 Y129.239 E156.58565
G1 X100.691 Y129.309
G0 F7200 X100.88 Y129.12
G0 X100.91 Y127.73
G0 X100.76 Y127.73
G1 F3600 X102.27 Y129.24 E156.59904
G1 X102.34 Y129.31
G0 F7200 X102.34 Y129.09
G0 X100.91 Y112.268
G0 X100.761 Y112.268
G1 F3600 X102.269 Y110.76 E156.61241
G1 X102.339 Y110.69
G0 F7200 X102.339 Y110.91
G0 X119.12 Y129.12
G0 X119.4 Y129.4
;TYPE:WALL-INNER
G1 F3600 X119.4 Y110.6 E156.73029
G1 X100.6 Y110.6 E156.84817
G1 X100.6 Y129.4 E156.96605
G1 X119.4 Y129.4 E157.08393
G0 F7200 X119.8 Y129.8
;TYPE:WALL-OUTER
G1 F1800 X119.8 Y110.2 E157.20683
G1 X100.2 Y110.2 E157.32972
G1 X100.2 Y129.8 E157.45262
G1 X119.8 Y129.8 E157.57551
G0 F7200 X119.8 Y129.6
G0 X119.12 Y129.12
G0 X119.02 Y121.128
;TYPE:SKIN
G1 F1800 X117.433 Y121.128 E157.58546
G1 X117.436 Y118.2 E157.60382
G1 X119.02 Y118.2 E157.61375
G1 X119.02 Y121.128 E157.63211
G0 F7200 X118.357 Y120.928
G1 F1800 X118.819 Y120.466 E157.63621
G0 F7200 X118.819 Y119.9
G1 F1800 X117.791 Y120.928 E157.64533
G0 F7200 X117.634 Y120.52
G1 F1800 X118.819 Y119.334 E157.65584
G0 F7200 X118.819 Y118.768
G1 F1800 X117.634 Y119.954 E157.66635
G0 F7200 X117.636 Y119.386
G1 F1800 X118.622 Y118.4 E157.67509
G0 F7200 X118.056 Y118.4
G1 F1800 X117.636 Y118.82 E157.67882
G0 F7200 X114.888 Y112.511
G1 F1800 X111.505 Y112.512 E157.70003
G1 X111.508 Y110.98 E157.70964
G1 X114.891 Y110.981 E157.73085
G1 X114.888 Y112.511 E157.74044
G0 F7200 X114.528 Y112.312
G1 F1800 X114.688 Y112.151 E157.74186
G0 F7200 X114.689 Y111.585
G1 F1800 X113.962 Y112.312 E157.74831
G0 F7200 X113.397 Y112.312
G1 F1800 X114.528 Y111.181 E157.75834
G0 F7200 X113.962 Y111.181
G1 F1800 X112.831 Y112.312 E157.76837
G0 F7200 X112.265 Y112.312
G1 F1800 X113.397 Y111.181 E157.7784
G0 F7200 X112.831 Y111.181
G1 F1800 X111.706 Y112.306 E157.78838
G0 F7200 X111.707 Y111.738
G1 F1800 X112.265 Y111.181 E157.79332
G0 F7200 X107.668 Y112.508
G1 F1800 X104.46 Y112.511 E157.81344
G1 X104.457 Y110.98 E157.82304
G1 X107.668 Y110.98 E157.84317
G1 X107.668 Y112.508 E157.85275
G0 F7200 X107.178 Y112.308
G1 F1800 X107.468 Y112.018 E157.85532
G0 F7200 X107.468 Y111.453
G1 F1800 X106.611 Y112.309 E157.86292
G0 F7200 X106.045 Y112.31
G1 F1800 X107.175 Y111.18 E157.87294
G0 F7200 X106.609 Y111.18
G1 F1800 X105.478 Y112.31 E157.88296
G0 F7200 X104.912 Y112.311
G1 F1800 X106.043 Y111.18 E157.89299
G0 F7200 X105.478 Y111.18
G1 F1800 X104.659 Y111.999 E157.90025
G0 F7200 X104.658 Y111.434
G1 F1800 X104.912 Y111.18 E157.90251
G0 F7200 X104.912 Y111.21
;MESH:NONMESH
G0 F600 X104.912 Y111.21 Z3.7
G0 F7200 X100.88 Y110.88
G0 X100.76 Y110.76
;TIME_ELAPSED:582.000909
;LAYER:34
;TYPE:FILL
;MESH:xyzCalibration_cube.glb
G1 F3600 X119.24 Y129.24 E158.06637
G1 X119.31 Y129.31
G0 F7200 X119.12 Y129.12
G0 X117.73 Y129.09
G0 X117.73 Y129.24
G1 F3600 X119.24 Y127.73 E158.07976
G1 X119.31 Y127.66
G0 F7200 X119.09 Y127.66
G0 X119.09 Y123.583
G0 X119.24 Y123.583
G1 F3600 X107.869 Y112.212 E158.1806
G1 X107.799 Y112.142
G0 F7200 X107.869 Y110.91
G0 X107.869 Y110.816
G1 F3600 X107.926 Y110.76 E158.1811
G0 F7200 X107.926 Y110.91
G0 X106.034 Y112.651
G1 F3600 X100.761 Y117.925 E158.22786
G1 X100.691 Y117.995
G0 F7200 X100.91 Y117.995
G0 X100.91 Y116.417
G0 X100.76 Y116.417
G1 F3600 X113.583 Y129.24 E158.34156
G1 X113.653 Y129.31
G0 F7200 X113.653 Y129.09
G0 X112.073 Y129.09
G0 X112.073 Y129.24
G1 F3600 X119.24 Y122.073 E158.40512
G1 X119.31 Y122.003
G0 F7200 X119.09 Y122.003
G0 X119.09 Y117.926
G0 X119.24 Y117.926
G1 F3600 X113.966 Y112.652 E158.45188
G1 X113.896 Y112.582
G0 F7200 X111.69 Y112.652
G1 F3600 X100.761 Y123.582 E158.5488
G1 X100.691 Y123.652
G0 F7200 X100.91 Y123.652
G0 X100.91 Y122.074
G0 X100.76 Y122.074
G1 F3600 X107.926 Y129.24 E158.61234
G1 X107.996 Y129.31
G0 F7200 X107.996 Y129.09
G0 X106.416 Y129.09
G0 X106.416 Y129.24
G1 F3600 X117.296 Y118.36 E158.70882
G0 F7200 X117.595 Y118.061
G1 F3600 X119.24 Y116.416 E158.72341
G1 X119.31 Y116.346
G0 F7200 X119.09 Y116.346
G0 X119.09 Y112.269
G0 X119.24 Y112.269
G1 F3600 X117.731 Y110.76 E158.73679
G1 X117.661 Y110.69
G0 F7200 X117.661 Y110.91
G0 X119.12 Y110.88
G0 X119.239 Y110.76
G1 F3600 X100.761 Y129.239 E158.90064
G1 X100.691 Y129.309
G0 F7200 X100.88 Y129.12
G0 X100.91 Y127.73
G0 X100.76 Y127.73
G1 F3600 X102.27 Y129.24 E158.91403
G1 X102.34 Y129.31
G0 F7200 X102.34 Y129.09
G0 X100.91 Y112.268
G0 X100.761 Y112.268
G1 F3600 X102.269 Y110.76 E158.92741
G1 X102.339 Y110.69
G0 F7200 X102.339 Y110.91
G0 X119.12 Y129.12
G0 X119.4 Y129.4
;TYPE:WALL-INNER
G1 F3600 X119.4 Y110.6 E159.04529
G1 X100.6 Y110.6 E159.16317
G1 X100.6 Y129.4 E159.28104
G1 X119.4 Y129.4 E159.39892
G0 F7200 X119.8 Y129.8
;TYPE:WALL-OUTER
G1 F1800 X119.8 Y110.2 E159.52182
G1 X100.2 Y110.2 E159.64472
G1 X100.2 Y129.8 E159.76761
G1 X119.8 Y129.8 E159.89051
G0 F7200 X119.8 Y129.6
G0 X119.12 Y129.12
G0 X119.02 Y121.128
;TYPE:SKIN
G1 F1800 X117.433 Y121.128 E159.90046
G1 X117.436 Y118.2 E159.91882
G1 X119.02 Y118.2 E159.92875
G1 X119.02 Y121.128 E159.94711
G0 F7200 X118.1 Y120.928
G1 F1800 X117.633 Y120.461 E159.95125
G0 F7200 X117.634 Y119.897
G1 F1800 X118.665 Y120.928 E159.96039
G0 F7200 X118.82 Y120.517
G1 F1800 X117.635 Y119.332 E159.9709
G0 F7200 X117.636 Y118.767
G1 F1800 X118.82 Y119.951 E159.9814
G0 F7200 X118.82 Y119.386
G1 F1800 X117.834 Y118.4 E159.99014
G0 F7200 X118.4 Y118.4
G1 F1800 X118.82 Y118.82 E159.99387
G0 F7200 X114.888 Y112.511
G1 F1800 X111.441 Y112.512 E160.01548
G1 X111.444 Y110.98 E160.02508
G1 X114.891 Y110.981 E160.0467
G1 X114.888 Y112.511 E160.05629
G0 F7200 X114.69 Y111.296
G1 F1800 X114.575 Y111.181 E160.05731
G0 F7200 X114.01 Y111.181
G1 F1800 X114.689 Y111.861 E160.06334
G0 F7200 X114.574 Y112.311
G1 F1800 X113.444 Y111.181 E160.07336
G0 F7200 X112.878 Y111.181
G1 F1800 X114.008 Y112.311 E160.08338
G0 F7200 X113.443 Y112.311
G1 F1800 X112.312 Y111.181 E160.0934
G0 F7200 X111.746 Y111.181
G1 F1800 X112.877 Y112.311 E160.10343
G0 F7200 X112.311 Y112.311
G1 F1800 X111.642 Y111.642 E160.10936
G0 F7200 X111.642 Y112.207
G1 F1800 X111.745 Y112.311 E160.11028
G0 F7200 X107.728 Y112.508
G1 F1800 X104.46 Y112.511 E160.13077
G1 X104.457 Y110.98 E160.14037
G1 X107.728 Y110.98 E160.16088
G1 X107.728 Y112.508 E160.17046
G0 F7200 X107.528 Y111.488
G1 F1800 X107.22 Y111.18 E160.17319
G0 F7200 X106.654 Y111.18
G1 F1800 X107.528 Y112.054 E160.18094
G0 F7200 X107.217 Y112.308
G1 F1800 X106.089 Y111.18 E160.19094
G0 F7200 X105.523 Y111.18
G1 F1800 X106.652 Y112.309 E160.20095
G0 F7200 X106.087 Y112.31
G1 F1800 X104.957 Y111.18 E160.21097
G0 F7200 X104.657 Y111.446
G1 F1800 X105.522 Y112.31 E160.21864
G0 F7200 X104.957 Y112.31
G1 F1800 X104.658 Y112.012 E160.22129
;MESH:NONMESH
G0 F600 X104.658 Y112.012 Z3.8
G0 F7200 X100.88 Y110.88
G0 X100.761 Y110.761
;TIME_ELAPSED:592.548353
;LAYER:35
;TYPE:FILL
;MESH:xyzCalibration_cube.glb
G1 F3600 X119.24 Y129.24 E160.38515
G1 X119.31 Y129.31
G0 F7200 X119.12 Y129.12
G0 X117.73 Y129.09
G0 X117.73 Y129.24
G1 F3600 X119.24 Y127.73 E160.39854
G1 X119.31 Y127.66
G0 F7200 X119.09 Y127.66
G0 X119.09 Y123.583
G0 X119.24 Y123.583
G1 F3600 X107.452 Y111.795 E160.50306
G0 F7200 X107.452 Y111.234
G1 F3600 X107.926 Y110.76 E160.50727
G0 F7200 X107.926 Y110.91
G0 X107.533 Y112.728
G0 X106.038 Y112.802
G0 X106.038 Y112.648
G1 F3600 X100.761 Y117.924 E160.55406
G1 X100.691 Y117.994
G0 F7200 X100.91 Y117.994
G0 X100.91 Y116.417
G0 X100.761 Y116.417
G1 F3600 X113.583 Y129.24 E160.66776
G1 X113.653 Y129.31
G0 F7200 X113.653 Y129.09
G0 X112.073 Y129.09
G0 X112.073 Y129.24
G1 F3600 X119.24 Y122.073 E160.73131
G1 X119.31 Y122.003
G0 F7200 X119.09 Y122.003
G0 X117.216 Y121.348
G0 X117.217 Y117.991
G0 X119.09 Y117.926
G0 X119.24 Y117.926
G1 F3600 X113.962 Y112.648 E160.77811
G1 X113.892 Y112.578
G0 F7200 X113.892 Y112.802
G0 X111.652 Y112.73
G0 X111.947 Y112.395
G1 F3600 X100.761 Y123.581 E160.8773
G1 X100.691 Y123.651
G0 F7200 X100.91 Y123.651
G0 X100.91 Y122.074
G0 X100.761 Y122.074
G1 F3600 X107.926 Y129.24 E160.94084
G1 X107.996 Y129.31
G0 F7200 X107.996 Y129.09
G0 X106.416 Y129.09
G0 X106.416 Y129.24
G1 F3600 X119.24 Y116.416 E161.05456
G1 X119.31 Y116.346
G0 F7200 X119.09 Y116.346
G0 X119.09 Y112.269
G0 X119.24 Y112.269
G1 F3600 X117.731 Y110.76 E161.06794
G1 X117.661 Y110.69
G0 F7200 X117.661 Y110.91
G0 X119.12 Y110.88
G0 X119.239 Y110.76
G1 F3600 X100.761 Y129.238 E161.23179
G1 X100.691 Y129.308
G0 F7200 X100.88 Y129.12
G0 X100.91 Y127.731
G0 X100.761 Y127.731
G1 F3600 X102.27 Y129.24 E161.24517
G1 X102.34 Y129.31
G0 F7200 X102.34 Y129.09
G0 X100.91 Y112.267
G0 X100.761 Y112.267
G1 F3600 X102.268 Y110.76 E161.25853
G1 X102.338 Y110.69
G0 F7200 X102.338 Y110.91
G0 X104.243 Y112.731
G0 X117.216 Y121.348
G0 X117.92 Y121.108
;TYPE:WALL-INNER
G1 F3600 X117.67 Y120.971 E161.26032
G1 X117.556 Y120.847 E161.26138
G1 X117.452 Y120.616 E161.26297
G1 X117.454 Y118.769 E161.27455
G1 X117.495 Y118.602 E161.27563
G1 X117.629 Y118.401 E161.27714
G1 X117.913 Y118.228 E161.27922
G1 X119.4 Y118.228 E161.28855
G1 X119.4 Y110.6 E161.33638
G1 X114.871 Y110.6 E161.36478
G1 X114.868 Y111.894 E161.37289
G1 X114.828 Y112.11 E161.37427
G1 X114.649 Y112.356 E161.37617
G1 X114.331 Y112.489 E161.37834
G1 X112.415 Y112.488 E161.39035
G1 X112.122 Y112.369 E161.39233
G1 X111.938 Y112.134 E161.3942
G1 X111.888 Y111.89 E161.39576
G1 X111.89 Y110.6 E161.40385
G1 X107.292 Y110.6 E161.43268
G1 X107.292 Y111.888 E161.44076
G1 X107.241 Y112.131 E161.44232
G1 X107.113 Y112.317 E161.44373
G1 X106.974 Y112.419 E161.44481
G1 X106.751 Y112.486 E161.44627
G1 X105.002 Y112.492 E161.45724
G1 X104.706 Y112.362 E161.45927
G1 X104.585 Y112.232 E161.46038
G1 X104.48 Y112.007 E161.46194
G1 X104.477 Y110.6 E161.47076
G1 X100.601 Y110.601 E161.49506
G1 X100.6 Y129.4 E161.61294
G1 X119.4 Y129.4 E161.73082
G1 X119.4 Y121.108 E161.78281
G1 X117.92 Y121.108 E161.79209
G0 F7200 X118.004 Y120.708
;TYPE:WALL-OUTER
G1 F1800 X117.903 Y120.643 E161.79284
G1 X117.857 Y120.557 E161.79345
G1 X117.852 Y118.808 E161.80442
G1 X117.911 Y118.685 E161.80527
G1 X118.005 Y118.628 E161.80596
G1 X119.8 Y118.628 E161.81722
G1 X119.8 Y110.2 E161.87006
G1 X114.472 Y110.2 E161.90347
G1 X114.468 Y111.893 E161.91409
G1 X114.429 Y112.012 E161.91487
G1 X114.312 Y112.088 E161.91575
G1 X112.463 Y112.091 E161.92734
G1 X112.347 Y112.035 E161.92815
G1 X112.288 Y111.95 E161.9288
G1 X112.291 Y110.2 E161.93977
G1 X106.892 Y110.2 E161.97362
G1 X106.892 Y111.888 E161.98421
G1 X106.833 Y112.031 E161.98518
G1 X106.712 Y112.088 E161.98602
G1 X105.042 Y112.089 E161.99649
G1 X104.955 Y112.049 E161.99709
G1 X104.88 Y111.931 E161.99796
G1 X104.876 Y110.2 E162.00882
G1 X100.201 Y110.201 E162.03813
G1 X100.2 Y129.8 E162.16102
G1 X119.8 Y129.8 E162.28392
G1 X119.8 Y120.708 E162.34092
G1 X118.004 Y120.708 E162.35219
G0 F7200 X117.903 Y120.643
G0 X117.866 Y120.573
G0 X116.845 Y120.572
;MESH:NONMESH
G0 F600 X116.845 Y120.572 Z3.9
G0 F7200 X100.88 Y110.88
G0 X100.761 Y110.761
;TIME_ELAPSED:601.439738
;LAYER:36
;TYPE:FILL
;MESH:xyzCalibration_cube.glb
G1 F3600 X119.24 Y129.24 E162.51605
G1 X119.31 Y129.31
G0 F7200 X119.12 Y129.12
G0 X117.73 Y129.09
G0 X117.73 Y129.24
G1 F3600 X119.24 Y127.73 E162.52944
G1 X119.31 Y127.66
G0 F7200 X119.09 Y127.66
G0 X119.09 Y123.583
G0 X119.24 Y123.583
G1 F3600 X107.512 Y111.855 E162.63343
G0 F7200 X107.512 Y111.173
G1 F3600 X107.925 Y110.76 E162.63709
G0 F7200 X107.925 Y110.91
G0 X107.592 Y112.728
G0 X106.036 Y112.802
G0 X106.036 Y112.65
G1 F3600 X100.761 Y117.924 E162.68387
G1 X100.691 Y117.994
G0 F7200 X100.91 Y117.994
G0 X100.91 Y116.417
G0 X100.761 Y116.417
G1 F3600 X113.583 Y129.24 E162.79757
G1 X113.653 Y129.31
G0 F7200 X113.653 Y129.09
G0 X112.073 Y129.09
G0 X112.073 Y129.24
G1 F3600 X119.24 Y122.073 E162.86112
G1 X119.31 Y122.003
G0 F7200 X119.09 Y122.003
G0 X117.216 Y121.347
G0 X117.217 Y117.99
G0 X119.09 Y117.926
G0 X119.24 Y117.926
G1 F3600 X113.962 Y112.648 E162.90792
G1 X113.892 Y112.578
G0 F7200 X113.892 Y112.802
G0 X111.907 Y112.802
G0 X111.907 Y112.435
G1 F3600 X100.761 Y123.581 E163.00676
G1 X100.691 Y123.651
G0 F7200 X100.91 Y123.651
G0 X100.91 Y122.074
G0 X100.761 Y122.074
G1 F3600 X107.926 Y129.24 E163.0703
G1 X107.996 Y129.31
G0 F7200 X107.996 Y129.09
G0 X106.416 Y129.09
G0 X106.416 Y129.24
G1 F3600 X119.24 Y116.416 E163.18401
G1 X119.31 Y116.346
G0 F7200 X119.09 Y116.346
G0 X119.09 Y112.269
G0 X119.24 Y112.269
G1 F3600 X117.731 Y110.76 E163.19739
G1 X117.661 Y110.69
G0 F7200 X117.661 Y110.91
G0 X119.12 Y110.88
G0 X119.239 Y110.76
G1 F3600 X100.761 Y129.238 E163.36124
G1 X100.691 Y129.308
G0 F7200 X100.88 Y129.12
G0 X100.91 Y127.731
G0 X100.761 Y127.731
G1 F3600 X102.27 Y129.24 E163.37463
G1 X102.34 Y129.31
G0 F7200 X102.34 Y129.09
G0 X100.91 Y112.267
G0 X100.761 Y112.267
G1 F3600 X102.268 Y110.76 E163.38799
G1 X102.338 Y110.69
G0 F7200 X102.338 Y110.91
G0 X104.299 Y112.731
G0 X117.216 Y121.347
G0 X117.92 Y121.108
;TYPE:WALL-INNER
G1 F3600 X117.67 Y120.971 E163.38978
G1 X117.556 Y120.847 E163.39083
G1 X117.452 Y120.616 E163.39242
G1 X117.454 Y118.772 E163.40398
G1 X117.579 Y118.457 E163.40611
G1 X117.746 Y118.311 E163.4075
G1 X118.052 Y118.228 E163.40949
G1 X119.4 Y118.228 E163.41794
G1 X119.4 Y110.6 E163.46577
G1 X114.808 Y110.6 E163.49456
G1 X114.808 Y111.892 E163.50266
G1 X114.766 Y112.114 E163.50408
G1 X114.691 Y112.25 E163.50505
G1 X114.485 Y112.425 E163.50675
G1 X114.272 Y112.489 E163.50814
G1 X112.359 Y112.489 E163.52014
G1 X112.064 Y112.37 E163.52213
G1 X111.874 Y112.123 E163.52408
G1 X111.828 Y111.89 E163.52557
G1 X111.83 Y110.6 E163.53366
G1 X107.352 Y110.6 E163.56174
G1 X107.352 Y111.888 E163.56982
G1 X107.306 Y112.12 E163.5713
G1 X107.173 Y112.316 E163.57278
G1 X106.974 Y112.446 E163.57427
G1 X106.835 Y112.483 E163.57518
G1 X105.07 Y112.492 E163.58624
G1 X104.831 Y112.41 E163.58783
G1 X104.626 Y112.209 E163.58963
G1 X104.536 Y112.008 E163.59101
G1 X104.533 Y110.6 E163.59984
G1 X100.601 Y110.601 E163.62449
G1 X100.6 Y129.4 E163.74237
G1 X119.4 Y129.4 E163.86024
G1 X119.4 Y121.108 E163.91224
G1 X117.92 Y121.108 E163.92152
G0 F7200 X118.004 Y120.708
;TYPE:WALL-OUTER
G1 F1800 X117.903 Y120.643 E163.92227
G1 X117.857 Y120.557 E163.92288
G1 X117.852 Y118.809 E163.93384
G1 X117.894 Y118.704 E163.93455
G1 X118.003 Y118.628 E163.93538
G1 X119.8 Y118.628 E163.94665
G1 X119.8 Y110.2 E163.9995
G1 X114.408 Y110.2 E164.03331
G1 X114.408 Y111.892 E164.04391
G1 X114.369 Y112.012 E164.04471
G1 X114.253 Y112.088 E164.04558
G1 X112.386 Y112.088 E164.05728
G1 X112.228 Y111.949 E164.0586
G1 X112.231 Y110.2 E164.06957
G1 X106.952 Y110.2 E164.10267
G1 X106.952 Y111.944 E164.1136
G1 X106.893 Y112.031 E164.11426
G1 X106.78 Y112.087 E164.11505
G1 X105.053 Y112.09 E164.12588
G1 X104.936 Y111.933 E164.12711
G1 X104.932 Y110.2 E164.13798
G1 X100.201 Y110.201 E164.16764
G1 X100.2 Y129.8 E164.29053
G1 X119.8 Y129.8 E164.41343
G1 X119.8 Y120.708 E164.47043
G1 X118.004 Y120.708 E164.48169
G0 F7200 X117.903 Y120.643
G0 X117.866 Y120.573
G0 X116.845 Y120.572
;MESH:NONMESH
G0 F600 X116.845 Y120.572 Z4
G0 F7200 X100.88 Y110.88
G0 X100.76 Y110.76
;TIME_ELAPSED:610.321924
;LAYER:37
;TYPE:FILL
;MESH:xyzCalibration_cube.glb
G1 F3600 X119.24 Y129.24 E164.64556
G1 X119.31 Y129.31
G0 F7200 X119.12 Y129.12
G0 X117.73 Y129.09
G0 X117.73 Y129.24
G1 F3600 X119.24 Y127.73 E164.65895
G1 X119.31 Y127.66
G0 F7200 X119.09 Y127.66
G0 X119.09 Y123.583
G0 X119.24 Y123.583
G1 F3600 X107.567 Y111.91 E164.76246
G0 F7200 X107.572 Y111.113
G1 F3600 X107.926 Y110.76 E164.7656
G0 F7200 X107.926 Y110.91
G0 X107.651 Y112.729
G0 X106.036 Y112.802
G0 X106.036 Y112.649
G1 F3600 X100.761 Y117.925 E164.81238
G1 X100.691 Y117.995
G0 F7200 X100.91 Y117.995
G0 X100.91 Y116.417
G0 X100.76 Y116.417
G1 F3600 X113.583 Y129.24 E164.92608
G1 X113.653 Y129.31
G0 F7200 X113.653 Y129.09
G0 X112.073 Y129.09
G0 X112.073 Y129.24
G1 F3600 X119.24 Y122.073 E164.98964
G1 X119.31 Y122.003
G0 F7200 X119.09 Y122.003
G0 X117.216 Y121.346
G0 X117.217 Y117.989
G0 X119.09 Y117.926
G0 X119.24 Y117.926
G1 F3600 X113.966 Y112.652 E165.0364
G1 X113.896 Y112.582
G0 F7200 X113.896 Y112.802
G0 X111.888 Y112.802
G0 X111.888 Y112.454
G1 F3600 X100.761 Y123.582 E165.13507
G1 X100.691 Y123.652
G0 F7200 X100.91 Y123.652
G0 X100.91 Y122.074
G0 X100.76 Y122.074
G1 F3600 X107.926 Y129.24 E165.19862
G1 X107.996 Y129.31
G0 F7200 X107.996 Y129.09
G0 X106.416 Y129.09
G0 X106.416 Y129.24
G1 F3600 X119.24 Y116.416 E165.31233
G1 X119.31 Y116.346
G0 F7200 X119.09 Y116.346
G0 X119.09 Y112.269
G0 X119.24 Y112.269
G1 F3600 X117.731 Y110.76 E165.32571
G1 X117.661 Y110.69
G0 F7200 X117.661 Y110.91
G0 X119.12 Y110.88
G0 X119.239 Y110.76
G1 F3600 X100.761 Y129.239 E165.48957
G1 X100.691 Y129.309
G0 F7200 X100.88 Y129.12
G0 X100.91 Y127.73
G0 X100.76 Y127.73
G1 F3600 X102.27 Y129.24 E165.50296
G1 X102.34 Y129.31
G0 F7200 X102.34 Y129.09
G0 X100.91 Y112.268
G0 X100.761 Y112.268
G1 F3600 X102.269 Y110.76 E165.51633
G1 X102.339 Y110.69
G0 F7200 X102.339 Y110.91
G0 X104.354 Y112.73
G0 X117.216 Y121.346
G0 X117.92 Y121.108
;TYPE:WALL-INNER
G1 F3600 X117.67 Y120.971 E165.51812
G1 X117.556 Y120.847 E165.51918
G1 X117.452 Y120.616 E165.52076
G1 X117.454 Y118.77 E165.53234
G1 X117.49 Y118.612 E165.53336
G1 X117.622 Y118.405 E165.53489
G1 X117.911 Y118.224 E165.53703
G1 X119.4 Y118.224 E165.54637
G1 X119.4 Y110.6 E165.59417
G1 X114.744 Y110.6 E165.62337
G1 X114.744 Y111.892 E165.63147
G1 X114.7 Y112.119 E165.63292
G1 X114.626 Y112.25 E165.63386
G1 X114.427 Y112.422 E165.63551
G1 X114.237 Y112.493 E165.63678
G1 X112.303 Y112.489 E165.64891
G1 X112.054 Y112.404 E165.65056
G1 X111.919 Y112.291 E165.65166
G1 X111.809 Y112.112 E165.65298
G1 X111.768 Y111.892 E165.65438
G1 X111.768 Y110.6 E165.66248
G1 X107.412 Y110.6 E165.6898
G1 X107.412 Y111.888 E165.69787
G1 X107.37 Y112.109 E165.69928
G1 X107.208 Y112.34 E165.70105
G1 X106.892 Y112.483 E165.70323
G1 X105.123 Y112.492 E165.71432
G1 X104.885 Y112.411 E165.7159
G1 X104.68 Y112.212 E165.71769
G1 X104.588 Y112.012 E165.71907
G1 X104.588 Y110.6 E165.72792
G1 X100.6 Y110.6 E165.75293
G1 X100.6 Y129.4 E165.87081
G1 X119.4 Y129.4 E165.98869
G1 X119.4 Y121.108 E166.04068
G1 X117.92 Y121.108 E166.04996
G0 F7200 X118.004 Y120.708
;TYPE:WALL-OUTER
G1 F1800 X117.903 Y120.643 E166.05071
G1 X117.857 Y120.557 E166.05132
G1 X117.852 Y118.772 E166.06251
G1 X118.003 Y118.624 E166.06384
G1 X119.8 Y118.624 E166.07511
G1 X119.8 Y110.2 E166.12793
G1 X114.344 Y110.2 E166.16214
G1 X114.344 Y111.892 E166.17275
G1 X114.305 Y112.012 E166.17354
G1 X114.144 Y112.093 E166.17467
G1 X112.328 Y112.089 E166.18606
G1 X112.168 Y111.949 E166.18739
G1 X112.168 Y110.2 E166.19835
G1 X107.012 Y110.2 E166.23068
G1 X107.012 Y111.888 E166.24127
G1 X106.962 Y112.022 E166.24216
G1 X106.839 Y112.087 E166.24304
G1 X105.157 Y112.09 E166.25358
G1 X105.018 Y111.999 E166.25463
G1 X104.988 Y111.892 E166.25532
G1 X104.988 Y110.2 E166.26593
G1 X100.2 Y110.2 E166.29595
G1 X100.2 Y129.8 E166.41885
G1 X119.8 Y129.8 E166.54174
G1 X119.8 Y120.708 E166.59875
G1 X118.004 Y120.708 E166.61001
G0 F7200 X117.903 Y120.643
G0 X117.866 Y120.573
G0 X116.845 Y120.572
;MESH:NONMESH
G0 F600 X116.845 Y120.572 Z4.1
G0 F7200 X100.88 Y110.88
G0 X100.76 Y110.76
;TIME_ELAPSED:619.202809
;LAYER:38
;TYPE:FILL
;MESH:xyzCalibration_cube.glb
G1 F3600 X119.24 Y129.24 E166.77388
G1 X119.31 Y129.31
G0 F7200 X119.12 Y129.12
G0 X117.73 Y129.09
G0 X117.73 Y129.24
G1 F3600 X119.24 Y127.73 E166.78727
G1 X119.31 Y127.66
G0 F7200 X119.09 Y127.66
G0 X119.09 Y123.583
G0 X119.24 Y123.583
G1 F3600 X107.619 Y111.962 E166.89032
G1 X107.549 Y111.892
G0 F7200 X107.632 Y111.053
G1 F3600 X107.926 Y110.76 E166.89292
G0 F7200 X107.926 Y110.91
G0 X107.711 Y112.729
G0 X106.038 Y112.802
G0 X106.038 Y112.647
G1 F3600 X100.761 Y117.925 E166.93972
G1 X100.691 Y117.995
G0 F7200 X100.91 Y117.995
G0 X100.91 Y116.417
G0 X100.76 Y116.417
G1 F3600 X113.583 Y129.24 E167.05343
G1 X113.653 Y129.31
G0 F7200 X113.653 Y129.09
G0 X112.073 Y129.09
G0 X112.073 Y129.24
G1 F3600 X119.24 Y122.073 E167.11698
G1 X119.31 Y122.003
G0 F7200 X119.09 Y122.003
G0 X117.216 Y121.345
G0 X117.217 Y117.987
G0 X119.09 Y117.926
G0 X119.24 Y117.926
G1 F3600 X113.963 Y112.649 E167.16377
G1 X113.893 Y112.579
G0 F7200 X113.893 Y112.802
G0 X111.849 Y112.802
G0 X111.849 Y112.493
G1 F3600 X100.761 Y123.582 E167.2621
G1 X100.691 Y123.652
G0 F7200 X100.91 Y123.652
G0 X100.91 Y122.074
G0 X100.76 Y122.074
G1 F3600 X107.926 Y129.24 E167.32564
G1 X107.996 Y129.31
G0 F7200 X107.996 Y129.09
G0 X106.416 Y129.09
G0 X106.416 Y129.24
G1 F3600 X119.24 Y116.416 E167.43936
G1 X119.31 Y116.346
G0 F7200 X119.09 Y116.346
G0 X119.09 Y112.269
G0 X119.24 Y112.269
G1 F3600 X117.731 Y110.76 E167.45274
G1 X117.661 Y110.69
G0 F7200 X117.661 Y110.91
G0 X119.12 Y110.88
G0 X119.239 Y110.76
G1 F3600 X100.761 Y129.239 E167.61659
G1 X100.691 Y129.309
G0 F7200 X100.88 Y129.12
G0 X100.91 Y127.73
G0 X100.76 Y127.73
G1 F3600 X102.27 Y129.24 E167.62998
G1 X102.34 Y129.31
G0 F7200 X102.34 Y129.09
G0 X100.91 Y112.268
G0 X100.761 Y112.268
G1 F3600 X102.269 Y110.76 E167.64336
G1 X102.339 Y110.69
G0 F7200 X102.339 Y110.91
G0 X104.41 Y112.73
G0 X117.216 Y121.345
G0 X117.92 Y121.104
;TYPE:WALL-INNER
G1 F3600 X117.669 Y120.967 E167.64515
G1 X117.556 Y120.843 E167.6462
G1 X117.452 Y120.612 E167.64779
G1 X117.454 Y118.773 E167.65932
G1 X117.487 Y118.619 E167.66031
G1 X117.618 Y118.409 E167.66186
G1 X117.91 Y118.224 E167.66403
G1 X119.4 Y118.224 E167.67337
G1 X119.4 Y110.6 E167.72117
G1 X114.683 Y110.6 E167.75075
G1 X114.68 Y111.894 E167.75886
G1 X114.634 Y112.124 E167.76033
G1 X114.47 Y112.349 E167.76208
G1 X114.147 Y112.489 E167.76429
G1 X112.228 Y112.492 E167.77632
G1 X111.959 Y112.381 E167.77814
G1 X111.799 Y112.212 E167.7796
G1 X111.708 Y111.892 E167.78169
G1 X111.708 Y110.6 E167.78979
G1 X107.472 Y110.6 E167.81635
G1 X107.472 Y111.888 E167.82443
G1 X107.435 Y112.098 E167.82576
G1 X107.267 Y112.341 E167.82762
G1 X107.123 Y112.434 E167.82869
G1 X106.874 Y112.488 E167.83029
G1 X105.154 Y112.486 E167.84107
G1 X104.943 Y112.412 E167.84248
G1 X104.738 Y112.216 E167.84425
G1 X104.644 Y112.013 E167.84566
G1 X104.644 Y110.6 E167.85452
G1 X100.6 Y110.6 E167.87987
G1 X100.6 Y129.4 E167.99775
G1 X119.4 Y129.4 E168.11563
G1 X119.4 Y121.104 E168.16765
G1 X117.92 Y121.104 E168.17693
G0 F7200 X118.004 Y120.704
;TYPE:WALL-OUTER
G1 F1800 X117.903 Y120.639 E168.17768
G1 X117.857 Y120.553 E168.17829
G1 X117.852 Y118.771 E168.18947
G1 X118.006 Y118.624 E168.1908
G1 X119.8 Y118.624 E168.20205
G1 X119.8 Y110.2 E168.25487
G1 X114.284 Y110.2 E168.28946
G1 X114.28 Y111.893 E168.30007
G1 X114.241 Y112.012 E168.30086
G1 X114.103 Y112.091 E168.30186
G1 X112.27 Y112.089 E168.31335
G1 X112.138 Y111.999 E168.31435
G1 X112.108 Y111.892 E168.31505
G1 X112.108 Y110.2 E168.32566
G1 X107.072 Y110.2 E168.35723
G1 X107.072 Y111.888 E168.36782
G1 X107.042 Y111.995 E168.36851
G1 X106.898 Y112.087 E168.36959
G1 X105.161 Y112.09 E168.38048
G1 X105.044 Y111.934 E168.3817
G1 X105.044 Y110.2 E168.39257
G1 X100.2 Y110.2 E168.42295
G1 X100.2 Y129.8 E168.54584
G1 X119.8 Y129.8 E168.66874
G1 X119.8 Y120.704 E168.72577
G1 X118.004 Y120.704 E168.73703
G0 F7200 X117.903 Y120.639
G0 X117.866 Y120.569
G0 X116.845 Y120.568
;MESH:NONMESH
G0 F600 X116.845 Y120.568 Z4.2
G0 F7200 X100.88 Y110.88
G0 X100.761 Y110.761
;TIME_ELAPSED:628.085700
;LAYER:39
;TYPE:FILL
;MESH:xyzCalibration_cube.glb
G1 F3600 X119.24 Y129.24 E168.90089
G1 X119.31 Y129.31
G0 F7200 X119.12 Y129.12
G0 X117.73 Y129.09
G0 X117.73 Y129.24
G1 F3600 X119.24 Y127.73 E168.91428
G1 X119.31 Y127.66
G0 F7200 X119.09 Y127.66
G0 X119.09 Y123.583
G0 X119.24 Y123.583
G1 F3600 X107.67 Y112.013 E169.01688
G1 X107.6 Y111.943
G0 F7200 X107.692 Y110.993
G1 F3600 X107.926 Y110.76 E169.01895
G0 F7200 X107.926 Y110.91
G0 X107.77 Y112.729
G0 X106.036 Y112.802
G0 X106.036 Y112.65
G1 F3600 X100.761 Y117.924 E169.06572
G1 X100.691 Y117.994
G0 F7200 X100.91 Y117.994
G0 X100.91 Y116.417
G0 X100.761 Y116.417
G1 F3600 X113.583 Y129.24 E169.17942
G1 X113.653 Y129.31
G0 F7200 X113.653 Y129.09
G0 X112.073 Y129.09
G0 X112.073 Y129.24
G1 F3600 X119.24 Y122.073 E169.24297
G1 X119.31 Y122.003
G0 F7200 X119.09 Y122.003
G0 X117.216 Y121.344
G0 X117.217 Y117.986
G0 X119.09 Y117.926
G0 X119.24 Y117.926
G1 F3600 X113.962 Y112.648 E169.28978
G1 X113.892 Y112.578
G0 F7200 X113.892 Y112.802
G0 X111.824 Y112.802
G0 X111.824 Y112.518
G1 F3600 X100.761 Y123.581 E169.38787
G1 X100.691 Y123.651
G0 F7200 X100.91 Y123.651
G0 X100.91 Y122.074
G0 X100.761 Y122.074
G1 F3600 X107.926 Y129.24 E169.45141
G1 X107.996 Y129.31
G0 F7200 X107.996 Y129.09
G0 X106.416 Y129.09
G0 X106.416 Y129.24
G1 F3600 X119.24 Y116.416 E169.56513
G1 X119.31 Y116.346
G0 F7200 X119.09 Y116.346
G0 X119.09 Y112.269
G0 X119.24 Y112.269
G1 F3600 X117.731 Y110.76 E169.57851
G1 X117.661 Y110.69
G0 F7200 X117.661 Y110.91
G0 X119.12 Y110.88
G0 X119.239 Y110.76
G1 F3600 X100.761 Y129.238 E169.74236
G1 X100.691 Y129.308
G0 F7200 X100.88 Y129.12
G0 X100.91 Y127.731
G0 X100.761 Y127.731
G1 F3600 X102.27 Y129.24 E169.75574
G1 X102.34 Y129.31
G0 F7200 X102.34 Y129.09
G0 X100.91 Y112.267
G0 X100.761 Y112.267
G1 F3600 X102.268 Y110.76 E169.76911
G1 X102.338 Y110.69
G0 F7200 X102.338 Y110.91
G0 X104.465 Y112.73
G0 X117.216 Y121.344
G0 X117.92 Y121.104
;TYPE:WALL-INNER
G1 F3600 X117.669 Y120.967 E169.7709
G1 X117.556 Y120.843 E169.77195
G1 X117.452 Y120.612 E169.77354
G1 X117.453 Y118.775 E169.78506
G1 X117.485 Y118.626 E169.78601
G1 X117.614 Y118.413 E169.78757
G1 X117.864 Y118.254 E169.78943
G1 X118.052 Y118.224 E169.79063
G1 X119.4 Y118.224 E169.79908
G1 X119.4 Y110.6 E169.84688
G1 X114.619 Y110.6 E169.87686
G1 X114.616 Y111.894 E169.88497
G1 X114.568 Y112.128 E169.88647
G1 X114.409 Y112.346 E169.88816
G1 X114.235 Y112.451 E169.88944
G1 X114.084 Y112.489 E169.89041
G1 X112.186 Y112.49 E169.90231
G1 X111.997 Y112.44 E169.90354
G1 X111.793 Y112.289 E169.90513
G1 X111.676 Y112.089 E169.90658
G1 X111.644 Y111.89 E169.90785
G1 X111.646 Y110.6 E169.91594
G1 X107.532 Y110.6 E169.94173
G1 X107.532 Y111.888 E169.94981
G1 X107.499 Y112.086 E169.95107
G1 X107.326 Y112.342 E169.953
G1 X107.008 Y112.484 E169.95519
G1 X105.235 Y112.492 E169.96631
G1 X105.001 Y112.413 E169.96785
G1 X104.796 Y112.219 E169.96962
G1 X104.7 Y111.892 E169.97176
G1 X104.7 Y110.6 E169.97986
G1 X100.601 Y110.601 E170.00556
G1 X100.6 Y129.4 E170.12344
G1 X119.4 Y129.4 E170.24132
G1 X119.4 Y121.104 E170.29333
G1 X117.92 Y121.104 E170.30261
G0 F7200 X118.004 Y120.704
;TYPE:WALL-OUTER
G1 F1800 X117.903 Y120.639 E170.30337
G1 X117.857 Y120.553 E170.30398
G1 X117.852 Y118.807 E170.31493
G1 X117.936 Y118.66 E170.31599
G1 X118.052 Y118.624 E170.31675
G1 X119.8 Y118.624 E170.32771
G1 X119.8 Y110.2 E170.38053
G1 X114.22 Y110.2 E170.41552
G1 X114.216 Y111.893 E170.42613
G1 X114.177 Y112.012 E170.42692
G1 X114.039 Y112.091 E170.42791
G1 X112.224 Y112.092 E170.43929
G1 X112.093 Y112.025 E170.44022
G1 X112.044 Y111.941 E170.44083
G1 X112.047 Y110.2 E170.45174
G1 X107.132 Y110.2 E170.48256
G1 X107.132 Y111.888 E170.49315
G1 X107.064 Y112.04 E170.49419
G1 X106.958 Y112.087 E170.49492
G1 X105.27 Y112.09 E170.5055
G1 X105.132 Y112.001 E170.50653
G1 X105.1 Y111.892 E170.50724
G1 X105.1 Y110.2 E170.51785
G1 X100.201 Y110.201 E170.54857
G1 X100.2 Y129.8 E170.67146
G1 X119.8 Y129.8 E170.79435
G1 X119.8 Y120.704 E170.85139
G1 X118.004 Y120.704 E170.86265
G0 F7200 X117.903 Y120.639
G0 X117.866 Y120.569
G0 X116.845 Y120.568
;MESH:NONMESH
G0 F600 X116.845 Y120.568 Z4.3
G0 F7200 X100.88 Y110.88
G0 X100.76 Y110.76
;TIME_ELAPSED:636.963495
;LAYER:40
;TYPE:FILL
;MESH:xyzCalibration_cube.glb
G1 F3600 X119.24 Y129.24 E171.02652
G1 X119.31 Y129.31
G0 F7200 X119.12 Y129.12
G0 X117.73 Y129.09
G0 X117.73 Y129.24
G1 F3600 X119.24 Y127.73 E171.03991
G1 X119.31 Y127.66
G0 F7200 X119.09 Y127.66
G0 X119.09 Y123.583
G0 X119.24 Y123.583
G1 F3600 X107.719 Y112.062 E171.14207
G1 X107.649 Y111.992
G0 F7200 X107.901 Y111.992
G0 X107.901 Y110.937
G0 X107.748 Y110.937
G1 F3600 X107.926 Y110.76 E171.14364
G0 F7200 X107.926 Y110.91
G0 X107.829 Y112.729
G0 X106.038 Y112.802
G0 X106.038 Y112.647
G1 F3600 X100.761 Y117.925 E171.19044
G1 X100.691 Y117.995
G0 F7200 X100.91 Y117.995
G0 X100.91 Y116.417
G0 X100.76 Y116.417
G1 F3600 X113.583 Y129.24 E171.30415
G1 X113.653 Y129.31
G0 F7200 X113.653 Y129.09
G0 X112.073 Y129.09
G0 X112.073 Y129.24
G1 F3600 X119.24 Y122.073 E171.3677
G1 X119.31 Y122.003
G0 F7200 X119.09 Y122.003
G0 X117.217 Y121.342
G0 X117.218 Y117.985
G0 X119.09 Y117.926
G0 X119.24 Y117.926
G1 F3600 X113.967 Y112.653 E171.41446
G1 X113.897 Y112.583
G0 F7200 X113.897 Y112.802
G0 X111.8 Y112.802
G0 X111.8 Y112.542
G1 F3600 X100.761 Y123.582 E171.51235
G1 X100.691 Y123.652
G0 F7200 X100.91 Y123.652
G0 X100.91 Y122.074
G0 X100.76 Y122.074
G1 F3600 X107.926 Y129.24 E171.57589
G1 X107.996 Y129.31
G0 F7200 X107.996 Y129.09
G0 X106.416 Y129.09
G0 X106.416 Y129.24
G1 F3600 X119.239 Y116.417 E171.6896
G1 X119.309 Y116.347
G0 F7200 X119.09 Y116.347
G0 X119.09 Y112.269
G0 X119.24 Y112.269
G1 F3600 X117.731 Y110.76 E171.70298
G1 X117.661 Y110.69
G0 F7200 X117.661 Y110.91
G0 X119.12 Y110.88
G0 X119.239 Y110.76
G1 F3600 X100.761 Y129.239 E171.86684
G1 X100.691 Y129.309
G0 F7200 X100.88 Y129.12
G0 X100.91 Y127.73
G0 X100.76 Y127.73
G1 F3600 X102.27 Y129.24 E171.88023
G1 X102.34 Y129.31
G0 F7200 X102.34 Y129.09
G0 X100.91 Y112.268
G0 X100.761 Y112.268
G1 F3600 X102.269 Y110.76 E171.8936
G1 X102.339 Y110.69
G0 F7200 X102.339 Y110.91
G0 X104.521 Y112.73
G0 X117.217 Y121.342
G0 X117.92 Y121.104
;TYPE:WALL-INNER
G1 F3600 X117.669 Y120.967 E171.89539
G1 X117.556 Y120.843 E171.89644
G1 X117.452 Y120.612 E171.89803
G1 X117.457 Y118.773 E171.90956
G1 X117.529 Y118.531 E171.91114
G1 X117.614 Y118.413 E171.91206
G1 X117.866 Y118.25 E171.91394
G1 X118.056 Y118.22 E171.91514
G1 X119.4 Y118.22 E171.92357
G1 X119.4 Y110.6 E171.97135
G1 X114.555 Y110.6 E172.00173
G1 X114.552 Y111.894 E172.00984
G1 X114.502 Y112.133 E172.01137
G1 X114.434 Y112.251 E172.01223
G1 X114.254 Y112.411 E172.01374
G1 X114.021 Y112.489 E172.01528
G1 X112.087 Y112.485 E172.02741
G1 X111.881 Y112.411 E172.02878
G1 X111.733 Y112.288 E172.02998
G1 X111.584 Y112.026 E172.03187
G1 X111.586 Y110.6 E172.04082
G1 X107.588 Y110.6 E172.06588
G1 X107.588 Y111.888 E172.07396
G1 X107.502 Y112.198 E172.07598
G1 X107.38 Y112.343 E172.07717
G1 X107.23 Y112.438 E172.07828
G1 X107.062 Y112.484 E172.07937
G1 X105.294 Y112.492 E172.09046
G1 X105.058 Y112.414 E172.09202
G1 X104.854 Y112.223 E172.09377
G1 X104.756 Y111.892 E172.09593
G1 X104.756 Y110.6 E172.10403
G1 X100.6 Y110.6 E172.13009
G1 X100.6 Y129.4 E172.24797
G1 X119.4 Y129.4 E172.36585
G1 X119.4 Y121.104 E172.41787
G1 X117.92 Y121.104 E172.42715
G0 F7200 X118.004 Y120.704
;TYPE:WALL-OUTER
G1 F1800 X117.903 Y120.639 E172.4279
G1 X117.857 Y120.553 E172.42851
G1 X117.858 Y118.787 E172.43959
G1 X117.952 Y118.648 E172.44064
G1 X118.056 Y118.62 E172.44131
G1 X119.8 Y118.62 E172.45225
G1 X119.8 Y110.2 E172.50504
G1 X114.156 Y110.2 E172.54043
G1 X114.152 Y111.952 E172.55142
G1 X114.001 Y112.087 E172.55269
G1 X112.151 Y112.09 E172.56429
G1 X112.069 Y112.057 E172.56484
G1 X111.984 Y111.938 E172.56576
G1 X111.987 Y110.2 E172.57666
G1 X107.188 Y110.2 E172.60675
G1 X107.188 Y111.934 E172.61762
G1 X107.139 Y112.021 E172.61825
G1 X107.013 Y112.087 E172.61914
G1 X105.326 Y112.09 E172.62972
G1 X105.188 Y112.003 E172.63074
G1 X105.156 Y111.892 E172.63146
G1 X105.156 Y110.2 E172.64207
G1 X100.2 Y110.2 E172.67315
G1 X100.2 Y129.8 E172.79604
G1 X119.8 Y129.8 E172.91894
G1 X119.8 Y120.704 E172.97597
G1 X118.004 Y120.704 E172.98723
G0 F7200 X117.903 Y120.639
G0 X117.866 Y120.569
G0 X116.846 Y120.568
;MESH:NONMESH
G0 F600 X116.846 Y120.568 Z4.4
G0 F7200 X100.88 Y110.88
G0 X100.761 Y110.761
;TIME_ELAPSED:645.860749
;LAYER:41
;TYPE:FILL
;MESH:xyzCalibration_cube.glb
G1 F3600 X119.24 Y129.24 E173.15109
G1 X119.31 Y129.31
G0 F7200 X119.12 Y129.12
G0 X117.73 Y129.09
G0 X117.73 Y129.24
G1 F3600 X119.24 Y127.73 E173.16448
G1 X119.31 Y127.66
G0 F7200 X119.09 Y127.66
G0 X119.09 Y123.583
G0 X119.24 Y123.583
G1 F3600 X107.772 Y112.115 E173.26617
G1 X107.702 Y112.045
G0 F7200 X107.96 Y112.045
G0 X107.96 Y110.877
G0 X107.808 Y110.877
G1 F3600 X107.926 Y110.76 E173.26722
G0 F7200 X107.926 Y110.91
G0 X107.888 Y112.729
G0 X106.038 Y112.802
G0 X106.038 Y112.648
G1 F3600 X100.761 Y117.924 E173.314
G1 X100.691 Y117.994
G0 F7200 X100.91 Y117.994
G0 X100.91 Y116.417
G0 X100.761 Y116.417
G1 F3600 X113.583 Y129.24 E173.42771
G1 X113.653 Y129.31
G0 F7200 X113.653 Y129.09
G0 X112.073 Y129.09
G0 X112.073 Y129.24
G1 F3600 X119.24 Y122.073 E173.49126
G1 X119.31 Y122.003
G0 F7200 X119.09 Y122.003
G0 X117.217 Y121.341
G0 X117.218 Y117.984
G0 X119.09 Y117.926
G0 X119.24 Y117.926
G1 F3600 X113.962 Y112.648 E173.53806
G1 X113.892 Y112.578
G0 F7200 X113.892 Y112.802
G0 X111.782 Y112.802
G0 X111.782 Y112.561
G1 F3600 X100.761 Y123.581 E173.63578
G1 X100.691 Y123.651
G0 F7200 X100.91 Y123.651
G0 X100.91 Y122.074
G0 X100.761 Y122.074
G1 F3600 X107.926 Y129.24 E173.69932
G1 X107.996 Y129.31
G0 F7200 X107.996 Y129.09
G0 X106.416 Y129.09
G0 X106.416 Y129.24
G1 F3600 X119.239 Y116.417 E173.81303
G1 X119.309 Y116.347
G0 F7200 X119.09 Y116.347
G0 X119.09 Y112.269
G0 X119.24 Y112.269
G1 F3600 X117.731 Y110.76 E173.82641
G1 X117.661 Y110.69
G0 F7200 X117.661 Y110.91
G0 X119.12 Y110.88
G0 X119.239 Y110.76
G1 F3600 X100.761 Y129.238 E173.99026
G1 X100.691 Y129.308
G0 F7200 X100.88 Y129.12
G0 X100.91 Y127.731
G0 X100.761 Y127.731
G1 F3600 X102.27 Y129.24 E174.00364
G1 X102.34 Y129.31
G0 F7200 X102.34 Y129.09
G0 X100.91 Y112.267
G0 X100.761 Y112.267
G1 F3600 X102.268 Y110.76 E174.01701
G1 X102.338 Y110.69
G0 F7200 X102.338 Y110.91
G0 X104.576 Y112.73
G0 X117.217 Y121.341
G0 X117.92 Y121.1
;TYPE:WALL-INNER
G1 F3600 X117.669 Y120.963 E174.0188
G1 X117.556 Y120.839 E174.01985
G1 X117.452 Y120.608 E174.02144
G1 X117.457 Y118.776 E174.03293
G1 X117.562 Y118.478 E174.03491
G1 X117.672 Y118.358 E174.03593
G1 X117.865 Y118.25 E174.03732
G1 X118.056 Y118.22 E174.03853
G1 X119.4 Y118.22 E174.04695
G1 X119.4 Y110.6 E174.09473
G1 X114.492 Y110.6 E174.12551
G1 X114.492 Y111.892 E174.13361
G1 X114.441 Y112.137 E174.13518
G1 X114.291 Y112.342 E174.13677
G1 X114.156 Y112.432 E174.13779
G1 X113.962 Y112.488 E174.13905
G1 X112.033 Y112.486 E174.15115
G1 X111.858 Y112.431 E174.1523
G1 X111.672 Y112.288 E174.15377
G1 X111.524 Y112.02 E174.15569
G1 X111.526 Y110.6 E174.16459
G1 X107.648 Y110.6 E174.18891
G1 X107.648 Y111.888 E174.19699
G1 X107.566 Y112.193 E174.19897
G1 X107.439 Y112.344 E174.2002
G1 X107.286 Y112.44 E174.20134
G1 X107.05 Y112.488 E174.20285
G1 X105.323 Y112.486 E174.21367
G1 X105.116 Y112.415 E174.21505
G1 X104.913 Y112.226 E174.21679
G1 X104.812 Y111.894 E174.21896
G1 X104.809 Y110.6 E174.22707
G1 X100.601 Y110.601 E174.25346
G1 X100.6 Y129.4 E174.37133
G1 X119.4 Y129.4 E174.48921
G1 X119.4 Y121.1 E174.54126
G1 X117.92 Y121.1 E174.55053
G0 F7200 X118.004 Y120.7
;TYPE:WALL-OUTER
G1 F1800 X117.903 Y120.635 E174.55129
G1 X117.857 Y120.549 E174.5519
G1 X117.858 Y118.77 E174.56305
G1 X118.007 Y118.62 E174.56438
G1 X119.8 Y118.62 E174.57562
G1 X119.8 Y110.2 E174.62842
G1 X114.092 Y110.2 E174.66421
G1 X114.092 Y111.955 E174.67521
G1 X113.971 Y112.091 E174.67635
G1 X112.107 Y112.092 E174.68804
G1 X111.973 Y112.024 E174.68898
G1 X111.924 Y111.935 E174.68962
G1 X111.927 Y110.2 E174.7005
G1 X107.248 Y110.2 E174.72984
G1 X107.248 Y111.927 E174.74067
G1 X107.179 Y112.04 E174.7415
G1 X107.072 Y112.087 E174.74223
G1 X105.382 Y112.09 E174.75283
G1 X105.245 Y112.004 E174.75384
G1 X105.212 Y111.893 E174.75457
G1 X105.208 Y110.2 E174.76518
G1 X100.201 Y110.201 E174.79658
G1 X100.2 Y129.8 E174.91947
G1 X119.8 Y129.8 E175.04236
G1 X119.8 Y120.7 E175.09942
G1 X118.004 Y120.7 E175.11068
G0 F7200 X117.903 Y120.635
G0 X117.866 Y120.565
G0 X116.846 Y120.564
;MESH:NONMESH
G0 F600 X116.846 Y120.564 Z4.5
G0 F7200 X100.88 Y110.88
G0 X100.76 Y110.76
;TIME_ELAPSED:654.756503
;LAYER:42
;TYPE:FILL
;MESH:xyzCalibration_cube.glb
G1 F3600 X119.24 Y129.24 E175.27455
G1 X119.31 Y129.31
G0 F7200 X119.12 Y129.12
G0 X117.73 Y129.09
G0 X117.73 Y129.24
G1 F3600 X119.24 Y127.73 E175.28794
G1 X119.31 Y127.66
G0 F7200 X119.09 Y127.66
G0 X119.09 Y123.583
G0 X119.24 Y123.583
G1 F3600 X107.813 Y112.156 E175.38927
G1 X107.743 Y112.086
G0 F7200 X108.019 Y112.086
G0 X108.019 Y110.817
G0 X107.868 Y110.817
G1 F3600 X107.926 Y110.76 E175.38978
G0 F7200 X107.926 Y110.91
G0 X107.947 Y112.729
G0 X106.036 Y112.802
G0 X106.036 Y112.65
G1 F3600 X100.761 Y117.925 E175.43655
G1 X100.691 Y117.995
G0 F7200 X100.91 Y117.995
G0 X100.91 Y116.417
G0 X100.76 Y116.417
G1 F3600 X113.583 Y129.24 E175.55026
G1 X113.653 Y129.31
G0 F7200 X113.653 Y129.09
G0 X112.073 Y129.09
G0 X112.073 Y129.24
G1 F3600 X119.24 Y122.073 E175.61381
G1 X119.31 Y122.003
G0 F7200 X119.09 Y122.003
G0 X117.217 Y121.34
G0 X117.218 Y117.983
G0 X119.09 Y117.926
G0 X119.24 Y117.926
G1 F3600 X113.952 Y112.638 E175.6607
G1 X113.882 Y112.568
G0 F7200 X113.882 Y112.802
G0 X111.76 Y112.802
G0 X111.76 Y112.583
G1 F3600 X100.761 Y123.582 E175.75823
G1 X100.691 Y123.652
G0 F7200 X100.91 Y123.652
G0 X100.91 Y122.074
G0 X100.76 Y122.074
G1 F3600 X107.926 Y129.24 E175.82178
G1 X107.996 Y129.31
G0 F7200 X107.996 Y129.09
G0 X106.416 Y129.09
G0 X106.416 Y129.24
G1 F3600 X119.239 Y116.417 E175.93548
G1 X119.309 Y116.347
G0 F7200 X119.09 Y116.347
G0 X119.09 Y112.269
G0 X119.24 Y112.269
G1 F3600 X117.731 Y110.76 E175.94887
G1 X117.661 Y110.69
G0 F7200 X117.661 Y110.91
G0 X119.12 Y110.88
G0 X119.239 Y110.76
G1 F3600 X100.761 Y129.239 E176.11272
G1 X100.691 Y129.309
G0 F7200 X100.88 Y129.12
G0 X100.91 Y127.73
G0 X100.76 Y127.73
G1 F3600 X102.27 Y129.24 E176.12611
G1 X102.34 Y129.31
G0 F7200 X102.34 Y129.09
G0 X100.91 Y112.268
G0 X100.761 Y112.268
G1 F3600 X102.269 Y110.76 E176.13948
G1 X102.339 Y110.69
G0 F7200 X102.339 Y110.91
G0 X104.632 Y112.73
G0 X117.217 Y121.34
G0 X117.92 Y121.1
;TYPE:WALL-INNER
G1 F3600 X117.669 Y120.963 E176.14128
G1 X117.556 Y120.839 E176.14233
G1 X117.452 Y120.608 E176.14392
G1 X117.457 Y118.778 E176.15539
G1 X117.522 Y118.545 E176.15691
G1 X117.607 Y118.421 E176.15785
G1 X117.864 Y118.251 E176.15978
G1 X118.056 Y118.22 E176.161
G1 X119.4 Y118.22 E176.16943
G1 X119.4 Y110.6 E176.21721
G1 X114.428 Y110.6 E176.24838
G1 X114.428 Y111.892 E176.25648
G1 X114.375 Y112.141 E176.25808
G1 X114.141 Y112.405 E176.26029
G1 X113.9 Y112.488 E176.26189
G1 X112.018 Y112.491 E176.27369
G1 X111.802 Y112.433 E176.27509
G1 X111.674 Y112.349 E176.27605
G1 X111.543 Y112.191 E176.27734
G1 X111.464 Y112 E176.27864
G1 X111.464 Y110.6 E176.28741
G1 X107.708 Y110.6 E176.31097
G1 X107.708 Y111.996 E176.31972
G1 X107.629 Y112.187 E176.32101
G1 X107.498 Y112.345 E176.3223
G1 X107.341 Y112.442 E176.32346
G1 X107.177 Y112.485 E176.32452
G1 X105.407 Y112.492 E176.33562
G1 X105.174 Y112.416 E176.33716
G1 X104.971 Y112.229 E176.33889
G1 X104.9 Y112.089 E176.33987
G1 X104.868 Y111.894 E176.34111
G1 X104.865 Y110.6 E176.34922
G1 X100.6 Y110.6 E176.37597
G1 X100.6 Y129.4 E176.49385
G1 X119.4 Y129.4 E176.61173
G1 X119.4 Y121.1 E176.66377
G1 X117.92 Y121.1 E176.67305
G0 F7200 X118.004 Y120.7
;TYPE:WALL-OUTER
G1 F1800 X117.903 Y120.635 E176.6738
G1 X117.857 Y120.549 E176.67441
G1 X117.856 Y118.776 E176.68553
G1 X117.927 Y118.666 E176.68635
G1 X118.01 Y118.62 E176.68695
G1 X119.8 Y118.62 E176.69817
G1 X119.8 Y110.2 E176.75096
G1 X114.028 Y110.2 E176.78716
G1 X114.028 Y111.952 E176.79814
G1 X113.962 Y112.041 E176.79884
G1 X113.852 Y112.091 E176.79959
G1 X112.048 Y112.092 E176.81091
G1 X111.913 Y112.024 E176.81185
G1 X111.864 Y111.932 E176.81251
G1 X111.864 Y110.2 E176.82337
G1 X107.308 Y110.2 E176.85193
G1 X107.308 Y111.924 E176.86274
G1 X107.238 Y112.041 E176.8636
G1 X107.154 Y112.087 E176.8642
G1 X105.438 Y112.09 E176.87496
G1 X105.302 Y112.005 E176.87596
G1 X105.268 Y111.893 E176.8767
G1 X105.264 Y110.2 E176.88731
G1 X100.2 Y110.2 E176.91907
G1 X100.2 Y129.8 E177.04196
G1 X119.8 Y129.8 E177.16486
G1 X119.8 Y120.7 E177.22192
G1 X118.004 Y120.7 E177.23318
G0 F7200 X117.903 Y120.635
G0 X117.866 Y120.565
G0 X116.846 Y120.564
;MESH:NONMESH
G0 F600 X116.846 Y120.564 Z4.6
G0 F7200 X100.88 Y110.88
G0 X100.76 Y110.76
;TIME_ELAPSED:663.648781
;LAYER:43
;TYPE:FILL
;MESH:xyzCalibration_cube.glb
G1 F3600 X119.24 Y129.24 E177.39705
G1 X119.31 Y129.31
G0 F7200 X119.12 Y129.12
G0 X117.73 Y129.09
G0 X117.73 Y129.24
G1 F3600 X119.24 Y127.73 E177.41044
G1 X119.31 Y127.66
G0 F7200 X119.09 Y127.66
G0 X119.09 Y123.583
G0 X119.24 Y123.583
G1 F3600 X107.842 Y112.185 E177.51151
G1 X107.772 Y112.115
G0 F7200 X108.079 Y112.115
G0 X106.036 Y112.803
G0 X106.036 Y112.649
G1 F3600 X100.761 Y117.925 E177.55829
G1 X100.691 Y117.995
G0 F7200 X100.91 Y117.995
G0 X100.91 Y116.417
G0 X100.76 Y116.417
G1 F3600 X113.583 Y129.24 E177.67199
G1 X113.653 Y129.31
G0 F7200 X113.653 Y129.09
G0 X112.073 Y129.09
G0 X112.073 Y129.24
G1 F3600 X119.24 Y122.073 E177.73554
G1 X119.31 Y122.003
G0 F7200 X119.09 Y122.003
G0 X117.217 Y121.339
G0 X117.218 Y117.982
G0 X119.09 Y117.926
G0 X119.24 Y117.926
G1 F3600 X113.939 Y112.625 E177.78255
G1 X113.869 Y112.555
G0 F7200 X113.868 Y112.802
G0 X111.738 Y112.802
G0 X111.739 Y112.603
G1 F3600 X100.761 Y123.582 E177.8799
G1 X100.691 Y123.652
G0 F7200 X100.91 Y123.652
G0 X100.91 Y122.074
G0 X100.76 Y122.074
G1 F3600 X107.926 Y129.24 E177.94344
G1 X107.996 Y129.31
G0 F7200 X107.996 Y129.09
G0 X106.416 Y129.09
G0 X106.416 Y129.24
G1 F3600 X119.239 Y116.417 E178.05715
G1 X119.309 Y116.347
G0 F7200 X119.09 Y116.347
G0 X119.09 Y112.269
G0 X119.24 Y112.269
G1 F3600 X117.731 Y110.76 E178.07053
G1 X117.661 Y110.69
G0 F7200 X117.661 Y110.91
G0 X119.12 Y110.88
G0 X119.239 Y110.76
G1 F3600 X100.761 Y129.239 E178.23439
G1 X100.691 Y129.309
G0 F7200 X100.88 Y129.12
G0 X100.91 Y127.73
G0 X100.76 Y127.73
G1 F3600 X102.27 Y129.24 E178.24778
G1 X102.34 Y129.31
G0 F7200 X102.34 Y129.09
G0 X100.91 Y112.268
G0 X100.761 Y112.268
G1 F3600 X102.269 Y110.76 E178.26115
G1 X102.339 Y110.69
G0 F7200 X102.339 Y110.91
G0 X104.687 Y112.732
G0 X117.217 Y121.339
G0 X117.92 Y121.1
;TYPE:WALL-INNER
G1 F3600 X117.669 Y120.963 E178.26294
G1 X117.556 Y120.839 E178.26399
G1 X117.452 Y120.607 E178.26559
G1 X117.461 Y118.739 E178.2773
G1 X117.518 Y118.552 E178.27853
G1 X117.696 Y118.339 E178.28027
G1 X117.863 Y118.251 E178.28145
G1 X118.056 Y118.22 E178.28268
G1 X119.4 Y118.22 E178.2911
G1 X119.4 Y110.6 E178.33888
G1 X114.367 Y110.6 E178.37044
G1 X114.364 Y111.894 E178.37855
G1 X114.309 Y112.145 E178.38017
G1 X114.083 Y112.401 E178.38231
G1 X113.837 Y112.488 E178.38394
G1 X111.961 Y112.491 E178.39571
G1 X111.669 Y112.391 E178.39764
G1 X111.48 Y112.185 E178.39939
G1 X111.404 Y111.994 E178.40068
G1 X111.404 Y110.6 E178.40942
G1 X107.768 Y110.6 E178.43222
G1 X107.768 Y111.991 E178.44094
G1 X107.621 Y112.283 E178.44299
G1 X107.459 Y112.414 E178.4443
G1 X107.235 Y112.485 E178.44577
G1 X105.463 Y112.492 E178.45688
G1 X105.231 Y112.416 E178.45842
G1 X105.029 Y112.232 E178.46013
G1 X104.958 Y112.093 E178.46111
G1 X104.924 Y111.894 E178.46237
G1 X104.921 Y110.6 E178.47049
G1 X100.6 Y110.6 E178.49758
G1 X100.6 Y129.4 E178.61546
G1 X119.4 Y129.4 E178.73334
G1 X119.4 Y121.1 E178.78538
G1 X117.92 Y121.1 E178.79466
G0 F7200 X118.004 Y120.7
;TYPE:WALL-OUTER
G1 F1800 X117.903 Y120.635 E178.79541
G1 X117.857 Y120.549 E178.79603
G1 X117.857 Y118.793 E178.80704
G1 X117.905 Y118.688 E178.80776
G1 X118.006 Y118.62 E178.80852
G1 X119.8 Y118.62 E178.81977
G1 X119.8 Y110.2 E178.87257
G1 X113.968 Y110.2 E178.90914
G1 X113.964 Y111.957 E178.92015
G1 X113.871 Y112.062 E178.92103
G1 X113.789 Y112.091 E178.92158
G1 X111.961 Y112.088 E178.93304
G1 X111.892 Y112.059 E178.93351
G1 X111.809 Y111.941 E178.93441
G1 X111.804 Y110.2 E178.94533
G1 X107.368 Y110.2 E178.97314
G1 X107.363 Y111.937 E178.98404
G1 X107.28 Y112.055 E178.98494
G1 X107.191 Y112.087 E178.98553
G1 X105.494 Y112.09 E178.99617
G1 X105.359 Y112.006 E178.99717
G1 X105.324 Y111.893 E178.99791
G1 X105.32 Y110.2 E179.00853
G1 X100.2 Y110.2 E179.04063
G1 X100.2 Y129.8 E179.16353
G1 X119.8 Y129.8 E179.28642
G1 X119.8 Y120.7 E179.34348
G1 X118.004 Y120.7 E179.35474
G0 F7200 X117.903 Y120.635
G0 X117.866 Y120.565
G0 X116.846 Y120.564
;MESH:NONMESH
G0 F600 X116.846 Y120.564 Z4.7
G0 F7200 X100.88 Y110.88
G0 X100.76 Y110.76
;TIME_ELAPSED:672.467616
;LAYER:44
;TYPE:FILL
;MESH:xyzCalibration_cube.glb
G1 F3600 X119.24 Y129.24 E179.51861
G1 X119.31 Y129.31
G0 F7200 X119.12 Y129.12
G0 X117.73 Y129.09
G0 X117.73 Y129.24
G1 F3600 X119.24 Y127.73 E179.532
G1 X119.31 Y127.66
G0 F7200 X119.09 Y127.66
G0 X119.09 Y123.583
G0 X119.24 Y123.583
G1 F3600 X107.881 Y112.224 E179.63273
G1 X107.811 Y112.154
G0 F7200 X108.138 Y112.154
G0 X106.035 Y112.803
G0 X106.035 Y112.651
G1 F3600 X100.761 Y117.925 E179.67949
G1 X100.691 Y117.995
G0 F7200 X100.91 Y117.995
G0 X100.91 Y116.417
G0 X100.76 Y116.417
G1 F3600 X113.583 Y129.24 E179.7932
G1 X113.653 Y129.31
G0 F7200 X113.653 Y129.09
G0 X112.073 Y129.09
G0 X112.073 Y129.24
G1 F3600 X119.24 Y122.073 E179.85675
G1 X119.31 Y122.003
G0 F7200 X119.09 Y122.003
G0 X117.217 Y121.338
G0 X117.218 Y117.981
G0 X119.09 Y117.926
G0 X119.24 Y117.926
G1 F3600 X113.924 Y112.61 E179.90389
G1 X113.854 Y112.54
G0 F7200 X113.854 Y112.803
G0 X111.729 Y112.803
G0 X111.729 Y112.614
G1 F3600 X100.761 Y123.582 E180.00115
G1 X100.691 Y123.652
G0 F7200 X100.91 Y123.652
G0 X100.91 Y122.074
G0 X100.76 Y122.074
G1 F3600 X107.926 Y129.24 E180.06469
G1 X107.996 Y129.31
G0 F7200 X107.996 Y129.09
G0 X106.416 Y129.09
G0 X106.416 Y129.24
G1 F3600 X119.24 Y116.416 E180.17841
G1 X119.31 Y116.346
G0 F7200 X119.09 Y116.346
G0 X119.09 Y112.269
G0 X119.24 Y112.269
G1 F3600 X117.731 Y110.76 E180.19179
G1 X117.661 Y110.69
G0 F7200 X117.661 Y110.91
G0 X119.12 Y110.88
G0 X119.239 Y110.76
G1 F3600 X100.761 Y129.239 E180.35564
G1 X100.691 Y129.309
G0 F7200 X100.88 Y129.12
G0 X100.91 Y127.73
G0 X100.76 Y127.73
G1 F3600 X102.27 Y129.24 E180.36903
G1 X102.34 Y129.31
G0 F7200 X102.34 Y129.09
G0 X100.91 Y112.268
G0 X100.761 Y112.268
G1 F3600 X102.269 Y110.76 E180.3824
G1 X102.339 Y110.69
G0 F7200 X102.339 Y110.91
G0 X104.743 Y112.731
G0 X117.217 Y121.338
G0 X117.92 Y121.1
;TYPE:WALL-INNER
G1 F3600 X117.669 Y120.963 E180.3842
G1 X117.556 Y120.839 E180.38525
G1 X117.452 Y120.608 E180.38684
G1 X117.46 Y118.741 E180.39854
G1 X117.55 Y118.491 E180.40021
G1 X117.693 Y118.337 E180.40153
G1 X117.863 Y118.247 E180.40273
G1 X118.056 Y118.216 E180.40396
G1 X119.4 Y118.216 E180.41239
G1 X119.4 Y110.6 E180.46014
G1 X114.303 Y110.6 E180.4921
G1 X114.3 Y111.894 E180.50021
G1 X114.243 Y112.149 E180.50185
G1 X114.107 Y112.334 E180.50329
G1 X113.941 Y112.442 E180.50453
G1 X113.774 Y112.488 E180.50562
G1 X111.901 Y112.491 E180.51736
G1 X111.687 Y112.437 E180.51875
G1 X111.554 Y112.352 E180.51974
G1 X111.412 Y112.179 E180.52114
G1 X111.34 Y111.984 E180.52244
G1 X111.342 Y110.6 E180.53112
G1 X107.828 Y110.6 E180.55316
G1 X107.828 Y111.984 E180.56183
G1 X107.756 Y112.179 E180.56314
G1 X107.614 Y112.352 E180.56454
G1 X107.481 Y112.437 E180.56553
G1 X107.292 Y112.489 E180.56676
G1 X105.491 Y112.486 E180.57805
G1 X105.288 Y112.417 E180.5794
G1 X105.087 Y112.235 E180.5811
G1 X105.016 Y112.098 E180.58206
G1 X104.98 Y111.894 E180.58336
G1 X104.977 Y110.6 E180.59148
G1 X100.6 Y110.6 E180.61892
G1 X100.6 Y129.4 E180.7368
G1 X119.4 Y129.4 E180.85468
G1 X119.4 Y121.1 E180.90672
G1 X117.92 Y121.1 E180.916
G0 F7200 X118.004 Y120.7
;TYPE:WALL-OUTER
G1 F1800 X117.903 Y120.635 E180.91676
G1 X117.857 Y120.549 E180.91737
G1 X117.857 Y118.791 E180.92839
G1 X117.887 Y118.707 E180.92895
G1 X118.008 Y118.616 E180.9299
G1 X119.8 Y118.616 E180.94113
G1 X119.8 Y110.2 E180.9939
G1 X113.904 Y110.2 E181.03087
G1 X113.9 Y111.893 E181.04149
G1 X113.836 Y112.04 E181.04249
G1 X113.725 Y112.091 E181.04326
G1 X111.927 Y112.092 E181.05453
G1 X111.788 Y112.024 E181.0555
G1 X111.744 Y111.936 E181.05612
G1 X111.743 Y110.2 E181.06701
G1 X107.428 Y110.2 E181.09406
G1 X107.424 Y111.936 E181.10495
G1 X107.38 Y112.024 E181.10556
G1 X107.25 Y112.091 E181.10648
G1 X105.55 Y112.09 E181.11714
G1 X105.415 Y112.007 E181.11813
G1 X105.38 Y111.893 E181.11888
G1 X105.376 Y110.2 E181.1295
G1 X100.2 Y110.2 E181.16195
G1 X100.2 Y129.8 E181.28485
G1 X119.8 Y129.8 E181.40774
G1 X119.8 Y120.7 E181.4648
G1 X118.004 Y120.7 E181.47606
G0 F7200 X117.903 Y120.635
G0 X117.866 Y120.565
G0 X116.846 Y120.564
;MESH:NONMESH
G0 F600 X116.846 Y120.564 Z4.8
G0 F7200 X100.88 Y110.88
G0 X100.761 Y110.761
;TIME_ELAPSED:681.280035
;LAYER:45
;TYPE:FILL
;MESH:xyzCalibration_cube.glb
G1 F3600 X119.24 Y129.24 E181.63992
G1 X119.31 Y129.31
G0 F7200 X119.12 Y129.12
G0 X117.73 Y129.09
G0 X117.73 Y129.24
G1 F3600 X119.239 Y127.73 E181.65331
G1 X119.309 Y127.66
G0 F7200 X119.09 Y127.66
G0 X119.09 Y123.583
G0 X119.24 Y123.583
G1 F3600 X107.93 Y112.273 E181.7536
G1 X107.86 Y112.203
G0 F7200 X108.197 Y112.203
G0 X106.033 Y112.803
G0 X106.033 Y112.652
G1 F3600 X100.761 Y117.924 E181.80035
G1 X100.691 Y117.994
G0 F7200 X100.91 Y117.994
G0 X100.91 Y116.417
G0 X100.761 Y116.417
G1 F3600 X113.583 Y129.24 E181.91405
G1 X113.653 Y129.31
G0 F7200 X113.653 Y129.09
G0 X112.073 Y129.09
G0 X112.073 Y129.24
G1 F3600 X119.239 Y122.074 E181.97759
G1 X119.309 Y122.004
G0 F7200 X119.09 Y122.004
G0 X117.217 Y121.337
G0 X117.218 Y117.98
G0 X119.09 Y117.926
G0 X119.24 Y117.926
G1 F3600 X113.909 Y112.595 E182.02487
G1 X113.839 Y112.525
G0 F7200 X113.839 Y112.803
G0 X111.721 Y112.803
G0 X111.721 Y112.622
G1 F3600 X100.761 Y123.581 E182.12205
G1 X100.691 Y123.651
G0 F7200 X100.91 Y123.651
G0 X100.91 Y122.074
G0 X100.761 Y122.074
G1 F3600 X107.926 Y129.24 E182.18559
G1 X107.996 Y129.31
G0 F7200 X107.996 Y129.09
G0 X106.416 Y129.09
G0 X106.416 Y129.24
G1 F3600 X119.24 Y116.416 E182.2993
G1 X119.31 Y116.346
G0 F7200 X119.09 Y116.346
G0 X119.09 Y112.269
G0 X119.24 Y112.269
G1 F3600 X117.731 Y110.76 E182.31268
G1 X117.661 Y110.69
G0 F7200 X117.661 Y110.91
G0 X119.12 Y110.88
G0 X119.239 Y110.76
G1 F3600 X100.761 Y129.238 E182.47653
G1 X100.691 Y129.308
G0 F7200 X100.88 Y129.12
G0 X100.91 Y127.731
G0 X100.761 Y127.731
G1 F3600 X102.27 Y129.24 E182.48992
G1 X102.34 Y129.31
G0 F7200 X102.34 Y129.09
G0 X100.91 Y112.267
G0 X100.761 Y112.267
G1 F3600 X102.268 Y110.76 E182.50328
G1 X102.338 Y110.69
G0 F7200 X102.338 Y110.91
G0 X104.798 Y112.731
G0 X117.217 Y121.337
G0 X117.747 Y121.014
;TYPE:WALL-INNER
G1 F3600 X117.517 Y120.769 E182.50539
G1 X117.452 Y120.528 E182.50695
G1 X117.459 Y118.747 E182.51812
G1 X117.511 Y118.563 E182.51932
G1 X117.739 Y118.305 E182.52148
G1 X118.056 Y118.216 E182.52354
G1 X119.4 Y118.216 E182.53197
G1 X119.4 Y110.6 E182.57972
G1 X114.239 Y110.6 E182.61208
G1 X114.236 Y111.894 E182.62019
G1 X114.177 Y112.154 E182.62187
G1 X114.082 Y112.294 E182.62293
G1 X113.881 Y112.44 E182.62449
G1 X113.711 Y112.488 E182.62559
G1 X111.813 Y112.489 E182.63749
G1 X111.597 Y112.422 E182.63891
G1 X111.426 Y112.285 E182.64029
G1 X111.28 Y111.977 E182.64242
G1 X111.282 Y110.6 E182.65106
G1 X107.884 Y110.6 E182.67236
G1 X107.884 Y111.977 E182.681
G1 X107.814 Y112.174 E182.68231
G1 X107.668 Y112.354 E182.68376
G1 X107.368 Y112.492 E182.68583
G1 X105.544 Y112.486 E182.69727
G1 X105.341 Y112.418 E182.69861
G1 X105.141 Y112.238 E182.7003
G1 X105.069 Y112.102 E182.70126
G1 X105.032 Y111.892 E182.7026
G1 X105.032 Y110.6 E182.7107
G1 X100.601 Y110.601 E182.73848
G1 X100.6 Y129.4 E182.85636
G1 X119.4 Y129.4 E182.97424
G1 X119.4 Y121.096 E183.0263
G1 X118.052 Y121.096 E183.03476
G1 X117.747 Y121.014 E183.03674
G0 F7200 X118.004 Y120.696
;TYPE:WALL-OUTER
G1 F1800 X117.903 Y120.631 E183.03749
G1 X117.857 Y120.545 E183.0381
G1 X117.862 Y118.763 E183.04927
G1 X117.95 Y118.645 E183.0502
G1 X118.056 Y118.616 E183.05089
G1 X119.8 Y118.616 E183.06182
G1 X119.8 Y110.2 E183.11459
G1 X113.84 Y110.2 E183.15196
G1 X113.836 Y111.962 E183.16301
G1 X113.701 Y112.091 E183.16418
G1 X111.84 Y112.089 E183.17585
G1 X111.77 Y112.06 E183.17633
G1 X111.683 Y111.931 E183.1773
G1 X111.683 Y110.2 E183.18815
G1 X107.484 Y110.2 E183.21448
G1 X107.481 Y111.931 E183.22534
G1 X107.436 Y112.023 E183.22598
G1 X107.323 Y112.089 E183.2268
G1 X105.602 Y112.09 E183.23759
G1 X105.468 Y112.008 E183.23858
G1 X105.432 Y111.892 E183.23934
G1 X105.432 Y110.2 E183.24995
G1 X100.201 Y110.201 E183.28275
G1 X100.2 Y129.8 E183.40563
G1 X119.8 Y129.8 E183.52853
G1 X119.8 Y120.696 E183.58561
G1 X118.004 Y120.696 E183.59688
G0 F7200 X117.903 Y120.631
G0 X117.866 Y120.561
G0 X116.846 Y120.56
;MESH:NONMESH
G0 F600 X116.846 Y120.56 Z4.9
G0 F7200 X100.88 Y110.88
G0 X100.761 Y110.761
;TIME_ELAPSED:690.097851
;LAYER:46
;TYPE:FILL
;MESH:xyzCalibration_cube.glb
G1 F3600 X119.24 Y129.24 E183.76074
G1 X119.31 Y129.31
G0 F7200 X119.12 Y129.12
G0 X117.73 Y129.09
G0 X117.73 Y129.24
G1 F3600 X119.239 Y127.73 E183.77412
G1 X119.309 Y127.66
G0 F7200 X119.09 Y127.66
G0 X119.09 Y123.583
G0 X119.24 Y123.583
G1 F3600 X107.97 Y112.313 E183.87406
G1 X107.9 Y112.243
G0 F7200 X108.256 Y112.243
G0 X106.035 Y112.803
G0 X106.035 Y112.651
G1 F3600 X100.761 Y117.924 E183.92082
G1 X100.691 Y117.994
G0 F7200 X100.91 Y117.994
G0 X100.91 Y116.417
G0 X100.761 Y116.417
G1 F3600 X113.583 Y129.24 E184.03452
G1 X113.653 Y129.31
G0 F7200 X113.653 Y129.09
G0 X112.073 Y129.09
G0 X112.073 Y129.24
G1 F3600 X119.239 Y122.074 E184.09806
G1 X119.309 Y122.004
G0 F7200 X119.09 Y122.004
G0 X117.217 Y121.336
G0 X117.218 Y117.979
G0 X119.09 Y117.926
G0 X119.24 Y117.926
G1 F3600 X113.895 Y112.581 E184.14546
G1 X113.825 Y112.511
G0 F7200 X113.825 Y112.803
G0 X111.709 Y112.803
G0 X111.709 Y112.633
G1 F3600 X100.761 Y123.581 E184.24254
G1 X100.691 Y123.651
G0 F7200 X100.91 Y123.651
G0 X100.91 Y122.074
G0 X100.761 Y122.074
G1 F3600 X107.926 Y129.24 E184.30608
G1 X107.996 Y129.31
G0 F7200 X107.996 Y129.09
G0 X106.416 Y129.09
G0 X106.416 Y129.24
G1 F3600 X119.24 Y116.416 E184.4198
G1 X119.31 Y116.346
G0 F7200 X119.09 Y116.346
G0 X119.09 Y112.269
G0 X119.24 Y112.269
G1 F3600 X117.731 Y110.76 E184.43318
G1 X117.661 Y110.69
G0 F7200 X117.661 Y110.91
G0 X119.12 Y110.88
G0 X119.239 Y110.76
G1 F3600 X100.761 Y129.238 E184.59703
G1 X100.691 Y129.308
G0 F7200 X100.88 Y129.12
G0 X100.91 Y127.731
G0 X100.761 Y127.731
G1 F3600 X102.27 Y129.24 E184.61041
G1 X102.34 Y129.31
G0 F7200 X102.34 Y129.09
G0 X100.91 Y112.267
G0 X100.761 Y112.267
G1 F3600 X102.268 Y110.76 E184.62377
G1 X102.338 Y110.69
G0 F7200 X102.338 Y110.91
G0 X104.854 Y112.731
G0 X117.217 Y121.336
G0 X117.747 Y121.014
;TYPE:WALL-INNER
G1 F3600 X117.517 Y120.769 E184.62588
G1 X117.452 Y120.528 E184.62744
G1 X117.459 Y118.753 E184.63857
G1 X117.593 Y118.433 E184.64075
G1 X117.861 Y118.248 E184.64279
G1 X118.056 Y118.216 E184.64403
G1 X119.4 Y118.216 E184.65246
G1 X119.4 Y110.6 E184.70021
G1 X114.176 Y110.6 E184.73297
G1 X114.176 Y111.892 E184.74107
G1 X114.115 Y112.157 E184.74277
G1 X114.023 Y112.293 E184.7438
G1 X113.825 Y112.439 E184.74534
G1 X113.652 Y112.488 E184.74647
G1 X111.758 Y112.489 E184.75835
G1 X111.496 Y112.398 E184.76009
G1 X111.286 Y112.168 E184.76204
G1 X111.22 Y111.968 E184.76336
G1 X111.22 Y110.6 E184.77194
G1 X107.944 Y110.6 E184.79248
G1 X107.944 Y111.968 E184.80106
G1 X107.878 Y112.168 E184.80238
G1 X107.668 Y112.398 E184.80433
G1 X107.404 Y112.49 E184.80608
G1 X105.6 Y112.486 E184.81739
G1 X105.399 Y112.419 E184.81872
G1 X105.199 Y112.241 E184.8204
G1 X105.127 Y112.107 E184.82135
G1 X105.088 Y111.892 E184.82272
G1 X105.088 Y110.6 E184.83083
G1 X100.601 Y110.601 E184.85896
G1 X100.6 Y129.4 E184.97683
G1 X119.4 Y129.4 E185.09471
G1 X119.4 Y121.096 E185.14678
G1 X118.052 Y121.096 E185.15523
G1 X117.747 Y121.014 E185.15721
G0 F7200 X118.004 Y120.696
;TYPE:WALL-OUTER
G1 F1800 X117.903 Y120.631 E185.15797
G1 X117.857 Y120.545 E185.15858
G1 X117.857 Y118.795 E185.16955
G1 X117.901 Y118.688 E185.17028
G1 X118.006 Y118.616 E185.17107
G1 X119.8 Y118.616 E185.18232
G1 X119.8 Y110.2 E185.23509
G1 X113.776 Y110.2 E185.27286
G1 X113.776 Y111.962 E185.28391
G1 X113.642 Y112.091 E185.28508
G1 X111.782 Y112.089 E185.29674
G1 X111.668 Y112.023 E185.29757
G1 X111.622 Y111.926 E185.29824
G1 X111.62 Y110.2 E185.30906
G1 X107.544 Y110.2 E185.33462
G1 X107.542 Y111.926 E185.34544
G1 X107.472 Y112.047 E185.34632
G1 X107.364 Y112.092 E185.34705
G1 X105.658 Y112.09 E185.35775
G1 X105.525 Y112.009 E185.35873
G1 X105.488 Y111.892 E185.3595
G1 X105.488 Y110.2 E185.3701
G1 X100.201 Y110.201 E185.40325
G1 X100.2 Y129.8 E185.52614
G1 X119.8 Y129.8 E185.64904
G1 X119.8 Y120.696 E185.70612
G1 X118.004 Y120.696 E185.71739
G0 F7200 X117.903 Y120.631
G0 X117.866 Y120.561
G0 X116.846 Y120.56
;MESH:NONMESH
G0 F600 X116.846 Y120.56 Z5
G0 F7200 X100.88 Y110.88
G0 X100.76 Y110.76
;TIME_ELAPSED:698.916461
;LAYER:47
;TYPE:FILL
;MESH:xyzCalibration_cube.glb
G1 F3600 X119.24 Y129.24 E185.88125
G1 X119.31 Y129.31
G0 F7200 X119.12 Y129.12
G0 X117.73 Y129.09
G0 X117.73 Y129.24
G1 F3600 X119.239 Y127.73 E185.89464
G1 X119.309 Y127.66
G0 F7200 X119.09 Y127.66
G0 X119.09 Y123.583
G0 X119.24 Y123.583
G1 F3600 X107.997 Y112.34 E185.99434
G1 X107.927 Y112.27
G0 F7200 X108.316 Y112.27
G0 X106.035 Y112.803
G0 X106.035 Y112.651
G1 F3600 X100.761 Y117.925 E186.0411
G1 X100.691 Y117.995
G0 F7200 X100.91 Y117.995
G0 X100.91 Y116.417
G0 X100.76 Y116.417
G1 F3600 X113.583 Y129.24 E186.15481
G1 X113.653 Y129.31
G0 F7200 X113.653 Y129.09
G0 X112.073 Y129.09
G0 X112.073 Y129.24
G1 F3600 X119.239 Y122.074 E186.21835
G1 X119.309 Y122.004
G0 F7200 X119.09 Y122.004
G0 X117.218 Y121.335
G0 X117.219 Y117.978
G0 X119.09 Y117.926
G0 X119.24 Y117.926
G1 F3600 X113.868 Y112.554 E186.26599
G1 X113.798 Y112.484
G0 F7200 X113.798 Y112.803
G0 X111.698 Y112.803
G0 X111.698 Y112.644
G1 F3600 X100.761 Y123.582 E186.36297
G1 X100.691 Y123.652
G0 F7200 X100.91 Y123.652
G0 X100.91 Y122.074
G0 X100.76 Y122.074
G1 F3600 X107.926 Y129.24 E186.42652
G1 X107.996 Y129.31
G0 F7200 X107.996 Y129.09
G0 X106.416 Y129.09
G0 X106.416 Y129.24
G1 F3600 X119.24 Y116.416 E186.54023
G1 X119.31 Y116.346
G0 F7200 X119.09 Y116.346
G0 X119.09 Y112.269
G0 X119.24 Y112.269
G1 F3600 X117.731 Y110.76 E186.55361
G1 X117.661 Y110.69
G0 F7200 X117.661 Y110.91
G0 X119.12 Y110.88
G0 X119.239 Y110.76
G1 F3600 X100.761 Y129.239 E186.71747
G1 X100.691 Y129.309
G0 F7200 X100.88 Y129.12
G0 X100.91 Y127.73
G0 X100.76 Y127.73
G1 F3600 X102.27 Y129.24 E186.73086
G1 X102.34 Y129.31
G0 F7200 X102.34 Y129.09
G0 X100.91 Y112.268
G0 X100.761 Y112.268
G1 F3600 X102.269 Y110.76 E186.74423
G1 X102.339 Y110.69
G0 F7200 X102.339 Y110.91
G0 X117.218 Y121.335
G0 X117.915 Y121.096
;TYPE:WALL-INNER
G1 F3600 X117.61 Y120.899 E186.74651
G1 X117.521 Y120.769 E186.7475
G1 X117.456 Y120.528 E186.74906
G1 X117.458 Y118.759 E186.76015
G1 X117.59 Y118.437 E186.76234
G1 X117.86 Y118.248 E186.7644
G1 X118.056 Y118.216 E186.76565
G1 X119.4 Y118.216 E186.77407
G1 X119.4 Y110.6 E186.82183
G1 X114.112 Y110.6 E186.85499
G1 X114.112 Y111.892 E186.86309
G1 X114.049 Y112.161 E186.86482
G1 X113.96 Y112.292 E186.86581
G1 X113.765 Y112.437 E186.86734
G1 X113.589 Y112.488 E186.86848
G1 X111.703 Y112.49 E186.88031
G1 X111.38 Y112.358 E186.8825
G1 X111.223 Y112.162 E186.88407
G1 X111.166 Y111.976 E186.88529
G1 X111.16 Y110.6 E186.89392
G1 X108.004 Y110.6 E186.91371
G1 X107.998 Y111.976 E186.92234
G1 X107.941 Y112.162 E186.92356
G1 X107.784 Y112.358 E186.92513
G1 X107.461 Y112.49 E186.92732
G1 X105.657 Y112.486 E186.93863
G1 X105.456 Y112.419 E186.93996
G1 X105.257 Y112.244 E186.94162
G1 X105.185 Y112.111 E186.94257
G1 X105.144 Y111.892 E186.94397
G1 X105.144 Y110.6 E186.95207
G1 X100.6 Y110.6 E186.98056
G1 X100.6 Y129.4 E187.09844
G1 X119.4 Y129.4 E187.21632
G1 X119.4 Y121.096 E187.26839
G1 X117.915 Y121.096 E187.2777
G0 F7200 X118.008 Y120.696
;TYPE:WALL-OUTER
G1 F1800 X117.907 Y120.631 E187.27845
G1 X117.861 Y120.545 E187.27906
G1 X117.856 Y118.797 E187.29002
G1 X117.9 Y118.689 E187.29075
G1 X118.004 Y118.616 E187.29155
G1 X119.8 Y118.616 E187.30281
G1 X119.8 Y110.2 E187.35558
G1 X113.712 Y110.2 E187.39375
G1 X113.712 Y111.892 E187.40436
G1 X113.662 Y112.026 E187.40526
G1 X113.538 Y112.091 E187.40614
G1 X111.741 Y112.092 E187.4174
G1 X111.633 Y112.048 E187.41814
G1 X111.562 Y111.92 E187.41905
G1 X111.56 Y110.2 E187.42984
G1 X107.604 Y110.2 E187.45464
G1 X107.602 Y111.92 E187.46543
G1 X107.556 Y112.023 E187.46614
G1 X107.423 Y112.092 E187.46707
G1 X105.715 Y112.09 E187.47778
G1 X105.581 Y112.01 E187.47876
G1 X105.544 Y111.892 E187.47954
G1 X105.544 Y110.2 E187.49015
G1 X100.2 Y110.2 E187.52366
G1 X100.2 Y129.8 E187.64655
G1 X119.8 Y129.8 E187.76945
G1 X119.8 Y120.696 E187.82653
G1 X118.008 Y120.696 E187.83777
G0 F7200 X117.907 Y120.631
G0 X117.87 Y120.561
G0 X116.847 Y120.56
;MESH:NONMESH
G0 F600 X116.847 Y120.56 Z5.1
G0 F7200 X100.88 Y110.88
G0 X100.76 Y110.76
;TIME_ELAPSED:707.736007
;LAYER:48
;TYPE:FILL
;MESH:xyzCalibration_cube.glb
G1 F3600 X119.24 Y129.24 E188.00164
G1 X119.31 Y129.31
G0 F7200 X119.12 Y129.12
G0 X117.73 Y129.09
G0 X117.73 Y129.24
G1 F3600 X119.239 Y127.73 E188.01502
G1 X119.309 Y127.66
G0 F7200 X119.09 Y127.66
G0 X119.09 Y123.583
G0 X119.24 Y123.583
G1 F3600 X108.029 Y112.372 E188.11443
G1 X107.959 Y112.302
G0 F7200 X108.375 Y112.302
G0 X106.034 Y112.803
G0 X106.034 Y112.651
G1 F3600 X100.761 Y117.925 E188.1612
G1 X100.691 Y117.995
G0 F7200 X100.91 Y117.995
G0 X100.91 Y116.417
G0 X100.76 Y116.417
G1 F3600 X113.583 Y129.24 E188.2749
G1 X113.653 Y129.31
G0 F7200 X113.653 Y129.09
G0 X112.073 Y129.09
G0 X112.073 Y129.24
G1 F3600 X119.239 Y122.074 E188.33845
G1 X119.309 Y122.004
G0 F7200 X119.09 Y122.004
G0 X117.218 Y121.334
G0 X117.219 Y117.977
G0 X119.09 Y117.926
G0 X119.24 Y117.926
G1 F3600 X113.841 Y112.528 E188.38632
G1 X113.771 Y112.458
G0 F7200 X113.771 Y112.803
G0 X111.693 Y112.803
G0 X111.693 Y112.649
G1 F3600 X100.761 Y123.582 E188.48326
G1 X100.691 Y123.652
G0 F7200 X100.91 Y123.652
G0 X100.91 Y122.074
G0 X100.76 Y122.074
G1 F3600 X107.926 Y129.24 E188.5468
G1 X107.996 Y129.31
G0 F7200 X107.996 Y129.09
G0 X106.416 Y129.09
G0 X106.416 Y129.24
G1 F3600 X119.24 Y116.416 E188.66052
G1 X119.31 Y116.346
G0 F7200 X119.09 Y116.346
G0 X119.09 Y112.269
G0 X119.24 Y112.269
G1 F3600 X117.731 Y110.76 E188.6739
G1 X117.661 Y110.69
G0 F7200 X117.661 Y110.91
G0 X119.12 Y110.88
G0 X119.239 Y110.76
G1 F3600 X100.761 Y129.239 E188.83775
G1 X100.691 Y129.309
G0 F7200 X100.88 Y129.12
G0 X100.91 Y127.73
G0 X100.76 Y127.73
G1 F3600 X102.27 Y129.24 E188.85114
G1 X102.34 Y129.31
G0 F7200 X102.34 Y129.09
G0 X100.91 Y112.268
G0 X100.761 Y112.268
G1 F3600 X102.269 Y110.76 E188.86452
G1 X102.339 Y110.69
G0 F7200 X102.339 Y110.91
G0 X117.218 Y121.334
G0 X117.915 Y121.096
;TYPE:WALL-INNER
G1 F3600 X117.61 Y120.899 E188.86679
G1 X117.521 Y120.769 E188.86778
G1 X117.456 Y120.528 E188.86935
G1 X117.458 Y118.707 E188.88076
G1 X117.587 Y118.437 E188.88264
G1 X117.859 Y118.244 E188.88473
G1 X118.056 Y118.212 E188.88598
G1 X119.4 Y118.212 E188.89441
G1 X119.4 Y110.6 E188.94214
G1 X114.051 Y110.6 E188.97568
G1 X114.048 Y111.894 E188.98379
G1 X113.983 Y112.165 E188.98554
G1 X113.898 Y112.291 E188.98649
G1 X113.705 Y112.435 E188.988
G1 X113.526 Y112.487 E188.98917
G1 X111.623 Y112.492 E189.0011
G1 X111.38 Y112.403 E189.00272
G1 X111.156 Y112.156 E189.00482
G1 X111.099 Y111.959 E189.0061
G1 X111.098 Y110.6 E189.01462
G1 X108.064 Y110.6 E189.03365
G1 X108.061 Y111.959 E189.04217
G1 X108.004 Y112.156 E189.04345
G1 X107.918 Y112.285 E189.04443
G1 X107.733 Y112.429 E189.0459
G1 X107.519 Y112.49 E189.04729
G1 X105.713 Y112.486 E189.05861
G1 X105.514 Y112.42 E189.05993
G1 X105.315 Y112.247 E189.06158
G1 X105.242 Y112.115 E189.06253
G1 X105.2 Y111.892 E189.06395
G1 X105.2 Y110.6 E189.07205
G1 X100.6 Y110.6 E189.1009
G1 X100.6 Y129.4 E189.21877
G1 X119.4 Y129.4 E189.33665
G1 X119.4 Y121.096 E189.38872
G1 X117.915 Y121.096 E189.39803
G0 F7200 X118.008 Y120.696
;TYPE:WALL-OUTER
G1 F1800 X117.907 Y120.631 E189.39879
G1 X117.861 Y120.545 E189.3994
G1 X117.856 Y118.795 E189.41037
G1 X117.899 Y118.687 E189.4111
G1 X118.004 Y118.612 E189.41191
G1 X119.8 Y118.612 E189.42317
G1 X119.8 Y110.2 E189.47591
G1 X113.652 Y110.2 E189.51446
G1 X113.648 Y111.959 E189.52549
G1 X113.564 Y112.056 E189.5263
G1 X113.474 Y112.091 E189.5269
G1 X111.607 Y112.09 E189.53861
G1 X111.497 Y111.915 E189.53991
G1 X111.499 Y110.2 E189.55066
G1 X107.664 Y110.2 E189.57471
G1 X107.663 Y111.959 E189.58573
G1 X107.57 Y112.063 E189.58661
G1 X107.483 Y112.092 E189.58718
G1 X105.771 Y112.09 E189.59792
G1 X105.638 Y112.011 E189.59889
G1 X105.6 Y111.892 E189.59967
G1 X105.6 Y110.2 E189.61028
G1 X100.2 Y110.2 E189.64414
G1 X100.2 Y129.8 E189.76704
G1 X119.8 Y129.8 E189.88993
G1 X119.8 Y120.696 E189.94702
G1 X118.008 Y120.696 E189.95825
G0 F7200 X117.907 Y120.631
G0 X117.87 Y120.561
G0 X116.847 Y120.56
;MESH:NONMESH
G0 F600 X116.847 Y120.56 Z5.2
G0 F7200 X100.88 Y110.88
G0 X100.761 Y110.761
;TIME_ELAPSED:716.556469
;LAYER:49
;TYPE:FILL
;MESH:xyzCalibration_cube.glb
G1 F3600 X119.24 Y129.24 E190.12211
G1 X119.31 Y129.31
G0 F7200 X119.12 Y129.12
G0 X117.73 Y129.09
G0 X117.73 Y129.24
G1 F3600 X119.24 Y127.73 E190.1355
G1 X119.31 Y127.66
G0 F7200 X119.09 Y127.66
G0 X119.09 Y123.583
G0 X119.24 Y123.583
G1 F3600 X108.071 Y112.414 E190.23454
G1 X108.001 Y112.344
G0 F7200 X108.434 Y112.344
G0 X106.034 Y112.803
G0 X106.034 Y112.651
G1 F3600 X100.761 Y117.924 E190.2813
G1 X100.691 Y117.994
G0 F7200 X100.91 Y117.994
G0 X100.91 Y116.417
G0 X100.761 Y116.417
G1 F3600 X113.583 Y129.24 E190.395
G1 X113.653 Y129.31
G0 F7200 X113.653 Y129.09
G0 X112.073 Y129.09
G0 X112.073 Y129.24
G1 F3600 X119.24 Y122.073 E190.45855
G1 X119.31 Y122.003
G0 F7200 X119.09 Y122.003
G0 X117.218 Y121.333
G0 X117.219 Y117.975
G0 X119.09 Y117.926
G0 X119.24 Y117.926
G1 F3600 X113.814 Y112.501 E190.50666
G1 X113.744 Y112.431
G0 F7200 X113.744 Y112.803
G0 X111.691 Y112.803
G0 X111.691 Y112.651
G1 F3600 X100.761 Y123.581 E190.60358
G1 X100.691 Y123.651
G0 F7200 X100.91 Y123.651
G0 X100.91 Y122.074
G0 X100.761 Y122.074
G1 F3600 X107.926 Y129.24 E190.66712
G1 X107.996 Y129.31
G0 F7200 X107.996 Y129.09
G0 X106.416 Y129.09
G0 X106.416 Y129.24
G1 F3600 X119.24 Y116.416 E190.78084
G1 X119.31 Y116.346
G0 F7200 X119.09 Y116.346
G0 X119.09 Y112.269
G0 X119.24 Y112.269
G1 F3600 X117.731 Y110.76 E190.79422
G1 X117.661 Y110.69
G0 F7200 X117.661 Y110.91
G0 X119.12 Y110.88
G0 X119.239 Y110.76
G1 F3600 X100.761 Y129.238 E190.95807
G1 X100.691 Y129.308
G0 F7200 X100.88 Y129.12
G0 X100.91 Y127.731
G0 X100.761 Y127.731
G1 F3600 X102.27 Y129.24 E190.97145
G1 X102.34 Y129.31
G0 F7200 X102.34 Y129.09
G0 X100.91 Y112.267
G0 X100.761 Y112.267
G1 F3600 X102.268 Y110.76 E190.98481
G1 X102.338 Y110.69
G0 F7200 X102.338 Y110.91
G0 X117.218 Y121.333
G0 X117.75 Y121.009
;TYPE:WALL-INNER
G1 F3600 X117.521 Y120.765 E190.98691
G1 X117.456 Y120.524 E190.98848
G1 X117.457 Y118.767 E190.99949
G1 X117.583 Y118.441 E191.00169
G1 X117.735 Y118.304 E191.00297
G1 X118.056 Y118.212 E191.00506
G1 X119.4 Y118.212 E191.01349
G1 X119.4 Y110.6 E191.06122
G1 X113.987 Y110.6 E191.09516
G1 X113.984 Y112.016 E191.10404
G1 X113.835 Y112.289 E191.10599
G1 X113.645 Y112.433 E191.10748
G1 X113.463 Y112.487 E191.10867
G1 X111.591 Y112.491 E191.12041
G1 X111.324 Y112.406 E191.12217
G1 X111.093 Y112.15 E191.12433
G1 X111.038 Y111.942 E191.12568
G1 X111.038 Y110.6 E191.13409
G1 X108.124 Y110.6 E191.15237
G1 X108.122 Y111.945 E191.1608
G1 X108.067 Y112.15 E191.16213
G1 X107.836 Y112.406 E191.16429
G1 X107.577 Y112.49 E191.166
G1 X105.77 Y112.486 E191.17733
G1 X105.572 Y112.421 E191.17864
G1 X105.373 Y112.25 E191.18028
G1 X105.3 Y112.119 E191.18122
G1 X105.256 Y111.894 E191.18266
G1 X105.253 Y110.6 E191.19077
G1 X100.601 Y110.601 E191.21994
G1 X100.6 Y129.4 E191.33781
G1 X119.4 Y129.4 E191.45569
G1 X119.4 Y121.092 E191.50779
G1 X118.056 Y121.092 E191.51621
G1 X117.75 Y121.009 E191.5182
G0 F7200 X118.008 Y120.692
;TYPE:WALL-OUTER
G1 F1800 X117.907 Y120.626 E191.51896
G1 X117.861 Y120.541 E191.51956
G1 X117.86 Y118.768 E191.53068
G1 X117.949 Y118.642 E191.53165
G1 X118.056 Y118.612 E191.53235
G1 X119.8 Y118.612 E191.54328
G1 X119.8 Y110.2 E191.59603
G1 X113.588 Y110.2 E191.63498
G1 X113.584 Y111.934 E191.64585
G1 X113.535 Y112.025 E191.6465
G1 X113.411 Y112.091 E191.64738
G1 X111.587 Y112.087 E191.65881
G1 X111.436 Y111.962 E191.66004
G1 X111.439 Y110.2 E191.67109
G1 X107.724 Y110.2 E191.69438
G1 X107.724 Y111.957 E191.7054
G1 X107.628 Y112.064 E191.7063
G1 X107.542 Y112.092 E191.70687
G1 X105.78 Y112.09 E191.71792
G1 X105.656 Y111.953 E191.71908
G1 X105.652 Y110.2 E191.73007
G1 X100.201 Y110.201 E191.76425
G1 X100.2 Y129.8 E191.88714
G1 X119.8 Y129.8 E192.01003
G1 X119.8 Y120.692 E192.06714
G1 X118.008 Y120.692 E192.07838
G0 F7200 X117.907 Y120.626
G0 X117.87 Y120.557
G0 X116.847 Y120.556
;MESH:NONMESH
G0 F600 X116.847 Y120.556 Z5.3
G0 F7200 X100.88 Y110.88
G0 X100.76 Y110.76
;TIME_ELAPSED:725.381073
;LAYER:50
;TYPE:FILL
;MESH:xyzCalibration_cube.glb
G1 F3600 X119.24 Y129.24 E192.24225
G1 X119.31 Y129.31
G0 F7200 X119.12 Y129.12
G0 X117.73 Y129.09
G0 X117.73 Y129.24
G1 F3600 X119.24 Y127.73 E192.25564
G1 X119.31 Y127.66
G0 F7200 X119.09 Y127.66
G0 X119.09 Y123.583
G0 X119.24 Y123.583
G1 F3600 X108.092 Y112.435 E192.35449
G1 X108.022 Y112.365
G0 F7200 X108.022 Y112.803
G0 X106.034 Y112.803
G0 X106.034 Y112.651
G1 F3600 X100.761 Y117.925 E192.40125
G1 X100.691 Y117.995
G0 F7200 X100.91 Y117.995
G0 X100.91 Y116.417
G0 X100.76 Y116.417
G1 F3600 X113.583 Y129.24 E192.51496
G1 X113.653 Y129.31
G0 F7200 X113.653 Y129.09
G0 X112.073 Y129.09
G0 X112.073 Y129.24
G1 F3600 X119.24 Y122.073 E192.57851
G1 X119.31 Y122.003
G0 F7200 X119.09 Y122.003
G0 X117.218 Y121.332
G0 X117.219 Y117.974
G0 X119.09 Y117.926
G0 X119.24 Y117.926
G1 F3600 X113.787 Y112.473 E192.62686
G1 X113.717 Y112.403
G0 F7200 X113.717 Y112.803
G0 X111.692 Y112.803
G0 X111.692 Y112.65
G1 F3600 X100.761 Y123.582 E192.7238
G1 X100.691 Y123.652
G0 F7200 X100.91 Y123.652
G0 X100.91 Y122.074
G0 X100.76 Y122.074
G1 F3600 X107.926 Y129.24 E192.78734
G1 X107.996 Y129.31
G0 F7200 X107.996 Y129.09
G0 X106.416 Y129.09
G0 X106.416 Y129.24
G1 F3600 X119.24 Y116.416 E192.90106
G1 X119.31 Y116.346
G0 F7200 X119.09 Y116.346
G0 X119.09 Y112.269
G0 X119.24 Y112.269
G1 F3600 X117.731 Y110.76 E192.91444
G1 X117.661 Y110.69
G0 F7200 X117.661 Y110.91
G0 X119.12 Y110.88
G0 X119.239 Y110.76
G1 F3600 X100.761 Y129.239 E193.07829
G1 X100.691 Y129.309
G0 F7200 X100.88 Y129.12
G0 X100.91 Y127.73
G0 X100.76 Y127.73
G1 F3600 X102.27 Y129.24 E193.09168
G1 X102.34 Y129.31
G0 F7200 X102.34 Y129.09
G0 X100.91 Y112.268
G0 X100.761 Y112.268
G1 F3600 X102.269 Y110.76 E193.10506
G1 X102.339 Y110.69
G0 F7200 X102.339 Y110.91
G0 X117.218 Y121.332
G0 X117.75 Y121.009
;TYPE:WALL-INNER
G1 F3600 X117.521 Y120.765 E193.10715
G1 X117.456 Y120.524 E193.10872
G1 X117.457 Y118.772 E193.1197
G1 X117.496 Y118.594 E193.12085
G1 X117.58 Y118.445 E193.12192
G1 X117.857 Y118.245 E193.12406
G1 X118.056 Y118.212 E193.12533
G1 X119.4 Y118.212 E193.13375
G1 X119.4 Y110.6 E193.18148
G1 X113.923 Y110.6 E193.21582
G1 X113.92 Y112.017 E193.22471
G1 X113.772 Y112.288 E193.22665
G1 X113.676 Y112.376 E193.22746
G1 X113.4 Y112.487 E193.22933
G1 X111.536 Y112.491 E193.24101
G1 X111.316 Y112.434 E193.24244
G1 X111.122 Y112.286 E193.24397
G1 X111.031 Y112.144 E193.24503
G1 X110.978 Y111.945 E193.24632
G1 X110.976 Y110.6 E193.25475
G1 X108.18 Y110.6 E193.27228
G1 X108.178 Y111.945 E193.28072
G1 X108.125 Y112.144 E193.28201
G1 X108.034 Y112.286 E193.28307
G1 X107.84 Y112.434 E193.2846
G1 X107.654 Y112.492 E193.28582
G1 X105.826 Y112.486 E193.29728
G1 X105.629 Y112.422 E193.29858
G1 X105.431 Y112.252 E193.30021
G1 X105.358 Y112.123 E193.30114
G1 X105.312 Y111.894 E193.30261
G1 X105.309 Y110.6 E193.31072
G1 X100.6 Y110.6 E193.34025
G1 X100.6 Y129.4 E193.45813
G1 X119.4 Y129.4 E193.57601
G1 X119.4 Y121.092 E193.6281
G1 X118.056 Y121.092 E193.63653
G1 X117.75 Y121.009 E193.63851
G0 F7200 X118.008 Y120.692
;TYPE:WALL-OUTER
G1 F1800 X117.907 Y120.626 E193.63927
G1 X117.861 Y120.541 E193.63988
G1 X117.856 Y118.798 E193.65081
G1 X117.897 Y118.689 E193.65154
G1 X118.004 Y118.612 E193.65236
G1 X119.8 Y118.612 E193.66362
G1 X119.8 Y110.2 E193.71637
G1 X113.524 Y110.2 E193.75572
G1 X113.52 Y111.936 E193.76661
G1 X113.471 Y112.024 E193.76724
G1 X113.347 Y112.091 E193.76812
G1 X111.525 Y112.092 E193.77955
G1 X111.424 Y112.024 E193.78031
G1 X111.376 Y111.91 E193.78108
G1 X111.376 Y110.2 E193.79181
G1 X107.78 Y110.2 E193.81435
G1 X107.78 Y111.91 E193.82508
G1 X107.732 Y112.024 E193.82585
G1 X107.613 Y112.09 E193.8267
G1 X105.883 Y112.09 E193.83755
G1 X105.751 Y112.012 E193.83851
G1 X105.712 Y111.893 E193.8393
G1 X105.708 Y110.2 E193.84991
G1 X100.2 Y110.2 E193.88445
G1 X100.2 Y129.8 E194.00735
G1 X119.8 Y129.8 E194.13024
G1 X119.8 Y120.692 E194.18735
G1 X118.008 Y120.692 E194.19859
G0 F7200 X117.907 Y120.626
G0 X117.87 Y120.557
G0 X116.847 Y120.556
;MESH:NONMESH
G0 F600 X116.847 Y120.556 Z5.4
G0 F7200 X100.88 Y110.88
G0 X100.76 Y110.76
;TIME_ELAPSED:734.192427
;LAYER:51
;TYPE:FILL
;MESH:xyzCalibration_cube.glb
G1 F3600 X119.24 Y129.24 E194.36246
G1 X119.31 Y129.31
G0 F7200 X119.12 Y129.12
G0 X117.73 Y129.09
G0 X117.73 Y129.24
G1 F3600 X119.24 Y127.73 E194.37585
G1 X119.31 Y127.66
G0 F7200 X119.09 Y127.66
G0 X119.09 Y123.583
G0 X119.24 Y123.583
G1 F3600 X108.117 Y112.46 E194.47448
G1 X108.047 Y112.39
G0 F7200 X108.047 Y112.803
G0 X106.034 Y112.803
G0 X106.034 Y112.651
G1 F3600 X100.761 Y117.925 E194.52124
G1 X100.691 Y117.995
G0 F7200 X100.91 Y117.995
G0 X100.91 Y116.417
G0 X100.76 Y116.417
G1 F3600 X113.583 Y129.24 E194.63495
G1 X113.653 Y129.31
G0 F7200 X113.653 Y129.09
G0 X112.073 Y129.09
G0 X112.073 Y129.24
G1 F3600 X119.24 Y122.073 E194.6985
G1 X119.31 Y122.003
G0 F7200 X119.09 Y122.003
G0 X117.218 Y121.331
G0 X117.219 Y117.973
G0 X119.09 Y117.926
G0 X119.24 Y117.926
G1 F3600 X113.768 Y112.454 E194.74702
G1 X113.698 Y112.384
G0 F7200 X113.698 Y112.803
G0 X111.691 Y112.803
G0 X111.691 Y112.651
G1 F3600 X100.761 Y123.582 E194.84395
G1 X100.691 Y123.652
G0 F7200 X100.91 Y123.652
G0 X100.91 Y122.074
G0 X100.76 Y122.074
G1 F3600 X107.926 Y129.24 E194.90749
G1 X107.996 Y129.31
G0 F7200 X107.996 Y129.09
G0 X106.416 Y129.09
G0 X106.416 Y129.24
G1 F3600 X119.24 Y116.416 E195.0212
G1 X119.31 Y116.346
G0 F7200 X119.09 Y116.346
G0 X119.09 Y112.269
G0 X119.24 Y112.269
G1 F3600 X117.731 Y110.76 E195.03459
G1 X117.661 Y110.69
G0 F7200 X117.661 Y110.91
G0 X119.12 Y110.88
G0 X119.239 Y110.76
G1 F3600 X100.761 Y129.239 E195.19844
G1 X100.691 Y129.309
G0 F7200 X100.88 Y129.12
G0 X100.91 Y127.73
G0 X100.76 Y127.73
G1 F3600 X102.27 Y129.24 E195.21183
G1 X102.34 Y129.31
G0 F7200 X102.34 Y129.09
G0 X100.91 Y112.268
G0 X100.761 Y112.268
G1 F3600 X102.269 Y110.76 E195.2252
G1 X102.339 Y110.69
G0 F7200 X102.339 Y110.91
G0 X117.218 Y121.331
G0 X117.75 Y121.009
;TYPE:WALL-INNER
G1 F3600 X117.61 Y120.894 E195.22634
G1 X117.456 Y120.593 E195.22846
G1 X117.456 Y118.774 E195.23987
G1 X117.577 Y118.445 E195.24206
G1 X117.856 Y118.241 E195.24423
G1 X118.056 Y118.208 E195.2455
G1 X119.4 Y118.208 E195.25393
G1 X119.4 Y110.6 E195.30163
G1 X113.86 Y110.6 E195.33637
G1 X113.86 Y112.019 E195.34527
G1 X113.713 Y112.287 E195.34718
G1 X113.621 Y112.372 E195.34797
G1 X113.341 Y112.487 E195.34987
G1 X111.482 Y112.492 E195.36152
G1 X111.298 Y112.452 E195.3627
G1 X111.063 Y112.287 E195.3645
G1 X110.968 Y112.138 E195.36561
G1 X110.918 Y111.945 E195.36686
G1 X110.916 Y110.6 E195.37529
G1 X108.24 Y110.6 E195.39207
G1 X108.238 Y111.945 E195.40051
G1 X108.188 Y112.138 E195.40176
G1 X108.093 Y112.287 E195.40287
G1 X107.858 Y112.452 E195.40467
G1 X107.689 Y112.491 E195.40575
G1 X105.883 Y112.486 E195.41708
G1 X105.686 Y112.423 E195.41837
G1 X105.489 Y112.255 E195.42
G1 X105.415 Y112.127 E195.42092
G1 X105.368 Y111.894 E195.42242
G1 X105.365 Y110.6 E195.43053
G1 X100.6 Y110.6 E195.46041
G1 X100.6 Y129.4 E195.57829
G1 X119.4 Y129.4 E195.69617
G1 X119.4 Y121.092 E195.74826
G1 X118.056 Y121.092 E195.75668
G1 X117.75 Y121.009 E195.75867
G0 F7200 X118.008 Y120.692
;TYPE:WALL-OUTER
G1 F1800 X117.907 Y120.626 E195.75943
G1 X117.861 Y120.541 E195.76004
G1 X117.859 Y118.768 E195.77115
G1 X117.919 Y118.661 E195.77192
G1 X118.007 Y118.608 E195.77257
G1 X119.8 Y118.608 E195.78381
G1 X119.8 Y110.2 E195.83653
G1 X113.46 Y110.2 E195.87628
G1 X113.46 Y111.936 E195.88717
G1 X113.381 Y112.052 E195.88805
G1 X113.287 Y112.091 E195.88868
G1 X111.504 Y112.092 E195.89986
G1 X111.365 Y112.024 E195.90083
G1 X111.316 Y111.91 E195.90161
G1 X111.316 Y110.2 E195.91233
G1 X107.84 Y110.2 E195.93413
G1 X107.84 Y111.91 E195.94485
G1 X107.791 Y112.024 E195.94563
G1 X107.675 Y112.09 E195.94647
G1 X105.894 Y112.09 E195.95763
G1 X105.768 Y111.955 E195.95879
G1 X105.764 Y110.2 E195.9698
G1 X100.2 Y110.2 E196.00468
G1 X100.2 Y129.8 E196.12758
G1 X119.8 Y129.8 E196.25047
G1 X119.8 Y120.692 E196.30758
G1 X118.008 Y120.692 E196.31882
G0 F7200 X117.907 Y120.626
G0 X117.87 Y120.557
G0 X116.847 Y120.556
;MESH:NONMESH
G0 F600 X116.847 Y120.556 Z5.5
G0 F7200 X100.88 Y110.88
G0 X100.761 Y110.761
;TIME_ELAPSED:743.007489
;LAYER:52
;TYPE:FILL
;MESH:xyzCalibration_cube.glb
G1 F3600 X119.24 Y129.24 E196.48268
G1 X119.31 Y129.31
G0 F7200 X119.12 Y129.12
G0 X117.73 Y129.09
G0 X117.73 Y129.24
G1 F3600 X119.24 Y127.73 E196.49607
G1 X119.31 Y127.66
G0 F7200 X119.09 Y127.66
G0 X119.09 Y123.583
G0 X119.24 Y123.583
G1 F3600 X108.141 Y112.484 E196.59449
G1 X108.071 Y112.414
G0 F7200 X108.071 Y112.803
G0 X106.034 Y112.803
G0 X106.034 Y112.651
G1 F3600 X100.761 Y117.924 E196.64125
G1 X100.691 Y117.994
G0 F7200 X100.91 Y117.994
G0 X100.91 Y116.417
G0 X100.761 Y116.417
G1 F3600 X113.583 Y129.24 E196.75495
G1 X113.653 Y129.31
G0 F7200 X113.653 Y129.09
G0 X112.073 Y129.09
G0 X112.073 Y129.24
G1 F3600 X119.24 Y122.073 E196.8185
G1 X119.31 Y122.003
G0 F7200 X119.09 Y122.003
G0 X117.218 Y121.329
G0 X117.219 Y117.972
G0 X119.09 Y117.926
G0 X119.24 Y117.926
G1 F3600 X113.733 Y112.419 E196.86733
G1 X113.663 Y112.349
G0 F7200 X114.105 Y112.35
G0 X111.69 Y112.803
G0 X111.69 Y112.652
G1 F3600 X100.761 Y123.581 E196.96424
G1 X100.691 Y123.651
G0 F7200 X100.91 Y123.651
G0 X100.91 Y122.074
G0 X100.761 Y122.074
G1 F3600 X107.926 Y129.24 E197.02778
G1 X107.996 Y129.31
G0 F7200 X107.996 Y129.09
G0 X106.416 Y129.09
G0 X106.416 Y129.24
G1 F3600 X119.24 Y116.416 E197.1415
G1 X119.31 Y116.346
G0 F7200 X119.09 Y116.346
G0 X119.09 Y112.269
G0 X119.24 Y112.269
G1 F3600 X117.731 Y110.76 E197.15488
G1 X117.661 Y110.69
G0 F7200 X117.661 Y110.91
G0 X119.12 Y110.88
G0 X119.239 Y110.76
G1 F3600 X100.761 Y129.238 E197.31873
G1 X100.691 Y129.308
G0 F7200 X100.88 Y129.12
G0 X100.91 Y127.731
G0 X100.761 Y127.731
G1 F3600 X102.27 Y129.24 E197.33211
G1 X102.34 Y129.31
G0 F7200 X102.34 Y129.09
G0 X100.91 Y112.267
G0 X100.761 Y112.267
G1 F3600 X102.268 Y110.76 E197.34548
G1 X102.338 Y110.69
G0 F7200 X102.338 Y110.91
G0 X117.218 Y121.329
G0 X117.75 Y121.005
;TYPE:WALL-INNER
G1 F3600 X117.61 Y120.89 E197.34661
G1 X117.456 Y120.589 E197.34873
G1 X117.456 Y118.779 E197.36008
G1 X117.491 Y118.604 E197.3612
G1 X117.669 Y118.348 E197.36315
G1 X117.855 Y118.242 E197.3645
G1 X118.056 Y118.208 E197.36578
G1 X119.4 Y118.208 E197.3742
G1 X119.4 Y110.6 E197.42191
G1 X113.796 Y110.6 E197.45704
G1 X113.796 Y112.019 E197.46594
G1 X113.649 Y112.286 E197.46785
G1 X113.468 Y112.428 E197.4693
G1 X113.278 Y112.487 E197.47054
G1 X111.427 Y112.492 E197.48215
G1 X111.243 Y112.454 E197.48333
G1 X111.005 Y112.289 E197.48514
G1 X110.906 Y112.134 E197.4863
G1 X110.858 Y111.945 E197.48752
G1 X110.856 Y110.6 E197.49595
G1 X108.3 Y110.6 E197.51198
G1 X108.298 Y111.945 E197.52041
G1 X108.25 Y112.134 E197.52163
G1 X108.151 Y112.289 E197.52279
G1 X107.997 Y112.414 E197.52403
G1 X107.747 Y112.491 E197.52567
G1 X105.939 Y112.486 E197.53701
G1 X105.744 Y112.423 E197.53829
G1 X105.547 Y112.258 E197.5399
G1 X105.473 Y112.131 E197.54083
G1 X105.424 Y111.894 E197.54234
G1 X105.421 Y110.6 E197.55046
G1 X100.601 Y110.601 E197.58068
G1 X100.6 Y129.4 E197.69855
G1 X119.4 Y129.4 E197.81643
G1 X119.4 Y121.088 E197.86855
G1 X118.056 Y121.088 E197.87698
G1 X117.75 Y121.005 E197.87897
G0 F7200 X118.008 Y120.688
;TYPE:WALL-OUTER
G1 F1800 X117.907 Y120.622 E197.87972
G1 X117.861 Y120.537 E197.88033
G1 X117.859 Y118.77 E197.89141
G1 X117.918 Y118.662 E197.89218
G1 X118.007 Y118.608 E197.89283
G1 X119.8 Y118.608 E197.90407
G1 X119.8 Y110.2 E197.95679
G1 X113.396 Y110.2 E197.99695
G1 X113.396 Y111.934 E198.00782
G1 X113.277 Y112.093 E198.00907
G1 X111.428 Y112.091 E198.02066
G1 X111.305 Y112.025 E198.02153
G1 X111.256 Y111.91 E198.02232
G1 X111.256 Y110.2 E198.03304
G1 X107.9 Y110.2 E198.05408
G1 X107.9 Y111.91 E198.0648
G1 X107.851 Y112.025 E198.06559
G1 X107.716 Y112.092 E198.06653
G1 X105.949 Y112.09 E198.07761
G1 X105.824 Y111.955 E198.07877
G1 X105.82 Y110.2 E198.08977
G1 X100.201 Y110.201 E198.125
G1 X100.2 Y129.8 E198.24789
G1 X119.8 Y129.8 E198.37079
G1 X119.8 Y120.688 E198.42792
G1 X118.008 Y120.688 E198.43916
G0 F7200 X117.907 Y120.622
G0 X117.87 Y120.553
G0 X116.847 Y120.552
;MESH:NONMESH
G0 F600 X116.847 Y120.552 Z5.6
G0 F7200 X100.88 Y110.88
G0 X100.76 Y110.76
;TIME_ELAPSED:751.827778
;LAYER:53
;TYPE:FILL
;MESH:xyzCalibration_cube.glb
G1 F3600 X119.24 Y129.24 E198.60303
G1 X119.31 Y129.31
G0 F7200 X119.12 Y129.12
G0 X117.73 Y129.09
G0 X117.73 Y129.24
G1 F3600 X119.24 Y127.73 E198.61642
G1 X119.31 Y127.66
G0 F7200 X119.09 Y127.66
G0 X119.09 Y123.583
G0 X119.24 Y123.583
G1 F3600 X108.166 Y112.509 E198.71461
G1 X108.096 Y112.439
G0 F7200 X108.096 Y112.802
G0 X106.033 Y112.805
G0 X106.033 Y112.652
G1 F3600 X100.761 Y117.925 E198.76137
G1 X100.691 Y117.995
G0 F7200 X100.91 Y117.995
G0 X100.91 Y116.417
G0 X100.76 Y116.417
G1 F3600 X113.583 Y129.24 E198.87507
G1 X113.653 Y129.31
G0 F7200 X113.653 Y129.09
G0 X112.073 Y129.09
G0 X112.073 Y129.24
G1 F3600 X119.24 Y122.073 E198.93863
G1 X119.31 Y122.003
G0 F7200 X119.09 Y122.003
G0 X117.218 Y121.328
G0 X117.219 Y117.971
G0 X119.09 Y117.926
G0 X119.24 Y117.926
G1 F3600 X113.706 Y112.392 E198.9877
G1 X113.636 Y112.322
G0 F7200 X114.042 Y112.323
G0 X111.689 Y112.803
G0 X111.69 Y112.652
G1 F3600 X100.761 Y123.582 E199.08461
G1 X100.691 Y123.652
G0 F7200 X100.91 Y123.652
G0 X100.91 Y122.074
G0 X100.76 Y122.074
G1 F3600 X107.926 Y129.24 E199.14816
G1 X107.996 Y129.31
G0 F7200 X107.996 Y129.09
G0 X106.416 Y129.09
G0 X106.416 Y129.24
G1 F3600 X119.24 Y116.416 E199.26187
G1 X119.31 Y116.346
G0 F7200 X119.09 Y116.346
G0 X119.09 Y112.269
G0 X119.24 Y112.269
G1 F3600 X117.731 Y110.76 E199.27525
G1 X117.661 Y110.69
G0 F7200 X117.661 Y110.91
G0 X119.12 Y110.88
G0 X119.239 Y110.76
G1 F3600 X100.761 Y129.239 E199.43911
G1 X100.691 Y129.309
G0 F7200 X100.88 Y129.12
G0 X100.91 Y127.73
G0 X100.76 Y127.73
G1 F3600 X102.27 Y129.24 E199.4525
G1 X102.34 Y129.31
G0 F7200 X102.34 Y129.09
G0 X100.91 Y112.268
G0 X100.761 Y112.268
G1 F3600 X102.269 Y110.76 E199.46587
G1 X102.339 Y110.69
G0 F7200 X102.339 Y110.91
G0 X117.218 Y121.328
G0 X117.75 Y121.005
;TYPE:WALL-INNER
G1 F3600 X117.61 Y120.89 E199.46701
G1 X117.456 Y120.589 E199.46913
G1 X117.456 Y118.785 E199.48044
G1 X117.571 Y118.454 E199.48264
G1 X117.73 Y118.303 E199.48401
G1 X118.056 Y118.208 E199.48614
G1 X119.4 Y118.208 E199.49457
G1 X119.4 Y110.6 E199.54227
G1 X113.732 Y110.6 E199.57781
G1 X113.732 Y112.021 E199.58672
G1 X113.586 Y112.285 E199.58861
G1 X113.407 Y112.426 E199.59004
G1 X113.215 Y112.487 E199.5913
G1 X111.369 Y112.492 E199.60288
G1 X111.151 Y112.442 E199.60428
G1 X110.948 Y112.297 E199.60585
G1 X110.846 Y112.141 E199.60701
G1 X110.794 Y111.945 E199.60829
G1 X110.794 Y110.6 E199.61672
G1 X108.36 Y110.6 E199.63198
G1 X108.358 Y111.945 E199.64041
G1 X108.306 Y112.141 E199.64169
G1 X108.204 Y112.297 E199.64285
G1 X108.049 Y112.419 E199.64409
G1 X107.845 Y112.486 E199.64544
G1 X105.995 Y112.487 E199.65704
G1 X105.801 Y112.424 E199.65832
G1 X105.605 Y112.26 E199.65992
G1 X105.531 Y112.135 E199.66083
G1 X105.48 Y111.894 E199.66237
G1 X105.477 Y110.6 E199.67049
G1 X100.6 Y110.6 E199.70107
G1 X100.6 Y129.4 E199.81895
G1 X119.4 Y129.4 E199.93683
G1 X119.4 Y121.088 E199.98894
G1 X118.056 Y121.088 E199.99737
G1 X117.75 Y121.005 E199.99936
G0 F7200 X118.008 Y120.688
;TYPE:WALL-OUTER
G1 F1800 X117.907 Y120.622 E200.00012
G1 X117.861 Y120.537 E200.00072
G1 X117.859 Y118.772 E200.01179
G1 X117.917 Y118.663 E200.01256
G1 X118.006 Y118.608 E200.01322
G1 X119.8 Y118.608 E200.02447
G1 X119.8 Y110.2 E200.07719
G1 X113.332 Y110.2 E200.11774
G1 X113.332 Y111.935 E200.12862
G1 X113.284 Y112.023 E200.12925
G1 X113.16 Y112.091 E200.13014
G1 X111.365 Y112.091 E200.14139
G1 X111.244 Y112.027 E200.14225
G1 X111.192 Y111.91 E200.14305
G1 X111.195 Y110.2 E200.15378
G1 X107.96 Y110.2 E200.17406
G1 X107.96 Y111.91 E200.18478
G1 X107.908 Y112.027 E200.18558
G1 X107.789 Y112.09 E200.18643
G1 X106.051 Y112.091 E200.19733
G1 X105.921 Y112.015 E200.19827
G1 X105.88 Y111.893 E200.19908
G1 X105.876 Y110.2 E200.20969
G1 X100.2 Y110.2 E200.24528
G1 X100.2 Y129.8 E200.36818
G1 X119.8 Y129.8 E200.49107
G1 X119.8 Y120.688 E200.54821
G1 X118.008 Y120.688 E200.55944
G0 F7200 X117.907 Y120.622
G0 X117.87 Y120.553
G0 X116.847 Y120.552
;MESH:NONMESH
G0 F600 X116.847 Y120.552 Z5.7
G0 F7200 X100.88 Y110.88
G0 X100.76 Y110.76
;TIME_ELAPSED:760.645665
;LAYER:54
;TYPE:FILL
;MESH:xyzCalibration_cube.glb
G1 F3600 X119.24 Y129.24 E200.72331
G1 X119.31 Y129.31
G0 F7200 X119.12 Y129.12
G0 X117.73 Y129.09
G0 X117.73 Y129.24
G1 F3600 X119.24 Y127.73 E200.7367
G1 X119.31 Y127.66
G0 F7200 X119.09 Y127.66
G0 X119.09 Y123.583
G0 X119.24 Y123.583
G1 F3600 X108.202 Y112.545 E200.83458
G1 X108.132 Y112.475
G0 F7200 X108.132 Y112.802
G0 X106.04 Y112.805
G0 X106.04 Y112.646
G1 F3600 X100.761 Y117.925 E200.88139
G1 X100.691 Y117.995
G0 F7200 X100.91 Y117.995
G0 X100.91 Y116.417
G0 X100.76 Y116.417
G1 F3600 X113.583 Y129.24 E200.9951
G1 X113.653 Y129.31
G0 F7200 X113.653 Y129.09
G0 X112.073 Y129.09
G0 X112.073 Y129.24
G1 F3600 X119.24 Y122.073 E201.05865
G1 X119.31 Y122.003
G0 F7200 X119.09 Y122.003
G0 X117.219 Y121.327
G0 X117.22 Y117.97
G0 X119.09 Y117.926
G0 X119.24 Y117.926
G1 F3600 X113.66 Y112.347 E201.10813
G1 X113.59 Y112.277
G0 F7200 X113.979 Y112.278
G0 X111.694 Y112.803
G0 X111.695 Y112.648
G1 F3600 X100.761 Y123.582 E201.20508
G1 X100.691 Y123.652
G0 F7200 X100.91 Y123.652
G0 X100.91 Y122.074
G0 X100.76 Y122.074
G1 F3600 X107.926 Y129.24 E201.26863
G1 X107.996 Y129.31
G0 F7200 X107.996 Y129.09
G0 X106.416 Y129.09
G0 X106.416 Y129.24
G1 F3600 X119.24 Y116.416 E201.38234
G1 X119.31 Y116.346
G0 F7200 X119.09 Y116.346
G0 X119.09 Y112.269
G0 X119.24 Y112.269
G1 F3600 X117.731 Y110.76 E201.39572
G1 X117.661 Y110.69
G0 F7200 X117.661 Y110.91
G0 X119.12 Y110.88
G0 X119.239 Y110.76
G1 F3600 X100.761 Y129.239 E201.55958
G1 X100.691 Y129.309
G0 F7200 X100.88 Y129.12
G0 X100.91 Y127.73
G0 X100.76 Y127.73
G1 F3600 X102.27 Y129.24 E201.57297
G1 X102.34 Y129.31
G0 F7200 X102.34 Y129.09
G0 X100.91 Y112.268
G0 X100.761 Y112.268
G1 F3600 X102.269 Y110.76 E201.58634
G1 X102.339 Y110.69
G0 F7200 X102.339 Y110.91
G0 X117.219 Y121.327
G0 X117.75 Y121.005
;TYPE:WALL-INNER
G1 F3600 X117.61 Y120.89 E201.58748
G1 X117.456 Y120.589 E201.5896
G1 X117.456 Y118.791 E201.60087
G1 X117.486 Y118.618 E201.60197
G1 X117.568 Y118.458 E201.6031
G1 X117.729 Y118.304 E201.60449
G1 X118.056 Y118.208 E201.60663
G1 X119.4 Y118.208 E201.61506
G1 X119.4 Y110.6 E201.66276
G1 X113.671 Y110.6 E201.69868
G1 X113.668 Y111.894 E201.7068
G1 X113.592 Y112.186 E201.70869
G1 X113.443 Y112.361 E201.71013
G1 X113.151 Y112.487 E201.71212
G1 X111.258 Y112.488 E201.72399
G1 X111.051 Y112.423 E201.72535
G1 X110.895 Y112.305 E201.72658
G1 X110.789 Y112.149 E201.72776
G1 X110.734 Y111.945 E201.72909
G1 X110.734 Y110.6 E201.73752
G1 X108.42 Y110.6 E201.75203
G1 X108.418 Y111.945 E201.76046
G1 X108.363 Y112.149 E201.76179
G1 X108.167 Y112.383 E201.7637
G1 X107.933 Y112.492 E201.76532
G1 X106.048 Y112.487 E201.77714
G1 X105.855 Y112.425 E201.77841
G1 X105.659 Y112.263 E201.78001
G1 X105.584 Y112.139 E201.78092
G1 X105.532 Y111.892 E201.7825
G1 X105.532 Y110.6 E201.7906
G1 X100.6 Y110.6 E201.82152
G1 X100.6 Y129.4 E201.9394
G1 X119.4 Y129.4 E202.05728
G1 X119.4 Y121.088 E202.1094
G1 X118.056 Y121.088 E202.11783
G1 X117.75 Y121.005 E202.11982
G0 F7200 X118.008 Y120.688
;TYPE:WALL-OUTER
G1 F1800 X117.907 Y120.622 E202.12057
G1 X117.861 Y120.537 E202.12118
G1 X117.858 Y118.775 E202.13223
G1 X117.925 Y118.656 E202.13308
G1 X118.007 Y118.608 E202.13368
G1 X119.8 Y118.608 E202.14492
G1 X119.8 Y110.2 E202.19764
G1 X113.272 Y110.2 E202.23857
G1 X113.268 Y111.893 E202.24919
G1 X113.193 Y112.049 E202.25027
G1 X113.096 Y112.091 E202.25094
G1 X111.307 Y112.091 E202.26215
G1 X111.216 Y112.056 E202.26276
G1 X111.132 Y111.91 E202.26382
G1 X111.135 Y110.2 E202.27454
G1 X108.02 Y110.2 E202.29407
G1 X108.02 Y111.91 E202.3048
G1 X107.966 Y112.03 E202.30562
G1 X107.847 Y112.091 E202.30646
G1 X106.059 Y112.091 E202.31767
G1 X105.932 Y111.957 E202.31883
G1 X105.932 Y110.2 E202.32985
G1 X100.2 Y110.2 E202.36579
G1 X100.2 Y129.8 E202.48868
G1 X119.8 Y129.8 E202.61158
G1 X119.8 Y120.688 E202.66871
G1 X118.008 Y120.688 E202.67995
G0 F7200 X117.907 Y120.622
G0 X117.87 Y120.553
G0 X116.848 Y120.552
;MESH:NONMESH
G0 F600 X116.848 Y120.552 Z5.8
G0 F7200 X100.88 Y110.88
G0 X100.76 Y110.76
;TIME_ELAPSED:769.464330
;LAYER:55
;TYPE:FILL
;MESH:xyzCalibration_cube.glb
G1 F3600 X119.24 Y129.24 E202.84382
G1 X119.31 Y129.31
G0 F7200 X119.12 Y129.12
G0 X117.73 Y129.09
G0 X117.73 Y129.24
G1 F3600 X119.24 Y127.73 E202.85721
G1 X119.31 Y127.66
G0 F7200 X119.09 Y127.66
G0 X119.09 Y123.583
G0 X119.24 Y123.583
G1 F3600 X108.211 Y112.554 E202.955
G1 X108.141 Y112.484
G0 F7200 X108.141 Y112.802
G0 X106.053 Y112.805
G0 X106.053 Y112.633
G1 F3600 X100.761 Y117.925 E203.00193
G1 X100.691 Y117.995
G0 F7200 X100.91 Y117.995
G0 X100.91 Y116.417
G0 X100.76 Y116.417
G1 F3600 X113.583 Y129.24 E203.11564
G1 X113.653 Y129.31
G0 F7200 X113.653 Y129.09
G0 X112.073 Y129.09
G0 X112.073 Y129.24
G1 F3600 X119.24 Y122.073 E203.17919
G1 X119.31 Y122.003
G0 F7200 X119.09 Y122.003
G0 X117.219 Y121.326
G0 X117.22 Y117.969
G0 X119.09 Y117.926
G0 X119.24 Y117.926
G1 F3600 X113.626 Y112.312 E203.22897
G1 X113.556 Y112.242
G0 F7200 X113.916 Y112.243
G0 X111.689 Y112.803
G0 X111.69 Y112.652
G1 F3600 X100.761 Y123.582 E203.32589
G1 X100.691 Y123.652
G0 F7200 X100.91 Y123.652
G0 X100.91 Y122.074
G0 X100.76 Y122.074
G1 F3600 X107.926 Y129.24 E203.38943
G1 X107.996 Y129.31
G0 F7200 X107.996 Y129.09
G0 X106.416 Y129.09
G0 X106.416 Y129.24
G1 F3600 X119.24 Y116.416 E203.50315
G1 X119.31 Y116.346
G0 F7200 X119.09 Y116.346
G0 X119.09 Y112.269
G0 X119.24 Y112.269
G1 F3600 X117.731 Y110.76 E203.51653
G1 X117.661 Y110.69
G0 F7200 X117.661 Y110.91
G0 X119.12 Y110.88
G0 X119.239 Y110.76
G1 F3600 X100.761 Y129.239 E203.68038
G1 X100.691 Y129.309
G0 F7200 X100.88 Y129.12
G0 X100.91 Y127.73
G0 X100.76 Y127.73
G1 F3600 X102.27 Y129.24 E203.69377
G1 X102.34 Y129.31
G0 F7200 X102.34 Y129.09
G0 X100.91 Y112.268
G0 X100.761 Y112.268
G1 F3600 X102.269 Y110.76 E203.70714
G1 X102.339 Y110.69
G0 F7200 X102.339 Y110.91
G0 X117.219 Y121.326
G0 X117.75 Y121.005
;TYPE:WALL-INNER
G1 F3600 X117.61 Y120.89 E203.70828
G1 X117.456 Y120.589 E203.7104
G1 X117.456 Y118.741 E203.72199
G1 X117.565 Y118.458 E203.72389
G1 X117.728 Y118.301 E203.72531
G1 X118.056 Y118.204 E203.72745
G1 X119.4 Y118.204 E203.73588
G1 X119.4 Y110.6 E203.78356
G1 X113.607 Y110.6 E203.81988
G1 X113.604 Y111.894 E203.828
G1 X113.526 Y112.189 E203.82991
G1 X113.384 Y112.357 E203.83129
G1 X113.088 Y112.487 E203.83332
G1 X111.203 Y112.489 E203.84513
G1 X110.999 Y112.427 E203.84647
G1 X110.843 Y112.313 E203.84768
G1 X110.733 Y112.157 E203.84888
G1 X110.674 Y111.945 E203.85026
G1 X110.672 Y110.6 E203.85869
G1 X108.479 Y110.6 E203.87244
G1 X108.474 Y111.945 E203.88088
G1 X108.415 Y112.157 E203.88226
G1 X108.305 Y112.313 E203.88345
G1 X108.103 Y112.448 E203.88498
G1 X107.953 Y112.488 E203.88595
G1 X106.104 Y112.487 E203.89754
G1 X105.912 Y112.426 E203.89881
G1 X105.717 Y112.265 E203.90039
G1 X105.642 Y112.142 E203.9013
G1 X105.588 Y111.892 E203.9029
G1 X105.588 Y110.6 E203.911
G1 X100.6 Y110.6 E203.94228
G1 X100.6 Y129.4 E204.06016
G1 X119.4 Y129.4 E204.17804
G1 X119.4 Y121.088 E204.23015
G1 X118.056 Y121.088 E204.23858
G1 X117.75 Y121.005 E204.24057
G0 F7200 X118.008 Y120.688
;TYPE:WALL-OUTER
G1 F1800 X117.907 Y120.622 E204.24133
G1 X117.861 Y120.537 E204.24193
G1 X117.858 Y118.773 E204.25299
G1 X117.916 Y118.66 E204.25379
G1 X118.006 Y118.604 E204.25445
G1 X119.8 Y118.604 E204.2657
G1 X119.8 Y110.2 E204.3184
G1 X113.208 Y110.2 E204.35973
G1 X113.204 Y111.936 E204.37061
G1 X113.156 Y112.023 E204.37124
G1 X113.032 Y112.091 E204.37212
G1 X111.227 Y112.088 E204.38344
G1 X111.072 Y111.965 E204.38468
G1 X111.072 Y110.2 E204.39575
G1 X108.08 Y110.2 E204.41451
G1 X108.076 Y111.91 E204.42523
G1 X108.019 Y112.033 E204.42608
G1 X107.902 Y112.091 E204.4269
G1 X106.116 Y112.091 E204.4381
G1 X105.988 Y111.957 E204.43926
G1 X105.988 Y110.2 E204.45028
G1 X100.2 Y110.2 E204.48657
G1 X100.2 Y129.8 E204.60947
G1 X119.8 Y129.8 E204.73236
G1 X119.8 Y120.688 E204.78949
G1 X118.008 Y120.688 E204.80073
G0 F7200 X117.907 Y120.622
G0 X117.87 Y120.553
G0 X116.848 Y120.552
;MESH:NONMESH
G0 F600 X116.848 Y120.552 Z5.9
G0 F7200 X100.88 Y110.88
G0 X100.76 Y110.76
;TIME_ELAPSED:778.281558
;LAYER:56
;TYPE:FILL
;MESH:xyzCalibration_cube.glb
G1 F3600 X119.24 Y129.24 E204.9646
G1 X119.31 Y129.31
G0 F7200 X119.12 Y129.12
G0 X117.73 Y129.09
G0 X117.73 Y129.24
G1 F3600 X119.24 Y127.73 E204.97799
G1 X119.31 Y127.66
G0 F7200 X119.09 Y127.66
G0 X119.09 Y123.583
G0 X119.24 Y123.583
G1 F3600 X108.234 Y112.577 E205.07558
G1 X108.164 Y112.507
G0 F7200 X108.164 Y112.804
G0 X106.066 Y112.804
G0 X106.066 Y112.619
G1 F3600 X100.761 Y117.925 E205.12263
G1 X100.691 Y117.995
G0 F7200 X100.91 Y117.995
G0 X100.91 Y116.417
G0 X100.76 Y116.417
G1 F3600 X113.583 Y129.24 E205.23634
G1 X113.653 Y129.31
G0 F7200 X113.653 Y129.09
G0 X112.073 Y129.09
G0 X112.073 Y129.24
G1 F3600 X119.24 Y122.073 E205.29989
G1 X119.31 Y122.003
G0 F7200 X119.09 Y122.003
G0 X117.219 Y121.325
G0 X117.22 Y117.968
G0 X119.09 Y117.926
G0 X119.24 Y117.926
G1 F3600 X113.592 Y112.278 E205.34997
G1 X113.522 Y112.208
G0 F7200 X113.852 Y112.209
G0 X111.694 Y112.804
G0 X111.694 Y112.648
G1 F3600 X100.761 Y123.582 E205.44692
G1 X100.691 Y123.652
G0 F7200 X100.91 Y123.652
G0 X100.91 Y122.074
G0 X100.76 Y122.074
G1 F3600 X107.926 Y129.24 E205.51047
G1 X107.996 Y129.31
G0 F7200 X107.996 Y129.09
G0 X106.416 Y129.09
G0 X106.416 Y129.24
G1 F3600 X119.24 Y116.416 E205.62418
G1 X119.31 Y116.346
G0 F7200 X119.09 Y116.346
G0 X119.09 Y112.269
G0 X119.24 Y112.269
G1 F3600 X117.731 Y110.76 E205.63756
G1 X117.661 Y110.69
G0 F7200 X117.661 Y110.91
G0 X119.12 Y110.88
G0 X119.239 Y110.76
G1 F3600 X100.761 Y129.239 E205.80142
G1 X100.691 Y129.309
G0 F7200 X100.88 Y129.12
G0 X100.91 Y127.73
G0 X100.76 Y127.73
G1 F3600 X102.27 Y129.24 E205.81481
G1 X102.34 Y129.31
G0 F7200 X102.34 Y129.09
G0 X100.91 Y112.268
G0 X100.761 Y112.268
G1 F3600 X102.269 Y110.76 E205.82818
G1 X102.339 Y110.69
G0 F7200 X102.339 Y110.91
G0 X117.219 Y121.325
G0 X117.75 Y121.001
;TYPE:WALL-INNER
G1 F3600 X117.521 Y120.757 E205.83028
G1 X117.462 Y120.571 E205.8315
G1 X117.456 Y118.745 E205.84295
G1 X117.512 Y118.549 E205.84423
G1 X117.634 Y118.376 E205.84556
G1 X117.851 Y118.239 E205.84717
G1 X118.056 Y118.204 E205.84847
G1 X119.4 Y118.204 E205.8569
G1 X119.4 Y110.6 E205.90458
G1 X113.543 Y110.6 E205.9413
G1 X113.54 Y111.894 E205.94941
G1 X113.46 Y112.192 E205.95135
G1 X113.324 Y112.354 E205.95268
G1 X113.025 Y112.486 E205.95472
G1 X111.067 Y112.489 E205.967
G1 X110.791 Y112.32 E205.96903
G1 X110.676 Y112.164 E205.97025
G1 X110.614 Y111.945 E205.97167
G1 X110.612 Y110.6 E205.98011
G1 X108.536 Y110.6 E205.99312
G1 X108.534 Y111.945 E206.00156
G1 X108.472 Y112.164 E206.00298
G1 X108.266 Y112.394 E206.00492
G1 X108.005 Y112.492 E206.00667
G1 X106.16 Y112.487 E206.01824
G1 X105.969 Y112.426 E206.01949
G1 X105.775 Y112.268 E206.02106
G1 X105.7 Y112.146 E206.02196
G1 X105.644 Y111.892 E206.02359
G1 X105.644 Y110.6 E206.03169
G1 X100.6 Y110.6 E206.06332
G1 X100.6 Y129.4 E206.1812
G1 X119.4 Y129.4 E206.29908
G1 X119.4 Y121.084 E206.35122
G1 X118.056 Y121.084 E206.35965
G1 X117.75 Y121.001 E206.36164
G0 F7200 X118.008 Y120.684
;TYPE:WALL-OUTER
G1 F1800 X117.907 Y120.618 E206.36239
G1 X117.858 Y120.513 E206.36312
G1 X117.856 Y118.761 E206.37411
G1 X118.001 Y118.604 E206.37545
G1 X119.8 Y118.604 E206.38673
G1 X119.8 Y110.2 E206.43942
G1 X113.144 Y110.2 E206.48115
G1 X113.14 Y111.937 E206.49205
G1 X113.093 Y112.022 E206.49265
G1 X112.969 Y112.09 E206.49354
G1 X111.162 Y112.091 E206.50487
G1 X111.071 Y112.035 E206.50554
G1 X111.012 Y111.91 E206.50641
G1 X111.012 Y110.2 E206.51713
G1 X108.136 Y110.2 E206.53516
G1 X108.136 Y111.91 E206.54589
G1 X108.077 Y112.035 E206.54675
G1 X107.961 Y112.091 E206.54756
G1 X106.172 Y112.091 E206.55878
G1 X106.044 Y111.958 E206.55993
G1 X106.044 Y110.2 E206.57096
G1 X100.2 Y110.2 E206.6076
G1 X100.2 Y129.8 E206.7305
G1 X119.8 Y129.8 E206.85339
G1 X119.8 Y120.684 E206.91055
G1 X118.008 Y120.684 E206.92179
G0 F7200 X117.907 Y120.618
G0 X117.874 Y120.547
G0 X116.848 Y120.546
;MESH:NONMESH
G0 F600 X116.848 Y120.546 Z6
G0 F7200 X100.88 Y110.88
G0 X100.76 Y110.76
;TIME_ELAPSED:787.100913
;LAYER:57
;TYPE:FILL
;MESH:xyzCalibration_cube.glb
G1 F3600 X119.24 Y129.24 E207.08566
G1 X119.31 Y129.31
G0 F7200 X119.12 Y129.12
G0 X117.73 Y129.09
G0 X117.73 Y129.24
G1 F3600 X119.24 Y127.73 E207.09905
G1 X119.31 Y127.66
G0 F7200 X119.09 Y127.66
G0 X119.09 Y123.583
G0 X119.24 Y123.583
G1 F3600 X108.257 Y112.6 E207.19644
G1 X108.187 Y112.53
G0 F7200 X108.187 Y112.804
G0 X106.079 Y112.804
G0 X106.079 Y112.607
G1 F3600 X100.761 Y117.925 E207.24359
G1 X100.691 Y117.995
G0 F7200 X100.91 Y117.995
G0 X100.91 Y116.417
G0 X100.76 Y116.417
G1 F3600 X113.583 Y129.24 E207.3573
G1 X113.653 Y129.31
G0 F7200 X113.653 Y129.09
G0 X112.073 Y129.09
G0 X112.073 Y129.24
G1 F3600 X119.24 Y122.073 E207.42085
G1 X119.31 Y122.003
G0 F7200 X119.09 Y122.003
G0 X117.219 Y121.324
G0 X117.22 Y117.967
G0 X119.09 Y117.926
G0 X119.24 Y117.926
G1 F3600 X113.552 Y112.238 E207.47129
G1 X113.482 Y112.168
G0 F7200 X113.789 Y112.169
G0 X111.692 Y112.804
G0 X111.692 Y112.65
G1 F3600 X100.761 Y123.582 E207.56822
G1 X100.691 Y123.652
G0 F7200 X100.91 Y123.652
G0 X100.91 Y122.074
G0 X100.76 Y122.074
G1 F3600 X107.926 Y129.24 E207.63177
G1 X107.996 Y129.31
G0 F7200 X107.996 Y129.09
G0 X106.416 Y129.09
G0 X106.416 Y129.24
G1 F3600 X119.24 Y116.416 E207.74548
G1 X119.31 Y116.346
G0 F7200 X119.09 Y116.346
G0 X119.09 Y112.269
G0 X119.24 Y112.269
G1 F3600 X117.731 Y110.76 E207.75886
G1 X117.661 Y110.69
G0 F7200 X117.661 Y110.91
G0 X119.12 Y110.88
G0 X119.239 Y110.76
G1 F3600 X100.761 Y129.239 E207.92272
G1 X100.691 Y129.309
G0 F7200 X100.88 Y129.12
G0 X100.91 Y127.73
G0 X100.76 Y127.73
G1 F3600 X102.27 Y129.24 E207.93611
G1 X102.34 Y129.31
G0 F7200 X102.34 Y129.09
G0 X100.91 Y112.268
G0 X100.761 Y112.268
G1 F3600 X102.269 Y110.76 E207.94948
G1 X102.339 Y110.69
G0 F7200 X102.339 Y110.91
G0 X117.219 Y121.324
G0 X117.75 Y121.001
;TYPE:WALL-INNER
G1 F3600 X117.521 Y120.757 E207.95158
G1 X117.462 Y120.571 E207.9528
G1 X117.461 Y118.723 E207.96439
G1 X117.559 Y118.466 E207.96611
G1 X117.725 Y118.303 E207.96757
G1 X118.056 Y118.204 E207.96974
G1 X119.4 Y118.204 E207.97817
G1 X119.4 Y110.6 E208.02585
G1 X113.48 Y110.6 E208.06296
G1 X113.48 Y111.892 E208.07107
G1 X113.399 Y112.195 E208.07303
G1 X113.169 Y112.419 E208.07505
G1 X112.966 Y112.486 E208.07639
G1 X111.089 Y112.49 E208.08815
G1 X110.935 Y112.454 E208.08915
G1 X110.735 Y112.329 E208.09063
G1 X110.617 Y112.173 E208.09185
G1 X110.55 Y111.944 E208.09335
G1 X110.55 Y110.6 E208.10178
G1 X108.596 Y110.6 E208.11403
G1 X108.594 Y111.944 E208.12245
G1 X108.527 Y112.173 E208.12395
G1 X108.409 Y112.329 E208.12518
G1 X108.209 Y112.454 E208.12666
G1 X108.065 Y112.489 E208.12758
G1 X106.217 Y112.487 E208.13917
G1 X106.027 Y112.427 E208.14042
G1 X105.833 Y112.27 E208.14199
G1 X105.757 Y112.149 E208.14288
G1 X105.7 Y111.892 E208.14453
G1 X105.7 Y110.6 E208.15263
G1 X100.6 Y110.6 E208.18461
G1 X100.6 Y129.4 E208.30249
G1 X119.4 Y129.4 E208.42037
G1 X119.4 Y121.084 E208.47251
G1 X118.056 Y121.084 E208.48094
G1 X117.75 Y121.001 E208.48293
G0 F7200 X118.008 Y120.684
;TYPE:WALL-OUTER
G1 F1800 X117.907 Y120.618 E208.48369
G1 X117.858 Y120.513 E208.48441
G1 X117.857 Y118.777 E208.4953
G1 X117.945 Y118.637 E208.49633
G1 X118.056 Y118.604 E208.49706
G1 X119.8 Y118.604 E208.50799
G1 X119.8 Y110.2 E208.56069
G1 X113.08 Y110.2 E208.60283
G1 X113.08 Y111.938 E208.61372
G1 X113.033 Y112.022 E208.61433
G1 X112.909 Y112.09 E208.61521
G1 X111.128 Y112.092 E208.62638
G1 X111.01 Y112.038 E208.62719
G1 X110.948 Y111.91 E208.62809
G1 X110.951 Y110.2 E208.63881
G1 X108.196 Y110.2 E208.65608
G1 X108.196 Y111.91 E208.6668
G1 X108.134 Y112.038 E208.6677
G1 X108.024 Y112.091 E208.66846
G1 X106.228 Y112.091 E208.67972
G1 X106.1 Y111.958 E208.68088
G1 X106.1 Y110.2 E208.6919
G1 X100.2 Y110.2 E208.7289
G1 X100.2 Y129.8 E208.85179
G1 X119.8 Y129.8 E208.97469
G1 X119.8 Y120.684 E209.03185
G1 X118.008 Y120.684 E209.04308
G0 F7200 X117.907 Y120.618
G0 X117.874 Y120.547
G0 X116.848 Y120.546
;MESH:NONMESH
G0 F600 X116.848 Y120.546 Z6.1
G0 F7200 X100.88 Y110.88
G0 X100.76 Y110.76
;TIME_ELAPSED:795.917029
;LAYER:58
;TYPE:FILL
;MESH:xyzCalibration_cube.glb
G1 F3600 X119.24 Y129.24 E209.20695
G1 X119.31 Y129.31
G0 F7200 X119.12 Y129.12
G0 X117.73 Y129.09
G0 X117.73 Y129.24
G1 F3600 X119.24 Y127.73 E209.22034
G1 X119.31 Y127.66
G0 F7200 X119.09 Y127.66
G0 X119.09 Y123.583
G0 X119.24 Y123.583
G1 F3600 X108.274 Y112.617 E209.31758
G1 X108.204 Y112.547
G0 F7200 X108.204 Y112.804
G0 X106.092 Y112.804
G0 X106.092 Y112.593
G1 F3600 X100.761 Y117.925 E209.36486
G1 X100.691 Y117.995
G0 F7200 X100.91 Y117.995
G0 X100.91 Y116.417
G0 X100.76 Y116.417
G1 F3600 X113.583 Y129.24 E209.47857
G1 X113.653 Y129.31
G0 F7200 X113.653 Y129.09
G0 X112.073 Y129.09
G0 X112.073 Y129.24
G1 F3600 X119.24 Y122.073 E209.54212
G1 X119.31 Y122.003
G0 F7200 X119.09 Y122.003
G0 X117.219 Y121.323
G0 X117.22 Y117.966
G0 X119.09 Y117.926
G0 X119.24 Y117.926
G1 F3600 X113.508 Y112.195 E209.59294
G1 X113.438 Y112.125
G0 F7200 X113.726 Y112.126
G0 X111.692 Y112.804
G0 X111.692 Y112.65
G1 F3600 X100.761 Y123.582 E209.68987
G1 X100.691 Y123.652
G0 F7200 X100.91 Y123.652
G0 X100.91 Y122.074
G0 X100.76 Y122.074
G1 F3600 X107.926 Y129.24 E209.75342
G1 X107.996 Y129.31
G0 F7200 X107.996 Y129.09
G0 X106.416 Y129.09
G0 X106.416 Y129.24
G1 F3600 X119.24 Y116.416 E209.86713
G1 X119.31 Y116.346
G0 F7200 X119.09 Y116.346
G0 X119.09 Y112.269
G0 X119.24 Y112.269
G1 F3600 X117.731 Y110.76 E209.88051
G1 X117.661 Y110.69
G0 F7200 X117.661 Y110.91
G0 X119.12 Y110.88
G0 X119.239 Y110.76
G1 F3600 X100.761 Y129.239 E210.04437
G1 X100.691 Y129.309
G0 F7200 X100.88 Y129.12
G0 X100.91 Y127.73
G0 X100.76 Y127.73
G1 F3600 X102.27 Y129.24 E210.05776
G1 X102.34 Y129.31
G0 F7200 X102.34 Y129.09
G0 X100.91 Y112.268
G0 X100.761 Y112.268
G1 F3600 X102.269 Y110.76 E210.07113
G1 X102.339 Y110.69
G0 F7200 X102.339 Y110.91
G0 X117.219 Y121.323
G0 X117.75 Y121.001
;TYPE:WALL-INNER
G1 F3600 X117.521 Y120.757 E210.07323
G1 X117.462 Y120.571 E210.07445
G1 X117.46 Y118.727 E210.08602
G1 X117.507 Y118.56 E210.0871
G1 X117.629 Y118.381 E210.08846
G1 X117.849 Y118.24 E210.0901
G1 X118.056 Y118.204 E210.09142
G1 X119.4 Y118.204 E210.09985
G1 X119.4 Y110.6 E210.14752
G1 X113.416 Y110.6 E210.18504
G1 X113.416 Y111.892 E210.19315
G1 X113.333 Y112.199 E210.19514
G1 X113.108 Y112.417 E210.1971
G1 X112.902 Y112.486 E210.19847
G1 X111.031 Y112.49 E210.2102
G1 X110.777 Y112.406 E210.21188
G1 X110.562 Y112.182 E210.21382
G1 X110.49 Y111.945 E210.21538
G1 X110.49 Y110.6 E210.22381
G1 X108.656 Y110.6 E210.23531
G1 X108.654 Y111.945 E210.24374
G1 X108.582 Y112.182 E210.24529
G1 X108.367 Y112.406 E210.24724
G1 X108.147 Y112.486 E210.24871
G1 X106.273 Y112.487 E210.26046
G1 X106.084 Y112.428 E210.2617
G1 X105.891 Y112.272 E210.26326
G1 X105.815 Y112.153 E210.26414
G1 X105.756 Y111.894 E210.26581
G1 X105.753 Y110.6 E210.27392
G1 X100.6 Y110.6 E210.30623
G1 X100.6 Y129.4 E210.42411
G1 X119.4 Y129.4 E210.54199
G1 X119.4 Y121.084 E210.59413
G1 X118.056 Y121.084 E210.60256
G1 X117.75 Y121.001 E210.60455
G0 F7200 X118.008 Y120.684
;TYPE:WALL-OUTER
G1 F1800 X117.907 Y120.618 E210.60531
G1 X117.858 Y120.513 E210.60603
G1 X117.857 Y118.778 E210.61691
G1 X117.921 Y118.655 E210.61778
G1 X118.007 Y118.604 E210.61841
G1 X119.8 Y118.604 E210.62965
G1 X119.8 Y110.2 E210.68234
G1 X113.016 Y110.2 E210.72488
G1 X113.016 Y111.974 E210.736
G1 X112.866 Y112.09 E210.73719
G1 X111.069 Y112.092 E210.74846
G1 X110.984 Y112.064 E210.74902
G1 X110.888 Y111.91 E210.75016
G1 X110.891 Y110.2 E210.76088
G1 X108.256 Y110.2 E210.7774
G1 X108.256 Y111.91 E210.78813
G1 X108.191 Y112.041 E210.78904
G1 X108.096 Y112.089 E210.78971
G1 X106.285 Y112.091 E210.80107
G1 X106.156 Y111.96 E210.80222
G1 X106.152 Y110.2 E210.81325
G1 X100.2 Y110.2 E210.85057
G1 X100.2 Y129.8 E210.97347
G1 X119.8 Y129.8 E211.09637
G1 X119.8 Y120.684 E211.15352
G1 X118.008 Y120.684 E211.16476
G0 F7200 X117.907 Y120.618
G0 X117.874 Y120.547
G0 X116.848 Y120.546
;MESH:NONMESH
G0 F600 X116.848 Y120.546 Z6.2
G0 F7200 X100.88 Y110.88
G0 X100.76 Y110.76
;TIME_ELAPSED:804.736753
;LAYER:59
;TYPE:FILL
;MESH:xyzCalibration_cube.glb
G1 F3600 X119.24 Y129.24 E211.32863
G1 X119.31 Y129.31
G0 F7200 X119.12 Y129.12
G0 X117.73 Y129.09
G0 X117.73 Y129.24
G1 F3600 X119.24 Y127.73 E211.34202
G1 X119.31 Y127.66
G0 F7200 X119.09 Y127.66
G0 X119.09 Y123.583
G0 X119.24 Y123.583
G1 F3600 X108.28 Y112.623 E211.43921
G1 X108.21 Y112.553
G0 F7200 X108.21 Y112.804
G0 X106.104 Y112.804
G0 X106.104 Y112.581
G1 F3600 X100.761 Y117.925 E211.48659
G1 X100.691 Y117.995
G0 F7200 X100.91 Y117.995
G0 X100.91 Y116.417
G0 X100.76 Y116.417
G1 F3600 X113.583 Y129.24 E211.6003
G1 X113.653 Y129.31
G0 F7200 X113.653 Y129.09
G0 X112.073 Y129.09
G0 X112.073 Y129.24
G1 F3600 X119.24 Y122.073 E211.66385
G1 X119.31 Y122.003
G0 F7200 X119.09 Y122.003
G0 X117.219 Y121.322
G0 X117.22 Y117.965
G0 X119.09 Y117.926
G0 X119.24 Y117.926
G1 F3600 X113.463 Y112.149 E211.71507
G1 X113.393 Y112.079
G0 F7200 X113.663 Y112.08
G0 X113.664 Y110.829
G0 X113.515 Y110.828
G1 F3600 X113.583 Y110.76 E211.71568
G0 F7200 X113.583 Y110.91
G0 X113.591 Y112.732
G0 X111.694 Y112.804
G0 X111.694 Y112.648
G1 F3600 X100.761 Y123.582 E211.81263
G1 X100.691 Y123.652
G0 F7200 X100.91 Y123.652
G0 X100.91 Y122.074
G0 X100.76 Y122.074
G1 F3600 X107.926 Y129.24 E211.87617
G1 X107.996 Y129.31
G0 F7200 X107.996 Y129.09
G0 X106.416 Y129.09
G0 X106.416 Y129.24
G1 F3600 X119.24 Y116.416 E211.98989
G1 X119.31 Y116.346
G0 F7200 X119.09 Y116.346
G0 X119.09 Y112.269
G0 X119.24 Y112.269
G1 F3600 X117.731 Y110.76 E212.00327
G1 X117.661 Y110.69
G0 F7200 X117.661 Y110.91
G0 X119.12 Y110.88
G0 X119.239 Y110.76
G1 F3600 X100.761 Y129.239 E212.16712
G1 X100.691 Y129.309
G0 F7200 X100.88 Y129.12
G0 X100.91 Y127.73
G0 X100.76 Y127.73
G1 F3600 X102.27 Y129.24 E212.18051
G1 X102.34 Y129.31
G0 F7200 X102.34 Y129.09
G0 X100.91 Y112.268
G0 X100.761 Y112.268
G1 F3600 X102.269 Y110.76 E212.19389
G1 X102.339 Y110.69
G0 F7200 X102.339 Y110.91
G0 X117.219 Y121.322
G0 X117.75 Y121.001
;TYPE:WALL-INNER
G1 F3600 X117.521 Y120.757 E212.19598
G1 X117.462 Y120.571 E212.19721
G1 X117.46 Y118.726 E212.20878
G1 X117.553 Y118.471 E212.21048
G1 X117.657 Y118.351 E212.21147
G1 X117.848 Y118.236 E212.21287
G1 X118.056 Y118.2 E212.2142
G1 X119.4 Y118.2 E212.22262
G1 X119.4 Y110.6 E212.27028
G1 X113.355 Y110.6 E212.30818
G1 X113.352 Y112.028 E212.31713
G1 X113.212 Y112.279 E212.31894
G1 X113.012 Y112.434 E212.32052
G1 X112.809 Y112.49 E212.32184
G1 X110.898 Y112.49 E212.33382
G1 X110.633 Y112.345 E212.33572
G1 X110.507 Y112.191 E212.33697
G1 X110.43 Y111.945 E212.33858
G1 X110.428 Y110.6 E212.34702
G1 X108.716 Y110.6 E212.35775
G1 X108.714 Y111.945 E212.36618
G1 X108.637 Y112.191 E212.3678
G1 X108.511 Y112.345 E212.36905
G1 X108.241 Y112.492 E212.37098
G1 X106.33 Y112.487 E212.38296
G1 X106.141 Y112.428 E212.3842
G1 X105.949 Y112.275 E212.38574
G1 X105.873 Y112.156 E212.38662
G1 X105.812 Y111.894 E212.38831
G1 X105.809 Y110.6 E212.39642
G1 X100.6 Y110.6 E212.42909
G1 X100.6 Y129.4 E212.54697
G1 X119.4 Y129.4 E212.66485
G1 X119.4 Y121.084 E212.71699
G1 X118.056 Y121.084 E212.72541
G1 X117.75 Y121.001 E212.7274
G0 F7200 X118.008 Y120.684
;TYPE:WALL-OUTER
G1 F1800 X117.907 Y120.618 E212.72816
G1 X117.858 Y120.513 E212.72889
G1 X117.857 Y118.775 E212.73978
G1 X117.945 Y118.633 E212.74083
G1 X118.056 Y118.6 E212.74156
G1 X119.8 Y118.6 E212.75249
G1 X119.8 Y110.2 E212.80516
G1 X112.956 Y110.2 E212.84808
G1 X112.952 Y111.893 E212.85869
G1 X112.924 Y111.996 E212.85936
G1 X112.818 Y112.092 E212.86026
G1 X111.009 Y112.092 E212.8716
G1 X110.828 Y111.975 E212.87295
G1 X110.828 Y110.2 E212.88408
G1 X108.316 Y110.2 E212.89983
G1 X108.316 Y111.91 E212.91055
G1 X108.248 Y112.043 E212.91149
G1 X108.151 Y112.09 E212.91217
G1 X106.341 Y112.091 E212.92351
G1 X106.212 Y111.96 E212.92467
G1 X106.208 Y110.2 E212.9357
G1 X100.2 Y110.2 E212.97337
G1 X100.2 Y129.8 E213.09627
G1 X119.8 Y129.8 E213.21917
G1 X119.8 Y120.684 E213.27632
G1 X118.008 Y120.684 E213.28756
G0 F7200 X117.907 Y120.618
G0 X117.874 Y120.547
G0 X116.848 Y120.546
;MESH:NONMESH
G0 F600 X116.848 Y120.546 Z6.3
G0 F7200 X100.88 Y110.88
G0 X100.76 Y110.76
;TIME_ELAPSED:813.632054
;LAYER:60
;TYPE:FILL
;MESH:xyzCalibration_cube.glb
G1 F3600 X119.24 Y129.24 E213.45143
G1 X119.31 Y129.31
G0 F7200 X119.12 Y129.12
G0 X117.73 Y129.09
G0 X117.73 Y129.24
G1 F3600 X119.24 Y127.73 E213.46482
G1 X119.31 Y127.66
G0 F7200 X119.09 Y127.66
G0 X119.09 Y123.583
G0 X119.24 Y123.583
G1 F3600 X108.292 Y112.635 E213.5619
G1 X108.222 Y112.565
G0 F7200 X108.222 Y112.804
G0 X106.12 Y112.804
G0 X106.12 Y112.566
G1 F3600 X100.761 Y117.925 E213.60942
G1 X100.691 Y117.995
G0 F7200 X100.91 Y117.995
G0 X100.91 Y116.417
G0 X100.76 Y116.417
G1 F3600 X113.583 Y129.239 E213.72312
G1 X113.653 Y129.309
G0 F7200 X113.653 Y129.09
G0 X112.073 Y129.09
G0 X112.073 Y129.24
G1 F3600 X119.24 Y122.073 E213.78667
G1 X119.31 Y122.003
G0 F7200 X119.09 Y122.003
G0 X117.219 Y121.321
G0 X117.22 Y117.964
G0 X119.09 Y117.926
G0 X119.24 Y117.926
G1 F3600 X113.414 Y112.1 E213.83834
G1 X113.344 Y112.03
G0 F7200 X113.6 Y112.031
G0 X113.601 Y110.892
G0 X113.451 Y110.891
G1 F3600 X113.583 Y110.76 E213.8395
G0 F7200 X113.583 Y110.91
G0 X113.527 Y112.732
G0 X111.693 Y112.804
G0 X111.693 Y112.649
G1 F3600 X100.761 Y123.581 E213.93644
G1 X100.691 Y123.651
G0 F7200 X100.91 Y123.651
G0 X100.91 Y122.074
G0 X100.761 Y122.074
G1 F3600 X107.926 Y129.239 E213.99997
G1 X107.996 Y129.309
G0 F7200 X107.996 Y129.09
G0 X106.416 Y129.09
G0 X106.416 Y129.24
G1 F3600 X119.24 Y116.416 E214.11369
G1 X119.31 Y116.346
G0 F7200 X119.09 Y116.346
G0 X119.09 Y112.269
G0 X119.24 Y112.269
G1 F3600 X117.731 Y110.76 E214.12707
G1 X117.661 Y110.69
G0 F7200 X117.661 Y110.91
G0 X119.12 Y110.88
G0 X119.239 Y110.76
G1 F3600 X100.761 Y129.238 E214.29092
G1 X100.691 Y129.308
G0 F7200 X100.88 Y129.12
G0 X100.91 Y127.731
G0 X100.761 Y127.731
G1 F3600 X102.269 Y129.239 E214.30429
G1 X102.339 Y129.309
G0 F7200 X102.339 Y129.09
G0 X100.91 Y112.268
G0 X100.761 Y112.268
G1 F3600 X102.269 Y110.76 E214.31767
G1 X102.339 Y110.69
G0 F7200 X102.339 Y110.91
G0 X117.219 Y121.321
G0 X117.923 Y121.08
;TYPE:WALL-INNER
G1 F3600 X117.672 Y120.942 E214.31946
G1 X117.56 Y120.819 E214.32051
G1 X117.456 Y120.586 E214.32211
G1 X117.46 Y118.729 E214.33375
G1 X117.597 Y118.412 E214.33591
G1 X117.847 Y118.237 E214.33783
G1 X118.056 Y118.2 E214.33916
G1 X119.4 Y118.2 E214.34759
G1 X119.4 Y110.6 E214.39524
G1 X113.291 Y110.6 E214.43354
G1 X113.288 Y111.894 E214.44166
G1 X113.257 Y112.084 E214.44286
G1 X113.089 Y112.339 E214.44478
G1 X112.878 Y112.462 E214.44631
G1 X112.745 Y112.49 E214.44716
G1 X110.916 Y112.49 E214.45863
G1 X110.778 Y112.462 E214.45951
G1 X110.583 Y112.353 E214.46091
G1 X110.453 Y112.201 E214.46217
G1 X110.37 Y111.945 E214.46386
G1 X110.368 Y110.6 E214.47229
G1 X108.776 Y110.6 E214.48227
G1 X108.774 Y111.945 E214.49071
G1 X108.691 Y112.201 E214.49239
G1 X108.561 Y112.353 E214.49365
G1 X108.233 Y112.49 E214.49588
G1 X106.386 Y112.487 E214.50746
G1 X106.199 Y112.429 E214.50868
G1 X106.007 Y112.277 E214.51022
G1 X105.93 Y112.16 E214.5111
G1 X105.868 Y111.894 E214.51281
G1 X105.865 Y110.6 E214.52092
G1 X100.6 Y110.6 E214.55394
G1 X100.601 Y129.399 E214.67181
G1 X119.4 Y129.4 E214.78968
G1 X119.4 Y121.08 E214.84185
G1 X117.923 Y121.08 E214.85111
G0 F7200 X118.008 Y120.68
;TYPE:WALL-OUTER
G1 F1800 X117.907 Y120.614 E214.85187
G1 X117.858 Y120.51 E214.85259
G1 X117.857 Y118.776 E214.86346
G1 X117.944 Y118.633 E214.86451
G1 X118.056 Y118.6 E214.86524
G1 X119.8 Y118.6 E214.87618
G1 X119.8 Y110.2 E214.92885
G1 X112.892 Y110.2 E214.97216
G1 X112.888 Y111.938 E214.98306
G1 X112.8 Y112.059 E214.984
G1 X112.707 Y112.092 E214.98462
G1 X110.95 Y112.092 E214.99563
G1 X110.839 Y112.046 E214.99639
G1 X110.768 Y111.91 E214.99735
G1 X110.768 Y110.2 E215.00807
G1 X108.376 Y110.2 E215.02307
G1 X108.376 Y111.91 E215.03379
G1 X108.305 Y112.046 E215.03475
G1 X108.195 Y112.092 E215.0355
G1 X106.398 Y112.091 E215.04677
G1 X106.268 Y111.962 E215.04792
G1 X106.264 Y110.2 E215.05897
G1 X100.2 Y110.2 E215.09699
G1 X100.201 Y129.799 E215.21988
G1 X119.8 Y129.8 E215.34277
G1 X119.8 Y120.68 E215.39995
G1 X118.008 Y120.68 E215.41119
G0 F7200 X117.907 Y120.614
G0 X117.874 Y120.543
G0 X116.848 Y120.542
;MESH:NONMESH
G0 F600 X116.848 Y120.542 Z6.4
G0 F7200 X100.88 Y110.88
G0 X100.76 Y110.76
;TIME_ELAPSED:822.529072
;LAYER:61
;TYPE:FILL
;MESH:xyzCalibration_cube.glb
G1 F3600 X119.24 Y129.24 E215.57506
G1 X119.31 Y129.31
G0 F7200 X119.12 Y129.12
G0 X117.73 Y129.09
G0 X117.73 Y129.24
G1 F3600 X119.24 Y127.73 E215.58845
G1 X119.31 Y127.66
G0 F7200 X119.09 Y127.66
G0 X119.09 Y123.583
G0 X119.24 Y123.583
G1 F3600 X108.305 Y112.648 E215.68541
G1 X108.235 Y112.578
G0 F7200 X108.235 Y112.804
G0 X106.145 Y112.804
G0 X106.145 Y112.54
G1 F3600 X100.761 Y117.925 E215.73316
G1 X100.691 Y117.995
G0 F7200 X100.91 Y117.995
G0 X100.91 Y116.417
G0 X100.76 Y116.417
G1 F3600 X113.583 Y129.239 E215.84686
G1 X113.653 Y129.309
G0 F7200 X113.653 Y129.09
G0 X112.073 Y129.09
G0 X112.073 Y129.24
G1 F3600 X119.24 Y122.073 E215.91041
G1 X119.31 Y122.003
G0 F7200 X119.09 Y122.003
G0 X117.22 Y121.32
G0 X117.221 Y117.962
G0 X119.09 Y117.926
G0 X119.24 Y117.926
G1 F3600 X113.359 Y112.045 E215.96256
G1 X113.289 Y111.975
G0 F7200 X113.536 Y111.976
G0 X113.537 Y110.956
G0 X113.387 Y110.955
G1 F3600 X113.583 Y110.76 E215.96429
G0 F7200 X113.583 Y110.91
G0 X113.464 Y112.732
G0 X111.693 Y112.804
G0 X111.693 Y112.649
G1 F3600 X100.761 Y123.581 E216.06123
G1 X100.691 Y123.651
G0 F7200 X100.91 Y123.651
G0 X100.91 Y122.074
G0 X100.761 Y122.074
G1 F3600 X107.926 Y129.239 E216.12477
G1 X107.996 Y129.309
G0 F7200 X107.996 Y129.09
G0 X106.416 Y129.09
G0 X106.416 Y129.24
G1 F3600 X119.24 Y116.416 E216.23848
G1 X119.31 Y116.346
G0 F7200 X119.09 Y116.346
G0 X119.09 Y112.269
G0 X119.24 Y112.269
G1 F3600 X117.731 Y110.76 E216.25186
G1 X117.661 Y110.69
G0 F7200 X117.661 Y110.91
G0 X119.12 Y110.88
G0 X119.239 Y110.76
G1 F3600 X100.761 Y129.238 E216.41571
G1 X100.691 Y129.308
G0 F7200 X100.88 Y129.12
G0 X100.91 Y127.731
G0 X100.761 Y127.731
G1 F3600 X102.269 Y129.239 E216.42909
G1 X102.339 Y129.309
G0 F7200 X102.339 Y129.09
G0 X100.91 Y112.268
G0 X100.761 Y112.268
G1 F3600 X102.269 Y110.76 E216.44246
G1 X102.339 Y110.69
G0 F7200 X102.339 Y110.91
G0 X117.22 Y121.32
G0 X117.923 Y121.08
;TYPE:WALL-INNER
G1 F3600 X117.672 Y120.942 E216.44425
G1 X117.56 Y120.819 E216.4453
G1 X117.456 Y120.587 E216.44689
G1 X117.459 Y118.732 E216.45852
G1 X117.548 Y118.48 E216.4602
G1 X117.653 Y118.355 E216.46122
G1 X117.846 Y118.237 E216.46264
G1 X118.056 Y118.2 E216.46398
G1 X119.4 Y118.2 E216.4724
G1 X119.4 Y110.6 E216.52006
G1 X113.227 Y110.6 E216.55876
G1 X113.224 Y111.894 E216.56688
G1 X113.192 Y112.086 E216.5681
G1 X113.029 Y112.336 E216.56997
G1 X112.815 Y112.461 E216.57152
G1 X112.681 Y112.49 E216.57238
G1 X110.802 Y112.49 E216.58416
G1 X110.529 Y112.362 E216.58606
G1 X110.395 Y112.211 E216.58732
G1 X110.306 Y111.944 E216.58909
G1 X110.306 Y110.601 E216.59751
G1 X108.833 Y110.601 E216.60674
G1 X108.83 Y111.944 E216.61516
G1 X108.741 Y112.211 E216.61693
G1 X108.607 Y112.362 E216.61819
G1 X108.286 Y112.49 E216.62036
G1 X106.442 Y112.487 E216.63192
G1 X106.256 Y112.43 E216.63314
G1 X106.065 Y112.279 E216.63467
G1 X105.988 Y112.163 E216.63554
G1 X105.924 Y111.894 E216.63728
G1 X105.921 Y110.6 E216.64539
G1 X100.6 Y110.6 E216.67875
G1 X100.601 Y129.399 E216.79663
G1 X119.4 Y129.4 E216.9145
G1 X119.4 Y121.08 E216.96667
G1 X117.923 Y121.08 E216.97593
G0 F7200 X118.008 Y120.68
;TYPE:WALL-OUTER
G1 F1800 X117.907 Y120.614 E216.97669
G1 X117.858 Y120.51 E216.97741
G1 X117.857 Y118.75 E216.98844
G1 X118.003 Y118.6 E216.98975
G1 X119.8 Y118.6 E217.00102
G1 X119.8 Y110.2 E217.05369
G1 X112.828 Y110.2 E217.09741
G1 X112.824 Y111.893 E217.10802
G1 X112.795 Y111.998 E217.10871
G1 X112.643 Y112.092 E217.10983
G1 X110.852 Y112.086 E217.12106
G1 X110.734 Y111.999 E217.12198
G1 X110.704 Y111.91 E217.12256
G1 X110.707 Y110.201 E217.13328
G1 X108.433 Y110.201 E217.14754
G1 X108.432 Y111.91 E217.15825
G1 X108.357 Y112.049 E217.15925
G1 X108.272 Y112.089 E217.15983
G1 X106.453 Y112.091 E217.17124
G1 X106.324 Y111.962 E217.17238
G1 X106.32 Y110.2 E217.18343
G1 X100.2 Y110.2 E217.22181
G1 X100.201 Y129.799 E217.34469
G1 X119.8 Y129.8 E217.46758
G1 X119.8 Y120.68 E217.52477
G1 X118.008 Y120.68 E217.536
G0 F7200 X117.907 Y120.614
G0 X117.874 Y120.543
G0 X116.849 Y120.542
;MESH:NONMESH
G0 F600 X116.849 Y120.542 Z6.5
G0 F7200 X100.88 Y110.88
G0 X100.76 Y110.76
;TIME_ELAPSED:831.426273
;LAYER:62
;TYPE:FILL
;MESH:xyzCalibration_cube.glb
G1 F3600 X119.24 Y129.24 E217.69987
G1 X119.31 Y129.31
G0 F7200 X119.12 Y129.12
G0 X117.73 Y129.09
G0 X117.73 Y129.24
G1 F3600 X119.24 Y127.73 E217.71326
G1 X119.31 Y127.66
G0 F7200 X119.09 Y127.66
G0 X119.09 Y123.583
G0 X119.24 Y123.583
G1 F3600 X108.303 Y112.646 E217.81025
G1 X108.233 Y112.576
G0 F7200 X108.233 Y112.804
G0 X106.169 Y112.804
G0 X106.169 Y112.517
G1 F3600 X100.761 Y117.925 E217.8582
G1 X100.691 Y117.995
G0 F7200 X100.91 Y117.995
G0 X100.91 Y116.417
G0 X100.76 Y116.417
G1 F3600 X113.583 Y129.239 E217.9719
G1 X113.653 Y129.309
G0 F7200 X113.653 Y129.09
G0 X112.073 Y129.09
G0 X112.073 Y129.24
G1 F3600 X119.24 Y122.073 E218.03545
G1 X119.31 Y122.003
G0 F7200 X119.09 Y122.003
G0 X117.22 Y121.319
G0 X117.221 Y117.961
G0 X119.09 Y117.926
G0 X119.24 Y117.926
G1 F3600 X113.307 Y111.993 E218.08807
G1 X113.237 Y111.923
G0 F7200 X113.324 Y111.018
G1 F3600 X113.583 Y110.76 E218.09036
G0 F7200 X113.583 Y110.91
G0 X113.401 Y112.732
G0 X111.692 Y112.804
G0 X111.692 Y112.651
G1 F3600 X100.761 Y123.581 E218.18728
G1 X100.691 Y123.651
G0 F7200 X100.91 Y123.651
G0 X100.91 Y122.074
G0 X100.761 Y122.074
G1 F3600 X107.926 Y129.239 E218.25082
G1 X107.996 Y129.309
G0 F7200 X107.996 Y129.09
G0 X106.416 Y129.09
G0 X106.416 Y129.24
G1 F3600 X119.239 Y116.417 E218.36452
G1 X119.309 Y116.347
G0 F7200 X119.09 Y116.347
G0 X119.09 Y112.269
G0 X119.24 Y112.269
G1 F3600 X117.731 Y110.76 E218.3779
G1 X117.661 Y110.69
G0 F7200 X117.661 Y110.91
G0 X119.12 Y110.88
G0 X119.239 Y110.76
G1 F3600 X100.761 Y129.238 E218.54176
G1 X100.691 Y129.308
G0 F7200 X100.88 Y129.12
G0 X100.91 Y127.731
G0 X100.761 Y127.731
G1 F3600 X102.269 Y129.239 E218.55513
G1 X102.339 Y129.309
G0 F7200 X102.339 Y129.09
G0 X100.91 Y112.268
G0 X100.761 Y112.268
G1 F3600 X102.269 Y110.76 E218.5685
G1 X102.339 Y110.69
G0 F7200 X102.339 Y110.91
G0 X117.22 Y121.319
G0 X117.923 Y121.08
;TYPE:WALL-INNER
G1 F3600 X117.672 Y120.942 E218.5703
G1 X117.56 Y120.819 E218.57134
G1 X117.456 Y120.587 E218.57293
G1 X117.459 Y118.731 E218.58457
G1 X117.545 Y118.48 E218.58623
G1 X117.651 Y118.352 E218.58728
G1 X117.845 Y118.234 E218.5887
G1 X118.056 Y118.196 E218.59004
G1 X119.4 Y118.196 E218.59847
G1 X119.4 Y110.6 E218.6461
G1 X113.164 Y110.6 E218.6852
G1 X113.164 Y111.892 E218.6933
G1 X113.074 Y112.21 E218.69537
G1 X112.896 Y112.393 E218.69697
G1 X112.622 Y112.49 E218.6988
G1 X110.753 Y112.486 E218.71052
G1 X110.48 Y112.37 E218.71238
G1 X110.342 Y112.222 E218.71364
G1 X110.246 Y111.944 E218.71549
G1 X110.246 Y110.601 E218.72391
G1 X108.893 Y110.601 E218.73239
G1 X108.89 Y111.944 E218.74081
G1 X108.794 Y112.222 E218.74266
G1 X108.656 Y112.37 E218.74393
G1 X108.342 Y112.491 E218.74604
G1 X106.495 Y112.487 E218.75762
G1 X106.309 Y112.43 E218.75884
G1 X106.119 Y112.281 E218.76035
G1 X105.976 Y112.013 E218.76226
G1 X105.976 Y110.6 E218.77112
G1 X100.6 Y110.6 E218.80482
G1 X100.601 Y129.399 E218.9227
G1 X119.4 Y129.4 E219.04057
G1 X119.4 Y121.08 E219.09274
G1 X117.923 Y121.08 E219.102
G0 F7200 X118.008 Y120.68
;TYPE:WALL-OUTER
G1 F1800 X117.907 Y120.614 E219.10276
G1 X117.858 Y120.51 E219.10348
G1 X117.857 Y118.774 E219.11436
G1 X117.901 Y118.668 E219.11508
G1 X118.002 Y118.596 E219.11586
G1 X119.8 Y118.596 E219.12713
G1 X119.8 Y110.2 E219.17978
G1 X112.764 Y110.2 E219.2239
G1 X112.764 Y111.943 E219.23482
G1 X112.701 Y112.039 E219.23554
G1 X112.584 Y112.092 E219.23635
G1 X110.801 Y112.088 E219.24753
G1 X110.676 Y112.002 E219.24848
G1 X110.644 Y111.91 E219.24909
G1 X110.647 Y110.201 E219.25981
G1 X108.493 Y110.201 E219.27331
G1 X108.492 Y111.91 E219.28403
G1 X108.414 Y112.052 E219.28504
G1 X108.309 Y112.092 E219.28575
G1 X106.549 Y112.091 E219.29678
G1 X106.423 Y112.022 E219.29769
G1 X106.376 Y111.933 E219.29832
G1 X106.376 Y110.2 E219.30918
G1 X100.2 Y110.2 E219.34791
G1 X100.201 Y129.799 E219.4708
G1 X119.8 Y129.8 E219.59369
G1 X119.8 Y120.68 E219.65087
G1 X118.008 Y120.68 E219.66211
G0 F7200 X117.907 Y120.614
G0 X117.874 Y120.543
G0 X116.849 Y120.542
;MESH:NONMESH
G0 F600 X116.849 Y120.542 Z6.6
G0 F7200 X100.88 Y110.88
G0 X100.76 Y110.76
;TIME_ELAPSED:840.304005
;LAYER:63
;TYPE:FILL
;MESH:xyzCalibration_cube.glb
G1 F3600 X119.24 Y129.24 E219.82598
G1 X119.31 Y129.31
G0 F7200 X119.12 Y129.12
G0 X117.73 Y129.09
G0 X117.73 Y129.24
G1 F3600 X119.24 Y127.73 E219.83937
G1 X119.31 Y127.66
G0 F7200 X119.09 Y127.66
G0 X119.09 Y123.583
G0 X119.24 Y123.583
G1 F3600 X108.307 Y112.65 E219.93631
G1 X108.237 Y112.58
G0 F7200 X108.237 Y112.804
G0 X106.193 Y112.804
G0 X106.193 Y112.493
G1 F3600 X100.761 Y117.925 E219.98448
G1 X100.691 Y117.995
G0 F7200 X100.91 Y117.995
G0 X100.91 Y116.417
G0 X100.76 Y116.417
G1 F3600 X113.583 Y129.239 E220.09818
G1 X113.653 Y129.309
G0 F7200 X113.653 Y129.09
G0 X112.073 Y129.09
G0 X112.073 Y129.24
G1 F3600 X119.24 Y122.073 E220.16173
G1 X119.31 Y122.003
G0 F7200 X119.09 Y122.003
G0 X117.22 Y121.317
G0 X117.221 Y117.96
G0 X119.09 Y117.926
G0 X119.24 Y117.926
G1 F3600 X113.252 Y111.938 E220.21483
G1 X113.182 Y111.868
G0 F7200 X113.26 Y111.082
G1 F3600 X113.583 Y110.76 E220.21769
G0 F7200 X113.583 Y110.91
G0 X113.338 Y112.732
G0 X111.692 Y112.804
G0 X111.692 Y112.65
G1 F3600 X100.761 Y123.581 E220.31462
G1 X100.691 Y123.651
G0 F7200 X100.91 Y123.651
G0 X100.91 Y122.074
G0 X100.761 Y122.074
G1 F3600 X107.926 Y129.239 E220.37816
G1 X107.996 Y129.309
G0 F7200 X107.996 Y129.09
G0 X106.416 Y129.09
G0 X106.416 Y129.24
G1 F3600 X119.239 Y116.417 E220.49186
G1 X119.309 Y116.347
G0 F7200 X119.09 Y116.347
G0 X119.09 Y112.269
G0 X119.24 Y112.269
G1 F3600 X117.731 Y110.76 E220.50524
G1 X117.661 Y110.69
G0 F7200 X117.661 Y110.91
G0 X119.12 Y110.88
G0 X119.239 Y110.76
G1 F3600 X100.761 Y129.238 E220.6691
G1 X100.691 Y129.308
G0 F7200 X100.88 Y129.12
G0 X100.91 Y127.731
G0 X100.761 Y127.731
G1 F3600 X102.269 Y129.239 E220.68247
G1 X102.339 Y129.309
G0 F7200 X102.339 Y129.09
G0 X100.91 Y112.268
G0 X100.761 Y112.268
G1 F3600 X102.269 Y110.76 E220.69584
G1 X102.339 Y110.69
G0 F7200 X102.339 Y110.91
G0 X117.22 Y121.317
G0 X117.75 Y120.993
;TYPE:WALL-INNER
G1 F3600 X117.521 Y120.749 E220.69794
G1 X117.456 Y120.505 E220.69952
G1 X117.459 Y118.734 E220.71063
G1 X117.543 Y118.484 E220.71228
G1 X117.64 Y118.362 E220.71326
G1 X117.844 Y118.234 E220.71477
G1 X118.056 Y118.196 E220.71612
G1 X119.4 Y118.196 E220.72454
G1 X119.4 Y110.6 E220.77217
G1 X113.1 Y110.6 E220.81167
G1 X113.1 Y111.892 E220.81978
G1 X113.008 Y112.213 E220.82187
G1 X112.835 Y112.391 E220.82343
G1 X112.558 Y112.49 E220.82527
G1 X110.708 Y112.492 E220.83687
G1 X110.39 Y112.346 E220.83906
G1 X110.263 Y112.192 E220.84032
G1 X110.186 Y111.945 E220.84194
G1 X110.184 Y110.6 E220.85037
G1 X108.952 Y110.6 E220.8581
G1 X108.95 Y111.945 E220.86653
G1 X108.873 Y112.192 E220.86815
G1 X108.746 Y112.346 E220.8694
G1 X108.48 Y112.49 E220.8713
G1 X106.551 Y112.487 E220.8834
G1 X106.366 Y112.431 E220.88461
G1 X106.176 Y112.283 E220.88612
G1 X106.032 Y112.016 E220.88802
G1 X106.032 Y110.6 E220.8969
G1 X100.6 Y110.6 E220.93096
G1 X100.601 Y129.399 E221.04883
G1 X119.4 Y129.4 E221.1667
G1 X119.4 Y121.076 E221.2189
G1 X118.056 Y121.076 E221.22732
G1 X117.75 Y120.993 E221.22931
G0 F7200 X118.008 Y120.676
;TYPE:WALL-OUTER
G1 F1800 X117.907 Y120.61 E221.23007
G1 X117.858 Y120.506 E221.23079
G1 X117.857 Y118.749 E221.24181
G1 X118.002 Y118.596 E221.24313
G1 X119.8 Y118.596 E221.2544
G1 X119.8 Y110.2 E221.30705
G1 X112.7 Y110.2 E221.35156
G1 X112.7 Y111.892 E221.36217
G1 X112.67 Y111.999 E221.36287
G1 X112.52 Y112.092 E221.36398
G1 X110.735 Y112.087 E221.37517
G1 X110.652 Y112.044 E221.37576
G1 X110.584 Y111.91 E221.3767
G1 X110.584 Y110.2 E221.38742
G1 X108.552 Y110.2 E221.40016
G1 X108.552 Y111.91 E221.41088
G1 X108.436 Y112.092 E221.41224
G1 X106.605 Y112.091 E221.42372
G1 X106.48 Y112.023 E221.42461
G1 X106.432 Y111.934 E221.42524
G1 X106.432 Y110.2 E221.43612
G1 X100.2 Y110.2 E221.47519
G1 X100.201 Y129.799 E221.59808
G1 X119.8 Y129.8 E221.72097
G1 X119.8 Y120.676 E221.77818
G1 X118.008 Y120.676 E221.78942
G0 F7200 X117.907 Y120.61
G0 X117.874 Y120.539
G0 X116.849 Y120.538
;MESH:NONMESH
G0 F600 X116.849 Y120.538 Z6.7
G0 F7200 X100.88 Y110.88
G0 X100.76 Y110.76
;TIME_ELAPSED:849.184544
;LAYER:64
;TYPE:FILL
;MESH:xyzCalibration_cube.glb
G1 F3600 X119.24 Y129.24 E221.95328
G1 X119.31 Y129.31
G0 F7200 X119.12 Y129.12
G0 X117.73 Y129.09
G0 X117.73 Y129.24
G1 F3600 X119.24 Y127.73 E221.96667
G1 X119.31 Y127.66
G0 F7200 X119.09 Y127.66
G0 X119.09 Y123.583
G0 X119.24 Y123.583
G1 F3600 X108.309 Y112.652 E222.0636
G1 X108.239 Y112.582
G0 F7200 X108.239 Y112.804
G0 X106.217 Y112.806
G0 X106.217 Y112.468
G1 F3600 X100.761 Y117.925 E222.11199
G1 X100.691 Y117.995
G0 F7200 X100.91 Y117.995
G0 X100.91 Y116.417
G0 X100.76 Y116.417
G1 F3600 X113.583 Y129.239 E222.22569
G1 X113.653 Y129.309
G0 F7200 X113.653 Y129.09
G0 X112.073 Y129.09
G0 X112.073 Y129.24
G1 F3600 X119.24 Y122.073 E222.28924
G1 X119.31 Y122.003
G0 F7200 X119.09 Y122.003
G0 X117.22 Y121.316
G0 X117.221 Y117.959
G0 X119.09 Y117.926
G0 X119.24 Y117.926
G1 F3600 X113.196 Y111.883 E222.34283
G0 F7200 X113.199 Y111.144
G1 F3600 X113.583 Y110.76 E222.34624
G0 F7200 X113.583 Y110.91
G0 X113.274 Y112.733
G0 X111.691 Y112.804
G0 X111.692 Y112.65
G1 F3600 X100.761 Y123.581 E222.44317
G1 X100.691 Y123.651
G0 F7200 X100.91 Y123.651
G0 X100.91 Y122.074
G0 X100.761 Y122.074
G1 F3600 X107.926 Y129.239 E222.5067
G1 X107.996 Y129.309
G0 F7200 X107.996 Y129.09
G0 X106.416 Y129.09
G0 X106.416 Y129.24
G1 F3600 X119.239 Y116.417 E222.62041
G1 X119.309 Y116.347
G0 F7200 X119.09 Y116.347
G0 X119.09 Y112.269
G0 X119.24 Y112.269
G1 F3600 X117.731 Y110.76 E222.63379
G1 X117.661 Y110.69
G0 F7200 X117.661 Y110.91
G0 X119.12 Y110.88
G0 X119.239 Y110.76
G1 F3600 X100.761 Y129.238 E222.79764
G1 X100.691 Y129.308
G0 F7200 X100.88 Y129.12
G0 X100.91 Y127.731
G0 X100.761 Y127.731
G1 F3600 X102.269 Y129.239 E222.81101
G1 X102.339 Y129.309
G0 F7200 X102.339 Y129.09
G0 X100.91 Y112.268
G0 X100.761 Y112.268
G1 F3600 X102.269 Y110.76 E222.82439
G1 X102.339 Y110.69
G0 F7200 X102.339 Y110.91
G0 X117.22 Y121.316
G0 X117.75 Y120.993
;TYPE:WALL-INNER
G1 F3600 X117.521 Y120.749 E222.82648
G1 X117.456 Y120.505 E222.82807
G1 X117.458 Y118.737 E222.83915
G1 X117.54 Y118.488 E222.8408
G1 X117.647 Y118.356 E222.84186
G1 X117.843 Y118.234 E222.84331
G1 X118.056 Y118.196 E222.84467
G1 X119.4 Y118.196 E222.85309
G1 X119.4 Y110.6 E222.90072
G1 X113.039 Y110.6 E222.94061
G1 X113.036 Y111.894 E222.94872
G1 X113.002 Y112.093 E222.94999
G1 X112.852 Y112.325 E222.95172
G1 X112.709 Y112.427 E222.95282
G1 X112.495 Y112.49 E222.95422
G1 X110.625 Y112.492 E222.96594
G1 X110.342 Y112.355 E222.96791
G1 X110.21 Y112.203 E222.96918
G1 X110.126 Y111.945 E222.97088
G1 X110.124 Y110.6 E222.97931
G1 X109.012 Y110.6 E222.98628
G1 X109.01 Y111.945 E222.99472
G1 X108.926 Y112.203 E222.99642
G1 X108.702 Y112.418 E222.99837
G1 X108.468 Y112.49 E222.9999
G1 X106.607 Y112.487 E223.01157
G1 X106.424 Y112.431 E223.01277
G1 X106.234 Y112.285 E223.01427
G1 X106.088 Y112.017 E223.01619
G1 X106.088 Y110.6 E223.02507
G1 X100.6 Y110.6 E223.05948
G1 X100.601 Y129.399 E223.17735
G1 X119.4 Y129.4 E223.29523
G1 X119.4 Y121.076 E223.34742
G1 X118.056 Y121.076 E223.35585
G1 X117.75 Y120.993 E223.35784
G0 F7200 X118.008 Y120.676
;TYPE:WALL-OUTER
G1 F1800 X117.907 Y120.61 E223.35859
G1 X117.858 Y120.506 E223.35931
G1 X117.856 Y118.734 E223.37042
G1 X117.943 Y118.63 E223.37127
G1 X118.056 Y118.596 E223.37201
G1 X119.8 Y118.596 E223.38295
G1 X119.8 Y110.2 E223.43559
G1 X112.64 Y110.2 E223.48049
G1 X112.636 Y111.942 E223.49141
G1 X112.575 Y112.037 E223.49212
G1 X112.456 Y112.092 E223.49294
G1 X110.678 Y112.087 E223.50409
G1 X110.552 Y111.996 E223.50506
G1 X110.524 Y111.91 E223.50563
G1 X110.524 Y110.2 E223.51635
G1 X108.612 Y110.2 E223.52834
G1 X108.612 Y111.91 E223.53906
G1 X108.584 Y111.996 E223.53963
G1 X108.44 Y112.091 E223.54071
G1 X106.661 Y112.091 E223.55187
G1 X106.536 Y112.023 E223.55276
G1 X106.488 Y111.935 E223.55339
G1 X106.488 Y110.2 E223.56427
G1 X100.2 Y110.2 E223.60369
G1 X100.201 Y129.799 E223.72658
G1 X119.8 Y129.8 E223.84947
G1 X119.8 Y120.676 E223.90668
G1 X118.008 Y120.676 E223.91792
G0 F7200 X117.907 Y120.61
G0 X117.874 Y120.539
G0 X116.849 Y120.538
;MESH:NONMESH
G0 F600 X116.849 Y120.538 Z6.8
G0 F7200 X100.88 Y110.88
G0 X100.76 Y110.76
;TIME_ELAPSED:858.063265
;LAYER:65
;TYPE:FILL
;MESH:xyzCalibration_cube.glb
G1 F3600 X119.24 Y129.24 E224.08179
G1 X119.31 Y129.31
G0 F7200 X119.12 Y129.12
G0 X117.73 Y129.09
G0 X117.73 Y129.24
G1 F3600 X119.24 Y127.73 E224.09518
G1 X119.31 Y127.66
G0 F7200 X119.09 Y127.66
G0 X119.09 Y123.583
G0 X119.24 Y123.583
G1 F3600 X108.308 Y112.651 E224.19211
G1 X108.238 Y112.581
G0 F7200 X108.238 Y112.804
G0 X106.241 Y112.806
G0 X106.241 Y112.444
G1 F3600 X100.761 Y117.925 E224.24071
G1 X100.691 Y117.995
G0 F7200 X100.91 Y117.995
G0 X100.91 Y116.417
G0 X100.76 Y116.417
G1 F3600 X113.583 Y129.239 E224.35441
G1 X113.653 Y129.309
G0 F7200 X113.653 Y129.09
G0 X112.073 Y129.09
G0 X112.073 Y129.24
G1 F3600 X119.24 Y122.073 E224.41797
G1 X119.31 Y122.003
G0 F7200 X119.09 Y122.003
G0 X117.22 Y121.315
G0 X117.221 Y117.958
G0 X119.09 Y117.926
G0 X119.24 Y117.926
G1 F3600 X113.131 Y111.818 E224.47213
G0 F7200 X113.134 Y111.208
G1 F3600 X113.582 Y110.76 E224.47611
G0 F7200 X113.582 Y110.91
G0 X113.211 Y112.733
G0 X111.691 Y112.804
G0 X111.692 Y112.65
G1 F3600 X100.761 Y123.581 E224.57303
G1 X100.691 Y123.651
G0 F7200 X100.91 Y123.651
G0 X100.91 Y122.074
G0 X100.761 Y122.074
G1 F3600 X107.926 Y129.239 E224.63657
G1 X107.996 Y129.309
G0 F7200 X107.996 Y129.09
G0 X106.416 Y129.09
G0 X106.416 Y129.24
G1 F3600 X119.239 Y116.417 E224.75028
G1 X119.309 Y116.347
G0 F7200 X119.09 Y116.347
G0 X119.09 Y112.269
G0 X119.24 Y112.269
G1 F3600 X117.731 Y110.76 E224.76366
G1 X117.661 Y110.69
G0 F7200 X117.661 Y110.91
G0 X119.12 Y110.88
G0 X119.239 Y110.76
G1 F3600 X100.761 Y129.238 E224.92751
G1 X100.691 Y129.308
G0 F7200 X100.88 Y129.12
G0 X100.91 Y127.731
G0 X100.761 Y127.731
G1 F3600 X102.269 Y129.239 E224.94088
G1 X102.339 Y129.309
G0 F7200 X102.339 Y129.09
G0 X100.91 Y112.268
G0 X100.761 Y112.268
G1 F3600 X102.269 Y110.76 E224.95425
G1 X102.339 Y110.69
G0 F7200 X102.339 Y110.91
G0 X117.22 Y121.315
G0 X117.75 Y120.993
;TYPE:WALL-INNER
G1 F3600 X117.521 Y120.749 E224.95635
G1 X117.456 Y120.505 E224.95793
G1 X117.458 Y118.74 E224.969
G1 X117.537 Y118.493 E224.97063
G1 X117.635 Y118.367 E224.97163
G1 X117.842 Y118.235 E224.97317
G1 X118.056 Y118.196 E224.97453
G1 X119.4 Y118.196 E224.98296
G1 X119.4 Y110.6 E225.03059
G1 X112.975 Y110.6 E225.07087
G1 X112.972 Y111.894 E225.07899
G1 X112.876 Y112.219 E225.08111
G1 X112.712 Y112.387 E225.08258
G1 X112.431 Y112.49 E225.08446
G1 X110.579 Y112.487 E225.09607
G1 X110.386 Y112.425 E225.09734
G1 X110.158 Y112.216 E225.09928
G1 X110.066 Y111.944 E225.10108
G1 X110.064 Y110.6 E225.10951
G1 X109.072 Y110.6 E225.11573
G1 X109.07 Y111.944 E225.12416
G1 X108.978 Y112.216 E225.12596
G1 X108.75 Y112.425 E225.1279
G1 X108.554 Y112.491 E225.12919
G1 X106.664 Y112.487 E225.14104
G1 X106.481 Y112.432 E225.14224
G1 X106.292 Y112.288 E225.14373
G1 X106.144 Y112.017 E225.14567
G1 X106.144 Y110.6 E225.15455
G1 X100.6 Y110.6 E225.18932
G1 X100.601 Y129.399 E225.30719
G1 X119.4 Y129.4 E225.42506
G1 X119.4 Y121.076 E225.47725
G1 X118.056 Y121.076 E225.48568
G1 X117.75 Y120.993 E225.48767
G0 F7200 X118.008 Y120.676
;TYPE:WALL-OUTER
G1 F1800 X117.907 Y120.61 E225.48843
G1 X117.858 Y120.506 E225.48915
G1 X117.856 Y118.735 E225.50025
G1 X117.942 Y118.631 E225.5011
G1 X118.056 Y118.596 E225.50185
G1 X119.8 Y118.596 E225.51278
G1 X119.8 Y110.2 E225.56543
G1 X112.576 Y110.2 E225.61072
G1 X112.572 Y111.893 E225.62134
G1 X112.54 Y112.001 E225.62204
G1 X112.392 Y112.092 E225.62313
G1 X110.62 Y112.088 E225.63424
G1 X110.495 Y112 E225.6352
G1 X110.464 Y111.91 E225.6358
G1 X110.464 Y110.2 E225.64652
G1 X108.672 Y110.2 E225.65776
G1 X108.672 Y111.91 E225.66848
G1 X108.596 Y112.05 E225.66948
G1 X108.507 Y112.09 E225.67009
G1 X106.717 Y112.091 E225.68131
G1 X106.593 Y112.024 E225.6822
G1 X106.544 Y111.934 E225.68284
G1 X106.544 Y110.2 E225.69371
G1 X100.2 Y110.2 E225.73349
G1 X100.201 Y129.799 E225.85638
G1 X119.8 Y129.8 E225.97927
G1 X119.8 Y120.676 E226.03648
G1 X118.008 Y120.676 E226.04771
G0 F7200 X117.907 Y120.61
G0 X117.874 Y120.539
G0 X116.849 Y120.538
;MESH:NONMESH
G0 F600 X116.849 Y120.538 Z6.9
G0 F7200 X100.88 Y110.88
G0 X100.76 Y110.76
;TIME_ELAPSED:866.944639
;LAYER:66
;TYPE:FILL
;MESH:xyzCalibration_cube.glb
G1 F3600 X119.24 Y129.24 E226.21158
G1 X119.31 Y129.31
G0 F7200 X119.12 Y129.12
G0 X117.73 Y129.09
G0 X117.73 Y129.24
G1 F3600 X119.24 Y127.73 E226.22497
G1 X119.31 Y127.66
G0 F7200 X119.09 Y127.66
G0 X119.09 Y123.583
G0 X119.24 Y123.583
G1 F3600 X108.308 Y112.651 E226.32191
G1 X108.238 Y112.581
G0 F7200 X108.238 Y112.804
G0 X105.964 Y112.734
G0 X106.265 Y112.421
G1 F3600 X100.761 Y117.925 E226.37072
G1 X100.691 Y117.995
G0 F7200 X100.91 Y117.995
G0 X100.91 Y116.417
G0 X100.76 Y116.417
G1 F3600 X113.583 Y129.239 E226.48442
G1 X113.653 Y129.309
G0 F7200 X113.653 Y129.09
G0 X112.073 Y129.09
G0 X112.073 Y129.24
G1 F3600 X119.24 Y122.073 E226.54797
G1 X119.31 Y122.003
G0 F7200 X119.09 Y122.003
G0 X117.22 Y121.314
G0 X117.221 Y117.957
G0 X119.09 Y117.926
G0 X119.24 Y117.926
G1 F3600 X113.068 Y111.754 E226.6027
G0 F7200 X113.07 Y111.272
G1 F3600 X113.583 Y110.76 E226.60725
G0 F7200 X113.583 Y110.91
G0 X113.148 Y112.733
G0 X111.694 Y112.804
G0 X111.695 Y112.648
G1 F3600 X100.761 Y123.581 E226.7042
G1 X100.691 Y123.651
G0 F7200 X100.91 Y123.651
G0 X100.91 Y122.074
G0 X100.761 Y122.074
G1 F3600 X107.926 Y129.239 E226.76773
G1 X107.996 Y129.309
G0 F7200 X107.996 Y129.09
G0 X106.416 Y129.09
G0 X106.416 Y129.24
G1 F3600 X119.24 Y116.416 E226.88145
G1 X119.31 Y116.346
G0 F7200 X119.09 Y116.346
G0 X119.09 Y112.269
G0 X119.24 Y112.269
G1 F3600 X117.731 Y110.76 E226.89483
G1 X117.661 Y110.69
G0 F7200 X117.661 Y110.91
G0 X119.12 Y110.88
G0 X119.239 Y110.76
G1 F3600 X100.761 Y129.238 E227.05868
G1 X100.691 Y129.308
G0 F7200 X100.88 Y129.12
G0 X100.91 Y127.731
G0 X100.761 Y127.731
G1 F3600 X102.269 Y129.239 E227.07205
G1 X102.339 Y129.309
G0 F7200 X102.339 Y129.09
G0 X100.91 Y112.268
G0 X100.761 Y112.268
G1 F3600 X102.269 Y110.76 E227.08542
G1 X102.339 Y110.69
G0 F7200 X102.339 Y110.91
G0 X117.22 Y121.314
G0 X117.75 Y120.993
;TYPE:WALL-INNER
G1 F3600 X117.521 Y120.749 E227.08752
G1 X117.456 Y120.505 E227.0891
G1 X117.456 Y118.713 E227.10034
G1 X117.582 Y118.423 E227.10232
G1 X117.841 Y118.231 E227.10435
G1 X118.056 Y118.192 E227.10572
G1 X119.4 Y118.192 E227.11414
G1 X119.4 Y110.6 E227.16175
G1 X112.911 Y110.6 E227.20243
G1 X112.908 Y111.894 E227.21055
G1 X112.873 Y112.097 E227.21184
G1 X112.731 Y112.319 E227.21349
G1 X112.586 Y112.425 E227.21462
G1 X112.367 Y112.49 E227.21605
G1 X110.524 Y112.492 E227.22761
G1 X110.243 Y112.375 E227.22951
G1 X110.103 Y112.229 E227.23078
G1 X110.002 Y111.944 E227.23268
G1 X110.002 Y110.601 E227.2411
G1 X109.129 Y110.601 E227.24657
G1 X109.126 Y111.944 E227.25499
G1 X109.025 Y112.229 E227.25689
G1 X108.885 Y112.375 E227.25816
G1 X108.649 Y112.492 E227.25981
G1 X106.72 Y112.487 E227.2719
G1 X106.538 Y112.433 E227.27309
G1 X106.35 Y112.29 E227.27458
G1 X106.2 Y112.021 E227.27651
G1 X106.197 Y110.6 E227.28542
G1 X100.6 Y110.6 E227.32051
G1 X100.601 Y129.399 E227.43838
G1 X119.4 Y129.4 E227.55626
G1 X119.4 Y121.076 E227.60845
G1 X118.056 Y121.076 E227.61688
G1 X117.75 Y120.993 E227.61887
G0 F7200 X118.008 Y120.676
;TYPE:WALL-OUTER
G1 F1800 X117.907 Y120.61 E227.61962
G1 X117.858 Y120.506 E227.62034
G1 X117.856 Y118.752 E227.63134
G1 X117.918 Y118.646 E227.63211
G1 X118.005 Y118.592 E227.63275
G1 X119.8 Y118.592 E227.64401
G1 X119.8 Y110.2 E227.69663
G1 X112.512 Y110.2 E227.74232
G1 X112.508 Y111.893 E227.75294
G1 X112.476 Y112.002 E227.75365
G1 X112.328 Y112.092 E227.75474
G1 X110.552 Y112.087 E227.76587
G1 X110.434 Y112.005 E227.76678
G1 X110.4 Y111.91 E227.76741
G1 X110.403 Y110.201 E227.77812
G1 X108.729 Y110.201 E227.78862
G1 X108.728 Y111.91 E227.79934
G1 X108.694 Y112.005 E227.79997
G1 X108.553 Y112.091 E227.801
G1 X106.773 Y112.091 E227.81217
G1 X106.65 Y112.025 E227.81304
G1 X106.6 Y111.936 E227.81368
G1 X106.596 Y110.2 E227.82457
G1 X100.2 Y110.2 E227.86467
G1 X100.201 Y129.799 E227.98756
G1 X119.8 Y129.8 E228.11045
G1 X119.8 Y120.676 E228.16766
G1 X118.008 Y120.676 E228.17889
G0 F7200 X117.907 Y120.61
G0 X117.874 Y120.539
G0 X116.849 Y120.538
;MESH:NONMESH
G0 F600 X116.849 Y120.538 Z7
G0 F7200 X100.88 Y110.88
G0 X100.761 Y110.761
;TIME_ELAPSED:875.832943
;LAYER:67
;TYPE:FILL
;MESH:xyzCalibration_cube.glb
G1 F3600 X119.24 Y129.24 E228.34275
G1 X119.31 Y129.31
G0 F7200 X119.12 Y129.12
G0 X117.73 Y129.09
G0 X117.73 Y129.24
G1 F3600 X119.239 Y127.73 E228.35614
G1 X119.309 Y127.66
G0 F7200 X119.09 Y127.66
G0 X119.09 Y123.583
G0 X119.24 Y123.583
G1 F3600 X108.306 Y112.649 E228.4531
G1 X108.236 Y112.579
G0 F7200 X108.236 Y112.804
G0 X106.02 Y112.734
G0 X106.288 Y112.397
G1 F3600 X100.761 Y117.924 E228.50211
G1 X100.691 Y117.994
G0 F7200 X100.91 Y117.994
G0 X100.91 Y116.418
G0 X100.761 Y116.418
G1 F3600 X113.583 Y129.239 E228.6158
G1 X113.653 Y129.309
G0 F7200 X113.653 Y129.09
G0 X112.073 Y129.09
G0 X112.073 Y129.24
G1 F3600 X119.239 Y122.074 E228.67934
G1 X119.309 Y122.004
G0 F7200 X119.09 Y122.004
G0 X117.22 Y121.313
G0 X117.221 Y117.956
G0 X119.09 Y117.926
G0 X119.24 Y117.926
G1 F3600 X113.008 Y111.694 E228.7346
G0 F7200 X113.008 Y111.334
G1 F3600 X113.583 Y110.76 E228.7397
G1 X113.653 Y110.69
G0 F7200 X113.653 Y110.91
G0 X113.085 Y112.733
G0 X111.691 Y112.804
G0 X111.692 Y112.65
G1 F3600 X100.761 Y123.581 E228.83663
G1 X100.691 Y123.651
G0 F7200 X100.91 Y123.651
G0 X100.91 Y122.075
G0 X100.761 Y122.075
G1 F3600 X107.926 Y129.239 E228.90016
G1 X107.996 Y129.309
G0 F7200 X107.996 Y129.09
G0 X106.416 Y129.09
G0 X106.416 Y129.24
G1 F3600 X119.24 Y116.416 E229.01387
G1 X119.31 Y116.346
G0 F7200 X119.09 Y116.346
G0 X119.09 Y112.269
G0 X119.24 Y112.269
G1 F3600 X117.731 Y110.76 E229.02725
G1 X117.661 Y110.69
G0 F7200 X117.661 Y110.91
G0 X119.12 Y110.88
G0 X119.239 Y110.76
G1 F3600 X100.761 Y129.238 E229.19111
G1 X100.691 Y129.308
G0 F7200 X100.88 Y129.12
G0 X100.91 Y127.732
G0 X100.761 Y127.732
G1 F3600 X102.269 Y129.239 E229.20447
G1 X102.339 Y129.309
G0 F7200 X102.339 Y129.09
G0 X100.91 Y112.267
G0 X100.761 Y112.267
G1 F3600 X102.268 Y110.76 E229.21784
G1 X102.338 Y110.69
G0 F7200 X102.338 Y110.91
G0 X117.22 Y121.313
G0 X117.923 Y121.072
;TYPE:WALL-INNER
G1 F3600 X117.672 Y120.934 E229.21963
G1 X117.56 Y120.811 E229.22067
G1 X117.456 Y120.579 E229.22227
G1 X117.456 Y118.717 E229.23394
G1 X117.58 Y118.426 E229.23593
G1 X117.84 Y118.231 E229.23797
G1 X118.056 Y118.192 E229.23934
G1 X119.4 Y118.192 E229.24777
G1 X119.4 Y110.6 E229.29537
G1 X112.848 Y110.6 E229.33645
G1 X112.848 Y111.892 E229.34456
G1 X112.749 Y112.224 E229.34673
G1 X112.605 Y112.375 E229.34804
G1 X112.308 Y112.49 E229.35003
G1 X110.457 Y112.487 E229.36164
G1 X110.197 Y112.385 E229.36339
G1 F2938.8 X109.852 Y111.952 E229.36764
G1 F2491.3 X109.853 Y110.689 E229.37909
G1 F2500 X109.277 Y110.689 E229.38429
G1 F2491.3 X109.276 Y111.952 E229.39573
G1 F2938.8 X108.931 Y112.385 E229.39998
G1 F3600 X108.704 Y112.492 E229.40156
G1 X106.777 Y112.487 E229.41364
G1 X106.595 Y112.433 E229.41483
G1 X106.407 Y112.292 E229.4163
G1 X106.256 Y112.022 E229.41824
G1 X106.253 Y110.6 E229.42716
G1 X100.601 Y110.601 E229.4626
G1 X100.601 Y129.399 E229.58046
G1 X119.4 Y129.4 E229.69834
G1 X119.4 Y121.072 E229.75056
G1 X117.923 Y121.072 E229.75982
G0 F7200 X118.008 Y120.672
;TYPE:WALL-OUTER
G1 F1800 X117.907 Y120.606 E229.76057
G1 X117.858 Y120.502 E229.76129
G1 X117.858 Y118.757 E229.77224
G1 X117.941 Y118.627 E229.7732
G1 X118.056 Y118.592 E229.77396
G1 X119.8 Y118.592 E229.78489
G1 X119.8 Y110.2 E229.83751
G1 X112.448 Y110.2 E229.88361
G1 X112.448 Y111.942 E229.89453
G1 X112.39 Y112.034 E229.89521
G1 X112.268 Y112.092 E229.89606
G1 X110.501 Y112.089 E229.90714
G1 X110.377 Y112.009 E229.90807
G1 X110.34 Y111.91 E229.90873
G1 X110.343 Y110.201 E229.91944
G1 X108.789 Y110.201 E229.92919
G1 X108.788 Y111.91 E229.9399
G1 X108.751 Y112.009 E229.94057
G1 X108.623 Y112.09 E229.94152
G1 X106.829 Y112.091 E229.95277
G1 X106.706 Y112.026 E229.95364
G1 X106.656 Y111.936 E229.95428
G1 X106.652 Y110.2 E229.96517
G1 X100.201 Y110.201 E230.00562
G1 X100.201 Y129.799 E230.1285
G1 X119.8 Y129.8 E230.25139
G1 X119.8 Y120.672 E230.30862
G1 X118.008 Y120.672 E230.31986
G0 F7200 X117.907 Y120.606
G0 X117.874 Y120.535
G0 X116.849 Y120.534
;MESH:NONMESH
G0 F600 X116.849 Y120.534 Z7.1
G0 F7200 X100.88 Y110.88
G0 X100.76 Y110.76
;TIME_ELAPSED:884.742462
;LAYER:68
;TYPE:FILL
;MESH:xyzCalibration_cube.glb
G1 F3600 X119.24 Y129.24 E230.48373
G1 X119.31 Y129.31
G0 F7200 X119.12 Y129.12
G0 X117.73 Y129.09
G0 X117.73 Y129.24
G1 F3600 X119.239 Y127.73 E230.49711
G1 X119.309 Y127.66
G0 F7200 X119.09 Y127.66
G0 X119.09 Y123.583
G0 X119.24 Y123.583
G1 F3600 X108.305 Y112.648 E230.59408
G1 X108.235 Y112.578
G0 F7200 X108.235 Y112.805
G0 X106.075 Y112.733
G0 X106.324 Y112.361
G1 F3600 X100.761 Y117.925 E230.64341
G1 X100.691 Y117.995
G0 F7200 X100.91 Y117.995
G0 X100.91 Y116.417
G0 X100.76 Y116.417
G1 F3600 X113.583 Y129.239 E230.75712
G1 X113.653 Y129.309
G0 F7200 X113.653 Y129.09
G0 X112.073 Y129.09
G0 X112.073 Y129.24
G1 F3600 X119.239 Y122.074 E230.82066
G1 X119.309 Y122.004
G0 F7200 X119.09 Y122.004
G0 X117.221 Y121.312
G0 X117.222 Y117.955
G0 X119.09 Y117.926
G0 X119.24 Y117.926
G1 F3600 X112.944 Y111.63 E230.87649
G0 F7200 X112.944 Y111.398
G1 F3600 X113.582 Y110.76 E230.88215
G1 X113.652 Y110.69
G0 F7200 X113.652 Y110.91
G0 X113.021 Y112.733
G0 X111.695 Y112.805
G0 X111.695 Y112.647
G1 F3600 X100.761 Y123.581 E230.9791
G1 X100.691 Y123.651
G0 F7200 X100.91 Y123.651
G0 X100.91 Y122.074
G0 X100.761 Y122.074
G1 F3600 X107.926 Y129.239 E231.04264
G1 X107.996 Y129.309
G0 F7200 X107.996 Y129.09
G0 X106.416 Y129.09
G0 X106.416 Y129.24
G1 F3600 X119.24 Y116.416 E231.15635
G1 X119.31 Y116.346
G0 F7200 X119.09 Y116.346
G0 X119.09 Y112.269
G0 X119.24 Y112.269
G1 F3600 X117.731 Y110.76 E231.16973
G1 X117.661 Y110.69
G0 F7200 X117.661 Y110.91
G0 X119.12 Y110.88
G0 X119.239 Y110.76
G1 F3600 X100.761 Y129.238 E231.33358
G1 X100.691 Y129.308
G0 F7200 X100.88 Y129.12
G0 X100.91 Y127.731
G0 X100.761 Y127.731
G1 F3600 X102.269 Y129.239 E231.34696
G1 X102.339 Y129.309
G0 F7200 X102.339 Y129.09
G0 X100.91 Y112.268
G0 X100.761 Y112.268
G1 F3600 X102.269 Y110.76 E231.36033
G1 X102.339 Y110.69
G0 F7200 X102.339 Y110.91
G0 X117.221 Y121.312
G0 X117.923 Y121.072
;TYPE:WALL-INNER
G1 F3600 X117.672 Y120.934 E231.36212
G1 X117.56 Y120.811 E231.36317
G1 X117.456 Y120.578 E231.36477
G1 X117.46 Y118.721 E231.37641
G1 X117.581 Y118.429 E231.37839
G1 X117.843 Y118.232 E231.38045
G1 X118.06 Y118.192 E231.38183
G1 X119.4 Y118.192 E231.39023
G1 X119.4 Y110.6 E231.43784
G1 X112.784 Y110.6 E231.47932
G1 X112.784 Y111.892 E231.48742
G1 X112.747 Y112.101 E231.48875
G1 X112.612 Y112.314 E231.49033
G1 X112.466 Y112.422 E231.49147
G1 X112.244 Y112.489 E231.49293
G1 X110.402 Y112.488 E231.50448
G1 X110.152 Y112.395 E231.50615
G1 X110.004 Y112.258 E231.50741
G1 F3130.4 X109.823 Y111.95 E231.50999
G1 F2779.9 X109.822 Y110.658 E231.52048
G1 F2790.7 X109.306 Y110.658 E231.52465
G1 F2779.9 X109.305 Y111.95 E231.53514
G1 F3130.4 X109.124 Y112.258 E231.53772
G1 F3600 X108.976 Y112.395 E231.53898
G1 X108.745 Y112.492 E231.54056
G1 X106.833 Y112.487 E231.55254
G1 X106.652 Y112.434 E231.55373
G1 X106.465 Y112.294 E231.55519
G1 X106.312 Y112.022 E231.55715
G1 X106.309 Y110.6 E231.56606
G1 X100.6 Y110.6 E231.60186
G1 X100.601 Y129.399 E231.71973
G1 X119.4 Y129.4 E231.83761
G1 X119.4 Y121.072 E231.88983
G1 X117.923 Y121.072 E231.89909
G0 F7200 X118.008 Y120.672
;TYPE:WALL-OUTER
G1 F1800 X117.907 Y120.606 E231.89984
G1 X117.858 Y120.502 E231.90056
G1 X117.862 Y118.76 E231.91149
G1 X117.92 Y118.648 E231.91228
G1 X118.007 Y118.592 E231.91293
G1 X119.8 Y118.592 E231.92417
G1 X119.8 Y110.2 E231.97679
G1 X112.384 Y110.2 E232.02329
G1 X112.384 Y111.943 E232.03422
G1 X112.327 Y112.033 E232.03488
G1 X112.227 Y112.088 E232.0356
G1 X110.437 Y112.088 E232.04682
G1 X110.321 Y112.014 E232.04769
G1 X110.28 Y111.91 E232.04839
G1 X110.28 Y110.2 E232.05911
G1 X108.848 Y110.2 E232.06809
G1 X108.848 Y111.91 E232.07881
G1 X108.807 Y112.014 E232.07951
G1 X108.681 Y112.09 E232.08043
G1 X106.885 Y112.091 E232.0917
G1 X106.763 Y112.026 E232.09256
G1 X106.712 Y111.937 E232.09321
G1 X106.708 Y110.2 E232.1041
G1 X100.2 Y110.2 E232.1449
G1 X100.201 Y129.799 E232.26779
G1 X119.8 Y129.8 E232.39068
G1 X119.8 Y120.672 E232.44792
G1 X118.008 Y120.672 E232.45915
G0 F7200 X117.907 Y120.606
G0 X117.874 Y120.535
G0 X116.85 Y120.534
;MESH:NONMESH
G0 F600 X116.85 Y120.534 Z7.2
G0 F7200 X100.88 Y110.88
G0 X100.76 Y110.76
;TIME_ELAPSED:893.640082
;LAYER:69
;TYPE:FILL
;MESH:xyzCalibration_cube.glb
G1 F3600 X119.24 Y129.24 E232.62302
G1 X119.31 Y129.31
G0 F7200 X119.12 Y129.12
G0 X117.73 Y129.09
G0 X117.73 Y129.24
G1 F3600 X119.239 Y127.73 E232.63641
G1 X119.309 Y127.66
G0 F7200 X119.09 Y127.66
G0 X119.09 Y123.583
G0 X119.24 Y123.583
G1 F3600 X108.308 Y112.651 E232.73334
G1 X108.238 Y112.581
G0 F7200 X108.238 Y112.805
G0 X106.131 Y112.733
G0 X106.36 Y112.325
G1 F3600 X100.761 Y117.925 E232.783
G1 X100.691 Y117.995
G0 F7200 X100.91 Y117.995
G0 X100.91 Y116.417
G0 X100.76 Y116.417
G1 F3600 X113.583 Y129.239 E232.8967
G1 X113.653 Y129.309
G0 F7200 X113.653 Y129.09
G0 X112.073 Y129.09
G0 X112.073 Y129.24
G1 F3600 X119.239 Y122.074 E232.96024
G1 X119.309 Y122.004
G0 F7200 X119.09 Y122.004
G0 X117.221 Y121.311
G0 X117.222 Y117.954
G0 X119.09 Y117.926
G0 X119.24 Y117.926
G1 F3600 X112.88 Y111.566 E233.01664
G1 X112.88 Y111.462
G1 X113.583 Y110.76 E233.02287
G1 X113.653 Y110.69
G0 F7200 X113.653 Y110.91
G0 X112.958 Y112.733
G0 X111.695 Y112.805
G0 X111.695 Y112.647
G1 F3600 X100.761 Y123.581 E233.11983
G1 X100.691 Y123.651
G0 F7200 X100.91 Y123.651
G0 X100.91 Y122.074
G0 X100.761 Y122.074
G1 F3600 X107.926 Y129.239 E233.18336
G1 X107.996 Y129.309
G0 F7200 X107.996 Y129.09
G0 X106.416 Y129.09
G0 X106.416 Y129.24
G1 F3600 X119.24 Y116.416 E233.29708
G1 X119.31 Y116.346
G0 F7200 X119.09 Y116.346
G0 X119.09 Y112.269
G0 X119.24 Y112.269
G1 F3600 X117.731 Y110.76 E233.31046
G1 X117.661 Y110.69
G0 F7200 X117.661 Y110.91
G0 X119.12 Y110.88
G0 X119.239 Y110.76
G1 F3600 X100.761 Y129.238 E233.47431
G1 X100.691 Y129.308
G0 F7200 X100.88 Y129.12
G0 X100.91 Y127.731
G0 X100.761 Y127.731
G1 F3600 X102.269 Y129.239 E233.48768
G1 X102.339 Y129.309
G0 F7200 X102.339 Y129.09
G0 X100.91 Y112.268
G0 X100.761 Y112.268
G1 F3600 X102.269 Y110.76 E233.50105
G1 X102.339 Y110.69
G0 F7200 X102.339 Y110.91
G0 X117.221 Y121.311
G0 X117.923 Y121.072
;TYPE:WALL-INNER
G1 F3600 X117.672 Y120.934 E233.50285
G1 X117.56 Y120.811 E233.50389
G1 X117.456 Y120.578 E233.50549
G1 X117.466 Y118.702 E233.51725
G1 X117.579 Y118.432 E233.51909
G1 X117.841 Y118.232 E233.52116
G1 X118.06 Y118.192 E233.52255
G1 X119.4 Y118.192 E233.53095
G1 X119.4 Y110.6 E233.57856
G1 X112.72 Y110.6 E233.62044
G1 X112.72 Y111.892 E233.62854
G1 X112.682 Y112.103 E233.62989
G1 X112.483 Y112.371 E233.63198
G1 X112.18 Y112.489 E233.63402
G1 X110.329 Y112.486 E233.64562
G1 X110.108 Y112.405 E233.6471
G1 X109.956 Y112.274 E233.64836
G1 F3348.8 X109.793 Y111.947 E233.65082
G1 F3144.1 X109.792 Y110.628 E233.66029
G1 F3157.9 X109.336 Y110.628 E233.66355
G1 F3144.1 X109.335 Y111.947 E233.67302
G1 F3348.8 X109.172 Y112.274 E233.67548
G1 F3600 X109.02 Y112.405 E233.67674
G1 X108.799 Y112.486 E233.67822
G1 X106.889 Y112.487 E233.69019
G1 X106.71 Y112.434 E233.69136
G1 X106.523 Y112.295 E233.69282
G1 X106.368 Y112.025 E233.69478
G1 X106.365 Y110.6 E233.70371
G1 X100.6 Y110.6 E233.73986
G1 X100.601 Y129.399 E233.85773
G1 X119.4 Y129.4 E233.97561
G1 X119.4 Y121.072 E234.02782
G1 X117.923 Y121.072 E234.03709
G0 F7200 X118.008 Y120.672
;TYPE:WALL-OUTER
G1 F1800 X117.907 Y120.606 E234.03784
G1 X117.858 Y120.502 E234.03856
G1 X117.862 Y118.762 E234.04947
G1 X117.899 Y118.672 E234.05008
G1 X118.004 Y118.592 E234.05091
G1 X119.8 Y118.592 E234.06217
G1 X119.8 Y110.2 E234.11479
G1 X112.32 Y110.2 E234.16169
G1 X112.32 Y111.944 E234.17263
G1 X112.264 Y112.032 E234.17328
G1 X112.163 Y112.088 E234.17401
G1 X110.38 Y112.089 E234.18519
G1 X110.265 Y112.02 E234.18603
G1 X110.22 Y111.91 E234.18677
G1 X110.22 Y110.2 E234.19749
G1 X108.908 Y110.2 E234.20572
G1 X108.908 Y111.91 E234.21644
G1 X108.863 Y112.02 E234.21719
G1 X108.743 Y112.09 E234.21806
G1 X106.941 Y112.091 E234.22936
G1 X106.819 Y112.027 E234.23022
G1 X106.768 Y111.938 E234.23086
G1 X106.764 Y110.2 E234.24176
G1 X100.2 Y110.2 E234.28292
G1 X100.201 Y129.799 E234.40581
G1 X119.8 Y129.8 E234.5287
G1 X119.8 Y120.672 E234.58593
G1 X118.008 Y120.672 E234.59717
G0 F7200 X117.907 Y120.606
G0 X117.874 Y120.535
G0 X116.85 Y120.534
;MESH:NONMESH
G0 F600 X116.85 Y120.534 Z7.3
G0 F7200 X100.88 Y110.88
G0 X100.76 Y110.76
;TIME_ELAPSED:902.531267
;LAYER:70
;TYPE:FILL
;MESH:xyzCalibration_cube.glb
G1 F3600 X119.24 Y129.24 E234.76104
G1 X119.31 Y129.31
G0 F7200 X119.12 Y129.12
G0 X117.73 Y129.09
G0 X117.73 Y129.24
G1 F3600 X119.239 Y127.73 E234.77442
G1 X119.309 Y127.66
G0 F7200 X119.09 Y127.66
G0 X119.09 Y123.583
G0 X119.24 Y123.583
G1 F3600 X108.306 Y112.649 E234.87138
G1 X108.236 Y112.579
G0 F7200 X108.236 Y112.805
G0 X106.185 Y112.733
G0 X106.394 Y112.291
G1 F3600 X100.761 Y117.925 E234.92133
G1 X100.691 Y117.995
G0 F7200 X100.91 Y117.995
G0 X100.91 Y116.417
G0 X100.76 Y116.417
G1 F3600 X113.583 Y129.239 E235.03504
G1 X113.653 Y129.309
G0 F7200 X113.653 Y129.09
G0 X112.073 Y129.09
G0 X112.073 Y129.24
G1 F3600 X119.239 Y122.074 E235.09858
G1 X119.309 Y122.004
G0 F7200 X119.09 Y122.004
G0 X117.221 Y121.31
G0 X117.222 Y117.953
G0 X119.09 Y117.926
G0 X119.24 Y117.926
G1 F3600 X112.817 Y111.503 E235.15553
G1 X112.817 Y111.525
G1 X113.583 Y110.76 E235.16232
G1 X113.653 Y110.69
G0 F7200 X113.653 Y110.91
G0 X112.895 Y112.733
G0 X111.693 Y112.805
G0 X111.693 Y112.649
G1 F3600 X100.761 Y123.581 E235.25926
G1 X100.691 Y123.651
G0 F7200 X100.91 Y123.651
G0 X100.91 Y122.074
G0 X100.761 Y122.074
G1 F3600 X107.926 Y129.239 E235.32279
G1 X107.996 Y129.309
G0 F7200 X107.996 Y129.09
G0 X106.416 Y129.09
G0 X106.416 Y129.24
G1 F3600 X119.24 Y116.416 E235.43651
G1 X119.31 Y116.346
G0 F7200 X119.09 Y116.346
G0 X119.09 Y112.269
G0 X119.24 Y112.269
G1 F3600 X117.731 Y110.76 E235.44989
G1 X117.661 Y110.69
G0 F7200 X117.661 Y110.91
G0 X119.12 Y110.88
G0 X119.239 Y110.76
G1 F3600 X100.761 Y129.238 E235.61374
G1 X100.691 Y129.308
G0 F7200 X100.88 Y129.12
G0 X100.91 Y127.731
G0 X100.761 Y127.731
G1 F3600 X102.269 Y129.239 E235.62711
G1 X102.339 Y129.309
G0 F7200 X102.339 Y129.09
G0 X100.91 Y112.268
G0 X100.761 Y112.268
G1 F3600 X102.269 Y110.76 E235.64049
G1 X102.339 Y110.69
G0 F7200 X102.339 Y110.91
G0 X117.221 Y121.31
G0 X117.923 Y121.072
;TYPE:WALL-INNER
G1 F3600 X117.672 Y120.934 E235.64228
G1 X117.56 Y120.811 E235.64333
G1 X117.456 Y120.578 E235.64493
G1 X117.465 Y118.705 E235.65667
G1 X117.576 Y118.432 E235.65852
G1 X117.84 Y118.229 E235.66061
G1 X118.06 Y118.188 E235.66201
G1 X119.4 Y118.188 E235.67041
G1 X119.4 Y110.6 E235.71799
G1 X112.659 Y110.6 E235.76026
G1 X112.656 Y111.894 E235.76837
G1 X112.617 Y112.106 E235.76972
G1 X112.41 Y112.378 E235.77186
G1 X112.116 Y112.49 E235.77384
G1 X110.272 Y112.487 E235.7854
G1 X110.061 Y112.415 E235.7868
G1 X109.906 Y112.291 E235.78804
G1 F3618.1 X109.76 Y111.944 E235.79039
G1 F3636.4 X109.761 Y110.597 E235.79875
G1 F3645.6 X109.365 Y110.597 E235.8012
G1 F3636.4 X109.364 Y111.944 E235.80957
G1 F3618.1 X109.218 Y112.291 E235.81191
G1 F3600 X109.063 Y112.415 E235.81316
G1 X108.836 Y112.489 E235.81466
G1 X106.942 Y112.487 E235.82653
G1 X106.763 Y112.435 E235.8277
G1 X106.577 Y112.297 E235.82915
G1 X106.42 Y112.025 E235.83112
G1 X106.42 Y110.6 E235.84006
G1 X100.6 Y110.6 E235.87655
G1 X100.601 Y129.399 E235.99442
G1 X119.4 Y129.4 E236.1123
G1 X119.4 Y121.072 E236.16451
G1 X117.923 Y121.072 E236.17378
G0 F7200 X118.008 Y120.672
;TYPE:WALL-OUTER
G1 F1800 X117.907 Y120.606 E236.17453
G1 X117.858 Y120.502 E236.17525
G1 X117.861 Y118.76 E236.18618
G1 X117.898 Y118.669 E236.18679
G1 X118.003 Y118.588 E236.18762
G1 X119.8 Y118.588 E236.19889
G1 X119.8 Y110.2 E236.25148
G1 X112.26 Y110.2 E236.29876
G1 X112.256 Y111.893 E236.30938
G1 X112.221 Y112.006 E236.31012
G1 X112.076 Y112.092 E236.31118
G1 X110.312 Y112.088 E236.32224
G1 X110.206 Y112.025 E236.32301
G1 X110.156 Y111.91 E236.3238
G1 X110.159 Y110.2 E236.33452
G1 X108.968 Y110.2 E236.34199
G1 X108.968 Y111.91 E236.35271
G1 X108.918 Y112.025 E236.35349
G1 X108.785 Y112.092 E236.35443
G1 X106.994 Y112.091 E236.36566
G1 X106.872 Y112.027 E236.36652
G1 X106.82 Y111.936 E236.36718
G1 X106.82 Y110.2 E236.37806
G1 X100.2 Y110.2 E236.41957
G1 X100.201 Y129.799 E236.54246
G1 X119.8 Y129.8 E236.66535
G1 X119.8 Y120.672 E236.72259
G1 X118.008 Y120.672 E236.73382
G0 F7200 X117.907 Y120.606
G0 X117.874 Y120.535
G0 X116.85 Y120.534
;MESH:NONMESH
G0 F600 X116.85 Y120.534 Z7.4
G0 F7200 X100.88 Y110.88
G0 X100.76 Y110.76
;TIME_ELAPSED:911.426100
;LAYER:71
;TYPE:FILL
;MESH:xyzCalibration_cube.glb
G1 F3600 X119.24 Y129.24 E236.89769
G1 X119.31 Y129.31
G0 F7200 X119.12 Y129.12
G0 X117.73 Y129.09
G0 X117.73 Y129.24
G1 F3600 X119.24 Y127.73 E236.91108
G1 X119.31 Y127.66
G0 F7200 X119.09 Y127.66
G0 X119.09 Y123.583
G0 X119.24 Y123.583
G1 F3600 X108.308 Y112.651 E237.00802
G1 X108.238 Y112.581
G0 F7200 X108.238 Y112.805
G0 X106.242 Y112.733
G0 X106.429 Y112.256
G1 F3600 X100.761 Y117.925 E237.05828
G1 X100.691 Y117.995
G0 F7200 X100.91 Y117.995
G0 X100.91 Y116.417
G0 X100.76 Y116.417
G1 F3600 X113.583 Y129.24 E237.17199
G1 X113.653 Y129.31
G0 F7200 X113.653 Y129.09
G0 X112.073 Y129.09
G0 X112.073 Y129.24
G1 F3600 X119.24 Y122.073 E237.23554
G1 X119.31 Y122.003
G0 F7200 X119.09 Y122.003
G0 X117.221 Y121.309
G0 X117.222 Y117.952
G0 X119.09 Y117.926
G0 X119.24 Y117.926
G1 F3600 X112.753 Y111.439 E237.29307
G1 X112.754 Y111.589
G1 X113.583 Y110.76 E237.30042
G1 X113.653 Y110.69
G0 F7200 X113.653 Y110.91
G0 X112.832 Y112.733
G0 X111.692 Y112.805
G0 X111.692 Y112.65
G1 F3600 X100.761 Y123.582 E237.39735
G1 X100.691 Y123.652
G0 F7200 X100.91 Y123.652
G0 X100.91 Y122.074
G0 X100.76 Y122.074
G1 F3600 X107.926 Y129.24 E237.46089
G1 X107.996 Y129.31
G0 F7200 X107.996 Y129.09
G0 X106.416 Y129.09
G0 X106.416 Y129.24
G1 F3600 X119.24 Y116.416 E237.57461
G1 X119.31 Y116.346
G0 F7200 X119.09 Y116.346
G0 X119.09 Y112.269
G0 X119.24 Y112.269
G1 F3600 X117.731 Y110.76 E237.58799
G1 X117.661 Y110.69
G0 F7200 X117.661 Y110.91
G0 X119.12 Y110.88
G0 X119.239 Y110.76
G1 F3600 X100.761 Y129.239 E237.75185
G1 X100.691 Y129.309
G0 F7200 X100.88 Y129.12
G0 X100.91 Y127.73
G0 X100.76 Y127.73
G1 F3600 X102.27 Y129.24 E237.76524
G1 X102.34 Y129.31
G0 F7200 X102.34 Y129.09
G0 X100.91 Y112.268
G0 X100.761 Y112.268
G1 F3600 X102.269 Y110.76 E237.77861
G1 X102.339 Y110.69
G0 F7200 X102.339 Y110.91
G0 X106.641 Y112.333
G0 X109.265 Y112.332
G0 X109.561 Y110.737
;TYPE:WALL-INNER
G1 F2130.2 X109.56 Y111.956 E237.79152
G0 F7200 X109.56 Y112.805
G0 X117.221 Y121.309
G0 X117.75 Y120.985
G1 F3600 X117.521 Y120.741 E237.79362
G1 X117.456 Y120.499 E237.79519
G1 X117.464 Y118.711 E237.80641
G1 X117.574 Y118.435 E237.80827
G1 X117.839 Y118.229 E237.81037
G1 X118.06 Y118.188 E237.81178
G1 X119.4 Y118.188 E237.82018
G1 X119.4 Y110.6 E237.86776
G1 X112.595 Y110.6 E237.91043
G1 X112.592 Y111.894 E237.91854
G1 X112.553 Y112.108 E237.91991
G1 X112.427 Y112.307 E237.92139
G1 X112.281 Y112.419 E237.92254
G1 X112.053 Y112.49 E237.92404
G1 X110.22 Y112.493 E237.93553
G1 X110.018 Y112.424 E237.93687
G1 X109.862 Y112.308 E237.93809
G1 F2671.6 X109.56 Y111.956 E237.94201
G1 X109.258 Y112.308 E237.94592
G1 F3600 X109.102 Y112.424 E237.94714
G1 X108.854 Y112.492 E237.94876
G1 X106.998 Y112.487 E237.96039
G1 X106.82 Y112.435 E237.96156
G1 X106.634 Y112.299 E237.963
G1 X106.476 Y112.026 E237.96498
G1 X106.476 Y110.6 E237.97392
G1 X100.6 Y110.6 E238.01076
G1 X100.6 Y129.4 E238.12864
G1 X119.4 Y129.4 E238.24652
G1 X119.4 Y121.068 E238.29877
G1 X118.056 Y121.068 E238.30719
G1 X117.75 Y120.985 E238.30918
G0 F7200 X118.008 Y120.668
;TYPE:WALL-OUTER
G1 F1800 X117.907 Y120.602 E238.30994
G1 X117.858 Y120.498 E238.31066
G1 X117.861 Y118.762 E238.32154
G1 X117.941 Y118.626 E238.32253
G1 X118.06 Y118.588 E238.32332
G1 X119.8 Y118.588 E238.33423
G1 X119.8 Y110.2 E238.38682
G1 X112.196 Y110.2 E238.4345
G1 X112.192 Y111.947 E238.44545
G1 X112.036 Y112.088 E238.44677
G1 X110.261 Y112.09 E238.4579
G1 X110.151 Y112.031 E238.45868
G1 X110.096 Y111.91 E238.45952
G1 X110.099 Y110.2 E238.47024
G1 X109.024 Y110.2 E238.47698
G1 X109.024 Y111.91 E238.4877
G1 X108.969 Y112.031 E238.48853
G1 X108.824 Y112.092 E238.48952
G1 X107.05 Y112.091 E238.50064
G1 X106.928 Y112.028 E238.50151
G1 X106.876 Y111.937 E238.50216
G1 X106.876 Y110.2 E238.51305
G1 X100.2 Y110.2 E238.55491
G1 X100.2 Y129.8 E238.67781
G1 X119.8 Y129.8 E238.80071
G1 X119.8 Y120.668 E238.85796
G1 X118.008 Y120.668 E238.8692
G0 F7200 X117.907 Y120.602
G0 X117.874 Y120.531
G0 X116.85 Y120.53
;MESH:NONMESH
G0 F600 X116.85 Y120.53 Z7.5
G0 F7200 X100.88 Y110.88
G0 X100.76 Y110.76
;TIME_ELAPSED:920.396142
;LAYER:72
;TYPE:FILL
;MESH:xyzCalibration_cube.glb
G1 F3600 X119.24 Y129.24 E239.03307
G1 X119.31 Y129.31
G0 F7200 X119.12 Y129.12
G0 X117.73 Y129.09
G0 X117.73 Y129.24
G1 F3600 X119.24 Y127.73 E239.04646
G1 X119.31 Y127.66
G0 F7200 X119.09 Y127.66
G0 X119.09 Y123.583
G0 X119.24 Y123.583
G1 F3600 X108.307 Y112.65 E239.14341
G1 X108.237 Y112.58
G0 F7200 X108.237 Y112.805
G0 X106.296 Y112.733
G0 X106.465 Y112.221
G1 F3600 X100.761 Y117.925 E239.19399
G1 X100.691 Y117.995
G0 F7200 X100.91 Y117.995
G0 X100.91 Y116.417
G0 X100.76 Y116.417
G1 F3600 X113.583 Y129.24 E239.30769
G1 X113.653 Y129.31
G0 F7200 X113.653 Y129.09
G0 X112.073 Y129.09
G0 X112.073 Y129.24
G1 F3600 X119.24 Y122.073 E239.37125
G1 X119.31 Y122.003
G0 F7200 X119.09 Y122.003
G0 X117.221 Y121.308
G0 X117.222 Y117.95
G0 X119.09 Y117.926
G0 X119.24 Y117.926
G1 F3600 X112.689 Y111.375 E239.42934
G0 F7200 X112.689 Y111.654
G1 F3600 X113.582 Y110.76 E239.43726
G1 X113.652 Y110.69
G0 F7200 X113.652 Y110.91
G0 X112.768 Y112.733
G0 X111.695 Y112.805
G0 X111.695 Y112.647
G1 F3600 X100.761 Y123.582 E239.53422
G1 X100.691 Y123.652
G0 F7200 X100.91 Y123.652
G0 X100.91 Y122.074
G0 X100.76 Y122.074
G1 F3600 X107.926 Y129.24 E239.59776
G1 X107.996 Y129.31
G0 F7200 X107.996 Y129.09
G0 X106.416 Y129.09
G0 X106.416 Y129.24
G1 F3600 X119.24 Y116.416 E239.71148
G1 X119.31 Y116.346
G0 F7200 X119.09 Y116.346
G0 X119.09 Y112.269
G0 X119.24 Y112.269
G1 F3600 X117.731 Y110.76 E239.72486
G1 X117.661 Y110.69
G0 F7200 X117.661 Y110.91
G0 X119.12 Y110.88
G0 X119.239 Y110.76
G1 F3600 X100.761 Y129.239 E239.88871
G1 X100.691 Y129.309
G0 F7200 X100.88 Y129.12
G0 X100.91 Y127.73
G0 X100.76 Y127.73
G1 F3600 X102.27 Y129.24 E239.9021
G1 X102.34 Y129.31
G0 F7200 X102.34 Y129.09
G0 X100.91 Y112.268
G0 X100.761 Y112.268
G1 F3600 X102.269 Y110.76 E239.91548
G1 X102.339 Y110.69
G0 F7200 X102.339 Y110.91
G0 X106.696 Y112.333
G0 X109.324 Y112.332
G0 X109.56 Y110.676
;TYPE:WALL-INNER
G1 F2594.6 X109.56 Y111.951 E239.92657
G0 F7200 X109.56 Y112.805
G0 X117.221 Y121.308
G0 X117.75 Y120.985
G1 F3600 X117.521 Y120.741 E239.92867
G1 X117.456 Y120.499 E239.93024
G1 X117.464 Y118.717 E239.94141
G1 X117.525 Y118.515 E239.94273
G1 X117.623 Y118.375 E239.94381
G1 X117.838 Y118.23 E239.94543
G1 X118.06 Y118.188 E239.94685
G1 X119.4 Y118.188 E239.95525
G1 X119.4 Y110.6 E240.00283
G1 X112.531 Y110.6 E240.0459
G1 X112.528 Y111.894 E240.05401
G1 X112.488 Y112.11 E240.05539
G1 X112.365 Y112.305 E240.05684
G1 X112.219 Y112.418 E240.05799
G1 X111.989 Y112.489 E240.0595
G1 X110.236 Y112.493 E240.07049
G1 X109.976 Y112.433 E240.07217
G1 X109.82 Y112.325 E240.07336
G1 F3006.3 X109.56 Y111.951 E240.07678
G1 X109.3 Y112.325 E240.0802
G1 F3600 X109.144 Y112.433 E240.08139
G1 X108.967 Y112.492 E240.08256
G1 X107.054 Y112.487 E240.09455
G1 X106.877 Y112.436 E240.09571
G1 X106.692 Y112.301 E240.09714
G1 X106.532 Y112.028 E240.09913
G1 X106.532 Y110.6 E240.10808
G1 X100.6 Y110.6 E240.14528
G1 X100.6 Y129.4 E240.26315
G1 X119.4 Y129.4 E240.38103
G1 X119.4 Y121.068 E240.43328
G1 X118.056 Y121.068 E240.4417
G1 X117.75 Y120.985 E240.44369
G0 F7200 X118.008 Y120.668
;TYPE:WALL-OUTER
G1 F1800 X117.907 Y120.602 E240.44445
G1 X117.858 Y120.498 E240.44517
G1 X117.864 Y118.744 E240.45617
G1 X117.918 Y118.646 E240.45687
G1 X118.008 Y118.588 E240.45754
G1 X119.8 Y118.588 E240.46878
G1 X119.8 Y110.2 E240.52137
G1 X112.132 Y110.2 E240.56945
G1 X112.128 Y111.945 E240.58039
G1 X112.074 Y112.03 E240.58102
G1 X111.972 Y112.088 E240.58176
G1 X110.236 Y112.093 E240.59264
G1 X110.097 Y112.037 E240.59358
G1 X110.036 Y111.91 E240.59447
G1 X110.036 Y110.2 E240.60519
G1 X109.084 Y110.2 E240.61116
G1 X109.084 Y111.91 E240.62188
G1 X109.023 Y112.037 E240.62276
G1 X108.912 Y112.091 E240.62354
G1 X107.106 Y112.091 E240.63486
G1 X106.985 Y112.029 E240.63571
G1 X106.932 Y111.939 E240.63637
G1 X106.932 Y110.2 E240.64727
G1 X100.2 Y110.2 E240.68948
G1 X100.2 Y129.8 E240.81238
G1 X119.8 Y129.8 E240.93528
G1 X119.8 Y120.668 E240.99254
G1 X118.008 Y120.668 E241.00377
G0 F7200 X117.907 Y120.602
G0 X117.874 Y120.531
G0 X116.85 Y120.53
;MESH:NONMESH
G0 F600 X116.85 Y120.53 Z7.6
G0 F7200 X100.88 Y110.88
G0 X100.76 Y110.76
;TIME_ELAPSED:929.367639
;LAYER:73
;TYPE:FILL
;MESH:xyzCalibration_cube.glb
G1 F3600 X119.24 Y129.24 E241.16764
G1 X119.31 Y129.31
G0 F7200 X119.12 Y129.12
G0 X117.73 Y129.09
G0 X117.73 Y129.24
G1 F3600 X119.24 Y127.73 E241.18103
G1 X119.31 Y127.66
G0 F7200 X119.09 Y127.66
G0 X119.09 Y123.583
G0 X119.24 Y123.583
G1 F3600 X108.308 Y112.651 E241.27797
G1 X108.238 Y112.581
G0 F7200 X108.238 Y112.805
G0 X106.353 Y112.733
G0 X106.493 Y112.192
G1 F3600 X100.761 Y117.925 E241.3288
G1 X100.691 Y117.995
G0 F7200 X100.91 Y117.995
G0 X100.91 Y116.417
G0 X100.76 Y116.417
G1 F3600 X113.583 Y129.24 E241.44251
G1 X113.653 Y129.31
G0 F7200 X113.653 Y129.09
G0 X112.073 Y129.09
G0 X112.073 Y129.24
G1 F3600 X119.24 Y122.073 E241.50606
G1 X119.31 Y122.003
G0 F7200 X119.09 Y122.003
G0 X117.221 Y121.307
G0 X117.222 Y117.949
G0 X119.09 Y117.926
G0 X119.24 Y117.926
G1 F3600 X112.628 Y111.314 E241.56469
G0 F7200 X112.628 Y111.714
G1 F3600 X113.583 Y110.76 E241.57315
G1 X113.653 Y110.69
G0 F7200 X113.653 Y110.91
G0 X112.705 Y112.733
G0 X111.694 Y112.805
G0 X111.694 Y112.648
G1 F3600 X100.761 Y123.582 E241.67011
G1 X100.691 Y123.652
G0 F7200 X100.91 Y123.652
G0 X100.91 Y122.074
G0 X100.76 Y122.074
G1 F3600 X107.926 Y129.24 E241.73365
G1 X107.996 Y129.31
G0 F7200 X107.996 Y129.09
G0 X106.416 Y129.09
G0 X106.416 Y129.24
G1 F3600 X119.24 Y116.416 E241.84737
G1 X119.31 Y116.346
G0 F7200 X119.09 Y116.346
G0 X119.09 Y112.269
G0 X119.24 Y112.269
G1 F3600 X117.731 Y110.76 E241.86075
G1 X117.661 Y110.69
G0 F7200 X117.661 Y110.91
G0 X119.12 Y110.88
G0 X119.239 Y110.76
G1 F3600 X100.761 Y129.239 E242.0246
G1 X100.691 Y129.309
G0 F7200 X100.88 Y129.12
G0 X100.91 Y127.73
G0 X100.76 Y127.73
G1 F3600 X102.27 Y129.24 E242.03799
G1 X102.34 Y129.31
G0 F7200 X102.34 Y129.09
G0 X100.91 Y112.268
G0 X100.761 Y112.268
G1 F3600 X102.269 Y110.76 E242.05136
G1 X102.339 Y110.69
G0 F7200 X102.339 Y110.91
G0 X106.752 Y112.333
G0 X109.384 Y112.332
G0 X109.56 Y110.616
;TYPE:WALL-INNER
G1 F3318 X109.56 Y111.945 E242.06041
G0 F7200 X109.56 Y112.805
G0 X117.221 Y121.307
G0 X117.75 Y120.985
G1 F3600 X117.521 Y120.741 E242.0625
G1 X117.456 Y120.499 E242.06407
G1 X117.463 Y118.72 E242.07523
G1 X117.57 Y118.437 E242.07713
G1 X117.837 Y118.226 E242.07926
G1 X118.06 Y118.184 E242.08068
G1 X119.4 Y118.184 E242.08908
G1 X119.4 Y110.6 E242.13664
G1 X112.468 Y110.6 E242.1801
G1 X112.468 Y111.892 E242.1882
G1 X112.427 Y112.111 E242.1896
G1 X112.243 Y112.362 E242.19155
G1 X111.929 Y112.489 E242.19368
G1 X110.101 Y112.488 E242.20514
G1 X109.781 Y112.345 E242.20734
G1 F3445 X109.56 Y111.945 E242.21033
G1 X109.339 Y112.345 E242.21332
G1 F3600 X109.022 Y112.492 E242.21552
G1 X107.122 Y112.489 E242.22743
G1 X106.814 Y112.362 E242.22952
G1 X106.672 Y112.199 E242.23087
G1 X106.588 Y111.892 E242.23287
G1 X106.588 Y110.6 E242.24097
G1 X100.6 Y110.6 E242.27852
G1 X100.6 Y129.4 E242.3964
G1 X119.4 Y129.4 E242.51427
G1 X119.4 Y121.068 E242.56652
G1 X118.056 Y121.068 E242.57495
G1 X117.75 Y120.985 E242.57693
G0 F7200 X118.008 Y120.668
;TYPE:WALL-OUTER
G1 F1800 X117.907 Y120.602 E242.57769
G1 X117.858 Y120.498 E242.57841
G1 X117.861 Y118.762 E242.5893
G1 X117.896 Y118.668 E242.58992
G1 X118.003 Y118.584 E242.59078
G1 X119.8 Y118.584 E242.60205
G1 X119.8 Y110.2 E242.65461
G1 X112.068 Y110.2 E242.7031
G1 X112.068 Y111.948 E242.71406
G1 X111.912 Y112.088 E242.71537
G1 X110.176 Y112.093 E242.72626
G1 X110.044 Y112.043 E242.72714
G1 X109.976 Y111.91 E242.72808
G1 X109.976 Y110.2 E242.7388
G1 X109.144 Y110.2 E242.74402
G1 X109.144 Y111.91 E242.75474
G1 X109.076 Y112.043 E242.75567
G1 X108.979 Y112.09 E242.75635
G1 X107.166 Y112.091 E242.76772
G1 X107.063 Y112.049 E242.76842
G1 X106.988 Y111.941 E242.76924
G1 X106.988 Y110.2 E242.78016
G1 X100.2 Y110.2 E242.82272
G1 X100.2 Y129.8 E242.94561
G1 X119.8 Y129.8 E243.06851
G1 X119.8 Y120.668 E243.12577
G1 X118.008 Y120.668 E243.137
G0 F7200 X117.907 Y120.602
G0 X117.874 Y120.531
G0 X116.85 Y120.53
;MESH:NONMESH
G0 F600 X116.85 Y120.53 Z7.7
G0 F7200 X100.88 Y110.88
G0 X100.76 Y110.76
;TIME_ELAPSED:938.353372
;LAYER:74
;TYPE:FILL
;MESH:xyzCalibration_cube.glb
G1 F3600 X119.24 Y129.24 E243.30087
G1 X119.31 Y129.31
G0 F7200 X119.12 Y129.12
G0 X117.73 Y129.09
G0 X117.73 Y129.24
G1 F3600 X119.24 Y127.73 E243.31426
G1 X119.31 Y127.66
G0 F7200 X119.09 Y127.66
G0 X119.09 Y123.583
G0 X119.24 Y123.583
G1 F3600 X108.308 Y112.651 E243.4112
G1 X108.238 Y112.581
G0 F7200 X108.238 Y112.805
G0 X106.407 Y112.733
G0 X106.532 Y112.153
G1 F3600 X100.761 Y117.925 E243.46238
G1 X100.691 Y117.995
G0 F7200 X100.91 Y117.995
G0 X100.91 Y116.417
G0 X100.76 Y116.417
G1 F3600 X113.583 Y129.24 E243.57609
G1 X113.653 Y129.31
G0 F7200 X113.653 Y129.09
G0 X112.073 Y129.09
G0 X112.073 Y129.24
G1 F3600 X119.24 Y122.073 E243.63964
G1 X119.31 Y122.003
G0 F7200 X119.09 Y122.003
G0 X117.221 Y121.305
G0 X117.222 Y117.948
G0 X119.09 Y117.926
G0 X119.24 Y117.926
G1 F3600 X112.564 Y111.25 E243.69884
G0 F7200 X112.564 Y111.778
G1 F3600 X113.583 Y110.76 E243.70787
G1 X113.653 Y110.69
G0 F7200 X113.653 Y110.91
G0 X112.642 Y112.734
G0 X111.689 Y112.805
G0 X111.69 Y112.652
G1 F3600 X100.761 Y123.582 E243.80479
G1 X100.691 Y123.652
G0 F7200 X100.91 Y123.652
G0 X100.91 Y122.074
G0 X100.76 Y122.074
G1 F3600 X107.926 Y129.24 E243.86833
G1 X107.996 Y129.31
G0 F7200 X107.996 Y129.09
G0 X106.416 Y129.09
G0 X106.416 Y129.24
G1 F3600 X119.24 Y116.416 E243.98204
G1 X119.31 Y116.346
G0 F7200 X119.09 Y116.346
G0 X119.09 Y112.269
G0 X119.24 Y112.269
G1 F3600 X117.731 Y110.76 E243.99543
G1 X117.661 Y110.69
G0 F7200 X117.661 Y110.91
G0 X119.12 Y110.88
G0 X119.239 Y110.76
G1 F3600 X100.761 Y129.239 E244.15928
G1 X100.691 Y129.309
G0 F7200 X100.88 Y129.12
G0 X100.91 Y127.73
G0 X100.76 Y127.73
G1 F3600 X102.27 Y129.24 E244.17267
G1 X102.34 Y129.31
G0 F7200 X102.34 Y129.09
G0 X100.91 Y112.268
G0 X100.761 Y112.268
G1 F3600 X102.269 Y110.76 E244.18604
G1 X102.339 Y110.69
G0 F7200 X102.339 Y110.91
G0 X106.417 Y110.91
G0 X106.417 Y110.76
G1 F3600 X106.484 Y110.827 E244.18664
G0 F7200 X106.334 Y110.827
G0 X106.407 Y112.733
G0 X117.221 Y121.305
G0 X117.923 Y121.064
;TYPE:WALL-INNER
G1 F3600 X117.672 Y120.926 E244.18843
G1 X117.493 Y120.673 E244.19038
G1 X117.456 Y120.495 E244.19152
G1 X117.462 Y118.727 E244.2026
G1 X117.567 Y118.441 E244.20451
G1 X117.836 Y118.226 E244.20667
G1 X118.06 Y118.184 E244.2081
G1 X119.4 Y118.184 E244.2165
G1 X119.4 Y110.6 E244.26406
G1 X112.404 Y110.6 E244.30792
G1 X112.404 Y111.896 E244.31605
G1 X112.363 Y112.117 E244.31746
G1 X112.168 Y112.374 E244.31948
G1 X111.864 Y112.494 E244.32153
G1 X110.048 Y112.489 E244.33292
G1 X109.744 Y112.364 E244.33498
G1 X109.56 Y112.022 E244.33741
G1 X109.376 Y112.364 E244.33985
G1 X109.063 Y112.49 E244.34196
G1 X107.178 Y112.489 E244.35378
G1 X106.871 Y112.363 E244.35586
G1 X106.729 Y112.201 E244.35721
G1 X106.644 Y111.892 E244.35922
G1 X106.644 Y110.6 E244.36732
G1 X100.6 Y110.6 E244.40522
G1 X100.6 Y129.4 E244.5231
G1 X119.4 Y129.4 E244.64098
G1 X119.4 Y121.064 E244.69325
G1 X117.923 Y121.064 E244.70251
G0 F7200 X118.008 Y120.664
;TYPE:WALL-OUTER
G1 F1800 X117.907 Y120.598 E244.70327
G1 X117.858 Y120.494 E244.70399
G1 X117.86 Y118.765 E244.71483
G1 X117.895 Y118.669 E244.71547
G1 X118.003 Y118.584 E244.71633
G1 X119.8 Y118.584 E244.7276
G1 X119.8 Y110.2 E244.78017
G1 X112.004 Y110.2 E244.82905
G1 X112.004 Y111.953 E244.84004
G1 X111.926 Y112.056 E244.84085
G1 X111.824 Y112.096 E244.84154
G1 X110.077 Y112.089 E244.85249
G1 F1503.1 X109.838 Y111.916 E244.85471
G1 F1292.6 X109.838 Y110.278 E244.86901
G1 F1295 X109.282 Y110.278 E244.87386
G1 F1292.6 X109.282 Y111.916 E244.88816
G1 F1503.1 X109.062 Y112.092 E244.89027
G1 F1800 X107.222 Y112.091 E244.90181
G1 X107.119 Y112.049 E244.90251
G1 X107.044 Y111.892 E244.9036
G1 X107.044 Y110.2 E244.91421
G1 X100.2 Y110.2 E244.95712
G1 X100.2 Y129.8 E245.08002
G1 X119.8 Y129.8 E245.20291
G1 X119.8 Y120.664 E245.2602
G1 X118.008 Y120.664 E245.27143
G0 F7200 X117.907 Y120.598
G0 X117.874 Y120.527
G0 X116.85 Y120.526
;MESH:NONMESH
G0 F600 X116.85 Y120.526 Z7.8
G0 F7200 X100.88 Y110.88
G0 X100.76 Y110.76
;TIME_ELAPSED:947.349126
;LAYER:75
;TYPE:FILL
;MESH:xyzCalibration_cube.glb
G1 F3600 X119.24 Y129.24 E245.4353
G1 X119.31 Y129.31
G0 F7200 X119.12 Y129.12
G0 X117.73 Y129.09
G0 X117.73 Y129.24
G1 F3600 X119.24 Y127.73 E245.44869
G1 X119.31 Y127.66
G0 F7200 X119.09 Y127.66
G0 X119.09 Y123.583
G0 X119.24 Y123.583
G1 F3600 X108.309 Y112.652 E245.54562
G1 X108.239 Y112.582
G0 F7200 X108.239 Y112.806
G0 X106.464 Y112.735
G0 X106.574 Y112.111
G1 F3600 X100.761 Y117.925 E245.59717
G1 X100.691 Y117.995
G0 F7200 X100.91 Y117.995
G0 X100.91 Y116.417
G0 X100.76 Y116.417
G1 F3600 X113.583 Y129.24 E245.71088
G1 X113.653 Y129.31
G0 F7200 X113.653 Y129.09
G0 X112.073 Y129.09
G0 X112.073 Y129.24
G1 F3600 X119.24 Y122.073 E245.77443
G1 X119.31 Y122.003
G0 F7200 X119.09 Y122.003
G0 X117.222 Y121.304
G0 X117.223 Y117.947
G0 X119.09 Y117.926
G0 X119.24 Y117.926
G1 F3600 X112.501 Y111.188 E245.83418
G0 F7200 X112.501 Y111.842
G1 F3600 X113.582 Y110.76 E245.84377
G1 X113.652 Y110.69
G0 F7200 X113.652 Y110.91
G0 X112.579 Y112.734
G0 X111.689 Y112.805
G0 X111.69 Y112.653
G1 F3600 X100.761 Y123.582 E245.94068
G1 X100.691 Y123.652
G0 F7200 X100.91 Y123.652
G0 X100.91 Y122.074
G0 X100.76 Y122.074
G1 F3600 X107.926 Y129.24 E246.00423
G1 X107.996 Y129.31
G0 F7200 X107.996 Y129.09
G0 X106.416 Y129.09
G0 X106.416 Y129.24
G1 F3600 X119.24 Y116.416 E246.11794
G1 X119.31 Y116.346
G0 F7200 X119.09 Y116.346
G0 X119.09 Y112.269
G0 X119.24 Y112.269
G1 F3600 X117.731 Y110.76 E246.13132
G1 X117.661 Y110.69
G0 F7200 X117.661 Y110.91
G0 X119.12 Y110.88
G0 X119.239 Y110.76
G1 F3600 X100.761 Y129.239 E246.29518
G1 X100.691 Y129.309
G0 F7200 X100.88 Y129.12
G0 X100.91 Y127.73
G0 X100.76 Y127.73
G1 F3600 X102.27 Y129.24 E246.30857
G1 X102.34 Y129.31
G0 F7200 X102.34 Y129.09
G0 X100.91 Y112.268
G0 X100.761 Y112.268
G1 F3600 X102.269 Y110.76 E246.32194
G1 X102.339 Y110.69
G0 F7200 X102.339 Y110.91
G0 X106.417 Y110.91
G0 X106.417 Y110.76
G1 F3600 X106.538 Y110.881 E246.32301
G0 F7200 X106.39 Y110.881
G0 X106.464 Y112.735
G0 X117.222 Y121.304
G0 X117.918 Y121.064
;TYPE:WALL-INNER
G1 F3600 X117.613 Y120.866 E246.3253
G1 X117.525 Y120.737 E246.32627
G1 X117.46 Y120.492 E246.32786
G1 X117.462 Y118.733 E246.33889
G1 X117.565 Y118.444 E246.34082
G1 X117.835 Y118.227 E246.34299
G1 X118.06 Y118.184 E246.34442
G1 X119.4 Y118.184 E246.35283
G1 X119.4 Y110.6 E246.40038
G1 X112.343 Y110.6 E246.44463
G1 X112.34 Y111.898 E246.45277
G1 X112.298 Y112.119 E246.45418
G1 X112.106 Y112.372 E246.45617
G1 X111.8 Y112.494 E246.45823
G1 X109.968 Y112.487 E246.46972
G1 X109.708 Y112.385 E246.47147
G1 X109.558 Y112.124 E246.47336
G1 X109.408 Y112.385 E246.47525
G1 X109.148 Y112.487 E246.477
G1 X107.236 Y112.493 E246.48899
G1 X106.929 Y112.368 E246.49107
G1 X106.786 Y112.207 E246.49242
G1 X106.7 Y111.898 E246.49443
G1 X106.697 Y110.6 E246.50257
G1 X100.6 Y110.6 E246.5408
G1 X100.6 Y129.4 E246.65868
G1 X119.4 Y129.4 E246.77655
G1 X119.4 Y121.064 E246.82882
G1 X117.918 Y121.064 E246.83812
G0 F7200 X118.013 Y120.664
;TYPE:WALL-OUTER
G1 F1800 X117.894 Y120.577 E246.83904
G1 X117.862 Y120.494 E246.8396
G1 X117.86 Y118.767 E246.85043
G1 X117.916 Y118.644 E246.85127
G1 X118.006 Y118.584 E246.85195
G1 X119.8 Y118.584 E246.8632
G1 X119.8 Y110.2 E246.91577
G1 X111.944 Y110.2 E246.96503
G1 X111.94 Y111.949 E246.97599
G1 X111.793 Y112.096 E246.9773
G1 X110.017 Y112.09 E246.98843
G1 F1607.1 X109.805 Y111.914 E246.99037
G1 F1451.6 X109.808 Y110.247 E247.00333
G1 F1454.5 X109.311 Y110.247 E247.00719
G1 F1451.6 X109.311 Y111.914 E247.02015
G1 F1607.1 X109.179 Y112.057 E247.02151
G1 F1800 X109.065 Y112.092 E247.02226
G1 X107.278 Y112.095 E247.03347
G1 X107.128 Y112 E247.03458
G1 X107.1 Y111.897 E247.03525
G1 X107.096 Y110.2 E247.04589
G1 X100.2 Y110.2 E247.08913
G1 X100.2 Y129.8 E247.21202
G1 X119.8 Y129.8 E247.33492
G1 X119.8 Y120.664 E247.3922
G1 X118.013 Y120.664 E247.40341
G0 F7200 X117.894 Y120.577
G0 X117.875 Y120.528
G0 X116.851 Y120.527
;MESH:NONMESH
G0 F600 X116.851 Y120.527 Z7.9
G0 F7200 X100.88 Y110.88
G0 X100.761 Y110.761
;TIME_ELAPSED:956.330168
;LAYER:76
;TYPE:FILL
;MESH:xyzCalibration_cube.glb
G1 F3600 X119.24 Y129.24 E247.56727
G1 X119.31 Y129.31
G0 F7200 X119.12 Y129.12
G0 X117.73 Y129.09
G0 X117.73 Y129.24
G1 F3600 X119.24 Y127.73 E247.58066
G1 X119.31 Y127.66
G0 F7200 X119.09 Y127.66
G0 X119.09 Y123.583
G0 X119.24 Y123.583
G1 F3600 X108.309 Y112.652 E247.67759
G1 X108.239 Y112.582
G0 F7200 X108.239 Y112.806
G0 X106.518 Y112.735
G0 X106.623 Y112.063
G1 F3600 X100.761 Y117.924 E247.72957
G1 X100.691 Y117.994
G0 F7200 X100.91 Y117.994
G0 X100.91 Y116.417
G0 X100.761 Y116.417
G1 F3600 X113.583 Y129.24 E247.84327
G1 X113.653 Y129.31
G0 F7200 X113.653 Y129.09
G0 X112.073 Y129.09
G0 X112.073 Y129.24
G1 F3600 X119.24 Y122.073 E247.90682
G1 X119.31 Y122.003
G0 F7200 X119.09 Y122.003
G0 X117.222 Y121.303
G0 X117.223 Y117.946
G0 X119.09 Y117.926
G0 X119.24 Y117.926
G1 F3600 X112.438 Y111.124 E247.96714
G0 F7200 X112.434 Y111.908
G1 F3600 X113.582 Y110.76 E247.97732
G1 X113.652 Y110.69
G0 F7200 X113.652 Y110.91
G0 X112.516 Y112.734
G0 X111.689 Y112.805
G0 X111.69 Y112.653
G1 F3600 X100.761 Y123.581 E248.07422
G1 X100.691 Y123.651
G0 F7200 X100.91 Y123.651
G0 X100.91 Y122.074
G0 X100.761 Y122.074
G1 F3600 X107.926 Y129.24 E248.13776
G1 X107.996 Y129.31
G0 F7200 X107.996 Y129.09
G0 X106.416 Y129.09
G0 X106.416 Y129.24
G1 F3600 X119.24 Y116.416 E248.25148
G1 X119.31 Y116.346
G0 F7200 X119.09 Y116.346
G0 X119.09 Y112.269
G0 X119.24 Y112.269
G1 F3600 X117.731 Y110.76 E248.26486
G1 X117.661 Y110.69
G0 F7200 X117.661 Y110.91
G0 X119.12 Y110.88
G0 X119.239 Y110.76
G1 F3600 X100.761 Y129.238 E248.42871
G1 X100.691 Y129.308
G0 F7200 X100.88 Y129.12
G0 X100.91 Y127.731
G0 X100.761 Y127.731
G1 F3600 X102.27 Y129.24 E248.44209
G1 X102.34 Y129.31
G0 F7200 X102.34 Y129.09
G0 X100.91 Y112.267
G0 X100.761 Y112.267
G1 F3600 X102.268 Y110.76 E248.45545
G1 X102.338 Y110.69
G0 F7200 X102.338 Y110.91
G0 X106.418 Y110.91
G0 X106.418 Y110.761
G1 F3600 X106.594 Y110.937 E248.45701
G0 F7200 X106.445 Y110.937
G0 X106.518 Y112.735
G0 X117.222 Y121.303
G0 X117.918 Y121.064
;TYPE:WALL-INNER
G1 F3600 X117.613 Y120.866 E248.45929
G1 X117.525 Y120.737 E248.46027
G1 X117.46 Y120.464 E248.46203
G1 X117.461 Y118.739 E248.47285
G1 X117.563 Y118.447 E248.47479
G1 X117.834 Y118.227 E248.47698
G1 X118.06 Y118.184 E248.47842
G1 X119.4 Y118.184 E248.48682
G1 X119.4 Y110.6 E248.53437
G1 X112.279 Y110.6 E248.57902
G1 X112.276 Y111.898 E248.58716
G1 X112.233 Y112.121 E248.58859
G1 X112.045 Y112.37 E248.59054
G1 X111.888 Y112.458 E248.59167
G1 X111.674 Y112.497 E248.59304
G1 X109.9 Y112.486 E248.60416
G1 X109.677 Y112.404 E248.60565
G1 X109.556 Y112.207 E248.6071
G1 X109.435 Y112.404 E248.60855
G1 X109.212 Y112.486 E248.61004
G1 X107.292 Y112.493 E248.62208
G1 X106.986 Y112.369 E248.62415
G1 X106.844 Y112.21 E248.62548
G1 X106.756 Y111.898 E248.62752
G1 X106.753 Y110.6 E248.63566
G1 X100.601 Y110.601 E248.67423
G1 X100.6 Y129.4 E248.7921
G1 X119.4 Y129.4 E248.90998
G1 X119.4 Y121.064 E248.96225
G1 X117.918 Y121.064 E248.97154
G0 F7200 X118.013 Y120.664
;TYPE:WALL-OUTER
G1 F1800 X117.894 Y120.577 E248.97247
G1 X117.862 Y120.494 E248.97303
G1 X117.86 Y118.769 E248.98384
G1 X117.894 Y118.671 E248.98449
G1 X118.001 Y118.584 E248.98536
G1 X119.8 Y118.584 E248.99664
G1 X119.8 Y110.2 E249.04921
G1 X111.88 Y110.2 E249.09887
G1 X111.876 Y111.952 E249.10985
G1 X111.804 Y112.051 E249.11062
G1 X111.696 Y112.096 E249.11135
G1 X109.907 Y112.09 E249.12257
G1 F1718.4 X109.774 Y111.911 E249.12403
G1 F1647.6 X109.777 Y110.218 E249.13563
G1 F1651.4 X109.342 Y110.218 E249.1386
G1 F1647.6 X109.338 Y111.911 E249.1502
G1 F1718.4 X109.225 Y112.063 E249.15145
G1 F1800 X109.121 Y112.092 E249.15212
G1 X107.334 Y112.095 E249.16333
G1 X107.185 Y112.001 E249.16443
G1 X107.156 Y111.897 E249.16511
G1 X107.152 Y110.2 E249.17575
G1 X100.201 Y110.201 E249.21933
G1 X100.2 Y129.8 E249.34222
G1 X119.8 Y129.8 E249.46512
G1 X119.8 Y120.664 E249.5224
G1 X118.013 Y120.664 E249.53361
G0 F7200 X117.894 Y120.577
G0 X117.875 Y120.528
G0 X116.851 Y120.527
;MESH:NONMESH
G0 F600 X116.851 Y120.527 Z8
G0 F7200 X100.88 Y110.88
G0 X100.76 Y110.76
;TIME_ELAPSED:965.298012
;LAYER:77
;TYPE:FILL
;MESH:xyzCalibration_cube.glb
G1 F3600 X119.24 Y129.24 E249.69748
G1 X119.31 Y129.31
G0 F7200 X119.12 Y129.12
G0 X117.73 Y129.09
G0 X117.73 Y129.24
G1 F3600 X119.24 Y127.73 E249.71087
G1 X119.31 Y127.66
G0 F7200 X119.09 Y127.66
G0 X119.09 Y123.583
G0 X119.24 Y123.583
G1 F3600 X108.309 Y112.652 E249.8078
G1 X108.239 Y112.582
G0 F7200 X108.239 Y112.806
G0 X106.575 Y112.735
G0 X106.671 Y112.014
G1 F3600 X100.761 Y117.925 E249.86021
G1 X100.691 Y117.995
G0 F7200 X100.91 Y117.995
G0 X100.91 Y116.417
G0 X100.76 Y116.417
G1 F3600 X113.583 Y129.24 E249.97391
G1 X113.653 Y129.31
G0 F7200 X113.653 Y129.09
G0 X112.073 Y129.09
G0 X112.073 Y129.24
G1 F3600 X119.24 Y122.073 E250.03747
G1 X119.31 Y122.003
G0 F7200 X119.09 Y122.003
G0 X117.222 Y121.302
G0 X117.223 Y117.945
G0 X119.09 Y117.926
G0 X119.24 Y117.926
G1 F3600 X112.373 Y111.06 E250.09835
G1 X112.303 Y110.99
G0 F7200 X112.354 Y111.988
G1 F3600 X113.583 Y110.76 E250.10925
G1 X113.653 Y110.69
G0 F7200 X113.653 Y110.91
G0 X112.452 Y112.734
G0 X111.704 Y112.638
G1 F3600 X100.761 Y123.582 E250.20629
G1 X100.691 Y123.652
G0 F7200 X100.91 Y123.652
G0 X100.91 Y122.074
G0 X100.76 Y122.074
G1 F3600 X107.926 Y129.24 E250.26983
G1 X107.996 Y129.31
G0 F7200 X107.996 Y129.09
G0 X106.416 Y129.09
G0 X106.416 Y129.24
G1 F3600 X119.24 Y116.416 E250.38355
G1 X119.31 Y116.346
G0 F7200 X119.09 Y116.346
G0 X119.09 Y112.269
G0 X119.24 Y112.269
G1 F3600 X117.731 Y110.76 E250.39693
G1 X117.661 Y110.69
G0 F7200 X117.661 Y110.91
G0 X119.12 Y110.88
G0 X119.239 Y110.76
G1 F3600 X100.761 Y129.239 E250.56078
G1 X100.691 Y129.309
G0 F7200 X100.88 Y129.12
G0 X100.91 Y127.73
G0 X100.76 Y127.73
G1 F3600 X102.27 Y129.24 E250.57417
G1 X102.34 Y129.31
G0 F7200 X102.34 Y129.09
G0 X100.91 Y112.268
G0 X100.761 Y112.268
G1 F3600 X102.269 Y110.76 E250.58755
G1 X102.339 Y110.69
G0 F7200 X102.339 Y110.91
G0 X106.417 Y110.91
G0 X106.417 Y110.76
G1 F3600 X106.65 Y110.993 E250.58961
G0 F7200 X106.501 Y110.993
G0 X106.575 Y112.735
G0 X117.222 Y121.302
G0 X117.918 Y121.064
;TYPE:WALL-INNER
G1 F3600 X117.613 Y120.866 E250.59189
G1 X117.525 Y120.737 E250.59287
G1 X117.46 Y120.464 E250.59463
G1 X117.461 Y118.742 E250.60543
G1 X117.561 Y118.446 E250.60739
G1 X117.833 Y118.224 E250.60959
G1 X118.06 Y118.18 E250.61104
G1 X119.4 Y118.18 E250.61944
G1 X119.4 Y110.6 E250.66697
G1 X112.215 Y110.6 E250.71202
G1 X112.212 Y111.898 E250.72016
G1 X112.168 Y112.123 E250.7216
G1 X111.983 Y112.368 E250.72352
G1 X111.826 Y112.457 E250.72465
G1 X111.61 Y112.496 E250.72603
G1 X109.868 Y112.489 E250.73695
G1 X109.65 Y112.422 E250.73838
G1 X109.556 Y112.279 E250.73945
G1 X109.462 Y112.422 E250.74053
G1 X109.182 Y112.492 E250.74234
G1 X107.348 Y112.493 E250.75384
G1 X107.044 Y112.37 E250.75589
G1 X106.901 Y112.212 E250.75723
G1 X106.812 Y111.898 E250.75927
G1 X106.809 Y110.6 E250.76741
G1 X100.6 Y110.6 E250.80635
G1 X100.6 Y129.4 E250.92422
G1 X119.4 Y129.4 E251.0421
G1 X119.4 Y121.064 E251.09437
G1 X117.918 Y121.064 E251.10366
G0 F7200 X118.013 Y120.664
;TYPE:WALL-OUTER
G1 F1800 X117.894 Y120.577 E251.10459
G1 X117.862 Y120.494 E251.10515
G1 X117.86 Y118.767 E251.11598
G1 X117.893 Y118.668 E251.11663
G1 X118.001 Y118.58 E251.1175
G1 X119.8 Y118.58 E251.12878
G1 X119.8 Y110.2 E251.18133
G1 X111.816 Y110.2 E251.23139
G1 X111.812 Y111.897 E251.24203
G1 X111.774 Y112.015 E251.24281
G1 X111.656 Y112.092 E251.24369
G1 X109.851 Y112.091 E251.25501
G1 F1855.7 X109.744 Y111.908 E251.2563
G1 F1914.9 X109.744 Y110.188 E251.26643
G1 X109.368 Y110.188 E251.26865
G1 X109.368 Y111.908 E251.27879
G1 F1855.7 X109.264 Y112.086 E251.28004
G1 F1800 X107.39 Y112.095 E251.29179
G1 X107.241 Y112.002 E251.29289
G1 X107.212 Y111.897 E251.29358
G1 X107.208 Y110.2 E251.30422
G1 X100.2 Y110.2 E251.34816
G1 X100.2 Y129.8 E251.47105
G1 X119.8 Y129.8 E251.59395
G1 X119.8 Y120.664 E251.65123
G1 X118.013 Y120.664 E251.66244
G0 F7200 X117.894 Y120.577
G0 X117.875 Y120.528
G0 X116.851 Y120.527
;MESH:NONMESH
G0 F600 X116.851 Y120.527 Z8.1
G0 F7200 X100.88 Y110.88
G0 X100.76 Y110.76
;TIME_ELAPSED:974.252453
;LAYER:78
;TYPE:FILL
;MESH:xyzCalibration_cube.glb
G1 F3600 X119.24 Y129.24 E251.82631
G1 X119.31 Y129.31
G0 F7200 X119.12 Y129.12
G0 X117.73 Y129.09
G0 X117.73 Y129.24
G1 F3600 X119.24 Y127.73 E251.8397
G1 X119.31 Y127.66
G0 F7200 X119.09 Y127.66
G0 X119.09 Y123.583
G0 X119.24 Y123.583
G1 F3600 X108.309 Y112.652 E251.93663
G1 X108.239 Y112.582
G0 F7200 X108.239 Y112.806
G0 X106.629 Y112.735
G0 X106.716 Y111.97
G1 F3600 X100.761 Y117.925 E251.98943
G1 X100.691 Y117.995
G0 F7200 X100.91 Y117.995
G0 X100.91 Y116.417
G0 X100.76 Y116.417
G1 F3600 X113.583 Y129.24 E252.10314
G1 X113.653 Y129.31
G0 F7200 X113.653 Y129.09
G0 X112.073 Y129.09
G0 X112.073 Y129.24
G1 F3600 X119.24 Y122.073 E252.16669
G1 X119.31 Y122.003
G0 F7200 X119.09 Y122.003
G0 X117.222 Y121.301
G0 X117.223 Y117.944
G0 X119.09 Y117.926
G0 X119.24 Y117.926
G1 F3600 X112.312 Y110.998 E252.22813
G1 X112.242 Y110.928
G0 F7200 X112.462 Y110.929
G0 X112.461 Y112.065
G0 X112.279 Y112.064
G1 F3600 X113.582 Y110.76 E252.23968
G1 X113.652 Y110.69
G0 F7200 X113.652 Y110.91
G0 X112.389 Y112.734
G0 X111.717 Y112.626
G1 F3600 X100.761 Y123.582 E252.33684
G1 X100.691 Y123.652
G0 F7200 X100.91 Y123.652
G0 X100.91 Y122.074
G0 X100.76 Y122.074
G1 F3600 X107.926 Y129.24 E252.40038
G1 X107.996 Y129.31
G0 F7200 X107.996 Y129.09
G0 X106.416 Y129.09
G0 X106.416 Y129.24
G1 F3600 X119.24 Y116.416 E252.51409
G1 X119.31 Y116.346
G0 F7200 X119.09 Y116.346
G0 X119.09 Y112.269
G0 X119.24 Y112.269
G1 F3600 X117.731 Y110.76 E252.52747
G1 X117.661 Y110.69
G0 F7200 X117.661 Y110.91
G0 X119.12 Y110.88
G0 X119.239 Y110.76
G1 F3600 X100.761 Y129.239 E252.69133
G1 X100.691 Y129.309
G0 F7200 X100.88 Y129.12
G0 X100.91 Y127.73
G0 X100.76 Y127.73
G1 F3600 X102.27 Y129.24 E252.70472
G1 X102.34 Y129.31
G0 F7200 X102.34 Y129.09
G0 X100.91 Y112.268
G0 X100.761 Y112.268
G1 F3600 X102.269 Y110.76 E252.71809
G1 X102.339 Y110.69
G0 F7200 X102.339 Y110.91
G0 X106.417 Y110.91
G0 X106.417 Y110.76
G1 F3600 X106.705 Y111.048 E252.72065
G0 F7200 X106.556 Y111.048
G0 X106.629 Y112.735
G0 X117.222 Y121.301
G0 X117.918 Y121.06
;TYPE:WALL-INNER
G1 F3600 X117.613 Y120.862 E252.72293
G1 X117.497 Y120.669 E252.72434
G1 X117.46 Y120.492 E252.72547
G1 X117.46 Y118.747 E252.73641
G1 X117.559 Y118.449 E252.73838
G1 X117.832 Y118.224 E252.7406
G1 X118.06 Y118.18 E252.74206
G1 X119.4 Y118.18 E252.75046
G1 X119.4 Y110.6 E252.79799
G1 X112.152 Y110.6 E252.84343
G1 X112.152 Y111.896 E252.85156
G1 X112.107 Y112.125 E252.85302
G1 X111.925 Y112.367 E252.85492
G1 X111.767 Y112.457 E252.85606
G1 X111.55 Y112.496 E252.85744
G1 X109.805 Y112.489 E252.86839
G1 X109.627 Y112.441 E252.86954
G1 X109.556 Y112.34 E252.87032
G1 X109.485 Y112.441 E252.87109
G1 X109.307 Y112.489 E252.87225
G1 X107.401 Y112.493 E252.8842
G1 X107.097 Y112.372 E252.88625
G1 X106.955 Y112.215 E252.88758
G1 X106.864 Y111.896 E252.88966
G1 X106.864 Y110.6 E252.89778
G1 X100.6 Y110.6 E252.93706
G1 X100.6 Y129.4 E253.05494
G1 X119.4 Y129.4 E253.17282
G1 X119.4 Y121.06 E253.22511
G1 X117.918 Y121.06 E253.2344
G0 F7200 X118.013 Y120.66
;TYPE:WALL-OUTER
G1 F1800 X117.894 Y120.573 E253.23533
G1 X117.862 Y120.49 E253.23588
G1 X117.86 Y118.739 E253.24686
G1 X118.001 Y118.58 E253.2482
G1 X119.8 Y118.58 E253.25948
G1 X119.8 Y110.2 E253.31202
G1 X111.752 Y110.2 E253.36248
G1 X111.752 Y111.896 E253.37312
G1 X111.713 Y112.016 E253.37391
G1 X111.597 Y112.092 E253.37478
G1 X109.828 Y112.088 E253.38587
G1 F1392.6 X109.556 Y111.919 E253.38847
G1 X109.284 Y112.088 E253.39106
G1 F1800 X107.419 Y112.092 E253.40275
G1 X107.316 Y112.032 E253.4035
G1 X107.264 Y111.945 E253.40414
G1 X107.264 Y110.2 E253.41508
G1 X100.2 Y110.2 E253.45937
G1 X100.2 Y129.8 E253.58227
G1 X119.8 Y129.8 E253.70516
G1 X119.8 Y120.66 E253.76247
G1 X118.013 Y120.66 E253.77368
G0 F7200 X117.894 Y120.573
G0 X117.875 Y120.524
G0 X117.151 Y120.523
G0 X109.555 Y112.805
G0 X109.556 Y111.919
G1 F1137.4 X109.556 Y110.316 E253.78958
G1 F2100 E251.78958
;MESH:NONMESH
G0 F600 X109.556 Y110.316 Z8.2
G0 F7200 X108.577 Y110.316
G0 X107.042 Y110.424
G0 X100.91 Y110.88
G0 X100.76 Y110.76
;TIME_ELAPSED:983.313264
;LAYER:79
;TYPE:FILL
;MESH:xyzCalibration_cube.glb
G1 F2100 E253.78958
G1 F3600 X119.24 Y129.24 E253.95345
G1 X119.31 Y129.31
G0 F7200 X119.12 Y129.12
G0 X117.73 Y129.09
G0 X117.73 Y129.24
G1 F3600 X119.24 Y127.73 E253.96684
G1 X119.31 Y127.66
G0 F7200 X119.09 Y127.66
G0 X119.09 Y123.583
G0 X119.24 Y123.583
G1 F3600 X108.309 Y112.652 E254.06377
G1 X108.239 Y112.582
G0 F7200 X108.239 Y112.805
G0 X106.686 Y112.735
G0 X106.613 Y111.922
G0 X106.764 Y111.922
G1 F3600 X100.761 Y117.925 E254.117
G1 X100.691 Y117.995
G0 F7200 X100.91 Y117.995
G0 X100.91 Y116.417
G0 X100.76 Y116.417
G1 F3600 X113.583 Y129.24 E254.23071
G1 X113.653 Y129.31
G0 F7200 X113.653 Y129.09
G0 X112.073 Y129.09
G0 X112.073 Y129.24
G1 F3600 X119.24 Y122.073 E254.29426
G1 X119.31 Y122.003
G0 F7200 X119.09 Y122.003
G0 X117.222 Y121.3
G0 X117.223 Y117.943
G0 X119.09 Y117.926
G0 X119.24 Y117.926
G1 F3600 X112.248 Y110.934 E254.35626
G1 X112.178 Y110.864
G0 F7200 X112.399 Y110.865
G0 X112.398 Y112.145
G0 X112.199 Y112.144
G1 F3600 X113.583 Y110.76 E254.36853
G1 X113.653 Y110.69
G0 F7200 X113.653 Y110.91
G0 X112.326 Y112.734
G0 X111.73 Y112.612
G1 F3600 X100.761 Y123.582 E254.4658
G1 X100.691 Y123.652
G0 F7200 X100.91 Y123.652
G0 X100.91 Y122.074
G0 X100.76 Y122.074
G1 F3600 X107.926 Y129.24 E254.52935
G1 X107.996 Y129.31
G0 F7200 X107.996 Y129.09
G0 X106.416 Y129.09
G0 X106.416 Y129.24
G1 F3600 X119.24 Y116.416 E254.64306
G1 X119.31 Y116.346
G0 F7200 X119.09 Y116.346
G0 X119.09 Y112.269
G0 X119.24 Y112.269
G1 F3600 X117.731 Y110.76 E254.65644
G1 X117.661 Y110.69
G0 F7200 X117.661 Y110.91
G0 X119.12 Y110.88
G0 X119.239 Y110.76
G1 F3600 X100.761 Y129.239 E254.8203
G1 X100.691 Y129.309
G0 F7200 X100.88 Y129.12
G0 X100.91 Y127.73
G0 X100.76 Y127.73
G1 F3600 X102.27 Y129.24 E254.83369
G1 X102.34 Y129.31
G0 F7200 X102.34 Y129.09
G0 X100.91 Y112.268
G0 X100.761 Y112.268
G1 F3600 X102.269 Y110.76 E254.84706
G1 X102.339 Y110.69
G0 F7200 X102.339 Y110.91
G0 X106.417 Y110.91
G0 X106.417 Y110.76
G1 F3600 X106.76 Y111.103 E254.8501
G0 F7200 X106.612 Y111.103
G0 X106.686 Y112.735
G0 X117.222 Y121.3
G0 X117.918 Y121.06
;TYPE:WALL-INNER
G1 F3600 X117.613 Y120.862 E254.85238
G1 X117.497 Y120.669 E254.8538
G1 X117.46 Y120.492 E254.85493
G1 X117.46 Y118.666 E254.86638
G1 X117.557 Y118.452 E254.86785
G1 X117.702 Y118.297 E254.86918
G1 X117.831 Y118.225 E254.87011
G1 X118.06 Y118.18 E254.87157
G1 X119.4 Y118.18 E254.87997
G1 X119.4 Y110.6 E254.9275
G1 X112.088 Y110.6 E254.97335
G1 X112.088 Y111.896 E254.98148
G1 X112.043 Y112.127 E254.98295
G1 X111.969 Y112.256 E254.98388
G1 X111.792 Y112.414 E254.98537
G1 X111.582 Y112.496 E254.98679
G1 X109.754 Y112.49 E254.99825
G1 X109.605 Y112.457 E254.9992
G1 X109.554 Y112.391 E254.99973
G1 X109.503 Y112.457 E255.00025
G1 X109.314 Y112.492 E255.00146
G1 X107.416 Y112.493 E255.01336
G1 X107.233 Y112.424 E255.01458
G1 X107.079 Y112.304 E255.01581
G1 X106.953 Y112.094 E255.01734
G1 X106.92 Y111.896 E255.0186
G1 X106.92 Y110.6 E255.02673
G1 X100.6 Y110.6 E255.06636
G1 X100.6 Y129.4 E255.18423
G1 X119.4 Y129.4 E255.30211
G1 X119.4 Y121.06 E255.35441
G1 X117.918 Y121.06 E255.3637
G0 F7200 X118.013 Y120.66
;TYPE:WALL-OUTER
G1 F1800 X117.894 Y120.573 E255.36462
G1 X117.862 Y120.49 E255.36518
G1 X117.86 Y118.72 E255.37628
G1 X117.934 Y118.623 E255.37705
G1 X118.06 Y118.58 E255.37788
G1 X119.8 Y118.58 E255.38879
G1 X119.8 Y110.2 E255.44133
G1 X111.688 Y110.2 E255.4922
G1 X111.688 Y111.956 E255.50321
G1 X111.567 Y112.095 E255.50436
G1 X109.751 Y112.091 E255.51575
G1 F1582.4 X109.554 Y111.914 E255.51764
G1 X109.356 Y112.092 E255.51954
G1 F1800 X107.475 Y112.092 E255.53133
G1 X107.373 Y112.032 E255.53207
G1 X107.32 Y111.944 E255.53272
G1 X107.32 Y110.2 E255.54365
G1 X100.2 Y110.2 E255.5883
G1 X100.2 Y129.8 E255.71119
G1 X119.8 Y129.8 E255.83409
G1 X119.8 Y120.66 E255.8914
G1 X118.013 Y120.66 E255.9026
G0 F7200 X117.894 Y120.573
G0 X117.875 Y120.524
G0 X117.151 Y120.523
G0 X109.553 Y112.805
G0 X109.554 Y111.914
G1 F1411.8 X109.556 Y110.256 E255.91586
G1 F2100 E253.91586
;MESH:NONMESH
G0 F600 X109.556 Y110.256 Z8.3
G0 F7200 X108.636 Y110.256
G0 X107.097 Y110.424
G0 X100.91 Y110.88
G0 X100.76 Y110.76
;TIME_ELAPSED:992.429566
;LAYER:80
;TYPE:FILL
;MESH:xyzCalibration_cube.glb
G1 F2100 E255.91586
G1 F3600 X119.24 Y129.24 E256.07973
G1 X119.31 Y129.31
G0 F7200 X119.12 Y129.12
G0 X117.73 Y129.09
G0 X117.73 Y129.24
G1 F3600 X119.24 Y127.73 E256.09312
G1 X119.31 Y127.66
G0 F7200 X119.09 Y127.66
G0 X119.09 Y123.583
G0 X119.24 Y123.583
G1 F3600 X108.31 Y112.653 E256.19004
G1 X108.24 Y112.583
G0 F7200 X108.24 Y112.805
G0 X106.742 Y112.735
G0 X106.669 Y111.87
G0 X106.816 Y111.87
G1 F3600 X100.761 Y117.925 E256.24373
G1 X100.691 Y117.995
G0 F7200 X100.91 Y117.995
G0 X100.91 Y116.417
G0 X100.76 Y116.417
G1 F3600 X113.583 Y129.24 E256.35744
G1 X113.653 Y129.31
G0 F7200 X113.653 Y129.09
G0 X112.073 Y129.09
G0 X112.073 Y129.24
G1 F3600 X119.24 Y122.073 E256.42099
G1 X119.31 Y122.003
G0 F7200 X119.09 Y122.003
G0 X117.222 Y121.299
G0 X117.223 Y117.942
G0 X119.09 Y117.926
G0 X119.24 Y117.926
G1 F3600 X112.186 Y110.872 E256.48354
G1 X112.116 Y110.802
G0 F7200 X112.307 Y110.88
G0 X113.583 Y110.91
G0 X113.583 Y110.76
G1 F3600 X112.041 Y112.301 E256.49721
G0 F7200 X111.791 Y112.552
G1 F3600 X100.761 Y123.582 E256.59502
G1 X100.691 Y123.652
G0 F7200 X100.91 Y123.652
G0 X100.91 Y122.074
G0 X100.76 Y122.074
G1 F3600 X107.926 Y129.24 E256.65856
G1 X107.996 Y129.31
G0 F7200 X107.996 Y129.09
G0 X106.416 Y129.09
G0 X106.416 Y129.24
G1 F3600 X119.24 Y116.416 E256.77227
G1 X119.31 Y116.346
G0 F7200 X119.09 Y116.346
G0 X119.09 Y112.269
G0 X119.24 Y112.269
G1 F3600 X117.731 Y110.76 E256.78566
G1 X117.661 Y110.69
G0 F7200 X117.661 Y110.91
G0 X119.12 Y110.88
G0 X119.239 Y110.76
G1 F3600 X100.761 Y129.239 E256.94951
G1 X100.691 Y129.309
G0 F7200 X100.88 Y129.12
G0 X100.91 Y127.73
G0 X100.76 Y127.73
G1 F3600 X102.27 Y129.24 E256.9629
G1 X102.34 Y129.31
G0 F7200 X102.34 Y129.09
G0 X100.91 Y112.268
G0 X100.761 Y112.268
G1 F3600 X102.269 Y110.76 E256.97627
G1 X102.339 Y110.69
G0 F7200 X102.339 Y110.91
G0 X106.417 Y110.91
G0 X106.417 Y110.76
G1 F3600 X106.816 Y111.159 E256.97981
G0 F7200 X106.668 Y111.159
G0 X106.742 Y112.735
G0 X117.222 Y121.299
G0 X117.918 Y121.06
;TYPE:WALL-INNER
G1 F3600 X117.613 Y120.862 E256.98209
G1 X117.497 Y120.669 E256.9835
G1 X117.46 Y120.492 E256.98464
G1 X117.463 Y118.714 E256.99579
G1 X117.541 Y118.477 E256.99735
G1 X117.701 Y118.298 E256.99885
G1 X117.83 Y118.225 E256.99978
G1 X118.06 Y118.18 E257.00125
G1 X119.4 Y118.18 E257.00966
G1 X119.4 Y110.6 E257.05718
G1 X112.027 Y110.6 E257.10341
G1 X112.024 Y111.898 E257.11155
G1 X111.978 Y112.129 E257.11303
G1 X111.837 Y112.332 E257.11458
G1 X111.707 Y112.426 E257.11559
G1 X111.469 Y112.495 E257.11714
G1 X109.604 Y112.49 E257.12883
G1 X109.554 Y112.428 E257.12933
G1 X109.506 Y112.487 E257.12981
G1 X107.513 Y112.493 E257.14231
G1 X107.212 Y112.374 E257.14434
G1 X107.07 Y112.22 E257.14565
G1 X106.976 Y111.896 E257.14776
G1 X106.976 Y110.6 E257.15589
G1 X100.6 Y110.6 E257.19587
G1 X100.6 Y129.4 E257.31375
G1 X119.4 Y129.4 E257.43163
G1 X119.4 Y121.06 E257.48392
G1 X117.918 Y121.06 E257.49321
G0 F7200 X118.013 Y120.66
;TYPE:WALL-OUTER
G1 F1800 X117.894 Y120.573 E257.49414
G1 X117.862 Y120.49 E257.4947
G1 X117.863 Y118.74 E257.50567
G1 X117.901 Y118.657 E257.50624
G1 X118.003 Y118.58 E257.50704
G1 X119.8 Y118.58 E257.51831
G1 X119.8 Y110.2 E257.57085
G1 X111.628 Y110.2 E257.62209
G1 X111.624 Y111.958 E257.63312
G1 X111.498 Y112.096 E257.63429
G1 X109.695 Y112.085 E257.64559
G1 F1822.8 X109.554 Y111.908 E257.64699
G1 X109.407 Y112.092 E257.64845
G1 F1800 X107.531 Y112.092 E257.66022
G1 X107.376 Y111.948 E257.66154
G1 X107.376 Y110.2 E257.6725
G1 X100.2 Y110.2 E257.7175
G1 X100.2 Y129.8 E257.84039
G1 X119.8 Y129.8 E257.96329
G1 X119.8 Y120.66 E258.0206
G1 X118.013 Y120.66 E258.0318
G0 F7200 X117.894 Y120.573
G0 X117.875 Y120.524
G0 X117.151 Y120.523
G0 X109.553 Y112.805
G0 X109.554 Y111.908
G1 F1846.2 X109.556 Y110.196 E258.04227
G1 F2100 E256.04227
;MESH:NONMESH
G0 F600 X109.556 Y110.196 Z8.4
G0 F7200 X107.153 Y110.424
G0 X100.91 Y110.88
G0 X100.76 Y110.76
;TIME_ELAPSED:1001.475868
;LAYER:81
;TYPE:FILL
;MESH:xyzCalibration_cube.glb
G1 F2100 E258.04227
G1 F3600 X119.24 Y129.24 E258.20614
G1 X119.31 Y129.31
G0 F7200 X119.12 Y129.12
G0 X117.73 Y129.09
G0 X117.73 Y129.24
G1 F3600 X119.24 Y127.73 E258.21953
G1 X119.31 Y127.66
G0 F7200 X119.09 Y127.66
G0 X119.09 Y123.583
G0 X119.24 Y123.583
G1 F3600 X108.31 Y112.653 E258.31645
G1 X108.24 Y112.583
G0 F7200 X108.24 Y112.806
G0 X106.797 Y112.734
G0 X106.724 Y111.814
G0 X106.871 Y111.814
G1 F3600 X100.761 Y117.925 E258.37063
G1 X100.691 Y117.995
G0 F7200 X100.91 Y117.995
G0 X100.91 Y116.417
G0 X100.76 Y116.417
G1 F3600 X113.583 Y129.24 E258.48434
G1 X113.653 Y129.31
G0 F7200 X113.653 Y129.09
G0 X112.073 Y129.09
G0 X112.073 Y129.24
G1 F3600 X119.24 Y122.073 E258.54789
G1 X119.31 Y122.003
G0 F7200 X119.09 Y122.003
G0 X117.222 Y121.298
G0 X117.223 Y117.941
G0 X119.09 Y117.926
G0 X119.24 Y117.926
G1 F3600 X112.122 Y110.809 E258.61101
G1 X112.052 Y110.739
G0 F7200 X112.244 Y110.88
G0 X113.583 Y110.91
G0 X113.583 Y110.76
G1 F3600 X100.761 Y123.582 E258.7247
G1 X100.691 Y123.652
G0 F7200 X100.91 Y123.652
G0 X100.91 Y122.074
G0 X100.76 Y122.074
G1 F3600 X107.926 Y129.24 E258.78825
G1 X107.996 Y129.31
G0 F7200 X107.996 Y129.09
G0 X106.416 Y129.09
G0 X106.416 Y129.24
G1 F3600 X119.239 Y116.417 E258.90195
G1 X119.309 Y116.347
G0 F7200 X119.09 Y116.347
G0 X119.09 Y112.269
G0 X119.24 Y112.269
G1 F3600 X117.731 Y110.76 E258.91533
G1 X117.661 Y110.69
G0 F7200 X117.661 Y110.91
G0 X119.12 Y110.88
G0 X119.239 Y110.76
G1 F3600 X100.761 Y129.239 E259.07919
G1 X100.691 Y129.309
G0 F7200 X100.88 Y129.12
G0 X100.91 Y127.73
G0 X100.76 Y127.73
G1 F3600 X102.27 Y129.24 E259.09258
G1 X102.34 Y129.31
G0 F7200 X102.34 Y129.09
G0 X100.91 Y112.268
G0 X100.761 Y112.268
G1 F3600 X102.269 Y110.76 E259.10595
G1 X102.339 Y110.69
G0 F7200 X102.339 Y110.91
G0 X106.417 Y110.91
G0 X106.417 Y110.76
G1 F3600 X106.872 Y111.215 E259.10999
G0 F7200 X106.723 Y111.215
G0 X106.797 Y112.734
G0 X117.222 Y121.298
G0 X117.918 Y121.06
;TYPE:WALL-INNER
G1 F3600 X117.613 Y120.862 E259.11227
G1 X117.497 Y120.669 E259.11368
G1 X117.46 Y120.492 E259.11481
G1 X117.462 Y118.716 E259.12595
G1 X117.539 Y118.477 E259.12752
G1 X117.637 Y118.349 E259.12853
G1 X117.829 Y118.221 E259.12998
G1 X118.06 Y118.176 E259.13146
G1 X119.4 Y118.176 E259.13986
G1 X119.4 Y110.6 E259.18736
G1 X111.963 Y110.6 E259.23399
G1 X111.96 Y111.898 E259.24213
G1 X111.913 Y112.131 E259.24362
G1 X111.712 Y112.383 E259.24564
G1 X111.405 Y112.495 E259.24769
G1 X109.583 Y112.49 E259.25912
G1 X109.554 Y112.457 E259.25939
G1 X109.525 Y112.49 E259.25967
G1 X107.569 Y112.493 E259.27193
G1 X107.269 Y112.375 E259.27395
G1 X107.066 Y112.098 E259.27611
G1 X107.032 Y111.896 E259.27739
G1 X107.032 Y110.6 E259.28552
G1 X100.6 Y110.6 E259.32585
G1 X100.6 Y129.4 E259.44373
G1 X119.4 Y129.4 E259.56161
G1 X119.4 Y121.06 E259.6139
G1 X117.918 Y121.06 E259.62319
G0 F7200 X118.013 Y120.66
;TYPE:WALL-OUTER
G1 F1800 X117.894 Y120.573 E259.62412
G1 X117.862 Y120.49 E259.62467
G1 X117.86 Y118.756 E259.63555
G1 X117.94 Y118.615 E259.63656
G1 X118.06 Y118.576 E259.63735
G1 X119.8 Y118.576 E259.64826
G1 X119.8 Y110.2 E259.70078
G1 X111.564 Y110.2 E259.75242
G1 X111.56 Y111.956 E259.76343
G1 X111.478 Y112.059 E259.76426
G1 X111.375 Y112.096 E259.76495
G1 X109.65 Y112.089 E259.77576
G1 F1945.9 X109.554 Y111.903 E259.77698
G1 X109.458 Y112.089 E259.77819
G1 F1800 X107.588 Y112.092 E259.78992
G1 X107.486 Y112.033 E259.79065
G1 X107.432 Y111.946 E259.7913
G1 X107.432 Y110.2 E259.80224
G1 X100.2 Y110.2 E259.84759
G1 X100.2 Y129.8 E259.97049
G1 X119.8 Y129.8 E260.09338
G1 X119.8 Y120.66 E260.15069
G1 X118.013 Y120.66 E260.1619
G0 F7200 X117.894 Y120.573
G0 X117.875 Y120.524
G0 X117.151 Y120.523
G0 X109.553 Y112.805
G0 X109.554 Y111.903
G1 F2117.6 X109.554 Y110.134 E260.17132
G1 F2100 E258.17132
;MESH:NONMESH
G0 F600 X109.554 Y110.134 Z8.5
G0 F7200 X107.208 Y110.424
G0 X100.91 Y110.88
G0 X100.76 Y110.76
;TIME_ELAPSED:1010.520533
;LAYER:82
;TYPE:FILL
;MESH:xyzCalibration_cube.glb
G1 F2100 E260.17132
G1 F3600 X119.24 Y129.24 E260.33519
G1 X119.31 Y129.31
G0 F7200 X119.12 Y129.12
G0 X117.73 Y129.09
G0 X117.73 Y129.24
G1 F3600 X119.24 Y127.73 E260.34858
G1 X119.31 Y127.66
G0 F7200 X119.09 Y127.66
G0 X119.09 Y123.583
G0 X119.24 Y123.583
G1 F3600 X108.31 Y112.653 E260.4455
G1 X108.24 Y112.583
G0 F7200 X108.24 Y112.806
G0 X106.853 Y112.734
G0 X106.78 Y111.758
G0 X106.928 Y111.758
G1 F3600 X100.761 Y117.925 E260.50019
G1 X100.691 Y117.995
G0 F7200 X100.91 Y117.995
G0 X100.91 Y116.417
G0 X100.76 Y116.417
G1 F3600 X113.583 Y129.24 E260.61389
G1 X113.653 Y129.31
G0 F7200 X113.653 Y129.09
G0 X112.073 Y129.09
G0 X112.073 Y129.24
G1 F3600 X119.24 Y122.073 E260.67745
G1 X119.31 Y122.003
G0 F7200 X119.09 Y122.003
G0 X117.223 Y121.297
G0 X117.224 Y117.94
G0 X119.09 Y117.926
G0 X119.24 Y117.926
G1 F3600 X112.074 Y110.76 E260.74099
G1 X112.004 Y110.69
G0 F7200 X112.18 Y110.88
G0 X113.583 Y110.91
G0 X113.583 Y110.76
G1 F3600 X100.761 Y123.582 E260.85469
G1 X100.691 Y123.652
G0 F7200 X100.91 Y123.652
G0 X100.91 Y122.074
G0 X100.76 Y122.074
G1 F3600 X107.926 Y129.24 E260.91823
G1 X107.996 Y129.31
G0 F7200 X107.996 Y129.09
G0 X106.416 Y129.09
G0 X106.416 Y129.24
G1 F3600 X119.239 Y116.417 E261.03194
G1 X119.309 Y116.347
G0 F7200 X119.09 Y116.347
G0 X119.09 Y112.269
G0 X119.24 Y112.269
G1 F3600 X117.731 Y110.76 E261.04532
G1 X117.661 Y110.69
G0 F7200 X117.661 Y110.91
G0 X119.12 Y110.88
G0 X119.239 Y110.76
G1 F3600 X100.761 Y129.239 E261.20918
G1 X100.691 Y129.309
G0 F7200 X100.88 Y129.12
G0 X100.91 Y127.73
G0 X100.76 Y127.73
G1 F3600 X102.27 Y129.24 E261.22257
G1 X102.34 Y129.31
G0 F7200 X102.34 Y129.09
G0 X100.91 Y112.268
G0 X100.761 Y112.268
G1 F3600 X102.269 Y110.76 E261.23594
G1 X102.339 Y110.69
G0 F7200 X102.339 Y110.91
G0 X106.417 Y110.91
G0 X106.417 Y110.76
G1 F3600 X106.928 Y111.271 E261.24047
G0 F7200 X106.779 Y111.271
G0 X106.853 Y112.734
G0 X117.223 Y121.297
G0 X117.918 Y121.056
;TYPE:WALL-INNER
G1 F3600 X117.613 Y120.858 E261.24275
G1 X117.497 Y120.665 E261.24416
G1 X117.46 Y120.488 E261.24529
G1 X117.462 Y118.721 E261.25637
G1 X117.537 Y118.481 E261.25795
G1 X117.636 Y118.351 E261.25897
G1 X117.828 Y118.222 E261.26043
G1 X118.06 Y118.176 E261.26191
G1 X119.4 Y118.176 E261.27031
G1 X119.4 Y110.6 E261.31781
G1 X111.899 Y110.6 E261.36485
G1 X111.896 Y111.898 E261.37298
G1 X111.848 Y112.133 E261.37449
G1 X111.65 Y112.381 E261.37648
G1 X111.411 Y112.495 E261.37814
G1 X107.626 Y112.493 E261.40187
G1 X107.327 Y112.376 E261.40388
G1 X107.123 Y112.1 E261.40604
G1 X107.088 Y111.896 E261.40733
G1 X107.088 Y110.6 E261.41546
G1 X100.6 Y110.6 E261.45614
G1 X100.6 Y129.4 E261.57402
G1 X119.4 Y129.4 E261.6919
G1 X119.4 Y121.056 E261.74422
G1 X117.918 Y121.056 E261.75351
G0 F7200 X118.013 Y120.656
;TYPE:WALL-OUTER
G1 F1800 X117.894 Y120.569 E261.75444
G1 X117.862 Y120.486 E261.75499
G1 X117.86 Y118.699 E261.7662
G1 X117.999 Y118.576 E261.76736
G1 X119.8 Y118.576 E261.77865
G1 X119.8 Y110.2 E261.83117
G1 X111.5 Y110.2 E261.88322
G1 X111.496 Y111.897 E261.89386
G1 X111.449 Y112.026 E261.89472
G1 X111.311 Y112.096 E261.89569
G1 X109.607 Y112.091 E261.90637
G1 F1945.9 X109.554 Y111.898 E261.90753
G1 X109.501 Y112.091 E261.90869
G1 F1800 X107.644 Y112.092 E261.92034
G1 X107.542 Y112.034 E261.92107
G1 X107.488 Y111.946 E261.92172
G1 X107.488 Y110.2 E261.93267
G1 X100.2 Y110.2 E261.97837
G1 X100.2 Y129.8 E262.10126
G1 X119.8 Y129.8 E262.22416
G1 X119.8 Y120.656 E262.28149
G1 X118.013 Y120.656 E262.2927
G0 F7200 X117.894 Y120.569
G0 X117.875 Y120.52
G0 X117.152 Y120.519
G0 X109.553 Y112.805
G0 X109.554 Y111.898
G1 F2117.6 X109.552 Y110.076 E262.30241
G1 F2100 E260.30241
;MESH:NONMESH
G0 F600 X109.552 Y110.076 Z8.6
G0 F7200 X107.264 Y110.424
G0 X100.91 Y110.88
G0 X100.76 Y110.76
;TIME_ELAPSED:1019.567309
;LAYER:83
;TYPE:FILL
;MESH:xyzCalibration_cube.glb
G1 F2100 E262.30241
G1 F3600 X119.24 Y129.24 E262.46628
G1 X119.31 Y129.31
G0 F7200 X119.12 Y129.12
G0 X117.73 Y129.09
G0 X117.73 Y129.24
G1 F3600 X119.24 Y127.73 E262.47967
G1 X119.31 Y127.66
G0 F7200 X119.09 Y127.66
G0 X119.09 Y123.583
G0 X119.24 Y123.583
G1 F3600 X108.31 Y112.653 E262.57659
G1 X108.24 Y112.583
G0 F7200 X108.24 Y112.806
G0 X106.908 Y112.734
G0 X106.834 Y111.702
G0 X106.983 Y111.702
G1 F3600 X100.761 Y117.925 E262.63176
G1 X100.691 Y117.995
G0 F7200 X100.91 Y117.995
G0 X100.91 Y116.417
G0 X100.76 Y116.417
G1 F3600 X113.583 Y129.24 E262.74547
G1 X113.653 Y129.31
G0 F7200 X113.653 Y129.09
G0 X112.073 Y129.09
G0 X112.073 Y129.24
G1 F3600 X119.24 Y122.073 E262.80902
G1 X119.31 Y122.003
G0 F7200 X119.09 Y122.003
G0 X117.223 Y121.296
G0 X117.224 Y117.938
G0 X119.09 Y117.926
G0 X119.24 Y117.926
G1 F3600 X112.074 Y110.76 E262.87257
G1 X112.004 Y110.69
G0 F7200 X112.117 Y110.88
G0 X113.583 Y110.91
G0 X113.583 Y110.76
G1 F3600 X100.761 Y123.582 E262.98626
G1 X100.691 Y123.652
G0 F7200 X100.91 Y123.652
G0 X100.91 Y122.074
G0 X100.76 Y122.074
G1 F3600 X107.926 Y129.24 E263.04981
G1 X107.996 Y129.31
G0 F7200 X107.996 Y129.09
G0 X106.416 Y129.09
G0 X106.416 Y129.24
G1 F3600 X119.239 Y116.417 E263.16351
G1 X119.309 Y116.347
G0 F7200 X119.09 Y116.347
G0 X119.09 Y112.269
G0 X119.24 Y112.269
G1 F3600 X117.731 Y110.76 E263.17689
G1 X117.661 Y110.69
G0 F7200 X117.661 Y110.91
G0 X119.12 Y110.88
G0 X119.239 Y110.76
G1 F3600 X100.761 Y129.239 E263.34075
G1 X100.691 Y129.309
G0 F7200 X100.88 Y129.12
G0 X100.91 Y127.73
G0 X100.76 Y127.73
G1 F3600 X102.27 Y129.24 E263.35414
G1 X102.34 Y129.31
G0 F7200 X102.34 Y129.09
G0 X100.91 Y112.268
G0 X100.761 Y112.268
G1 F3600 X102.269 Y110.76 E263.36751
G1 X102.339 Y110.69
G0 F7200 X102.339 Y110.91
G0 X106.417 Y110.91
G0 X106.417 Y110.76
G1 F3600 X106.982 Y111.325 E263.37252
G0 F7200 X106.834 Y111.325
G0 X106.908 Y112.734
G0 X117.223 Y121.296
G0 X117.918 Y121.056
;TYPE:WALL-INNER
G1 F3600 X117.613 Y120.858 E263.3748
G1 X117.497 Y120.665 E263.37621
G1 X117.46 Y120.488 E263.37735
G1 X117.462 Y118.725 E263.3884
G1 X117.535 Y118.484 E263.38998
G1 X117.633 Y118.353 E263.39101
G1 X117.827 Y118.222 E263.39247
G1 X118.06 Y118.176 E263.39396
G1 X119.4 Y118.176 E263.40237
G1 X119.4 Y110.6 E263.44987
G1 X111.836 Y110.6 E263.4973
G1 X111.836 Y111.896 E263.50542
G1 X111.788 Y112.134 E263.50695
G1 X111.592 Y112.38 E263.50892
G1 X111.282 Y112.495 E263.51099
G1 X107.68 Y112.493 E263.53358
G1 X107.384 Y112.377 E263.53557
G1 X107.18 Y112.102 E263.53772
G1 X107.144 Y111.898 E263.53902
G1 X107.141 Y110.6 E263.54715
G1 X100.6 Y110.6 E263.58817
G1 X100.6 Y129.4 E263.70605
G1 X119.4 Y129.4 E263.82393
G1 X119.4 Y121.056 E263.87624
G1 X117.918 Y121.056 E263.88554
G0 F7200 X118.013 Y120.656
;TYPE:WALL-OUTER
G1 F1800 X117.894 Y120.569 E263.88646
G1 X117.862 Y120.486 E263.88702
G1 X117.862 Y118.741 E263.89796
G1 X117.917 Y118.635 E263.89871
G1 X118.004 Y118.576 E263.89937
G1 X119.8 Y118.576 E263.91063
G1 X119.8 Y110.2 E263.96315
G1 X111.436 Y110.2 E264.01559
G1 X111.436 Y111.956 E264.0266
G1 X111.355 Y112.058 E264.02742
G1 X111.252 Y112.096 E264.02811
G1 X107.7 Y112.092 E264.05038
G1 X107.599 Y112.034 E264.05111
G1 X107.544 Y111.946 E264.05176
G1 X107.54 Y110.2 E264.06271
G1 X100.2 Y110.2 E264.10873
G1 X100.2 Y129.8 E264.23163
G1 X119.8 Y129.8 E264.35452
G1 X119.8 Y120.656 E264.41186
G1 X118.013 Y120.656 E264.42306
G0 F7200 X117.894 Y120.569
G0 X117.875 Y120.52
G0 X116.852 Y120.519
;MESH:NONMESH
G0 F600 X116.852 Y120.519 Z8.7
G0 F7200 X100.88 Y110.88
G0 X100.76 Y110.76
;TIME_ELAPSED:1028.437385
;LAYER:84
;TYPE:FILL
;MESH:xyzCalibration_cube.glb
G1 F3600 X119.24 Y129.24 E264.58693
G1 X119.31 Y129.31
G0 F7200 X119.12 Y129.12
G0 X117.73 Y129.09
G0 X117.73 Y129.24
G1 F3600 X119.24 Y127.73 E264.60032
G1 X119.31 Y127.66
G0 F7200 X119.09 Y127.66
G0 X119.09 Y123.583
G0 X119.24 Y123.583
G1 F3600 X108.31 Y112.653 E264.69724
G1 X108.24 Y112.583
G0 F7200 X108.24 Y112.806
G0 X106.964 Y112.734
G0 X106.89 Y111.647
G0 X107.039 Y111.647
G1 F3600 X100.761 Y117.925 E264.75291
G1 X100.691 Y117.995
G0 F7200 X100.91 Y117.995
G0 X100.91 Y116.417
G0 X100.76 Y116.417
G1 F3600 X113.583 Y129.24 E264.86662
G1 X113.653 Y129.31
G0 F7200 X113.653 Y129.09
G0 X112.073 Y129.09
G0 X112.073 Y129.24
G1 F3600 X119.24 Y122.073 E264.93017
G1 X119.31 Y122.003
G0 F7200 X119.09 Y122.003
G0 X117.223 Y121.295
G0 X117.224 Y117.937
G0 X119.09 Y117.926
G0 X119.24 Y117.926
G1 F3600 X112.074 Y110.76 E264.99371
G1 X112.004 Y110.69
G0 F7200 X112.004 Y110.91
G0 X113.583 Y110.91
G0 X113.583 Y110.76
G1 F3600 X100.761 Y123.582 E265.10741
G1 X100.691 Y123.652
G0 F7200 X100.91 Y123.652
G0 X100.91 Y122.074
G0 X100.76 Y122.074
G1 F3600 X107.926 Y129.24 E265.17095
G1 X107.996 Y129.31
G0 F7200 X107.996 Y129.09
G0 X106.416 Y129.09
G0 X106.416 Y129.24
G1 F3600 X119.239 Y116.417 E265.28466
G1 X119.309 Y116.347
G0 F7200 X119.09 Y116.347
G0 X119.09 Y112.269
G0 X119.24 Y112.269
G1 F3600 X117.731 Y110.76 E265.29804
G1 X117.661 Y110.69
G0 F7200 X117.661 Y110.91
G0 X119.12 Y110.88
G0 X119.239 Y110.76
G1 F3600 X100.761 Y129.239 E265.4619
G1 X100.691 Y129.309
G0 F7200 X100.88 Y129.12
G0 X100.91 Y127.73
G0 X100.76 Y127.73
G1 F3600 X102.27 Y129.24 E265.47529
G1 X102.34 Y129.31
G0 F7200 X102.34 Y129.09
G0 X100.91 Y112.268
G0 X100.761 Y112.268
G1 F3600 X102.269 Y110.76 E265.48866
G1 X102.339 Y110.69
G0 F7200 X102.339 Y110.91
G0 X106.417 Y110.91
G0 X106.417 Y110.76
G1 F3600 X107.039 Y111.382 E265.49418
G1 X107.109 Y111.452
G0 F7200 X106.89 Y111.452
G0 X106.964 Y112.734
G0 X117.223 Y121.295
G0 X117.918 Y121.056
;TYPE:WALL-INNER
G1 F3600 X117.613 Y120.858 E265.49646
G1 X117.497 Y120.665 E265.49787
G1 X117.46 Y120.488 E265.499
G1 X117.461 Y118.726 E265.51005
G1 X117.532 Y118.486 E265.51162
G1 X117.628 Y118.354 E265.51264
G1 X117.828 Y118.218 E265.51416
G1 X118.06 Y118.172 E265.51564
G1 X119.4 Y118.172 E265.52404
G1 X119.4 Y110.6 E265.57152
G1 X111.772 Y110.6 E265.61935
G1 X111.772 Y111.896 E265.62748
G1 X111.723 Y112.134 E265.629
G1 X111.591 Y112.327 E265.63047
G1 X111.459 Y112.424 E265.63149
G1 X111.219 Y112.495 E265.63306
G1 X107.737 Y112.493 E265.6549
G1 X107.441 Y112.378 E265.65689
G1 X107.237 Y112.104 E265.65903
G1 X107.2 Y111.898 E265.66034
G1 X107.197 Y110.6 E265.66848
G1 X100.6 Y110.6 E265.70984
G1 X100.6 Y129.4 E265.82772
G1 X119.4 Y129.4 E265.9456
G1 X119.4 Y121.056 E265.99792
G1 X117.918 Y121.056 E266.00721
G0 F7200 X118.013 Y120.656
;TYPE:WALL-OUTER
G1 F1800 X117.894 Y120.569 E266.00814
G1 X117.862 Y120.486 E266.0087
G1 X117.86 Y118.698 E266.01991
G1 X117.999 Y118.572 E266.02108
G1 X119.8 Y118.572 E266.03238
G1 X119.8 Y110.2 E266.08487
G1 X111.372 Y110.2 E266.13771
G1 X111.372 Y111.956 E266.14873
G1 X111.291 Y112.058 E266.14954
G1 X111.188 Y112.096 E266.15023
G1 X107.779 Y112.095 E266.17161
G1 X107.68 Y112.057 E266.17227
G1 X107.6 Y111.95 E266.17311
G1 X107.596 Y110.2 E266.18408
G1 X100.2 Y110.2 E266.23046
G1 X100.2 Y129.8 E266.35335
G1 X119.8 Y129.8 E266.47625
G1 X119.8 Y120.656 E266.53358
G1 X118.013 Y120.656 E266.54479
G0 F7200 X117.894 Y120.569
G0 X117.875 Y120.52
G0 X116.852 Y120.519
;MESH:NONMESH
G0 F600 X116.852 Y120.519 Z8.8
G0 F7200 X100.88 Y110.88
G0 X100.76 Y110.76
;TIME_ELAPSED:1037.249188
;LAYER:85
;TYPE:FILL
;MESH:xyzCalibration_cube.glb
G1 F3600 X119.24 Y129.24 E266.70866
G1 X119.31 Y129.31
G0 F7200 X119.12 Y129.12
G0 X117.73 Y129.09
G0 X117.73 Y129.24
G1 F3600 X119.24 Y127.73 E266.72204
G1 X119.31 Y127.66
G0 F7200 X119.09 Y127.66
G0 X119.09 Y123.583
G0 X119.24 Y123.583
G1 F3600 X108.31 Y112.653 E266.81897
G1 X108.24 Y112.583
G0 F7200 X108.24 Y112.807
G0 X107.019 Y112.735
G0 X106.945 Y111.591
G0 X107.094 Y111.591
G1 F3600 X100.761 Y117.925 E266.87513
G1 X100.691 Y117.995
G0 F7200 X100.91 Y117.995
G0 X100.91 Y116.417
G0 X100.76 Y116.417
G1 F3600 X113.583 Y129.24 E266.98883
G1 X113.653 Y129.31
G0 F7200 X113.653 Y129.09
G0 X112.073 Y129.09
G0 X112.073 Y129.24
G1 F3600 X119.24 Y122.073 E267.05239
G1 X119.31 Y122.003
G0 F7200 X119.09 Y122.003
G0 X117.223 Y121.294
G0 X117.224 Y117.936
G0 X119.09 Y117.926
G0 X119.24 Y117.926
G1 F3600 X112.074 Y110.76 E267.11593
G1 X112.004 Y110.69
G0 F7200 X112.004 Y110.91
G0 X113.583 Y110.91
G0 X113.583 Y110.76
G1 F3600 X100.761 Y123.582 E267.22963
G1 X100.691 Y123.652
G0 F7200 X100.91 Y123.652
G0 X100.91 Y122.074
G0 X100.76 Y122.074
G1 F3600 X107.926 Y129.24 E267.29317
G1 X107.996 Y129.31
G0 F7200 X107.996 Y129.09
G0 X106.416 Y129.09
G0 X106.416 Y129.24
G1 F3600 X119.239 Y116.417 E267.40688
G1 X119.309 Y116.347
G0 F7200 X119.09 Y116.347
G0 X119.09 Y112.269
G0 X119.24 Y112.269
G1 F3600 X117.731 Y110.76 E267.42026
G1 X117.661 Y110.69
G0 F7200 X117.661 Y110.91
G0 X119.12 Y110.88
G0 X119.239 Y110.76
G1 F3600 X100.761 Y129.239 E267.58411
G1 X100.691 Y129.309
G0 F7200 X100.88 Y129.12
G0 X100.91 Y127.73
G0 X100.76 Y127.73
G1 F3600 X102.27 Y129.24 E267.5975
G1 X102.34 Y129.31
G0 F7200 X102.34 Y129.09
G0 X100.91 Y112.268
G0 X100.761 Y112.268
G1 F3600 X102.269 Y110.76 E267.61088
G1 X102.339 Y110.69
G0 F7200 X102.339 Y110.91
G0 X106.417 Y110.91
G0 X106.417 Y110.76
G1 F3600 X107.095 Y111.438 E267.61689
G1 X107.165 Y111.508
G0 F7200 X106.945 Y111.508
G0 X107.019 Y112.735
G0 X117.223 Y121.294
G0 X117.919 Y121.056
;TYPE:WALL-INNER
G1 F3600 X117.613 Y120.858 E267.61917
G1 X117.497 Y120.665 E267.62059
G1 X117.46 Y120.488 E267.62172
G1 X117.461 Y118.726 E267.63277
G1 X117.53 Y118.488 E267.63432
G1 X117.698 Y118.293 E267.63593
G1 X117.828 Y118.218 E267.63688
G1 X118.06 Y118.172 E267.63836
G1 X119.4 Y118.172 E267.64676
G1 X119.4 Y110.6 E267.69424
G1 X111.711 Y110.6 E267.74245
G1 X111.708 Y111.898 E267.75059
G1 X111.659 Y112.136 E267.75211
G1 X111.464 Y112.38 E267.75407
G1 X111.16 Y112.494 E267.75611
G1 X107.793 Y112.493 E267.77722
G1 X107.498 Y112.379 E267.7792
G1 X107.293 Y112.106 E267.78134
G1 X107.256 Y111.898 E267.78267
G1 X107.253 Y110.6 E267.79081
G1 X100.6 Y110.6 E267.83252
G1 X100.6 Y129.4 E267.9504
G1 X119.4 Y129.4 E268.06828
G1 X119.4 Y121.054 E268.12061
G1 X117.919 Y121.056 E268.1299
G0 F7200 X118.014 Y120.656
;TYPE:WALL-OUTER
G1 F1800 X117.894 Y120.569 E268.13083
G1 X117.862 Y120.486 E268.13138
G1 X117.866 Y118.72 E268.14246
G1 X118.001 Y118.572 E268.14371
G1 X119.8 Y118.572 E268.15499
G1 X119.8 Y110.2 E268.20749
G1 X111.312 Y110.2 E268.26071
G1 X111.308 Y111.956 E268.27172
G1 X111.227 Y112.058 E268.27254
G1 X111.143 Y112.094 E268.27311
G1 X107.835 Y112.095 E268.29385
G1 X107.736 Y112.057 E268.29452
G1 X107.656 Y111.95 E268.29535
G1 X107.652 Y110.2 E268.30633
G1 X100.2 Y110.2 E268.35305
G1 X100.2 Y129.8 E268.47595
G1 X119.8 Y129.8 E268.59884
G1 X119.8 Y120.653 E268.6562
G1 X118.014 Y120.656 E268.66739
G0 F7200 X117.894 Y120.569
G0 X117.876 Y120.521
G0 X116.852 Y120.52
;MESH:NONMESH
G0 F600 X116.852 Y120.52 Z8.9
G0 F7200 X100.88 Y110.88
G0 X100.761 Y110.761
;TIME_ELAPSED:1046.065335
;LAYER:86
;TYPE:FILL
;MESH:xyzCalibration_cube.glb
G1 F3600 X119.24 Y129.24 E268.83126
G1 X119.31 Y129.31
G0 F7200 X119.12 Y129.12
G0 X117.73 Y129.09
G0 X117.73 Y129.24
G1 F3600 X119.24 Y127.73 E268.84464
G1 X119.31 Y127.66
G0 F7200 X119.09 Y127.66
G0 X119.09 Y123.583
G0 X119.24 Y123.583
G1 F3600 X108.31 Y112.653 E268.94157
G1 X108.24 Y112.583
G0 F7200 X108.24 Y112.807
G0 X107.075 Y112.735
G0 X107.001 Y111.535
G0 X107.151 Y111.535
G1 F3600 X100.761 Y117.924 E268.99822
G1 X100.691 Y117.994
G0 F7200 X100.91 Y117.994
G0 X100.91 Y116.417
G0 X100.761 Y116.417
G1 F3600 X113.583 Y129.24 E269.11193
G1 X113.653 Y129.31
G0 F7200 X113.653 Y129.09
G0 X112.073 Y129.09
G0 X112.073 Y129.24
G1 F3600 X119.24 Y122.073 E269.17548
G1 X119.31 Y122.003
G0 F7200 X119.09 Y122.003
G0 X117.223 Y121.292
G0 X117.224 Y117.935
G0 X119.09 Y117.926
G0 X119.24 Y117.926
G1 F3600 X112.074 Y110.76 E269.23902
G1 X112.004 Y110.69
G0 F7200 X112.004 Y110.91
G0 X113.582 Y110.91
G0 X113.582 Y110.76
G1 F3600 X100.761 Y123.581 E269.35271
G1 X100.691 Y123.651
G0 F7200 X100.91 Y123.651
G0 X100.91 Y122.074
G0 X100.761 Y122.074
G1 F3600 X107.926 Y129.24 E269.41625
G1 X107.996 Y129.31
G0 F7200 X107.996 Y129.09
G0 X106.416 Y129.09
G0 X106.416 Y129.24
G1 F3600 X119.239 Y116.417 E269.52996
G1 X119.309 Y116.347
G0 F7200 X119.09 Y116.347
G0 X119.09 Y112.269
G0 X119.24 Y112.269
G1 F3600 X117.731 Y110.76 E269.54334
G1 X117.661 Y110.69
G0 F7200 X117.661 Y110.91
G0 X119.12 Y110.88
G0 X119.239 Y110.76
G1 F3600 X100.761 Y129.238 E269.70719
G1 X100.691 Y129.308
G0 F7200 X100.88 Y129.12
G0 X100.91 Y127.731
G0 X100.761 Y127.731
G1 F3600 X102.27 Y129.24 E269.72057
G1 X102.34 Y129.31
G0 F7200 X102.34 Y129.09
G0 X100.91 Y112.267
G0 X100.761 Y112.267
G1 F3600 X102.268 Y110.76 E269.73393
G1 X102.338 Y110.69
G0 F7200 X102.338 Y110.91
G0 X106.417 Y110.91
G0 X106.417 Y110.76
G1 F3600 X107.151 Y111.494 E269.74044
G1 X107.221 Y111.564
G0 F7200 X107.001 Y111.564
G0 X107.075 Y112.735
G0 X117.223 Y121.292
G0 X117.918 Y121.052
;TYPE:WALL-INNER
G1 F3600 X117.613 Y120.854 E269.74272
G1 X117.525 Y120.725 E269.7437
G1 X117.46 Y120.484 E269.74527
G1 X117.461 Y118.727 E269.75628
G1 X117.529 Y118.491 E269.75782
G1 X117.621 Y118.362 E269.75882
G1 X117.828 Y118.218 E269.7604
G1 X118.06 Y118.172 E269.76188
G1 X119.4 Y118.172 E269.77028
G1 X119.4 Y110.6 E269.81776
G1 X111.647 Y110.6 E269.86637
G1 X111.644 Y111.898 E269.87451
G1 X111.595 Y112.136 E269.87603
G1 X111.508 Y112.278 E269.87708
G1 X111.335 Y112.421 E269.87849
G1 X111.101 Y112.494 E269.88002
G1 X107.849 Y112.493 E269.90041
G1 X107.556 Y112.38 E269.90238
G1 X107.35 Y112.108 E269.90452
G1 X107.312 Y111.898 E269.90586
G1 X107.309 Y110.6 E269.914
G1 X100.601 Y110.601 E269.95606
G1 X100.6 Y129.4 E270.07393
G1 X119.4 Y129.4 E270.19181
G1 X119.4 Y121.052 E270.24416
G1 X117.918 Y121.052 E270.25345
G0 F7200 X118.013 Y120.652
;TYPE:WALL-OUTER
G1 F1800 X117.894 Y120.565 E270.25437
G1 X117.862 Y120.482 E270.25493
G1 X117.86 Y118.699 E270.26611
G1 X117.998 Y118.572 E270.26729
G1 X119.8 Y118.572 E270.27858
G1 X119.8 Y110.2 E270.33108
G1 X111.248 Y110.2 E270.3847
G1 X111.244 Y111.954 E270.3957
G1 X111.175 Y112.048 E270.39643
G1 X111.063 Y112.096 E270.39719
G1 X107.891 Y112.095 E270.41708
G1 X107.793 Y112.058 E270.41774
G1 X107.712 Y111.951 E270.41858
G1 X107.708 Y110.2 E270.42956
G1 X100.201 Y110.201 E270.47663
G1 X100.2 Y129.8 E270.59952
G1 X119.8 Y129.8 E270.72242
G1 X119.8 Y120.652 E270.77978
G1 X118.013 Y120.652 E270.79098
G0 F7200 X117.894 Y120.565
G0 X117.875 Y120.516
G0 X116.852 Y120.515
;MESH:NONMESH
G0 F600 X116.852 Y120.515 Z9
G0 F7200 X100.88 Y110.88
G0 X100.761 Y110.761
;TIME_ELAPSED:1054.879254
;LAYER:87
;TYPE:FILL
;MESH:xyzCalibration_cube.glb
G1 F3600 X119.24 Y129.24 E270.95484
G1 X119.31 Y129.31
G0 F7200 X119.12 Y129.12
G0 X117.73 Y129.09
G0 X117.73 Y129.24
G1 F3600 X119.24 Y127.73 E270.96823
G1 X119.31 Y127.66
G0 F7200 X119.09 Y127.66
G0 X119.09 Y123.583
G0 X119.24 Y123.583
G1 F3600 X108.31 Y112.653 E271.06515
G1 X108.24 Y112.583
G0 F7200 X108.24 Y112.807
G0 X107.129 Y112.735
G0 X107.056 Y111.548
G0 X107.204 Y111.548
G1 F3600 X106.417 Y110.76 E271.07213
G1 X106.347 Y110.69
G0 F7200 X106.347 Y110.91
G0 X107.056 Y111.482
G0 X107.204 Y111.482
G1 F3600 X100.761 Y117.924 E271.12926
G1 X100.691 Y117.994
G0 F7200 X100.91 Y117.994
G0 X100.91 Y116.417
G0 X100.761 Y116.417
G1 F3600 X113.583 Y129.24 E271.24296
G1 X113.653 Y129.31
G0 F7200 X113.653 Y129.09
G0 X112.073 Y129.09
G0 X112.073 Y129.24
G1 F3600 X119.24 Y122.073 E271.30652
G1 X119.31 Y122.003
G0 F7200 X119.09 Y122.003
G0 X117.223 Y121.291
G0 X117.224 Y117.934
G0 X119.09 Y117.926
G0 X119.24 Y117.926
G1 F3600 X112.074 Y110.76 E271.37006
G1 X112.004 Y110.69
G0 F7200 X112.004 Y110.91
G0 X113.583 Y110.91
G0 X113.583 Y110.76
G1 F3600 X100.761 Y123.581 E271.48375
G1 X100.691 Y123.651
G0 F7200 X100.91 Y123.651
G0 X100.91 Y122.074
G0 X100.761 Y122.074
G1 F3600 X107.926 Y129.24 E271.54729
G1 X107.996 Y129.31
G0 F7200 X107.996 Y129.09
G0 X106.416 Y129.09
G0 X106.416 Y129.24
G1 F3600 X119.239 Y116.417 E271.661
G1 X119.309 Y116.347
G0 F7200 X119.09 Y116.347
G0 X119.09 Y112.269
G0 X119.24 Y112.269
G1 F3600 X117.731 Y110.76 E271.67438
G1 X117.661 Y110.69
G0 F7200 X117.661 Y110.91
G0 X119.12 Y110.88
G0 X119.239 Y110.76
G1 F3600 X100.761 Y129.238 E271.83823
G1 X100.691 Y129.308
G0 F7200 X100.88 Y129.12
G0 X100.91 Y127.731
G0 X100.761 Y127.731
G1 F3600 X102.27 Y129.24 E271.85161
G1 X102.34 Y129.31
G0 F7200 X102.34 Y129.09
G0 X100.91 Y112.267
G0 X100.761 Y112.267
G1 F3600 X102.268 Y110.76 E271.86498
G1 X102.338 Y110.69
G0 F7200 X102.338 Y110.91
G0 X117.223 Y121.291
G0 X117.918 Y121.052
;TYPE:WALL-INNER
G1 F3600 X117.613 Y120.854 E271.86726
G1 X117.525 Y120.725 E271.86823
G1 X117.46 Y120.484 E271.8698
G1 X117.461 Y118.727 E271.88082
G1 X117.567 Y118.429 E271.8828
G1 X117.828 Y118.218 E271.8849
G1 X118.06 Y118.172 E271.88639
G1 X119.4 Y118.172 E271.89479
G1 X119.4 Y110.6 E271.94227
G1 X111.583 Y110.6 E271.99128
G1 X111.58 Y112.025 E272.00022
G1 X111.446 Y112.275 E272.00199
G1 X111.338 Y112.379 E272.00293
G1 X111.06 Y112.496 E272.00483
G1 X107.901 Y112.493 E272.02463
G1 X107.609 Y112.381 E272.02659
G1 X107.403 Y112.109 E272.02873
G1 X107.364 Y111.896 E272.03009
G1 X107.364 Y110.6 E272.03822
G1 X100.601 Y110.601 E272.08062
G1 X100.6 Y129.4 E272.1985
G1 X119.4 Y129.4 E272.31638
G1 X119.4 Y121.052 E272.36872
G1 X117.918 Y121.052 E272.37801
G0 F7200 X118.013 Y120.652
;TYPE:WALL-OUTER
G1 F1800 X117.894 Y120.565 E272.37894
G1 X117.862 Y120.482 E272.37949
G1 X117.86 Y118.757 E272.39031
G1 X117.895 Y118.657 E272.39097
G1 X118.001 Y118.572 E272.39183
G1 X119.8 Y118.572 E272.40311
G1 X119.8 Y110.2 E272.4556
G1 X111.184 Y110.2 E272.50962
G1 X111.18 Y111.94 E272.52053
G1 X111.1 Y112.057 E272.52142
G1 X111.018 Y112.093 E272.52198
G1 X107.943 Y112.095 E272.54127
G1 X107.845 Y112.058 E272.54192
G1 X107.764 Y111.95 E272.54277
G1 X107.764 Y110.2 E272.55374
G1 X100.201 Y110.201 E272.60116
G1 X100.2 Y129.8 E272.72405
G1 X119.8 Y129.8 E272.84695
G1 X119.8 Y120.652 E272.90431
G1 X118.013 Y120.652 E272.91551
G0 F7200 X117.894 Y120.565
G0 X117.875 Y120.516
G0 X116.852 Y120.515
;MESH:NONMESH
G0 F600 X116.852 Y120.515 Z9.1
G0 F7200 X100.88 Y110.88
G0 X100.76 Y110.76
;TIME_ELAPSED:1063.673007
;LAYER:88
;TYPE:FILL
;MESH:xyzCalibration_cube.glb
G1 F3600 X119.24 Y129.24 E273.07938
G1 X119.31 Y129.31
G0 F7200 X119.12 Y129.12
G0 X117.73 Y129.09
G0 X117.73 Y129.24
G1 F3600 X119.24 Y127.73 E273.09277
G1 X119.31 Y127.66
G0 F7200 X119.09 Y127.66
G0 X119.09 Y123.583
G0 X119.24 Y123.583
G1 F3600 X108.309 Y112.652 E273.1897
G1 X108.239 Y112.582
G0 F7200 X108.239 Y112.807
G0 X107.186 Y112.735
G0 X107.112 Y111.603
G0 X107.26 Y111.603
G1 F3600 X106.417 Y110.76 E273.19718
G1 X106.347 Y110.69
G0 F7200 X106.347 Y110.91
G0 X107.112 Y111.426
G0 X107.26 Y111.426
G1 F3600 X100.761 Y117.925 E273.2548
G1 X100.691 Y117.995
G0 F7200 X100.91 Y117.995
G0 X100.91 Y116.417
G0 X100.76 Y116.417
G1 F3600 X113.583 Y129.24 E273.36851
G1 X113.653 Y129.31
G0 F7200 X113.653 Y129.09
G0 X112.073 Y129.09
G0 X112.073 Y129.24
G1 F3600 X119.24 Y122.073 E273.43206
G1 X119.31 Y122.003
G0 F7200 X119.09 Y122.003
G0 X117.222 Y121.29
G0 X117.226 Y117.933
G0 X119.09 Y117.926
G0 X119.24 Y117.926
G1 F3600 X112.074 Y110.76 E273.49561
G1 X112.004 Y110.69
G0 F7200 X112.004 Y110.91
G0 X113.583 Y110.91
G0 X113.583 Y110.76
G1 F3600 X100.761 Y123.582 E273.60931
G1 X100.691 Y123.652
G0 F7200 X100.91 Y123.652
G0 X100.91 Y122.074
G0 X100.76 Y122.074
G1 F3600 X107.926 Y129.24 E273.67285
G1 X107.996 Y129.31
G0 F7200 X107.996 Y129.09
G0 X106.416 Y129.09
G0 X106.416 Y129.24
G1 F3600 X119.24 Y116.416 E273.78656
G1 X119.31 Y116.346
G0 F7200 X119.09 Y116.346
G0 X119.09 Y112.269
G0 X119.24 Y112.269
G1 F3600 X117.731 Y110.76 E273.79994
G1 X117.661 Y110.69
G0 F7200 X117.661 Y110.91
G0 X119.12 Y110.88
G0 X119.239 Y110.76
G1 F3600 X100.761 Y129.239 E273.9638
G1 X100.691 Y129.309
G0 F7200 X100.88 Y129.12
G0 X100.91 Y127.73
G0 X100.76 Y127.73
G1 F3600 X102.27 Y129.24 E273.97719
G1 X102.34 Y129.31
G0 F7200 X102.34 Y129.09
G0 X100.91 Y112.268
G0 X100.761 Y112.268
G1 F3600 X102.269 Y110.76 E273.99056
G1 X102.339 Y110.69
G0 F7200 X102.339 Y110.91
G0 X117.222 Y121.29
G0 X117.918 Y121.052
;TYPE:WALL-INNER
G1 F3600 X117.613 Y120.854 E273.99284
G1 X117.525 Y120.725 E273.99382
G1 X117.46 Y120.484 E273.99539
G1 X117.461 Y118.723 E274.00643
G1 X117.526 Y118.493 E274.00793
G1 X117.698 Y118.288 E274.00961
G1 X117.828 Y118.214 E274.01054
G1 X118.06 Y118.168 E274.01203
G1 X119.4 Y118.168 E274.02043
G1 X119.4 Y110.6 E274.06788
G1 X111.52 Y110.6 E274.11729
G1 X111.52 Y112.024 E274.12622
G1 X111.387 Y112.274 E274.12799
G1 X111.153 Y112.45 E274.12983
G1 X110.943 Y112.496 E274.13118
G1 X107.958 Y112.493 E274.14989
G1 X107.666 Y112.381 E274.15186
G1 X107.459 Y112.111 E274.15399
G1 X107.42 Y111.896 E274.15536
G1 X107.42 Y110.6 E274.16349
G1 X100.6 Y110.6 E274.20625
G1 X100.6 Y129.4 E274.32413
G1 X119.4 Y129.4 E274.44201
G1 X119.4 Y121.052 E274.49435
G1 X117.918 Y121.052 E274.50364
G0 F7200 X118.013 Y120.652
;TYPE:WALL-OUTER
G1 F1800 X117.894 Y120.565 E274.50457
G1 X117.862 Y120.482 E274.50512
G1 X117.86 Y118.753 E274.51597
G1 X117.895 Y118.654 E274.51662
G1 X118 Y118.568 E274.51748
G1 X119.8 Y118.568 E274.52876
G1 X119.8 Y110.2 E274.58123
G1 X111.12 Y110.2 E274.63566
G1 X111.12 Y111.94 E274.64657
G1 X111.04 Y112.057 E274.64745
G1 X110.959 Y112.093 E274.64801
G1 X107.999 Y112.095 E274.66657
G1 X107.902 Y112.058 E274.66722
G1 X107.82 Y111.951 E274.66807
G1 X107.82 Y110.2 E274.67905
G1 X100.2 Y110.2 E274.72682
G1 X100.2 Y129.8 E274.84972
G1 X119.8 Y129.8 E274.97262
G1 X119.8 Y120.652 E275.02998
G1 X118.013 Y120.652 E275.04118
G0 F7200 X117.894 Y120.565
G0 X117.875 Y120.516
G0 X116.851 Y120.515
;MESH:NONMESH
G0 F600 X116.851 Y120.515 Z9.2
G0 F7200 X100.88 Y110.88
G0 X100.76 Y110.76
;TIME_ELAPSED:1072.466593
;LAYER:89
;TYPE:FILL
;MESH:xyzCalibration_cube.glb
G1 F3600 X119.24 Y129.24 E275.20505
G1 X119.31 Y129.31
G0 F7200 X119.12 Y129.12
G0 X117.73 Y129.09
G0 X117.73 Y129.24
G1 F3600 X119.239 Y127.73 E275.21843
G1 X119.309 Y127.66
G0 F7200 X119.09 Y127.66
G0 X119.09 Y123.583
G0 X119.24 Y123.583
G1 F3600 X108.31 Y112.653 E275.31536
G1 X108.24 Y112.583
G0 F7200 X108.24 Y112.807
G0 X107.24 Y112.735
G0 X107.167 Y111.659
G0 X107.316 Y111.659
G1 F3600 X106.417 Y110.76 E275.32333
G1 X106.347 Y110.69
G0 F7200 X106.347 Y110.91
G0 X107.167 Y111.37
G0 X107.315 Y111.37
G1 F3600 X100.761 Y117.925 E275.38145
G1 X100.691 Y117.995
G0 F7200 X100.91 Y117.995
G0 X100.91 Y116.417
G0 X100.76 Y116.417
G1 F3600 X113.583 Y129.24 E275.49515
G1 X113.653 Y129.31
G0 F7200 X113.653 Y129.09
G0 X112.073 Y129.09
G0 X112.073 Y129.24
G1 F3600 X119.239 Y122.074 E275.5587
G1 X119.309 Y122.004
G0 F7200 X119.09 Y122.004
G0 X117.224 Y121.289
G0 X117.225 Y117.932
G0 X119.09 Y117.926
G0 X119.24 Y117.926
G1 F3600 X112.074 Y110.76 E275.62224
G1 X112.004 Y110.69
G0 F7200 X112.004 Y110.91
G0 X113.582 Y110.91
G0 X113.582 Y110.76
G1 F3600 X100.761 Y123.582 E275.73593
G1 X100.691 Y123.652
G0 F7200 X100.91 Y123.652
G0 X100.91 Y122.074
G0 X100.76 Y122.074
G1 F3600 X107.926 Y129.24 E275.79948
G1 X107.996 Y129.31
G0 F7200 X107.996 Y129.09
G0 X106.416 Y129.09
G0 X106.416 Y129.24
G1 F3600 X119.24 Y116.416 E275.91319
G1 X119.31 Y116.346
G0 F7200 X119.09 Y116.346
G0 X119.09 Y112.269
G0 X119.24 Y112.269
G1 F3600 X117.731 Y110.76 E275.92657
G1 X117.661 Y110.69
G0 F7200 X117.661 Y110.91
G0 X119.12 Y110.88
G0 X119.239 Y110.76
G1 F3600 X100.761 Y129.239 E276.09043
G1 X100.691 Y129.309
G0 F7200 X100.88 Y129.12
G0 X100.91 Y127.73
G0 X100.76 Y127.73
G1 F3600 X102.27 Y129.24 E276.10382
G1 X102.34 Y129.31
G0 F7200 X102.34 Y129.09
G0 X100.91 Y112.268
G0 X100.761 Y112.268
G1 F3600 X102.269 Y110.76 E276.11719
G1 X102.339 Y110.69
G0 F7200 X102.339 Y110.91
G0 X117.224 Y121.289
G0 X117.918 Y121.048
;TYPE:WALL-INNER
G1 F3600 X117.613 Y120.85 E276.11947
G1 X117.525 Y120.721 E276.12045
G1 X117.46 Y120.481 E276.12201
G1 X117.461 Y118.724 E276.13303
G1 X117.525 Y118.496 E276.13451
G1 X117.698 Y118.288 E276.13621
G1 X117.828 Y118.214 E276.13715
G1 X118.06 Y118.168 E276.13863
G1 X119.4 Y118.168 E276.14703
G1 X119.4 Y110.6 E276.19448
G1 X111.456 Y110.6 E276.24429
G1 X111.456 Y111.896 E276.25242
G1 X111.379 Y112.191 E276.25433
G1 X111.253 Y112.347 E276.25559
G1 X111.091 Y112.449 E276.25679
G1 X110.885 Y112.496 E276.25812
G1 X108.014 Y112.493 E276.27612
G1 X107.724 Y112.382 E276.27806
G1 X107.516 Y112.113 E276.2802
G1 X107.476 Y111.896 E276.28158
G1 X107.476 Y110.6 E276.28971
G1 X100.6 Y110.6 E276.33282
G1 X100.6 Y129.4 E276.4507
G1 X119.4 Y129.4 E276.56858
G1 X119.4 Y121.048 E276.62095
G1 X117.918 Y121.048 E276.63024
G0 F7200 X118.013 Y120.648
;TYPE:WALL-OUTER
G1 F1800 X117.894 Y120.561 E276.63116
G1 X117.862 Y120.478 E276.63172
G1 X117.86 Y118.753 E276.64254
G1 X117.903 Y118.643 E276.64328
G1 X118.002 Y118.568 E276.64406
G1 X119.8 Y118.568 E276.65533
G1 X119.8 Y110.2 E276.7078
G1 X111.056 Y110.2 E276.76263
G1 X111.056 Y111.94 E276.77354
G1 X110.917 Y112.095 E276.77484
G1 X108.033 Y112.092 E276.79292
G1 X107.934 Y112.038 E276.79363
G1 X107.876 Y111.949 E276.7943
G1 X107.876 Y110.2 E276.80526
G1 X100.2 Y110.2 E276.85339
G1 X100.2 Y129.8 E276.97629
G1 X119.8 Y129.8 E277.09919
G1 X119.8 Y120.648 E277.15657
G1 X118.013 Y120.648 E277.16778
G0 F7200 X117.894 Y120.561
G0 X117.875 Y120.512
G0 X116.853 Y120.511
;MESH:NONMESH
G0 F600 X116.853 Y120.511 Z9.3
G0 F7200 X100.88 Y110.88
G0 X100.76 Y110.76
;TIME_ELAPSED:1081.259554
;LAYER:90
;TYPE:FILL
;MESH:xyzCalibration_cube.glb
G1 F3600 X119.24 Y129.24 E277.33164
G1 X119.31 Y129.31
G0 F7200 X119.12 Y129.12
G0 X117.73 Y129.09
G0 X117.73 Y129.24
G1 F3600 X119.24 Y127.73 E277.34503
G1 X119.31 Y127.66
G0 F7200 X119.09 Y127.66
G0 X119.09 Y123.583
G0 X119.24 Y123.583
G1 F3600 X108.31 Y112.653 E277.44195
G1 X108.24 Y112.583
G0 F7200 X108.24 Y112.807
G0 X107.297 Y112.735
G0 X107.223 Y111.715
G0 X107.372 Y111.715
G1 F3600 X106.417 Y110.76 E277.45042
G1 X106.347 Y110.69
G0 F7200 X106.347 Y110.91
G0 X107.223 Y111.313
G0 X107.372 Y111.313
G1 F3600 X100.761 Y117.925 E277.50905
G1 X100.691 Y117.995
G0 F7200 X100.91 Y117.995
G0 X100.91 Y116.417
G0 X100.76 Y116.417
G1 F3600 X113.583 Y129.24 E277.62276
G1 X113.653 Y129.31
G0 F7200 X113.653 Y129.09
G0 X112.073 Y129.09
G0 X112.073 Y129.24
G1 F3600 X119.24 Y122.073 E277.68631
G1 X119.31 Y122.003
G0 F7200 X119.09 Y122.003
G0 X117.224 Y121.295
G0 X117.225 Y117.91
G0 X119.09 Y117.926
G0 X119.24 Y117.926
G1 F3600 X112.074 Y110.76 E277.74985
G1 X112.004 Y110.69
G0 F7200 X112.004 Y110.91
G0 X113.583 Y110.91
G0 X113.583 Y110.76
G1 F3600 X100.761 Y123.582 E277.86355
G1 X100.691 Y123.652
G0 F7200 X100.91 Y123.652
G0 X100.91 Y122.074
G0 X100.76 Y122.074
G1 F3600 X107.926 Y129.24 E277.92709
G1 X107.996 Y129.31
G0 F7200 X107.996 Y129.09
G0 X106.416 Y129.09
G0 X106.416 Y129.24
G1 F3600 X119.239 Y116.417 E278.0408
G1 X119.309 Y116.347
G0 F7200 X119.09 Y116.347
G0 X119.09 Y112.269
G0 X119.24 Y112.269
G1 F3600 X117.731 Y110.76 E278.05418
G1 X117.661 Y110.69
G0 F7200 X117.661 Y110.91
G0 X119.12 Y110.88
G0 X119.239 Y110.76
G1 F3600 X100.761 Y129.239 E278.21804
G1 X100.691 Y129.309
G0 F7200 X100.88 Y129.12
G0 X100.91 Y127.73
G0 X100.76 Y127.73
G1 F3600 X102.27 Y129.24 E278.23143
G1 X102.34 Y129.31
G0 F7200 X102.34 Y129.09
G0 X100.91 Y112.268
G0 X100.761 Y112.268
G1 F3600 X102.269 Y110.76 E278.2448
G1 X102.339 Y110.69
G0 F7200 X102.339 Y110.91
G0 X117.224 Y121.295
G0 X117.917 Y121.056
;TYPE:WALL-INNER
G1 F3600 X117.613 Y120.858 E278.24707
G1 X117.497 Y120.665 E278.24849
G1 X117.46 Y120.488 E278.24962
G1 X117.462 Y118.688 E278.26091
G1 X117.589 Y118.375 E278.26302
G1 X117.828 Y118.194 E278.2649
G1 X118.058 Y118.148 E278.26637
G1 X119.4 Y118.145 E278.27479
G1 X119.4 Y110.6 E278.3221
G1 X111.392 Y110.6 E278.37231
G1 X111.392 Y111.896 E278.38043
G1 X111.315 Y112.192 E278.38235
G1 X111.192 Y112.344 E278.38358
G1 X110.917 Y112.495 E278.38555
G1 X108.07 Y112.493 E278.4034
G1 X107.781 Y112.383 E278.40534
G1 X107.573 Y112.115 E278.40746
G1 X107.532 Y111.896 E278.40886
G1 X107.532 Y110.6 E278.41699
G1 X100.6 Y110.6 E278.46045
G1 X100.6 Y129.4 E278.57833
G1 X119.4 Y129.4 E278.69621
G1 X119.4 Y121.059 E278.74851
G1 X117.917 Y121.056 E278.75781
G0 F7200 X118.013 Y120.656
;TYPE:WALL-OUTER
G1 F1800 X117.894 Y120.569 E278.75873
G1 X117.862 Y120.486 E278.75929
G1 X117.86 Y118.673 E278.77066
G1 X117.999 Y118.548 E278.77183
G1 X119.8 Y118.544 E278.78312
G1 X119.8 Y110.2 E278.83544
G1 X110.992 Y110.2 E278.89067
G1 X110.992 Y111.978 E278.90182
G1 X110.824 Y112.094 E278.9031
G1 X108.111 Y112.095 E278.92011
G1 X108.015 Y112.059 E278.92075
G1 X107.932 Y111.952 E278.9216
G1 X107.932 Y110.2 E278.93259
G1 X100.2 Y110.2 E278.98107
G1 X100.2 Y129.8 E279.10396
G1 X119.8 Y129.8 E279.22686
G1 X119.8 Y120.66 E279.28417
G1 X118.013 Y120.656 E279.29537
G0 F7200 X117.894 Y120.569
G0 X117.875 Y120.52
G0 X116.853 Y120.519
;MESH:NONMESH
G0 F600 X116.853 Y120.519 Z9.4
G0 F7200 X100.88 Y110.88
G0 X100.76 Y110.76
;TIME_ELAPSED:1090.059881
;LAYER:91
;TYPE:FILL
;MESH:xyzCalibration_cube.glb
G1 F3600 X119.24 Y129.24 E279.45924
G1 X119.31 Y129.31
G0 F7200 X119.12 Y129.12
G0 X117.73 Y129.09
G0 X117.73 Y129.24
G1 F3600 X119.24 Y127.73 E279.47263
G1 X119.31 Y127.66
G0 F7200 X119.09 Y127.66
G0 X119.09 Y123.583
G0 X119.24 Y123.583
G1 F3600 X108.31 Y112.653 E279.56955
G1 X108.24 Y112.583
G0 F7200 X108.24 Y112.807
G0 X107.351 Y112.735
G0 X107.278 Y111.771
G0 X107.428 Y111.771
G1 F3600 X106.417 Y110.76 E279.57852
G1 X106.347 Y110.69
G0 F7200 X106.347 Y110.91
G0 X107.278 Y111.258
G0 X107.428 Y111.258
G1 F3600 X100.761 Y117.925 E279.63764
G1 X100.691 Y117.995
G0 F7200 X100.91 Y117.995
G0 X100.91 Y116.417
G0 X100.76 Y116.417
G1 F3600 X113.583 Y129.239 E279.75134
G1 X113.653 Y129.309
G0 F7200 X113.653 Y129.09
G0 X112.073 Y129.09
G0 X112.073 Y129.24
G1 F3600 X119.24 Y122.073 E279.81489
G1 X119.31 Y122.003
G0 F7200 X119.09 Y122.003
G0 X117.224 Y121.352
G0 X117.225 Y117.852
G0 X119.12 Y117.808
G0 X119.239 Y117.925
G1 F3600 X112.074 Y110.76 E279.87843
G1 X112.004 Y110.69
G0 F7200 X112.004 Y110.91
G0 X113.583 Y110.91
G0 X113.583 Y110.76
G1 F3600 X100.761 Y123.581 E279.99212
G1 X100.691 Y123.651
G0 F7200 X100.91 Y123.651
G0 X100.91 Y122.074
G0 X100.761 Y122.074
G1 F3600 X107.926 Y129.239 E280.05565
G1 X107.996 Y129.309
G0 F7200 X107.996 Y129.09
G0 X106.416 Y129.09
G0 X106.416 Y129.24
G1 F3600 X119.24 Y116.416 E280.16937
G1 X119.31 Y116.346
G0 F7200 X119.09 Y116.346
G0 X119.09 Y112.269
G0 X119.24 Y112.269
G1 F3600 X117.731 Y110.76 E280.18275
G1 X117.661 Y110.69
G0 F7200 X117.661 Y110.91
G0 X119.12 Y110.88
G0 X119.239 Y110.76
G1 F3600 X100.761 Y129.238 E280.3466
G1 X100.691 Y129.308
G0 F7200 X100.88 Y129.12
G0 X100.91 Y127.731
G0 X100.761 Y127.731
G1 F3600 X102.269 Y129.239 E280.35997
G1 X102.339 Y129.309
G0 F7200 X102.339 Y129.09
G0 X100.91 Y112.268
G0 X100.761 Y112.268
G1 F3600 X102.269 Y110.76 E280.37335
G1 X102.339 Y110.69
G0 F7200 X102.339 Y110.91
G0 X117.224 Y121.352
G0 X117.926 Y121.116
;TYPE:WALL-INNER
G1 F3600 X117.677 Y120.979 E280.37513
G1 X117.496 Y120.723 E280.37709
G1 X117.46 Y120.544 E280.37824
G1 X117.462 Y118.629 E280.39025
G1 X117.584 Y118.321 E280.39232
G1 X117.83 Y118.133 E280.39426
G1 X118.058 Y118.088 E280.39572
G1 X119.4 Y118.085 E280.40414
G1 X119.4 Y110.6 E280.45107
G1 X111.331 Y110.6 E280.50166
G1 X111.328 Y112.026 E280.5106
G1 X111.199 Y112.27 E280.51233
G1 X111.053 Y112.401 E280.51356
G1 X110.774 Y112.495 E280.51541
G1 X108.126 Y112.493 E280.53201
G1 X107.838 Y112.384 E280.53394
G1 X107.629 Y112.116 E280.53608
G1 X107.588 Y111.896 E280.53748
G1 X107.588 Y110.6 E280.5456
G1 X100.6 Y110.6 E280.58942
G1 X100.601 Y129.399 E280.70729
G1 X119.4 Y129.4 E280.82517
G1 X119.4 Y121.119 E280.87709
G1 X117.926 Y121.116 E280.88633
G0 F7200 X118.014 Y120.716
;TYPE:WALL-OUTER
G1 F1800 X117.932 Y120.671 E280.88692
G1 X117.865 Y120.565 E280.88771
G1 X117.86 Y118.668 E280.8996
G1 X117.902 Y118.565 E280.9003
G1 X118.002 Y118.488 E280.90109
G1 X119.8 Y118.484 E280.91236
G1 X119.8 Y110.2 E280.9643
G1 X110.932 Y110.2 E281.01991
G1 X110.928 Y111.969 E281.031
G1 X110.837 Y112.065 E281.03183
G1 X110.744 Y112.096 E281.03244
G1 X108.167 Y112.095 E281.0486
G1 X108.071 Y112.059 E281.04925
G1 X107.988 Y111.953 E281.05009
G1 X107.988 Y110.2 E281.06108
G1 X100.2 Y110.2 E281.10991
G1 X100.201 Y129.799 E281.2328
G1 X119.8 Y129.8 E281.35569
G1 X119.8 Y120.72 E281.41263
G1 X118.014 Y120.716 E281.42382
G0 F7200 X117.932 Y120.671
G0 X117.876 Y120.582
G0 X116.853 Y120.581
;MESH:NONMESH
G0 F600 X116.853 Y120.581 Z9.5
G0 F7200 X100.88 Y110.88
G0 X100.76 Y110.76
;TIME_ELAPSED:1098.863407
;LAYER:92
;TYPE:FILL
;MESH:xyzCalibration_cube.glb
G1 F3600 X119.24 Y129.24 E281.58769
G1 X119.31 Y129.31
G0 F7200 X119.12 Y129.12
G0 X117.73 Y129.09
G0 X117.73 Y129.24
G1 F3600 X119.24 Y127.73 E281.60108
G1 X119.31 Y127.66
G0 F7200 X119.09 Y127.66
G0 X119.09 Y123.583
G0 X119.24 Y123.583
G1 F3600 X108.31 Y112.653 E281.698
G1 X108.24 Y112.583
G0 F7200 X108.24 Y112.807
G0 X107.408 Y112.735
G0 X107.335 Y111.827
G0 X107.484 Y111.827
G1 F3600 X106.417 Y110.76 E281.70747
G1 X106.347 Y110.69
G0 F7200 X106.347 Y110.91
G0 X107.334 Y111.204
G0 X107.482 Y111.204
G1 F3600 X100.761 Y117.925 E281.76706
G1 X100.691 Y117.995
G0 F7200 X100.91 Y117.995
G0 X100.91 Y116.417
G0 X100.76 Y116.417
G1 F3600 X113.583 Y129.24 E281.88077
G1 X113.653 Y129.31
G0 F7200 X113.653 Y129.09
G0 X112.073 Y129.09
G0 X112.073 Y129.24
G1 F3600 X119.24 Y122.073 E281.94432
G1 X119.31 Y122.003
G0 F7200 X119.09 Y122.003
G0 X117.224 Y121.41
G0 X117.225 Y117.792
G0 X119.179 Y117.718
G0 X119.179 Y117.866
G1 F3600 X112.074 Y110.76 E282.00733
G1 X112.004 Y110.69
G0 F7200 X112.004 Y110.91
G0 X113.583 Y110.91
G0 X113.583 Y110.76
G1 F3600 X100.761 Y123.582 E282.12103
G1 X100.691 Y123.652
G0 F7200 X100.91 Y123.652
G0 X100.91 Y122.074
G0 X100.76 Y122.074
G1 F3600 X107.926 Y129.24 E282.18457
G1 X107.996 Y129.31
G0 F7200 X107.996 Y129.09
G0 X106.416 Y129.09
G0 X106.416 Y129.24
G1 F3600 X117.415 Y118.241 E282.2821
G0 F7200 X117.679 Y117.977
G1 F3600 X119.24 Y116.416 E282.29594
G1 X119.31 Y116.346
G0 F7200 X119.09 Y116.346
G0 X119.09 Y112.269
G0 X119.24 Y112.269
G1 F3600 X117.731 Y110.76 E282.30933
G1 X117.661 Y110.69
G0 F7200 X117.661 Y110.91
G0 X119.12 Y110.88
G0 X119.239 Y110.76
G1 F3600 X100.761 Y129.239 E282.47318
G1 X100.691 Y129.309
G0 F7200 X100.88 Y129.12
G0 X100.91 Y127.73
G0 X100.76 Y127.73
G1 F3600 X102.27 Y129.24 E282.48657
G1 X102.34 Y129.31
G0 F7200 X102.34 Y129.09
G0 X100.91 Y112.268
G0 X100.761 Y112.268
G1 F3600 X102.269 Y110.76 E282.49994
G1 X102.339 Y110.69
G0 F7200 X102.339 Y110.91
G0 X117.224 Y121.41
G0 X117.918 Y121.172
;TYPE:WALL-INNER
G1 F3600 X117.614 Y120.975 E282.50221
G1 X117.524 Y120.843 E282.50322
G1 X117.46 Y120.596 E282.50482
G1 X117.462 Y118.57 E282.51752
G1 X117.582 Y118.264 E282.51958
G1 X117.831 Y118.073 E282.52155
G1 X118.058 Y118.028 E282.523
G1 X119.4 Y118.025 E282.53141
G1 X119.4 Y110.6 E282.57797
G1 X111.267 Y110.6 E282.62897
G1 X111.264 Y111.898 E282.6371
G1 X111.187 Y112.192 E282.63901
G1 X111.068 Y112.341 E282.64021
G1 X110.8 Y112.494 E282.64214
G1 X108.182 Y112.493 E282.65856
G1 X107.895 Y112.385 E282.66048
G1 X107.686 Y112.119 E282.6626
G1 X107.644 Y111.898 E282.66401
G1 X107.641 Y110.6 E282.67215
G1 X100.6 Y110.6 E282.7163
G1 X100.6 Y129.4 E282.83418
G1 X119.4 Y129.4 E282.95206
G1 X119.4 Y121.175 E283.00363
G1 X117.918 Y121.172 E283.01292
G0 F7200 X118.012 Y120.772
;TYPE:WALL-OUTER
G1 F1800 X117.911 Y120.707 E283.01367
G1 X117.861 Y120.6 E283.01441
G1 X117.86 Y118.608 E283.0269
G1 X117.9 Y118.506 E283.02759
G1 X118.003 Y118.428 E283.0284
G1 X119.8 Y118.424 E283.03967
G1 X119.8 Y110.2 E283.09124
G1 X110.868 Y110.2 E283.14724
G1 X110.864 Y111.972 E283.15835
G1 X110.729 Y112.096 E283.1595
G1 X108.223 Y112.095 E283.17521
G1 X108.127 Y112.059 E283.17586
G1 X108.044 Y111.953 E283.1767
G1 X108.04 Y110.2 E283.18769
G1 X100.2 Y110.2 E283.23685
G1 X100.2 Y129.8 E283.35975
G1 X119.8 Y129.8 E283.48264
G1 X119.8 Y120.776 E283.53922
G1 X118.012 Y120.772 E283.55044
G0 F7200 X117.911 Y120.707
G0 X117.878 Y120.635
G0 X116.853 Y120.634
;MESH:NONMESH
G0 F600 X116.853 Y120.634 Z9.6
G0 F7200 X100.88 Y110.88
G0 X100.76 Y110.76
;TIME_ELAPSED:1107.680586
;LAYER:93
;TYPE:FILL
;MESH:xyzCalibration_cube.glb
G1 F3600 X119.24 Y129.24 E283.7143
G1 X119.31 Y129.31
G0 F7200 X119.12 Y129.12
G0 X117.73 Y129.09
G0 X117.73 Y129.24
G1 F3600 X119.24 Y127.73 E283.72769
G1 X119.31 Y127.66
G0 F7200 X119.09 Y127.66
G0 X119.09 Y123.583
G0 X119.24 Y123.583
G1 F3600 X108.309 Y112.652 E283.82462
G1 X108.239 Y112.582
G0 F7200 X107.54 Y111.883
G1 F3600 X106.417 Y110.76 E283.83458
G1 X106.347 Y110.69
G0 F7200 X106.347 Y110.91
G0 X107.389 Y111.148
G0 X107.538 Y111.148
G1 F3600 X100.761 Y117.925 E283.89468
G1 X100.691 Y117.995
G0 F7200 X100.91 Y117.995
G0 X100.91 Y116.417
G0 X100.76 Y116.417
G1 F3600 X113.583 Y129.24 E284.00838
G1 X113.653 Y129.31
G0 F7200 X113.653 Y129.09
G0 X112.073 Y129.09
G0 X112.073 Y129.24
G1 F3600 X119.24 Y122.073 E284.07194
G1 X119.31 Y122.003
G0 F7200 X119.09 Y122.003
G0 X117.224 Y121.465
G0 X117.153 Y118.309
G0 X117.346 Y118.31
G1 F3600 X106.416 Y129.24 E284.16886
G1 X106.346 Y129.31
G0 F7200 X106.346 Y129.09
G0 X107.926 Y129.09
G0 X107.926 Y129.24
G1 F3600 X100.76 Y122.074 E284.2324
G1 X100.69 Y122.004
G0 F7200 X100.91 Y122.004
G0 X100.91 Y123.582
G0 X100.761 Y123.582
G1 F3600 X113.582 Y110.76 E284.34609
G1 X113.652 Y110.69
G0 F7200 X113.652 Y110.91
G0 X112.074 Y110.91
G0 X112.074 Y110.76
G1 F3600 X119.119 Y117.805 E284.40856
G1 X119.189 Y117.875
G0 F7200 X119.189 Y117.658
G0 X117.795 Y117.659
G0 X117.795 Y117.861
G1 F3600 X119.24 Y116.416 E284.42138
G1 X119.31 Y116.346
G0 F7200 X119.09 Y116.346
G0 X119.09 Y112.269
G0 X119.24 Y112.269
G1 F3600 X117.731 Y110.76 E284.43476
G1 X117.661 Y110.69
G0 F7200 X117.661 Y110.91
G0 X119.12 Y110.88
G0 X119.239 Y110.76
G1 F3600 X100.761 Y129.239 E284.59861
G1 X100.691 Y129.309
G0 F7200 X100.88 Y129.12
G0 X100.91 Y127.73
G0 X100.76 Y127.73
G1 F3600 X102.27 Y129.24 E284.612
G1 X102.34 Y129.31
G0 F7200 X102.34 Y129.09
G0 X100.91 Y112.268
G0 X100.761 Y112.268
G1 F3600 X102.269 Y110.76 E284.62537
G1 X102.339 Y110.69
G0 F7200 X102.339 Y110.91
G0 X117.224 Y121.465
G0 X117.919 Y121.228
;TYPE:WALL-INNER
G1 F3600 X117.615 Y121.031 E284.62765
G1 X117.523 Y120.898 E284.62866
G1 X117.46 Y120.648 E284.63028
G1 X117.462 Y118.51 E284.64368
G1 X117.579 Y118.208 E284.64571
G1 X117.833 Y118.012 E284.64772
G1 X118.058 Y117.968 E284.64916
G1 X119.4 Y117.965 E284.65758
G1 X119.4 Y110.6 E284.70376
G1 X111.203 Y110.6 E284.75515
G1 X111.2 Y111.898 E284.76329
G1 X111.123 Y112.192 E284.7652
G1 X111.006 Y112.339 E284.76638
G1 X110.859 Y112.438 E284.76749
G1 X110.667 Y112.493 E284.76874
G1 X108.239 Y112.493 E284.78396
G1 X107.953 Y112.386 E284.78588
G1 X107.743 Y112.12 E284.788
G1 X107.7 Y111.898 E284.78942
G1 X107.697 Y110.6 E284.79756
G1 X100.6 Y110.6 E284.84206
G1 X100.6 Y129.4 E284.95994
G1 X119.4 Y129.4 E285.07782
G1 X119.4 Y121.231 E285.12904
G1 X117.919 Y121.228 E285.13833
G0 F7200 X118.012 Y120.828
;TYPE:WALL-OUTER
G1 F1800 X117.911 Y120.763 E285.13908
G1 X117.861 Y120.655 E285.13982
G1 X117.86 Y118.548 E285.15304
G1 X117.899 Y118.448 E285.15371
G1 X118.002 Y118.368 E285.15453
G1 X119.8 Y118.364 E285.1658
G1 X119.8 Y110.2 E285.21699
G1 X110.804 Y110.2 E285.2734
G1 X110.8 Y111.972 E285.28451
G1 X110.668 Y112.095 E285.28564
G1 X108.279 Y112.095 E285.30062
G1 X108.138 Y112.014 E285.30164
G1 X108.1 Y111.897 E285.30241
G1 X108.096 Y110.2 E285.31305
G1 X100.2 Y110.2 E285.36256
G1 X100.2 Y129.8 E285.48546
G1 X119.8 Y129.8 E285.60835
G1 X119.8 Y120.832 E285.66458
G1 X118.012 Y120.828 E285.67579
G0 F7200 X117.911 Y120.763
G0 X117.878 Y120.691
G0 X116.853 Y120.69
;MESH:NONMESH
G0 F600 X116.853 Y120.69 Z9.7
G0 F7200 X100.88 Y110.88
G0 X100.76 Y110.76
;TIME_ELAPSED:1116.451499
;LAYER:94
;TYPE:FILL
;MESH:xyzCalibration_cube.glb
G1 F3600 X119.24 Y129.24 E285.83966
G1 X119.31 Y129.31
G0 F7200 X119.12 Y129.12
G0 X117.73 Y129.09
G0 X117.73 Y129.24
G1 F3600 X119.239 Y127.73 E285.85305
G1 X119.309 Y127.66
G0 F7200 X119.09 Y127.66
G0 X119.09 Y123.583
G0 X119.24 Y123.583
G1 F3600 X108.309 Y112.652 E285.94998
G1 X108.239 Y112.582
G0 F7200 X107.608 Y111.951
G1 F3600 X106.417 Y110.76 E285.96054
G1 X106.347 Y110.69
G0 F7200 X106.347 Y110.91
G0 X107.445 Y111.091
G0 X107.594 Y111.091
G1 F3600 X100.761 Y117.925 E286.02113
G1 X100.691 Y117.995
G0 F7200 X100.91 Y117.995
G0 X100.91 Y116.417
G0 X100.76 Y116.417
G1 F3600 X113.583 Y129.24 E286.13484
G1 X113.653 Y129.31
G0 F7200 X113.653 Y129.09
G0 X112.073 Y129.09
G0 X112.073 Y129.24
G1 F3600 X119.239 Y122.074 E286.19838
G1 X119.309 Y122.004
G0 F7200 X119.09 Y122.004
G0 X117.223 Y121.522
G0 X117.155 Y118.326
G0 X117.33 Y118.327
G1 F3600 X106.416 Y129.24 E286.29516
G1 X106.346 Y129.31
G0 F7200 X106.346 Y129.09
G0 X107.926 Y129.09
G0 X107.926 Y129.24
G1 F3600 X100.76 Y122.074 E286.3587
G1 X100.69 Y122.004
G0 F7200 X100.91 Y122.004
G0 X100.91 Y123.582
G0 X100.761 Y123.582
G1 F3600 X113.583 Y110.76 E286.4724
G1 X113.653 Y110.69
G0 F7200 X113.653 Y110.91
G0 X112.074 Y110.91
G0 X112.074 Y110.76
G1 F3600 X119.059 Y117.745 E286.53434
G1 X119.129 Y117.815
G0 F7200 X119.129 Y117.598
G0 X117.87 Y117.599
G0 X117.87 Y117.786
G1 F3600 X119.24 Y116.416 E286.54649
G1 X119.31 Y116.346
G0 F7200 X119.09 Y116.346
G0 X119.09 Y112.269
G0 X119.24 Y112.269
G1 F3600 X117.731 Y110.76 E286.55987
G1 X117.661 Y110.69
G0 F7200 X117.661 Y110.91
G0 X119.12 Y110.88
G0 X119.239 Y110.76
G1 F3600 X100.761 Y129.239 E286.72372
G1 X100.691 Y129.309
G0 F7200 X100.88 Y129.12
G0 X100.91 Y127.73
G0 X100.76 Y127.73
G1 F3600 X102.27 Y129.24 E286.73711
G1 X102.34 Y129.31
G0 F7200 X102.34 Y129.09
G0 X100.91 Y112.268
G0 X100.761 Y112.268
G1 F3600 X102.269 Y110.76 E286.75048
G1 X102.339 Y110.69
G0 F7200 X102.339 Y110.91
G0 X117.223 Y121.522
G0 X117.93 Y121.284
;TYPE:WALL-INNER
G1 F3600 X117.681 Y121.15 E286.75226
G1 X117.563 Y121.021 E286.75335
G1 X117.464 Y120.76 E286.7551
G1 X117.466 Y118.45 E286.76959
G1 X117.58 Y118.152 E286.77159
G1 X117.838 Y117.951 E286.77364
G1 X118.062 Y117.908 E286.77507
G1 X119.4 Y117.905 E286.78346
G1 X119.4 Y110.6 E286.82926
G1 X111.14 Y110.6 E286.88105
G1 X111.14 Y111.896 E286.88918
G1 X111.063 Y112.192 E286.8911
G1 X110.948 Y112.337 E286.89226
G1 X110.619 Y112.491 E286.89454
G1 X108.295 Y112.493 E286.90911
G1 X108.01 Y112.387 E286.91101
G1 X107.8 Y112.122 E286.91313
G1 X107.756 Y111.898 E286.91457
G1 X107.753 Y110.6 E286.9227
G1 X100.6 Y110.6 E286.96756
G1 X100.6 Y129.4 E287.08544
G1 X119.4 Y129.4 E287.20331
G1 X119.4 Y121.287 E287.25418
G1 X117.93 Y121.284 E287.2634
G0 F7200 X118.016 Y120.884
;TYPE:WALL-OUTER
G1 F1800 X117.894 Y120.797 E287.26434
G1 X117.861 Y120.71 E287.26492
G1 X117.864 Y118.488 E287.27886
G1 X117.902 Y118.389 E287.27952
G1 X118.006 Y118.308 E287.28035
G1 X119.8 Y118.304 E287.2916
G1 X119.8 Y110.2 E287.34241
G1 X110.74 Y110.2 E287.39922
G1 X110.74 Y111.941 E287.41014
G1 X110.697 Y112.021 E287.4107
G1 X110.567 Y112.095 E287.41164
G1 X108.335 Y112.095 E287.42564
G1 X108.216 Y112.04 E287.42646
G1 X108.156 Y111.951 E287.42713
G1 X108.152 Y110.2 E287.43811
G1 X100.2 Y110.2 E287.48797
G1 X100.2 Y129.8 E287.61087
G1 X119.8 Y129.8 E287.73376
G1 X119.8 Y120.888 E287.78964
G1 X118.016 Y120.884 E287.80083
G0 F7200 X117.894 Y120.797
G0 X117.877 Y120.751
G0 X116.852 Y120.75
;MESH:NONMESH
G0 F600 X116.852 Y120.75 Z9.8
G0 F7200 X100.88 Y110.88
G0 X100.76 Y110.76
;TIME_ELAPSED:1125.220827
;LAYER:95
;TYPE:FILL
;MESH:xyzCalibration_cube.glb
G1 F3600 X119.24 Y129.24 E287.9647
G1 X119.31 Y129.31
G0 F7200 X119.12 Y129.12
G0 X117.73 Y129.09
G0 X117.73 Y129.24
G1 F3600 X119.24 Y127.73 E287.97809
G1 X119.31 Y127.66
G0 F7200 X119.09 Y127.66
G0 X119.09 Y123.583
G0 X119.24 Y123.583
G1 F3600 X108.31 Y112.653 E288.07501
G1 X108.24 Y112.583
G0 F7200 X107.672 Y112.015
G1 F3600 X106.417 Y110.76 E288.08614
G1 X106.347 Y110.69
G0 F7200 X106.347 Y110.91
G0 X107.5 Y111.038
G0 X107.648 Y111.038
G1 F3600 X100.761 Y117.925 E288.14721
G1 X100.691 Y117.995
G0 F7200 X100.91 Y117.995
G0 X100.91 Y116.417
G0 X100.76 Y116.417
G1 F3600 X113.583 Y129.24 E288.26091
G1 X113.653 Y129.31
G0 F7200 X113.653 Y129.09
G0 X112.073 Y129.09
G0 X112.073 Y129.24
G1 F3600 X119.24 Y122.073 E288.32447
G1 X119.31 Y122.003
G0 F7200 X119.09 Y122.003
G0 X117.223 Y121.58
G0 X117.155 Y118.338
G0 X117.318 Y118.339
G1 F3600 X106.416 Y129.24 E288.42113
G1 X106.346 Y129.31
G0 F7200 X106.346 Y129.09
G0 X107.926 Y129.09
G0 X107.926 Y129.24
G1 F3600 X100.76 Y122.074 E288.48468
G1 X100.69 Y122.004
G0 F7200 X100.91 Y122.004
G0 X100.91 Y123.582
G0 X100.761 Y123.582
G1 F3600 X113.583 Y110.76 E288.59838
G1 X113.653 Y110.69
G0 F7200 X113.653 Y110.91
G0 X112.074 Y110.91
G0 X112.074 Y110.76
G1 F3600 X119.002 Y117.688 E288.65981
G1 X119.072 Y117.758
G0 F7200 X119.072 Y117.538
G0 X117.945 Y117.538
G0 X117.945 Y117.711
G1 F3600 X119.239 Y116.417 E288.67128
G1 X119.309 Y116.347
G0 F7200 X119.09 Y116.347
G0 X119.09 Y112.269
G0 X119.24 Y112.269
G1 F3600 X117.731 Y110.76 E288.68466
G1 X117.661 Y110.69
G0 F7200 X117.661 Y110.91
G0 X119.12 Y110.88
G0 X119.239 Y110.76
G1 F3600 X100.761 Y129.239 E288.84852
G1 X100.691 Y129.309
G0 F7200 X100.88 Y129.12
G0 X100.91 Y127.73
G0 X100.76 Y127.73
G1 F3600 X102.27 Y129.24 E288.86191
G1 X102.34 Y129.31
G0 F7200 X102.34 Y129.09
G0 X100.91 Y112.268
G0 X100.761 Y112.268
G1 F3600 X102.269 Y110.76 E288.87528
G1 X102.339 Y110.69
G0 F7200 X102.339 Y110.91
G0 X117.223 Y121.58
G0 X117.761 Y121.261
;TYPE:WALL-INNER
G1 F3600 X117.522 Y121.008 E288.87746
G1 X117.464 Y120.813 E288.87874
G1 X117.466 Y118.391 E288.89393
G1 X117.525 Y118.182 E288.89529
G1 X117.626 Y118.037 E288.8964
G1 X117.841 Y117.89 E288.89803
G1 X118.064 Y117.848 E288.89945
G1 X119.4 Y117.848 E288.90783
G1 X119.4 Y110.6 E288.95327
G1 X111.076 Y110.6 E289.00547
G1 X111.076 Y112.032 E289.01445
G1 X110.895 Y112.327 E289.01662
G1 X110.748 Y112.431 E289.01775
G1 X110.476 Y112.496 E289.0195
G1 X108.347 Y112.493 E289.03285
G1 X108.063 Y112.388 E289.03475
G1 X107.852 Y112.123 E289.03687
G1 X107.808 Y111.896 E289.03832
G1 X107.808 Y110.6 E289.04645
G1 X100.6 Y110.6 E289.09164
G1 X100.6 Y129.4 E289.20952
G1 X119.4 Y129.4 E289.3274
G1 X119.4 Y121.343 E289.37792
G1 X118.058 Y121.34 E289.38633
G1 X117.761 Y121.261 E289.38826
G0 F7200 X118.016 Y120.94
;TYPE:WALL-OUTER
G1 F1800 X117.894 Y120.853 E289.3892
G1 X117.861 Y120.765 E289.38979
G1 X117.864 Y118.429 E289.40444
G1 X117.901 Y118.33 E289.4051
G1 X118.007 Y118.248 E289.40594
G1 X119.8 Y118.248 E289.41718
G1 X119.8 Y110.2 E289.46765
G1 X110.676 Y110.2 E289.52485
G1 X110.676 Y111.976 E289.53599
G1 X110.524 Y112.091 E289.53719
G1 X108.387 Y112.095 E289.55059
G1 X108.268 Y112.04 E289.55141
G1 X108.208 Y111.951 E289.55208
G1 X108.208 Y110.2 E289.56306
G1 X100.2 Y110.2 E289.61327
G1 X100.2 Y129.8 E289.73617
G1 X119.8 Y129.8 E289.85906
G1 X119.8 Y120.944 E289.91459
G1 X118.016 Y120.94 E289.92578
G0 F7200 X117.894 Y120.853
G0 X117.877 Y120.807
G0 X116.852 Y120.806
;MESH:NONMESH
G0 F600 X116.852 Y120.806 Z9.9
G0 F7200 X100.88 Y110.88
G0 X100.76 Y110.76
;TIME_ELAPSED:1133.985866
;LAYER:96
;TYPE:FILL
;MESH:xyzCalibration_cube.glb
G1 F3600 X119.24 Y129.24 E290.08965
G1 X119.31 Y129.31
G0 F7200 X119.12 Y129.12
G0 X117.73 Y129.09
G0 X117.73 Y129.24
G1 F3600 X119.24 Y127.73 E290.10304
G1 X119.31 Y127.66
G0 F7200 X119.09 Y127.66
G0 X119.09 Y123.583
G0 X119.24 Y123.583
G1 F3600 X108.261 Y112.604 E290.20039
G0 F7200 X107.743 Y112.086
G1 F3600 X106.417 Y110.76 E290.21215
G1 X106.347 Y110.69
G0 F7200 X106.347 Y110.91
G0 X107.556 Y110.982
G0 X107.704 Y110.982
G1 F3600 X100.761 Y117.925 E290.27372
G1 X100.691 Y117.995
G0 F7200 X100.91 Y117.995
G0 X100.91 Y116.417
G0 X100.76 Y116.417
G1 F3600 X113.583 Y129.24 E290.38742
G1 X113.653 Y129.31
G0 F7200 X113.653 Y129.09
G0 X112.073 Y129.09
G0 X112.073 Y129.24
G1 F3600 X119.24 Y122.073 E290.45097
G1 X119.31 Y122.003
G0 F7200 X119.09 Y122.003
G0 X117.225 Y121.635
G0 X117.154 Y118.349
G0 X117.306 Y118.35
G1 F3600 X106.416 Y129.24 E290.54754
G1 X106.346 Y129.31
G0 F7200 X106.346 Y129.09
G0 X107.926 Y129.09
G0 X107.926 Y129.24
G1 F3600 X100.76 Y122.074 E290.61108
G1 X100.69 Y122.004
G0 F7200 X100.91 Y122.004
G0 X100.91 Y123.582
G0 X100.761 Y123.582
G1 F3600 X113.582 Y110.76 E290.72478
G1 X113.652 Y110.69
G0 F7200 X113.652 Y110.91
G0 X112.074 Y110.91
G0 X112.074 Y110.76
G1 F3600 X118.942 Y117.628 E290.78568
G1 X119.012 Y117.698
G0 F7200 X118.019 Y117.637
G1 F3600 X119.24 Y116.416 E290.79651
G1 X119.31 Y116.346
G0 F7200 X119.09 Y116.346
G0 X119.09 Y112.269
G0 X119.24 Y112.269
G1 F3600 X117.731 Y110.76 E290.80989
G1 X117.661 Y110.69
G0 F7200 X117.661 Y110.91
G0 X119.12 Y110.88
G0 X119.239 Y110.76
G1 F3600 X100.761 Y129.239 E290.97374
G1 X100.691 Y129.309
G0 F7200 X100.88 Y129.12
G0 X100.91 Y127.73
G0 X100.76 Y127.73
G1 F3600 X102.27 Y129.24 E290.98713
G1 X102.34 Y129.31
G0 F7200 X102.34 Y129.09
G0 X100.91 Y112.268
G0 X100.761 Y112.268
G1 F3600 X102.269 Y110.76 E291.0005
G1 X102.339 Y110.69
G0 F7200 X102.339 Y110.91
G0 X117.225 Y121.635
G0 X117.763 Y121.318
;TYPE:WALL-INNER
G1 F3600 X117.522 Y121.063 E291.0027
G1 X117.463 Y120.865 E291.004
G1 X117.466 Y118.332 E291.01988
G1 X117.565 Y118.054 E291.02173
G1 X117.715 Y117.899 E291.02308
G1 X117.842 Y117.83 E291.02399
G1 X118.064 Y117.788 E291.02541
G1 X119.4 Y117.788 E291.03378
G1 X119.4 Y110.6 E291.07885
G1 X111.015 Y110.6 E291.13143
G1 X111.012 Y111.898 E291.13957
G1 X110.935 Y112.192 E291.14147
G1 X110.758 Y112.388 E291.14313
G1 X110.48 Y112.496 E291.145
G1 X108.403 Y112.493 E291.15802
G1 X108.12 Y112.389 E291.15991
G1 X107.909 Y112.125 E291.16203
G1 X107.864 Y111.896 E291.1635
G1 X107.864 Y110.6 E291.17162
G1 X100.6 Y110.6 E291.21717
G1 X100.6 Y129.4 E291.33505
G1 X119.4 Y129.4 E291.45293
G1 X119.4 Y121.399 E291.5031
G1 X118.058 Y121.396 E291.51151
G1 X117.763 Y121.318 E291.51342
G0 F7200 X118.017 Y120.996
;TYPE:WALL-OUTER
G1 F1800 X117.935 Y120.953 E291.514
G1 X117.864 Y120.84 E291.51484
G1 X117.864 Y118.369 E291.53033
G1 X117.915 Y118.253 E291.53113
G1 X118.011 Y118.188 E291.53186
G1 X119.8 Y118.188 E291.54307
G1 X119.8 Y110.2 E291.59316
G1 X110.616 Y110.2 E291.65074
G1 X110.612 Y111.941 E291.66166
G1 X110.528 Y112.06 E291.66257
G1 X110.445 Y112.094 E291.66314
G1 X108.443 Y112.095 E291.67569
G1 X108.349 Y112.061 E291.67632
G1 X108.264 Y111.954 E291.67717
G1 X108.264 Y110.2 E291.68817
G1 X100.2 Y110.2 E291.73873
G1 X100.2 Y129.8 E291.86163
G1 X119.8 Y129.8 E291.98453
G1 X119.8 Y121 E292.0397
G1 X118.017 Y120.996 E292.05088
G0 F7200 X117.935 Y120.953
G0 X117.878 Y120.863
G0 X116.854 Y120.862
;MESH:NONMESH
G0 F600 X116.854 Y120.862 Z10
G0 F7200 X100.88 Y110.88
G0 X100.76 Y110.76
;TIME_ELAPSED:1142.729082
;LAYER:97
;TYPE:FILL
;MESH:xyzCalibration_cube.glb
G1 F3600 X119.24 Y129.24 E292.21475
G1 X119.31 Y129.31
G0 F7200 X119.12 Y129.12
G0 X117.73 Y129.09
G0 X117.73 Y129.24
G1 F3600 X119.24 Y127.73 E292.22814
G1 X119.31 Y127.66
G0 F7200 X119.09 Y127.66
G0 X119.09 Y123.583
G0 X119.24 Y123.583
G1 F3600 X108.228 Y112.571 E292.32579
G0 F7200 X107.812 Y112.155
G1 F3600 X106.417 Y110.76 E292.33816
G1 X106.347 Y110.69
G0 F7200 X106.347 Y110.91
G0 X107.611 Y110.926
G0 X107.76 Y110.926
G1 F3600 X100.761 Y117.925 E292.40022
G1 X100.691 Y117.995
G0 F7200 X100.91 Y117.995
G0 X100.91 Y116.417
G0 X100.76 Y116.417
G1 F3600 X113.583 Y129.24 E292.51393
G1 X113.653 Y129.31
G0 F7200 X113.653 Y129.09
G0 X112.073 Y129.09
G0 X112.073 Y129.24
G1 F3600 X119.24 Y122.073 E292.57748
G1 X119.31 Y122.003
G0 F7200 X119.09 Y122.003
G0 X117.225 Y121.692
G0 X117.154 Y118.349
G0 X117.306 Y118.35
G1 F3600 X106.416 Y129.24 E292.67405
G1 X106.346 Y129.31
G0 F7200 X106.346 Y129.09
G0 X107.926 Y129.09
G0 X107.926 Y129.24
G1 F3600 X100.76 Y122.074 E292.73759
G1 X100.69 Y122.004
G0 F7200 X100.91 Y122.004
G0 X100.91 Y123.582
G0 X100.761 Y123.582
G1 F3600 X113.583 Y110.76 E292.85129
G1 X113.653 Y110.69
G0 F7200 X113.653 Y110.91
G0 X112.074 Y110.91
G0 X112.074 Y110.76
G1 F3600 X118.882 Y117.568 E292.91166
G0 F7200 X118.088 Y117.569
G1 F3600 X119.24 Y116.416 E292.92188
G1 X119.31 Y116.346
G0 F7200 X119.09 Y116.346
G0 X119.09 Y112.269
G0 X119.24 Y112.269
G1 F3600 X117.731 Y110.76 E292.93526
G1 X117.661 Y110.69
G0 F7200 X117.661 Y110.91
G0 X119.12 Y110.88
G0 X119.239 Y110.76
G1 F3600 X100.761 Y129.239 E293.09911
G1 X100.691 Y129.309
G0 F7200 X100.88 Y129.12
G0 X100.91 Y127.73
G0 X100.76 Y127.73
G1 F3600 X102.27 Y129.24 E293.1125
G1 X102.34 Y129.31
G0 F7200 X102.34 Y129.09
G0 X100.91 Y112.268
G0 X100.761 Y112.268
G1 F3600 X102.269 Y110.76 E293.12588
G1 X102.339 Y110.69
G0 F7200 X102.339 Y110.91
G0 X117.225 Y121.692
G0 X117.764 Y121.379
;TYPE:WALL-INNER
G1 F3600 X117.617 Y121.262 E293.12705
G1 X117.46 Y120.948 E293.12925
G1 X117.466 Y118.272 E293.14603
G1 X117.56 Y118.001 E293.14783
G1 X117.717 Y117.838 E293.14925
G1 X117.844 Y117.769 E293.15016
G1 X118.064 Y117.728 E293.15156
G1 X119.4 Y117.728 E293.15994
G1 X119.4 Y110.6 E293.20463
G1 X110.951 Y110.6 E293.25761
G1 X110.948 Y111.898 E293.26575
G1 X110.871 Y112.192 E293.26765
G1 X110.761 Y112.333 E293.26877
G1 X110.569 Y112.455 E293.2702
G1 X110.421 Y112.497 E293.27117
G1 X108.46 Y112.493 E293.28346
G1 X108.178 Y112.389 E293.28535
G1 X107.966 Y112.127 E293.28746
G1 X107.92 Y111.896 E293.28894
G1 X107.92 Y110.6 E293.29706
G1 X100.6 Y110.6 E293.34296
G1 X100.6 Y129.4 E293.46084
G1 X119.4 Y129.4 E293.57872
G1 X119.4 Y121.459 E293.62851
G1 X118.058 Y121.456 E293.63692
G1 X117.764 Y121.379 E293.63883
G0 F7200 X118.059 Y121.056
;TYPE:WALL-OUTER
G1 F1800 X117.912 Y120.992 E293.63984
G1 X117.864 Y120.899 E293.64049
G1 X117.864 Y118.309 E293.65673
G1 X117.913 Y118.196 E293.6575
G1 X118.008 Y118.128 E293.65824
G1 X119.8 Y118.128 E293.66947
G1 X119.8 Y110.2 E293.71918
G1 X110.552 Y110.2 E293.77717
G1 X110.548 Y111.973 E293.78829
G1 X110.406 Y112.097 E293.78947
G1 X108.5 Y112.095 E293.80142
G1 X108.406 Y112.061 E293.80205
G1 X108.32 Y111.954 E293.80291
G1 X108.32 Y110.2 E293.8139
G1 X100.2 Y110.2 E293.86482
G1 X100.2 Y129.8 E293.98771
G1 X119.8 Y129.8 E294.11061
G1 X119.8 Y121.06 E294.16541
G1 X118.059 Y121.056 E294.17633
G0 F7200 X117.912 Y120.992
G0 X117.894 Y120.957
G0 X116.854 Y120.956
;MESH:NONMESH
G0 F600 X116.854 Y120.956 Z10.1
G0 F7200 X100.88 Y110.88
G0 X100.76 Y110.76
;TIME_ELAPSED:1151.468313
;LAYER:98
;TYPE:FILL
;MESH:xyzCalibration_cube.glb
G1 F3600 X119.24 Y129.24 E294.3402
G1 X119.31 Y129.31
G0 F7200 X119.12 Y129.12
G0 X117.73 Y129.09
G0 X117.73 Y129.24
G1 F3600 X119.24 Y127.73 E294.35359
G1 X119.31 Y127.66
G0 F7200 X119.09 Y127.66
G0 X119.09 Y123.583
G0 X119.24 Y123.583
G1 F3600 X108.198 Y112.541 E294.4515
G0 F7200 X107.914 Y112.257
G1 F3600 X106.417 Y110.76 E294.46477
G1 X106.347 Y110.69
G0 F7200 X106.347 Y110.91
G0 X107.667 Y110.869
G0 X107.816 Y110.869
G1 F3600 X100.761 Y117.925 E294.52734
G1 X100.691 Y117.995
G0 F7200 X100.91 Y117.995
G0 X100.91 Y116.417
G0 X100.76 Y116.417
G1 F3600 X113.583 Y129.24 E294.64105
G1 X113.653 Y129.31
G0 F7200 X113.653 Y129.09
G0 X112.073 Y129.09
G0 X112.073 Y129.24
G1 F3600 X119.24 Y122.073 E294.7046
G1 X119.31 Y122.003
G0 F7200 X119.09 Y122.003
G0 X117.225 Y121.75
G0 X117.154 Y118.349
G0 X117.306 Y118.35
G1 F3600 X106.416 Y129.24 E294.80116
G1 X106.346 Y129.31
G0 F7200 X106.346 Y129.09
G0 X107.926 Y129.09
G0 X107.926 Y129.24
G1 F3600 X100.76 Y122.074 E294.86471
G1 X100.69 Y122.004
G0 F7200 X100.91 Y122.004
G0 X100.91 Y123.582
G0 X100.761 Y123.582
G1 F3600 X113.583 Y110.76 E294.9784
G1 X113.653 Y110.69
G0 F7200 X113.653 Y110.91
G0 X112.074 Y110.91
G0 X112.074 Y110.76
G1 F3600 X118.822 Y117.508 E295.03824
G0 F7200 X118.148 Y117.508
G1 F3600 X119.24 Y116.416 E295.04792
G1 X119.31 Y116.346
G0 F7200 X119.09 Y116.346
G0 X119.09 Y112.269
G0 X119.24 Y112.269
G1 F3600 X117.731 Y110.76 E295.06131
G1 X117.661 Y110.69
G0 F7200 X117.661 Y110.91
G0 X119.12 Y110.88
G0 X119.239 Y110.76
G1 F3600 X100.761 Y129.239 E295.22516
G1 X100.691 Y129.309
G0 F7200 X100.88 Y129.12
G0 X100.91 Y127.73
G0 X100.76 Y127.73
G1 F3600 X102.27 Y129.24 E295.23855
G1 X102.34 Y129.31
G0 F7200 X102.34 Y129.09
G0 X100.91 Y112.268
G0 X100.761 Y112.268
G1 F3600 X102.269 Y110.76 E295.25192
G1 X102.339 Y110.69
G0 F7200 X102.339 Y110.91
G0 X117.225 Y121.75
G0 X117.766 Y121.436
;TYPE:WALL-INNER
G1 F3600 X117.618 Y121.319 E295.25311
G1 X117.491 Y121.106 E295.25466
G1 X117.463 Y120.975 E295.2555
G1 X117.466 Y118.213 E295.27282
G1 X117.557 Y117.945 E295.27459
G1 X117.719 Y117.776 E295.27606
G1 X117.846 Y117.708 E295.27697
G1 X118.064 Y117.668 E295.27836
G1 X119.4 Y117.668 E295.28673
G1 X119.4 Y110.6 E295.33105
G1 X110.924 Y110.6 E295.3842
G1 X110.924 Y112.03 E295.39316
G1 X110.753 Y112.317 E295.39526
G1 X110.55 Y112.452 E295.39679
G1 X110.324 Y112.497 E295.39823
G1 X108.516 Y112.493 E295.40957
G1 X108.235 Y112.39 E295.41144
G1 X108.022 Y112.128 E295.41356
G1 X107.976 Y111.896 E295.41504
G1 X107.976 Y110.6 E295.42317
G1 X100.6 Y110.6 E295.46942
G1 X100.6 Y129.4 E295.5873
G1 X119.4 Y129.4 E295.70518
G1 X119.4 Y121.515 E295.75462
G1 X118.058 Y121.512 E295.76303
G1 X117.766 Y121.436 E295.76492
G0 F7200 X118.059 Y121.112
;TYPE:WALL-OUTER
G1 F1800 X117.912 Y121.048 E295.76593
G1 X117.864 Y120.954 E295.76659
G1 X117.864 Y118.249 E295.78355
G1 X117.911 Y118.138 E295.78431
G1 X118.009 Y118.068 E295.78506
G1 X119.8 Y118.068 E295.79629
G1 X119.8 Y110.2 E295.84563
G1 X110.524 Y110.2 E295.90379
G1 X110.524 Y111.941 E295.91471
G1 X110.38 Y112.097 E295.91604
G1 X108.556 Y112.095 E295.92747
G1 X108.438 Y112.042 E295.92828
G1 X108.376 Y111.952 E295.92897
G1 X108.376 Y110.2 E295.93996
G1 X100.2 Y110.2 E295.99122
G1 X100.2 Y129.8 E296.11412
G1 X119.8 Y129.8 E296.23701
G1 X119.8 Y121.116 E296.29146
G1 X118.059 Y121.112 E296.30238
G0 F7200 X117.912 Y121.048
G0 X117.894 Y121.013
G0 X116.854 Y121.012
;MESH:NONMESH
G0 F600 X116.854 Y121.012 Z10.2
G0 F7200 X100.88 Y110.88
G0 X100.76 Y110.76
;TIME_ELAPSED:1160.207049
;LAYER:99
;TYPE:FILL
;MESH:xyzCalibration_cube.glb
G1 F3600 X119.24 Y129.24 E296.46625
G1 X119.31 Y129.31
G0 F7200 X119.12 Y129.12
G0 X117.73 Y129.09
G0 X117.73 Y129.24
G1 F3600 X119.24 Y127.73 E296.47964
G1 X119.31 Y127.66
G0 F7200 X119.09 Y127.66
G0 X119.09 Y123.583
G0 X119.24 Y123.583
G1 F3600 X108.219 Y112.562 E296.57736
G0 F7200 X107.832 Y112.175
G1 F3600 X106.417 Y110.76 E296.58991
G1 X106.347 Y110.69
G0 F7200 X106.347 Y110.91
G0 X107.629 Y110.907
G0 X107.777 Y110.908
G1 F3600 X100.761 Y117.925 E296.65213
G1 X100.691 Y117.995
G0 F7200 X100.91 Y117.995
G0 X100.91 Y116.417
G0 X100.76 Y116.417
G1 F3600 X113.583 Y129.24 E296.76584
G1 X113.653 Y129.31
G0 F7200 X113.653 Y129.09
G0 X112.073 Y129.09
G0 X112.073 Y129.24
G1 F3600 X119.24 Y122.073 E296.82939
G1 X119.31 Y122.003
G0 F7200 X119.09 Y122.003
G0 X117.225 Y121.805
G0 X117.154 Y118.349
G0 X117.306 Y118.35
G1 F3600 X106.416 Y129.24 E296.92595
G1 X106.346 Y129.31
G0 F7200 X106.346 Y129.09
G0 X107.926 Y129.09
G0 X107.926 Y129.24
G1 F3600 X100.76 Y122.074 E296.9895
G1 X100.69 Y122.004
G0 F7200 X100.91 Y122.004
G0 X100.91 Y123.582
G0 X100.761 Y123.582
G1 F3600 X113.582 Y110.76 E297.10319
G1 X113.652 Y110.69
G0 F7200 X113.652 Y110.91
G0 X112.074 Y110.91
G0 X112.074 Y110.76
G1 F3600 X118.762 Y117.448 E297.1625
G0 F7200 X118.208 Y117.448
G1 F3600 X119.24 Y116.416 E297.17165
G1 X119.31 Y116.346
G0 F7200 X119.09 Y116.346
G0 X119.09 Y112.269
G0 X119.24 Y112.269
G1 F3600 X117.731 Y110.76 E297.18503
G1 X117.661 Y110.69
G0 F7200 X117.661 Y110.91
G0 X119.12 Y110.88
G0 X119.239 Y110.76
G1 F3600 X100.761 Y129.239 E297.34888
G1 X100.691 Y129.309
G0 F7200 X100.88 Y129.12
G0 X100.91 Y127.73
G0 X100.76 Y127.73
G1 F3600 X102.27 Y129.24 E297.36227
G1 X102.34 Y129.31
G0 F7200 X102.34 Y129.09
G0 X100.91 Y112.268
G0 X100.761 Y112.268
G1 F3600 X102.269 Y110.76 E297.37565
G1 X102.339 Y110.69
G0 F7200 X102.339 Y110.91
G0 X117.225 Y121.805
G0 X117.768 Y121.493
;TYPE:WALL-INNER
G1 F3600 X117.618 Y121.375 E297.37684
G1 X117.491 Y121.16 E297.37841
G1 X117.462 Y121.027 E297.37926
G1 X117.466 Y118.153 E297.39728
G1 X117.558 Y117.884 E297.39907
G1 X117.66 Y117.763 E297.40006
G1 X117.848 Y117.647 E297.40144
G1 X118.064 Y117.608 E297.40282
G1 X119.4 Y117.608 E297.4112
G1 X119.4 Y110.6 E297.45514
G1 X110.988 Y110.6 E297.50788
G1 X110.988 Y112.022 E297.5168
G1 X110.86 Y112.268 E297.51854
G1 X110.615 Y112.452 E297.52046
G1 X110.445 Y112.494 E297.52156
G1 X108.476 Y112.493 E297.5339
G1 X108.194 Y112.39 E297.53579
G1 X107.982 Y112.127 E297.5379
G1 X107.936 Y111.894 E297.53939
G1 X107.938 Y110.6 E297.54751
G1 X100.6 Y110.6 E297.59352
G1 X100.6 Y129.4 E297.7114
G1 X119.4 Y129.4 E297.82928
G1 X119.4 Y121.571 E297.87836
G1 X118.058 Y121.568 E297.88678
G1 X117.768 Y121.493 E297.88866
G0 F7200 X117.985 Y121.168
;TYPE:WALL-OUTER
G1 F1800 X117.86 Y121.035 E297.8898
G1 X117.864 Y118.144 E297.90793
G1 X117.949 Y118.043 E297.90876
G1 X118.064 Y118.008 E297.90951
G1 X119.8 Y118.008 E297.9204
G1 X119.8 Y110.2 E297.96935
G1 X110.588 Y110.2 E298.02711
G1 X110.588 Y111.942 E298.03804
G1 X110.527 Y112.041 E298.03877
G1 X110.407 Y112.096 E298.03959
G1 X108.516 Y112.095 E298.05145
G1 X108.422 Y112.061 E298.05208
G1 X108.336 Y111.954 E298.05294
G1 X108.339 Y110.2 E298.06394
G1 X100.2 Y110.2 E298.11497
G1 X100.2 Y129.8 E298.23786
G1 X119.8 Y129.8 E298.36076
G1 X119.8 Y121.172 E298.41486
G1 X117.985 Y121.168 E298.42624
G0 F7200 X117.86 Y121.035
G0 X117.86 Y121.018
G0 X116.854 Y121.017
;MESH:NONMESH
G0 F600 X116.854 Y121.017 Z10.3
G0 F7200 X100.88 Y110.88
G0 X100.76 Y110.76
;TIME_ELAPSED:1168.939331
;LAYER:100
;TYPE:FILL
;MESH:xyzCalibration_cube.glb
G1 F3600 X119.24 Y129.24 E298.59011
G1 X119.31 Y129.31
G0 F7200 X119.12 Y129.12
G0 X117.73 Y129.09
G0 X117.73 Y129.24
G1 F3600 X119.24 Y127.73 E298.6035
G1 X119.31 Y127.66
G0 F7200 X119.09 Y127.66
G0 X119.09 Y123.583
G0 X119.24 Y123.583
G1 F3600 X108.252 Y112.595 E298.70093
G0 F7200 X107.762 Y112.105
G1 F3600 X106.417 Y110.76 E298.71286
G1 X106.347 Y110.69
G0 F7200 X106.347 Y110.91
G0 X107.573 Y110.965
G0 X107.72 Y110.966
G1 F3600 X100.761 Y117.925 E298.77457
G1 X100.691 Y117.995
G0 F7200 X100.91 Y117.995
G0 X100.91 Y116.417
G0 X100.76 Y116.417
G1 F3600 X113.583 Y129.24 E298.88827
G1 X113.653 Y129.31
G0 F7200 X113.653 Y129.09
G0 X112.073 Y129.09
G0 X112.073 Y129.24
G1 F3600 X119.24 Y122.073 E298.95183
G1 X119.31 Y122.003
G0 F7200 X119.09 Y122.003
G0 X117.224 Y121.862
G0 X117.156 Y118.349
G0 X117.306 Y118.35
G1 F3600 X106.416 Y129.24 E299.04839
G1 X106.346 Y129.31
G0 F7200 X106.346 Y129.09
G0 X107.926 Y129.09
G0 X107.926 Y129.24
G1 F3600 X100.76 Y122.074 E299.11194
G1 X100.69 Y122.004
G0 F7200 X100.91 Y122.004
G0 X100.91 Y123.582
G0 X100.761 Y123.582
G1 F3600 X113.583 Y110.76 E299.22563
G1 X113.653 Y110.69
G0 F7200 X113.653 Y110.91
G0 X112.074 Y110.91
G0 X112.074 Y110.76
G1 F3600 X118.701 Y117.388 E299.2844
G0 F7200 X118.268 Y117.388
G1 F3600 X119.24 Y116.416 E299.29302
G1 X119.31 Y116.346
G0 F7200 X119.09 Y116.346
G0 X119.09 Y112.269
G0 X119.24 Y112.269
G1 F3600 X117.731 Y110.76 E299.3064
G1 X117.661 Y110.69
G0 F7200 X117.661 Y110.91
G0 X119.12 Y110.88
G0 X119.239 Y110.76
G1 F3600 X100.761 Y129.239 E299.47026
G1 X100.691 Y129.309
G0 F7200 X100.88 Y129.12
G0 X100.91 Y127.73
G0 X100.76 Y127.73
G1 F3600 X102.27 Y129.24 E299.48365
G1 X102.34 Y129.31
G0 F7200 X102.34 Y129.09
G0 X100.91 Y112.268
G0 X100.761 Y112.268
G1 F3600 X102.269 Y110.76 E299.49702
G1 X102.339 Y110.69
G0 F7200 X102.339 Y110.91
G0 X117.224 Y121.862
G0 X117.769 Y121.55
;TYPE:WALL-INNER
G1 F3600 X117.619 Y121.432 E299.49822
G1 X117.491 Y121.216 E299.49979
G1 X117.462 Y121.083 E299.50065
G1 X117.466 Y118.093 E299.51939
G1 X117.568 Y117.808 E299.52129
G1 X117.85 Y117.587 E299.52354
G1 X118.064 Y117.548 E299.5249
G1 X119.4 Y117.548 E299.53328
G1 X119.4 Y110.6 E299.57684
G1 X111.052 Y110.6 E299.62919
G1 X111.052 Y111.896 E299.63731
G1 X111.003 Y112.135 E299.63884
G1 X110.869 Y112.328 E299.64032
G1 X110.681 Y112.452 E299.64173
G1 X110.509 Y112.494 E299.64284
G1 X108.419 Y112.493 E299.65594
G1 X108.137 Y112.389 E299.65783
G1 X107.925 Y112.126 E299.65995
G1 X107.88 Y111.896 E299.66142
G1 X107.88 Y110.6 E299.66954
G1 X100.6 Y110.6 E299.71519
G1 X100.6 Y129.4 E299.83307
G1 X119.4 Y129.4 E299.95095
G1 X119.4 Y121.627 E299.99969
G1 X118.058 Y121.624 E300.0081
G1 X117.769 Y121.55 E300.00997
G0 F7200 X117.989 Y121.224
;TYPE:WALL-OUTER
G1 F1800 X117.894 Y121.137 E300.01078
G1 X117.86 Y121.044 E300.0114
G1 X117.864 Y118.084 E300.02996
G1 X117.95 Y117.983 E300.03079
G1 X118.064 Y117.948 E300.03154
G1 X119.8 Y117.948 E300.04242
G1 X119.8 Y110.2 E300.09101
G1 X110.652 Y110.2 E300.14836
G1 X110.652 Y111.956 E300.15938
G1 X110.571 Y112.058 E300.16019
G1 X110.471 Y112.096 E300.16086
G1 X108.459 Y112.095 E300.17348
G1 X108.365 Y112.061 E300.1741
G1 X108.28 Y111.954 E300.17496
G1 X108.28 Y110.2 E300.18596
G1 X100.2 Y110.2 E300.23662
G1 X100.2 Y129.8 E300.35952
G1 X119.8 Y129.8 E300.48241
G1 X119.8 Y121.228 E300.53616
G1 X117.989 Y121.224 E300.54752
G0 F7200 X117.894 Y121.137
G0 X117.87 Y121.071
G0 X116.853 Y121.07
;MESH:NONMESH
G0 F600 X116.853 Y121.07 Z10.4
G0 F7200 X100.88 Y110.88
G0 X100.76 Y110.76
;TIME_ELAPSED:1177.665164
;LAYER:101
;TYPE:FILL
;MESH:xyzCalibration_cube.glb
G1 F3600 X119.24 Y129.24 E300.71139
G1 X119.31 Y129.31
G0 F7200 X119.12 Y129.12
G0 X117.73 Y129.09
G0 X117.73 Y129.24
G1 F3600 X119.239 Y127.73 E300.72477
G1 X119.309 Y127.66
G0 F7200 X119.09 Y127.66
G0 X119.09 Y123.583
G0 X119.24 Y123.583
G1 F3600 X108.299 Y112.642 E300.82179
G1 X108.229 Y112.572
G0 F7200 X107.692 Y112.035
G1 F3600 X106.417 Y110.76 E300.8331
G1 X106.347 Y110.69
G0 F7200 X106.347 Y110.91
G0 X107.517 Y111.02
G0 X107.664 Y111.021
G1 F3600 X100.761 Y117.925 E300.89431
G1 X100.691 Y117.995
G0 F7200 X100.91 Y117.995
G0 X100.91 Y116.417
G0 X100.76 Y116.417
G1 F3600 X113.583 Y129.24 E301.00802
G1 X113.653 Y129.31
G0 F7200 X113.653 Y129.09
G0 X112.073 Y129.09
G0 X112.073 Y129.24
G1 F3600 X119.239 Y122.074 E301.07156
G1 X119.309 Y122.004
G0 F7200 X119.09 Y122.004
G0 X117.224 Y121.92
G0 X117.156 Y118.349
G0 X117.306 Y118.35
G1 F3600 X106.416 Y129.24 E301.16813
G1 X106.346 Y129.31
G0 F7200 X106.346 Y129.09
G0 X107.926 Y129.09
G0 X107.926 Y129.24
G1 F3600 X100.76 Y122.074 E301.23167
G1 X100.69 Y122.004
G0 F7200 X100.91 Y122.004
G0 X100.91 Y123.582
G0 X100.761 Y123.582
G1 F3600 X113.583 Y110.76 E301.34537
G1 X113.653 Y110.69
G0 F7200 X113.653 Y110.91
G0 X112.074 Y110.91
G0 X112.074 Y110.76
G1 F3600 X118.642 Y117.328 E301.40361
G0 F7200 X118.328 Y117.328
G1 F3600 X119.24 Y116.416 E301.4117
G1 X119.31 Y116.346
G0 F7200 X119.09 Y116.346
G0 X119.09 Y112.269
G0 X119.24 Y112.269
G1 F3600 X117.731 Y110.76 E301.42508
G1 X117.661 Y110.69
G0 F7200 X117.661 Y110.91
G0 X119.12 Y110.88
G0 X119.239 Y110.76
G1 F3600 X100.761 Y129.239 E301.58893
G1 X100.691 Y129.309
G0 F7200 X100.88 Y129.12
G0 X100.91 Y127.73
G0 X100.76 Y127.73
G1 F3600 X102.27 Y129.24 E301.60232
G1 X102.34 Y129.31
G0 F7200 X102.34 Y129.09
G0 X100.91 Y112.268
G0 X100.761 Y112.268
G1 F3600 X102.269 Y110.76 E301.6157
G1 X102.339 Y110.69
G0 F7200 X102.339 Y110.91
G0 X117.224 Y121.92
G0 X117.823 Y121.632
;TYPE:WALL-INNER
G1 F3600 X117.563 Y121.418 E301.61781
G1 X117.462 Y121.139 E301.61967
G1 X117.466 Y118.032 E301.63915
G1 X117.52 Y117.833 E301.64044
G1 X117.611 Y117.694 E301.64148
G1 X117.852 Y117.526 E301.64333
G1 X118.064 Y117.488 E301.64468
G1 X119.4 Y117.488 E301.65305
G1 X119.4 Y110.6 E301.69624
G1 X111.116 Y110.6 E301.74818
G1 X111.116 Y111.896 E301.75631
G1 X111.068 Y112.133 E301.75783
G1 X110.873 Y112.379 E301.75979
G1 X110.573 Y112.494 E301.76181
G1 X108.363 Y112.493 E301.77567
G1 X108.079 Y112.388 E301.77757
G1 X107.868 Y112.124 E301.77968
G1 X107.824 Y111.896 E301.78114
G1 X107.824 Y110.6 E301.78927
G1 X100.6 Y110.6 E301.83456
G1 X100.6 Y129.4 E301.95244
G1 X119.4 Y129.4 E302.07032
G1 X119.4 Y121.683 E302.11871
G1 X118.058 Y121.68 E302.12712
G1 X117.823 Y121.632 E302.12863
G0 F7200 X118 Y121.28
;TYPE:WALL-OUTER
G1 F1800 X117.894 Y121.193 E302.12949
G1 X117.86 Y121.1 E302.13011
G1 X117.864 Y118.024 E302.14939
G1 X117.951 Y117.922 E302.15024
G1 X118.064 Y117.888 E302.15097
G1 X119.8 Y117.888 E302.16186
G1 X119.8 Y110.2 E302.21007
G1 X110.716 Y110.2 E302.26702
G1 X110.716 Y111.951 E302.278
G1 X110.656 Y112.04 E302.27868
G1 X110.556 Y112.093 E302.27939
G1 X108.403 Y112.095 E302.29289
G1 X108.309 Y112.06 E302.29351
G1 X108.224 Y111.955 E302.29436
G1 X108.224 Y110.2 E302.30537
G1 X100.2 Y110.2 E302.35568
G1 X100.2 Y129.8 E302.47857
G1 X119.8 Y129.8 E302.60147
G1 X119.8 Y121.284 E302.65487
G1 X118 Y121.28 E302.66615
G0 F7200 X117.894 Y121.193
G0 X117.873 Y121.134
G0 X116.853 Y121.133
;MESH:NONMESH
G0 F600 X116.853 Y121.133 Z10.5
G0 F7200 X100.88 Y110.88
G0 X100.76 Y110.76
;TIME_ELAPSED:1186.385237
;LAYER:102
;TYPE:FILL
;MESH:xyzCalibration_cube.glb
G1 F3600 X119.24 Y129.24 E302.83002
G1 X119.31 Y129.31
G0 F7200 X119.12 Y129.12
G0 X117.73 Y129.09
G0 X117.73 Y129.24
G1 F3600 X119.24 Y127.73 E302.84341
G1 X119.31 Y127.66
G0 F7200 X119.09 Y127.66
G0 X119.09 Y123.583
G0 X119.24 Y123.583
G1 F3600 X108.31 Y112.653 E302.94033
G1 X108.24 Y112.583
G0 F7200 X107.622 Y111.965
G1 F3600 X106.417 Y110.76 E302.95102
G1 X106.347 Y110.69
G0 F7200 X106.347 Y110.91
G0 X107.46 Y111.077
G0 X107.608 Y111.078
G1 F3600 X100.761 Y117.925 E303.01173
G1 X100.691 Y117.995
G0 F7200 X100.91 Y117.995
G0 X100.91 Y116.417
G0 X100.76 Y116.417
G1 F3600 X113.583 Y129.24 E303.12544
G1 X113.653 Y129.31
G0 F7200 X113.653 Y129.09
G0 X112.073 Y129.09
G0 X112.073 Y129.24
G1 F3600 X119.24 Y122.073 E303.18899
G1 X119.31 Y122.003
G0 F7200 X119.09 Y122.003
G0 X117.224 Y121.975
G0 X117.156 Y118.348
G0 X117.307 Y118.349
G1 F3600 X106.416 Y129.24 E303.28556
G1 X106.346 Y129.31
G0 F7200 X106.346 Y129.09
G0 X107.926 Y129.09
G0 X107.926 Y129.24
G1 F3600 X100.76 Y122.074 E303.34911
G1 X100.69 Y122.004
G0 F7200 X100.91 Y122.004
G0 X100.91 Y123.582
G0 X100.761 Y123.582
G1 F3600 X113.583 Y110.76 E303.46281
G1 X113.653 Y110.69
G0 F7200 X113.653 Y110.91
G0 X112.074 Y110.91
G0 X112.074 Y110.76
G1 F3600 X118.582 Y117.268 E303.52052
G1 X118.388 Y117.268
G1 X119.239 Y116.417 E303.52806
G1 X119.309 Y116.347
G0 F7200 X119.09 Y116.347
G0 X119.09 Y112.269
G0 X119.24 Y112.269
G1 F3600 X117.731 Y110.76 E303.54144
G1 X117.661 Y110.69
G0 F7200 X117.661 Y110.91
G0 X119.12 Y110.88
G0 X119.239 Y110.76
G1 F3600 X100.761 Y129.239 E303.7053
G1 X100.691 Y129.309
G0 F7200 X100.88 Y129.12
G0 X100.91 Y127.73
G0 X100.76 Y127.73
G1 F3600 X102.27 Y129.24 E303.71869
G1 X102.34 Y129.31
G0 F7200 X102.34 Y129.09
G0 X100.91 Y112.268
G0 X100.761 Y112.268
G1 F3600 X102.269 Y110.76 E303.73206
G1 X102.339 Y110.69
G0 F7200 X102.339 Y110.91
G0 X117.224 Y121.975
G0 X117.825 Y121.689
;TYPE:WALL-INNER
G1 F3600 X117.564 Y121.475 E303.73418
G1 X117.462 Y121.195 E303.73604
G1 X117.466 Y117.972 E303.75625
G1 X117.521 Y117.771 E303.75756
G1 X117.612 Y117.632 E303.7586
G1 X117.854 Y117.465 E303.76045
G1 X118.064 Y117.428 E303.76178
G1 X119.4 Y117.428 E303.77016
G1 X119.4 Y110.6 E303.81297
G1 X111.18 Y110.6 E303.86451
G1 X111.18 Y111.896 E303.87264
G1 X111.133 Y112.132 E303.87415
G1 X111.001 Y112.325 E303.87561
G1 X110.811 Y112.451 E303.87704
G1 X110.638 Y112.494 E303.87816
G1 X108.307 Y112.493 E303.89278
G1 X108.022 Y112.387 E303.89468
G1 X107.812 Y112.122 E303.8968
G1 X107.768 Y111.896 E303.89825
G1 X107.768 Y110.6 E303.90637
G1 X100.6 Y110.6 E303.95132
G1 X100.6 Y129.4 E304.0692
G1 X119.4 Y129.4 E304.18708
G1 X119.4 Y121.739 E304.23511
G1 X118.058 Y121.736 E304.24353
G1 X117.825 Y121.689 E304.24502
G0 F7200 X117.999 Y121.336
;TYPE:WALL-OUTER
G1 F1800 X117.894 Y121.249 E304.24587
G1 X117.86 Y121.156 E304.24649
G1 X117.864 Y117.982 E304.2664
G1 X118.011 Y117.828 E304.26773
G1 X119.8 Y117.828 E304.27895
G1 X119.8 Y110.2 E304.32678
G1 X110.78 Y110.2 E304.38333
G1 X110.78 Y111.953 E304.39433
G1 X110.62 Y112.093 E304.39566
G1 X108.347 Y112.095 E304.40991
G1 X108.206 Y112.015 E304.41093
G1 X108.168 Y111.896 E304.41171
G1 X108.168 Y110.2 E304.42234
G1 X100.2 Y110.2 E304.47231
G1 X100.2 Y129.8 E304.5952
G1 X119.8 Y129.8 E304.7181
G1 X119.8 Y121.34 E304.77114
G1 X117.999 Y121.336 E304.78244
G0 F7200 X117.894 Y121.249
G0 X117.873 Y121.189
G0 X116.853 Y121.188
;MESH:NONMESH
G0 F600 X116.853 Y121.188 Z10.6
G0 F7200 X100.88 Y110.88
G0 X100.76 Y110.76
;TIME_ELAPSED:1195.095098
;LAYER:103
;TYPE:FILL
;MESH:xyzCalibration_cube.glb
G1 F3600 X119.24 Y129.24 E304.9463
G1 X119.31 Y129.31
G0 F7200 X119.12 Y129.12
G0 X117.73 Y129.09
G0 X117.73 Y129.24
G1 F3600 X119.239 Y127.73 E304.95969
G1 X119.309 Y127.66
G0 F7200 X119.09 Y127.66
G0 X119.09 Y123.583
G0 X119.24 Y123.583
G1 F3600 X108.31 Y112.653 E305.05661
G1 X108.24 Y112.583
G0 F7200 X107.552 Y111.895
G1 F3600 X106.417 Y110.76 E305.06667
G1 X106.347 Y110.69
G0 F7200 X106.347 Y110.91
G0 X107.404 Y111.133
G0 X107.552 Y111.134
G1 F3600 X100.761 Y117.925 E305.12689
G1 X100.691 Y117.995
G0 F7200 X100.91 Y117.995
G0 X100.91 Y116.417
G0 X100.76 Y116.417
G1 F3600 X113.583 Y129.24 E305.2406
G1 X113.653 Y129.31
G0 F7200 X113.653 Y129.09
G0 X112.073 Y129.09
G0 X112.073 Y129.24
G1 F3600 X119.239 Y122.074 E305.30414
G1 X119.309 Y122.004
G0 F7200 X119.12 Y122.078
G0 X117.224 Y122.032
G0 X117.156 Y118.348
G0 X117.307 Y118.349
G1 F3600 X106.416 Y129.24 E305.40072
G1 X106.346 Y129.31
G0 F7200 X106.346 Y129.09
G0 X107.926 Y129.09
G0 X107.926 Y129.24
G1 F3600 X100.76 Y122.074 E305.46426
G1 X100.69 Y122.004
G0 F7200 X100.91 Y122.004
G0 X100.91 Y123.582
G0 X100.761 Y123.582
G1 F3600 X113.582 Y110.76 E305.57795
G1 X113.652 Y110.69
G0 F7200 X113.652 Y110.91
G0 X112.074 Y110.91
G0 X112.074 Y110.76
G1 F3600 X118.522 Y117.208 E305.63513
G1 X118.448 Y117.208
G1 X119.24 Y116.416 E305.64215
G1 X119.31 Y116.346
G0 F7200 X119.09 Y116.346
G0 X119.09 Y112.269
G0 X119.24 Y112.269
G1 F3600 X117.731 Y110.76 E305.65554
G1 X117.661 Y110.69
G0 F7200 X117.661 Y110.91
G0 X119.12 Y110.88
G0 X119.239 Y110.76
G1 F3600 X100.761 Y129.239 E305.81939
G1 X100.691 Y129.309
G0 F7200 X100.88 Y129.12
G0 X100.91 Y127.73
G0 X100.76 Y127.73
G1 F3600 X102.27 Y129.24 E305.83278
G1 X102.34 Y129.31
G0 F7200 X102.34 Y129.09
G0 X100.91 Y112.268
G0 X100.761 Y112.268
G1 F3600 X102.269 Y110.76 E305.84615
G1 X102.339 Y110.69
G0 F7200 X102.339 Y110.91
G0 X117.224 Y122.032
G0 X117.826 Y121.749
;TYPE:WALL-INNER
G1 F3600 X117.565 Y121.536 E305.84827
G1 X117.462 Y121.255 E305.85014
G1 X117.466 Y117.912 E305.8711
G1 X117.521 Y117.71 E305.87242
G1 X117.613 Y117.571 E305.87346
G1 X117.856 Y117.404 E305.87531
G1 X118.064 Y117.368 E305.87663
G1 X119.4 Y117.368 E305.88501
G1 X119.4 Y110.6 E305.92745
G1 X111.244 Y110.6 E305.97859
G1 X111.244 Y111.896 E305.98671
G1 X111.197 Y112.13 E305.98821
G1 X111.004 Y112.377 E305.99017
G1 X110.702 Y112.494 E305.99221
G1 X108.251 Y112.493 E306.00757
G1 X107.965 Y112.386 E306.00949
G1 X107.755 Y112.12 E306.01161
G1 X107.712 Y111.896 E306.01304
G1 X107.712 Y110.6 E306.02117
G1 X100.6 Y110.6 E306.06576
G1 X100.6 Y129.4 E306.18364
G1 X119.4 Y129.4 E306.30152
G1 X119.4 Y121.799 E306.34918
G1 X118.058 Y121.796 E306.3576
G1 X117.826 Y121.749 E306.35908
G0 F7200 X118.004 Y121.396
;TYPE:WALL-OUTER
G1 F1800 X117.914 Y121.334 E306.35977
G1 X117.86 Y121.216 E306.36058
G1 X117.864 Y117.922 E306.38123
G1 X118.012 Y117.768 E306.38257
G1 X119.8 Y117.768 E306.39378
G1 X119.8 Y110.2 E306.44124
G1 X110.844 Y110.2 E306.49739
G1 X110.844 Y111.957 E306.50841
G1 X110.721 Y112.096 E306.50957
G1 X108.291 Y112.095 E306.52481
G1 X108.172 Y112.04 E306.52563
G1 X108.112 Y111.95 E306.52631
G1 X108.112 Y110.2 E306.53728
G1 X100.2 Y110.2 E306.58689
G1 X100.2 Y129.8 E306.70979
G1 X119.8 Y129.8 E306.83268
G1 X119.8 Y121.4 E306.88535
G1 X118.004 Y121.396 E306.89661
G0 F7200 X117.914 Y121.334
G0 X117.877 Y121.252
G0 X116.853 Y121.251
;MESH:NONMESH
G0 F600 X116.853 Y121.251 Z10.7
G0 F7200 X100.88 Y110.88
G0 X100.76 Y110.76
;TIME_ELAPSED:1203.799138
;LAYER:104
;TYPE:FILL
;MESH:xyzCalibration_cube.glb
G1 F3600 X119.24 Y129.24 E307.06048
G1 X119.31 Y129.31
G0 F7200 X119.12 Y129.12
G0 X117.73 Y129.09
G0 X117.73 Y129.24
G1 F3600 X119.24 Y127.73 E307.07387
G1 X119.31 Y127.66
G0 F7200 X119.09 Y127.66
G0 X119.09 Y123.583
G0 X119.24 Y123.583
G1 F3600 X108.31 Y112.653 E307.17079
G1 X108.24 Y112.583
G0 F7200 X108.24 Y112.808
G0 X107.419 Y112.736
G0 X107.348 Y111.839
G0 X107.496 Y111.84
G1 F3600 X106.417 Y110.76 E307.18037
G1 X106.347 Y110.69
G0 F7200 X106.347 Y110.91
G0 X107.348 Y111.189
G0 X107.496 Y111.19
G1 F3600 X100.761 Y117.925 E307.24009
G1 X100.691 Y117.995
G0 F7200 X100.91 Y117.995
G0 X100.91 Y116.417
G0 X100.76 Y116.417
G1 F3600 X113.583 Y129.24 E307.35379
G1 X113.653 Y129.31
G0 F7200 X113.653 Y129.09
G0 X112.073 Y129.09
G0 X112.073 Y129.24
G1 F3600 X119.24 Y122.073 E307.41735
G1 X119.31 Y122.003
G0 F7200 X119.12 Y122.135
G0 X117.226 Y122.09
G0 X117.155 Y118.348
G0 X117.307 Y118.349
G1 F3600 X106.416 Y129.24 E307.51392
G1 X106.346 Y129.31
G0 F7200 X106.346 Y129.09
G0 X107.926 Y129.09
G0 X107.926 Y129.24
G1 F3600 X100.76 Y122.074 E307.57747
G1 X100.69 Y122.004
G0 F7200 X100.91 Y122.004
G0 X100.91 Y123.582
G0 X100.761 Y123.582
G1 F3600 X113.583 Y110.76 E307.69116
G1 X113.653 Y110.69
G0 F7200 X113.653 Y110.91
G0 X112.074 Y110.91
G0 X112.074 Y110.76
G1 F3600 X118.462 Y117.149 E307.74781
G1 X118.508 Y117.149
G1 X119.24 Y116.416 E307.75431
G1 X119.31 Y116.346
G0 F7200 X119.09 Y116.346
G0 X119.09 Y112.269
G0 X119.24 Y112.269
G1 F3600 X117.731 Y110.76 E307.76769
G1 X117.661 Y110.69
G0 F7200 X117.661 Y110.91
G0 X119.12 Y110.88
G0 X119.239 Y110.76
G1 F3600 X100.761 Y129.239 E307.93154
G1 X100.691 Y129.309
G0 F7200 X100.88 Y129.12
G0 X100.91 Y127.73
G0 X100.76 Y127.73
G1 F3600 X102.27 Y129.24 E307.94493
G1 X102.34 Y129.31
G0 F7200 X102.34 Y129.09
G0 X100.91 Y112.268
G0 X100.761 Y112.268
G1 F3600 X102.269 Y110.76 E307.95831
G1 X102.339 Y110.69
G0 F7200 X102.339 Y110.91
G0 X117.226 Y122.09
G0 X117.831 Y121.806
;TYPE:WALL-INNER
G1 F3600 X117.57 Y121.593 E307.96042
G1 X117.467 Y121.312 E307.9623
G1 X117.466 Y117.852 E307.98399
G1 X117.493 Y117.722 E307.98482
G1 X117.615 Y117.509 E307.98636
G1 X117.858 Y117.344 E307.9882
G1 X118.064 Y117.308 E307.98951
G1 X119.4 Y117.308 E307.99789
G1 X119.4 Y110.6 E308.03995
G1 X111.308 Y110.6 E308.09069
G1 X111.308 Y111.896 E308.09882
G1 X111.262 Y112.128 E308.1003
G1 X111.132 Y112.322 E308.10176
G1 X110.941 Y112.45 E308.10321
G1 X110.766 Y112.494 E308.10434
G1 X108.194 Y112.493 E308.12046
G1 X107.908 Y112.385 E308.12238
G1 X107.698 Y112.119 E308.12451
G1 X107.656 Y111.896 E308.12593
G1 X107.656 Y110.6 E308.13405
G1 X100.6 Y110.6 E308.1783
G1 X100.6 Y129.4 E308.29618
G1 X119.4 Y129.4 E308.41406
G1 X119.4 Y121.855 E308.46136
G1 X118.062 Y121.852 E308.46975
G1 X117.831 Y121.806 E308.47123
G0 F7200 X118.008 Y121.452
;TYPE:WALL-OUTER
G1 F1800 X117.918 Y121.39 E308.47192
G1 X117.868 Y121.294 E308.47259
G1 X117.864 Y117.862 E308.49411
G1 X118.013 Y117.708 E308.49546
G1 X119.8 Y117.708 E308.50666
G1 X119.8 Y110.2 E308.55374
G1 X110.908 Y110.2 E308.60949
G1 X110.908 Y111.957 E308.62051
G1 X110.785 Y112.096 E308.62167
G1 X108.235 Y112.095 E308.63766
G1 X108.115 Y112.039 E308.63849
G1 X108.056 Y111.95 E308.63916
G1 X108.056 Y110.2 E308.65014
G1 X100.2 Y110.2 E308.69939
G1 X100.2 Y129.8 E308.82229
G1 X119.8 Y129.8 E308.94519
G1 X119.8 Y121.456 E308.9975
G1 X118.008 Y121.452 E309.00874
G0 F7200 X117.918 Y121.39
G0 X117.876 Y121.31
G0 X116.855 Y121.309
;MESH:NONMESH
G0 F600 X116.855 Y121.309 Z10.8
G0 F7200 X100.88 Y110.88
G0 X100.76 Y110.76
;TIME_ELAPSED:1212.539687
;LAYER:105
;TYPE:FILL
;MESH:xyzCalibration_cube.glb
G1 F3600 X119.24 Y129.24 E309.17261
G1 X119.31 Y129.31
G0 F7200 X119.12 Y129.12
G0 X117.73 Y129.09
G0 X117.73 Y129.24
G1 F3600 X119.24 Y127.73 E309.186
G1 X119.31 Y127.66
G0 F7200 X119.09 Y127.66
G0 X119.09 Y123.583
G0 X119.24 Y123.583
G1 F3600 X108.309 Y112.652 E309.28293
G1 X108.239 Y112.582
G0 F7200 X108.239 Y112.808
G0 X107.363 Y112.736
G0 X107.292 Y111.782
G0 X107.44 Y111.783
G1 F3600 X106.417 Y110.76 E309.292
G1 X106.347 Y110.69
G0 F7200 X106.347 Y110.91
G0 X107.292 Y111.245
G0 X107.44 Y111.246
G1 F3600 X100.761 Y117.925 E309.35123
G1 X100.691 Y117.995
G0 F7200 X100.91 Y117.995
G0 X100.91 Y116.417
G0 X100.76 Y116.417
G1 F3600 X113.583 Y129.24 E309.46493
G1 X113.653 Y129.31
G0 F7200 X113.653 Y129.09
G0 X112.073 Y129.09
G0 X112.073 Y129.24
G1 F3600 X119.24 Y122.073 E309.52848
G1 X119.31 Y122.003
G0 F7200 X119.12 Y122.191
G0 X117.226 Y122.145
G0 X117.155 Y118.349
G0 X117.307 Y118.349
G1 F3600 X106.416 Y129.24 E309.62506
G1 X106.346 Y129.31
G0 F7200 X106.346 Y129.09
G0 X107.926 Y129.09
G0 X107.926 Y129.24
G1 F3600 X100.76 Y122.074 E309.6886
G1 X100.69 Y122.004
G0 F7200 X100.91 Y122.004
G0 X100.91 Y123.582
G0 X100.761 Y123.582
G1 F3600 X113.583 Y110.76 E309.8023
G1 X113.653 Y110.69
G0 F7200 X113.653 Y110.91
G0 X112.074 Y110.91
G0 X112.074 Y110.76
G1 F3600 X118.401 Y117.088 E309.85841
G1 X118.568 Y117.088
G1 X119.24 Y116.416 E309.86437
G1 X119.31 Y116.346
G0 F7200 X119.09 Y116.346
G0 X119.09 Y112.269
G0 X119.24 Y112.269
G1 F3600 X117.731 Y110.76 E309.87775
G1 X117.661 Y110.69
G0 F7200 X117.661 Y110.91
G0 X119.12 Y110.88
G0 X119.239 Y110.76
G1 F3600 X100.761 Y129.239 E310.0416
G1 X100.691 Y129.309
G0 F7200 X100.88 Y129.12
G0 X100.91 Y127.73
G0 X100.76 Y127.73
G1 F3600 X102.27 Y129.24 E310.05499
G1 X102.34 Y129.31
G0 F7200 X102.34 Y129.09
G0 X100.91 Y112.268
G0 X100.761 Y112.268
G1 F3600 X102.269 Y110.76 E310.06837
G1 X102.339 Y110.69
G0 F7200 X102.339 Y110.91
G0 X117.226 Y122.145
G0 X117.833 Y121.862
;TYPE:WALL-INNER
G1 F3600 X117.571 Y121.65 E310.07048
G1 X117.466 Y121.368 E310.07237
G1 X117.466 Y117.792 E310.09479
G1 X117.522 Y117.588 E310.09611
G1 X117.616 Y117.448 E310.09717
G1 X117.86 Y117.283 E310.09902
G1 X118.064 Y117.248 E310.10032
G1 X119.4 Y117.248 E310.10869
G1 X119.4 Y110.6 E310.15038
G1 X111.372 Y110.6 E310.20071
G1 X111.372 Y111.896 E310.20884
G1 X111.327 Y112.126 E310.21031
G1 X111.198 Y112.32 E310.21177
G1 X111.069 Y112.418 E310.21279
G1 X110.83 Y112.494 E310.21436
G1 X108.138 Y112.493 E310.23124
G1 X107.85 Y112.384 E310.23317
G1 X107.642 Y112.117 E310.23529
G1 X107.6 Y111.896 E310.2367
G1 X107.6 Y110.6 E310.24483
G1 X100.6 Y110.6 E310.28872
G1 X100.6 Y129.4 E310.4066
G1 X119.4 Y129.4 E310.52448
G1 X119.4 Y121.911 E310.57144
G1 X118.062 Y121.908 E310.57983
G1 X117.833 Y121.862 E310.58129
G0 F7200 X118.005 Y121.508
;TYPE:WALL-OUTER
G1 F1800 X117.899 Y121.422 E310.58215
G1 X117.864 Y121.328 E310.58277
G1 X117.864 Y119.628 E310.59343
G1 F1945.9 X118.059 Y119.584 E310.59459
G1 X117.864 Y119.54 E310.59575
G1 F1800 X117.864 Y117.801 E310.60666
G1 X118.012 Y117.648 E310.60799
G1 X119.8 Y117.648 E310.6192
G1 X119.8 Y110.2 E310.6659
G1 X110.972 Y110.2 E310.72126
G1 X110.972 Y111.956 E310.73227
G1 X110.848 Y112.096 E310.73344
G1 X108.179 Y112.095 E310.75017
G1 X108.059 Y112.039 E310.751
G1 X108 Y111.949 E310.75168
G1 X108 Y110.2 E310.76265
G1 X100.2 Y110.2 E310.81155
G1 X100.2 Y129.8 E310.93445
G1 X119.8 Y129.8 E311.05734
G1 X119.8 Y121.512 E311.10931
G1 X118.005 Y121.508 E311.12057
G0 F7200 X117.899 Y121.422
G0 X117.877 Y121.362
G0 X117.155 Y121.361
G0 X117.155 Y119.583
G0 X118.059 Y119.584
G1 F2117.6 X119.936 Y119.584 E311.13057
G1 F2100 E309.13057
;MESH:NONMESH
G0 F600 X119.936 Y119.584 Z10.9
G0 F7200 X117.635 Y119.234
G0 X100.91 Y110.88
G0 X100.76 Y110.76
;TIME_ELAPSED:1221.497945
;LAYER:106
;TYPE:FILL
;MESH:xyzCalibration_cube.glb
G1 F2100 E311.13057
G1 F3600 X119.24 Y129.24 E311.29444
G1 X119.31 Y129.31
G0 F7200 X119.12 Y129.12
G0 X117.73 Y129.09
G0 X117.73 Y129.24
G1 F3600 X119.24 Y127.73 E311.30783
G1 X119.31 Y127.66
G0 F7200 X119.09 Y127.66
G0 X119.09 Y123.583
G0 X119.24 Y123.583
G1 F3600 X117.658 Y122.001 E311.32186
G0 F7200 X117.433 Y121.777
G1 F3600 X108.31 Y112.653 E311.40276
G1 X108.24 Y112.583
G0 F7200 X108.24 Y112.808
G0 X107.305 Y112.736
G0 X107.235 Y111.726
G0 X107.384 Y111.727
G1 F3600 X106.417 Y110.76 E311.41133
G1 X106.347 Y110.69
G0 F7200 X106.347 Y110.91
G0 X107.235 Y111.3
G0 X107.384 Y111.301
G1 F3600 X100.761 Y117.925 E311.47007
G1 X100.691 Y117.995
G0 F7200 X100.91 Y117.995
G0 X100.91 Y116.417
G0 X100.76 Y116.417
G1 F3600 X113.583 Y129.24 E311.58377
G1 X113.653 Y129.31
G0 F7200 X113.653 Y129.09
G0 X112.073 Y129.09
G0 X112.073 Y129.24
G1 F3600 X119.187 Y122.126 E311.64686
G1 X119.257 Y122.056
G0 F7200 X119.12 Y122.248
G0 X117.226 Y122.202
G0 X117.156 Y118.35
G0 X117.305 Y118.351
G1 F3600 X106.416 Y129.24 E311.74341
G1 X106.346 Y129.31
G0 F7200 X106.346 Y129.09
G0 X107.926 Y129.09
G0 X107.926 Y129.24
G1 F3600 X100.76 Y122.074 E311.80696
G1 X100.69 Y122.004
G0 F7200 X100.91 Y122.004
G0 X100.91 Y123.582
G0 X100.761 Y123.582
G1 F3600 X113.583 Y110.76 E311.92065
G1 X113.653 Y110.69
G0 F7200 X113.653 Y110.91
G0 X112.074 Y110.91
G0 X112.074 Y110.76
G1 F3600 X118.345 Y117.031 E311.97626
G0 F7200 X118.625 Y117.031
G1 F3600 X119.239 Y116.417 E311.98171
G1 X119.309 Y116.347
G0 F7200 X119.09 Y116.347
G0 X119.09 Y112.269
G0 X119.24 Y112.269
G1 F3600 X117.731 Y110.76 E311.99509
G1 X117.661 Y110.69
G0 F7200 X117.661 Y110.91
G0 X119.12 Y110.88
G0 X119.239 Y110.76
G1 F3600 X100.761 Y129.239 E312.15894
G1 X100.691 Y129.309
G0 F7200 X100.88 Y129.12
G0 X100.91 Y127.73
G0 X100.76 Y127.73
G1 F3600 X102.27 Y129.24 E312.17233
G1 X102.34 Y129.31
G0 F7200 X102.34 Y129.09
G0 X100.91 Y112.268
G0 X100.761 Y112.268
G1 F3600 X102.269 Y110.76 E312.1857
G1 X102.339 Y110.69
G0 F7200 X102.339 Y110.91
G0 X117.226 Y122.202
G0 X117.835 Y121.919
;TYPE:WALL-INNER
G1 F3600 X117.571 Y121.708 E312.18782
G1 X117.467 Y121.425 E312.18971
G1 X117.47 Y119.608 E312.20111
G1 X117.499 Y119.582 E312.20135
G1 X117.47 Y119.556 E312.2016
G1 X117.466 Y117.736 E312.21301
G1 X117.494 Y117.604 E312.21385
G1 X117.617 Y117.39 E312.2154
G1 X117.861 Y117.226 E312.21724
G1 X118.062 Y117.192 E312.21852
G1 X119.4 Y117.189 E312.22691
G1 X119.4 Y110.6 E312.26823
G1 X111.436 Y110.6 E312.31816
G1 X111.436 Y111.896 E312.32629
G1 X111.392 Y112.124 E312.32774
G1 X111.267 Y112.315 E312.32918
G1 X111.135 Y112.417 E312.33022
G1 X110.894 Y112.494 E312.33181
G1 X108.082 Y112.493 E312.34944
G1 X107.793 Y112.384 E312.35138
G1 X107.585 Y112.115 E312.35351
G1 X107.544 Y111.896 E312.35491
G1 X107.544 Y110.6 E312.36303
G1 X100.6 Y110.6 E312.40657
G1 X100.6 Y129.4 E312.52445
G1 X119.4 Y129.4 E312.64233
G1 X119.4 Y121.967 E312.68894
G1 X118.062 Y121.964 E312.69733
G1 X117.835 Y121.919 E312.69878
G0 F7200 X118.006 Y121.564
;TYPE:WALL-OUTER
G1 F1800 X117.899 Y121.479 E312.69963
G1 X117.865 Y121.385 E312.70026
G1 X117.866 Y119.669 E312.71102
G1 F1945.9 X118.054 Y119.582 E312.71222
G1 X117.866 Y119.495 E312.71342
G1 F1800 X117.867 Y117.752 E312.72435
G1 X117.915 Y117.658 E312.72502
G1 X118.012 Y117.592 E312.72575
G1 X119.8 Y117.588 E312.73696
G1 X119.8 Y110.2 E312.78329
G1 X111.036 Y110.2 E312.83824
G1 X111.036 Y111.951 E312.84922
G1 X110.979 Y112.037 E312.84986
G1 X110.856 Y112.096 E312.85072
G1 X108.123 Y112.095 E312.86786
G1 X108.027 Y112.059 E312.8685
G1 X107.944 Y111.952 E312.86935
G1 X107.944 Y110.2 E312.88033
G1 X100.2 Y110.2 E312.92889
G1 X100.2 Y129.8 E313.05178
G1 X119.8 Y129.8 E313.17468
G1 X119.8 Y121.568 E313.2263
G1 X118.006 Y121.564 E313.23755
G0 F7200 X117.899 Y121.479
G0 X117.878 Y121.42
G0 X117.155 Y121.419
G0 X117.155 Y119.581
G0 X118.054 Y119.582
G1 F2117.6 X119.88 Y119.584 E313.24728
G1 F2100 E311.24728
;MESH:NONMESH
G0 F600 X119.88 Y119.584 Z11
G0 F7200 X117.635 Y119.289
G0 X100.91 Y110.88
G0 X100.76 Y110.76
;TIME_ELAPSED:1230.534763
;LAYER:107
;TYPE:FILL
;MESH:xyzCalibration_cube.glb
G1 F2100 E313.24728
G1 F3600 X119.24 Y129.24 E313.41115
G1 X119.31 Y129.31
G0 F7200 X119.12 Y129.12
G0 X117.73 Y129.09
G0 X117.73 Y129.24
G1 F3600 X119.24 Y127.73 E313.42454
G1 X119.31 Y127.66
G0 F7200 X119.09 Y127.66
G0 X119.09 Y123.583
G0 X119.24 Y123.583
G1 F3600 X117.781 Y122.124 E313.43747
G0 F7200 X117.373 Y121.716
G1 F3600 X108.31 Y112.653 E313.51784
G1 X108.24 Y112.583
G0 F7200 X108.239 Y112.808
G0 X107.249 Y112.736
G0 X107.179 Y111.67
G0 X107.328 Y111.671
G1 F3600 X106.417 Y110.76 E313.52592
G1 X106.347 Y110.69
G0 F7200 X106.347 Y110.91
G0 X107.179 Y111.356
G0 X107.328 Y111.357
G1 F3600 X100.761 Y117.925 E313.58415
G1 X100.691 Y117.995
G0 F7200 X100.91 Y117.995
G0 X100.91 Y116.417
G0 X100.76 Y116.417
G1 F3600 X113.583 Y129.24 E313.69786
G1 X113.653 Y129.31
G0 F7200 X113.653 Y129.09
G0 X112.073 Y129.09
G0 X112.073 Y129.24
G1 F3600 X119.131 Y122.182 E313.76045
G1 X119.201 Y122.112
G0 F7200 X119.12 Y122.305
G0 X117.226 Y122.26
G0 X117.156 Y118.348
G0 X117.307 Y118.349
G1 F3600 X106.416 Y129.24 E313.85702
G1 X106.346 Y129.31
G0 F7200 X106.346 Y129.09
G0 X107.926 Y129.09
G0 X107.926 Y129.24
G1 F3600 X100.76 Y122.074 E313.92056
G1 X100.69 Y122.004
G0 F7200 X100.91 Y122.004
G0 X100.91 Y123.582
G0 X100.761 Y123.582
G1 F3600 X113.582 Y110.76 E314.03426
G1 X113.652 Y110.69
G0 F7200 X113.652 Y110.91
G0 X112.074 Y110.91
G0 X112.074 Y110.76
G1 F3600 X118.286 Y116.972 E314.08934
G0 F7200 X118.685 Y116.971
G1 F3600 X119.24 Y116.416 E314.09426
G0 F7200 X119.09 Y116.416
G0 X119.09 Y112.269
G0 X119.24 Y112.269
G1 F3600 X117.731 Y110.76 E314.10764
G1 X117.661 Y110.69
G0 F7200 X117.661 Y110.91
G0 X119.12 Y110.88
G0 X119.239 Y110.76
G1 F3600 X100.761 Y129.239 E314.2715
G1 X100.691 Y129.309
G0 F7200 X100.88 Y129.12
G0 X100.91 Y127.73
G0 X100.76 Y127.73
G1 F3600 X102.27 Y129.24 E314.28489
G1 X102.34 Y129.31
G0 F7200 X102.34 Y129.09
G0 X100.91 Y112.268
G0 X100.761 Y112.268
G1 F3600 X102.269 Y110.76 E314.29826
G1 X102.339 Y110.69
G0 F7200 X102.339 Y110.91
G0 X117.226 Y122.26
G0 X117.836 Y121.976
;TYPE:WALL-INNER
G1 F3600 X117.572 Y121.765 E314.30038
G1 X117.464 Y121.516 E314.30208
G1 X117.467 Y119.631 E314.3139
G1 X117.527 Y119.58 E314.3144
G1 X117.467 Y119.529 E314.31489
G1 X117.466 Y117.676 E314.32651
G1 X117.567 Y117.395 E314.32838
G1 X117.74 Y117.226 E314.3299
G1 X118.062 Y117.132 E314.332
G1 X119.4 Y117.129 E314.34039
G1 X119.4 Y110.6 E314.38133
G1 X111.5 Y110.6 E314.43086
G1 X111.5 Y111.896 E314.43899
G1 X111.457 Y112.122 E314.44043
G1 X111.266 Y112.372 E314.4424
G1 X110.959 Y112.494 E314.44447
G1 X108.026 Y112.493 E314.46287
G1 X107.736 Y112.383 E314.46481
G1 X107.528 Y112.113 E314.46695
G1 X107.488 Y111.896 E314.46833
G1 X107.488 Y110.6 E314.47646
G1 X100.6 Y110.6 E314.51965
G1 X100.6 Y129.4 E314.63753
G1 X119.4 Y129.4 E314.7554
G1 X119.4 Y122.023 E314.80166
G1 X118.062 Y122.02 E314.81005
G1 X117.836 Y121.976 E314.81149
G0 F7200 X118.063 Y121.62
;TYPE:WALL-OUTER
G1 F1800 X117.945 Y121.582 E314.81227
G1 X117.865 Y121.441 E314.81329
G1 X117.869 Y119.711 E314.82413
G1 F1909.8 X118.049 Y119.58 E314.82545
G1 X117.869 Y119.449 E314.82677
G1 F1800 X117.864 Y117.713 E314.83765
G1 X117.915 Y117.597 E314.83845
G1 X118.014 Y117.532 E314.83919
G1 X119.8 Y117.528 E314.85039
G1 X119.8 Y110.2 E314.89633
G1 X111.1 Y110.2 E314.95088
G1 X111.1 Y111.896 E314.96152
G1 X111.062 Y112.015 E314.9623
G1 X110.92 Y112.096 E314.96333
G1 X108.067 Y112.095 E314.98122
G1 X107.97 Y112.059 E314.98186
G1 X107.888 Y111.952 E314.98271
G1 X107.888 Y110.2 E314.9937
G1 X100.2 Y110.2 E315.0419
G1 X100.2 Y129.8 E315.1648
G1 X119.8 Y129.8 E315.28769
G1 X119.8 Y121.624 E315.33896
G1 X118.063 Y121.62 E315.34985
G0 F7200 X117.945 Y121.582
G0 X117.908 Y121.516
G0 X117.155 Y121.515
G0 X117.155 Y119.579
G0 X118.049 Y119.58
G1 F2028.2 X119.822 Y119.582 E315.35971
G1 F2100 E313.35971
;MESH:NONMESH
G0 F600 X119.822 Y119.582 Z11.1
G0 F7200 X117.635 Y119.345
G0 X100.91 Y110.88
G0 X100.76 Y110.76
;TIME_ELAPSED:1239.571573
;LAYER:108
;TYPE:FILL
;MESH:xyzCalibration_cube.glb
G1 F2100 E315.35971
G1 F3600 X119.24 Y129.24 E315.52358
G1 X119.31 Y129.31
G0 F7200 X119.12 Y129.12
G0 X117.73 Y129.09
G0 X117.73 Y129.24
G1 F3600 X119.239 Y127.73 E315.53697
G1 X119.309 Y127.66
G0 F7200 X119.09 Y127.66
G0 X119.09 Y123.583
G0 X119.24 Y123.583
G1 F3600 X117.851 Y122.194 E315.54929
G0 F7200 X117.349 Y121.692
G1 F3600 X108.31 Y112.653 E315.62944
G1 X108.24 Y112.583
G0 F7200 X108.24 Y112.809
G0 X107.193 Y112.737
G0 X107.123 Y111.614
G0 X107.272 Y111.615
G1 F3600 X106.417 Y110.76 E315.63702
G1 X106.347 Y110.69
G0 F7200 X106.347 Y110.91
G0 X107.123 Y111.413
G0 X107.272 Y111.414
G1 F3600 X100.761 Y117.925 E315.69476
G1 X100.691 Y117.995
G0 F7200 X100.91 Y117.995
G0 X100.91 Y116.417
G0 X100.76 Y116.417
G1 F3600 X113.583 Y129.24 E315.80846
G1 X113.653 Y129.31
G0 F7200 X113.653 Y129.09
G0 X112.073 Y129.09
G0 X112.073 Y129.24
G1 F3600 X119.075 Y122.238 E315.87055
G1 X119.145 Y122.168
G0 F7200 X119.144 Y122.39
G0 X117.226 Y122.315
G0 X117.156 Y118.35
G0 X117.305 Y118.351
G1 F3600 X106.416 Y129.24 E315.96711
G1 X106.346 Y129.31
G0 F7200 X106.346 Y129.09
G0 X107.926 Y129.09
G0 X107.926 Y129.24
G1 F3600 X100.76 Y122.074 E316.03065
G1 X100.69 Y122.004
G0 F7200 X100.91 Y122.004
G0 X100.91 Y123.582
G0 X100.761 Y123.582
G1 F3600 X113.583 Y110.76 E316.14435
G1 X113.653 Y110.69
G0 F7200 X113.653 Y110.91
G0 X112.074 Y110.91
G0 X112.074 Y110.76
G1 F3600 X118.225 Y116.911 E316.19889
G0 F7200 X118.745 Y116.911
G1 F3600 X119.24 Y116.416 E316.20328
G0 F7200 X119.09 Y116.416
G0 X119.09 Y112.269
G0 X119.24 Y112.269
G1 F3600 X117.731 Y110.76 E316.21666
G1 X117.661 Y110.69
G0 F7200 X117.661 Y110.91
G0 X119.12 Y110.88
G0 X119.239 Y110.76
G1 F3600 X100.761 Y129.239 E316.38052
G1 X100.691 Y129.309
G0 F7200 X100.88 Y129.12
G0 X100.91 Y127.73
G0 X100.76 Y127.73
G1 F3600 X102.27 Y129.24 E316.39391
G1 X102.34 Y129.31
G0 F7200 X102.34 Y129.09
G0 X100.91 Y112.268
G0 X100.761 Y112.268
G1 F3600 X102.269 Y110.76 E316.40728
G1 X102.339 Y110.69
G0 F7200 X102.339 Y110.91
G0 X117.226 Y122.315
G0 X117.838 Y122.033
;TYPE:WALL-INNER
G1 F3600 X117.633 Y121.895 E316.40883
G1 X117.528 Y121.747 E316.40997
G1 X117.467 Y121.537 E316.41134
G1 X117.465 Y119.657 E316.42313
G1 X117.561 Y119.58 E316.4239
G1 X117.464 Y119.502 E316.42468
G1 X117.466 Y117.615 E316.43651
G1 X117.494 Y117.482 E316.43736
G1 X117.62 Y117.267 E316.43893
G1 X117.866 Y117.105 E316.44077
G1 X118.062 Y117.072 E316.44202
G1 X119.4 Y117.069 E316.45041
G1 X119.4 Y110.6 E316.49097
G1 X111.564 Y110.6 E316.5401
G1 X111.564 Y111.896 E316.54823
G1 X111.521 Y112.12 E316.54966
G1 X111.332 Y112.371 E316.55163
G1 X111.023 Y112.494 E316.55372
G1 X107.97 Y112.493 E316.57286
G1 X107.678 Y112.382 E316.57482
G1 X107.471 Y112.112 E316.57695
G1 X107.432 Y111.896 E316.57833
G1 X107.432 Y110.6 E316.58645
G1 X100.6 Y110.6 E316.62929
G1 X100.6 Y129.4 E316.74717
G1 X119.4 Y129.4 E316.86505
G1 X119.4 Y122.079 E316.91095
G1 X118.062 Y122.076 E316.91934
G1 X117.838 Y122.033 E316.92077
G0 F7200 X118.005 Y121.676
;TYPE:WALL-OUTER
G1 F1800 X117.868 Y121.519 E316.92208
G1 X117.872 Y119.754 E316.93315
G1 F1662.8 X118.044 Y119.58 E316.93481
G1 X117.864 Y119.398 E316.93654
G1 F1800 X117.864 Y117.653 E316.94749
G1 X117.957 Y117.502 E316.9486
G1 X118.063 Y117.472 E316.94929
G1 X119.8 Y117.468 E316.96018
G1 X119.8 Y110.2 E317.00575
G1 X111.164 Y110.2 E317.0599
G1 X111.164 Y111.952 E317.07089
G1 X111.087 Y112.055 E317.07169
G1 X110.984 Y112.096 E317.07239
G1 X108.011 Y112.095 E317.09103
G1 X107.914 Y112.058 E317.09168
G1 X107.832 Y111.951 E317.09253
G1 X107.832 Y110.2 E317.1035
G1 X100.2 Y110.2 E317.15136
G1 X100.2 Y129.8 E317.27425
G1 X119.8 Y129.8 E317.39715
G1 X119.8 Y121.68 E317.44806
G1 X118.005 Y121.676 E317.45932
G0 F7200 X117.874 Y121.526
G0 X117.155 Y121.525
G0 X117.155 Y119.579
G0 X118.044 Y119.58
G1 F1541.8 X119.766 Y119.578 E317.47192
G1 F2100 E315.47192
;MESH:NONMESH
G0 F600 X119.766 Y119.578 Z11.2
G0 F7200 X117.635 Y119.401
G0 X100.91 Y110.88
G0 X100.76 Y110.76
;TIME_ELAPSED:1248.618281
;LAYER:109
;TYPE:FILL
;MESH:xyzCalibration_cube.glb
G1 F2100 E317.47192
G1 F3600 X119.24 Y129.24 E317.63579
G1 X119.31 Y129.31
G0 F7200 X119.12 Y129.12
G0 X117.73 Y129.09
G0 X117.73 Y129.24
G1 F3600 X119.24 Y127.73 E317.64918
G1 X119.31 Y127.66
G0 F7200 X119.09 Y127.66
G0 X119.09 Y123.583
G0 X119.24 Y123.583
G1 F3600 X117.926 Y122.269 E317.66084
G1 X117.856 Y122.199
G0 F7200 X117.324 Y121.667
G1 F3600 X108.31 Y112.653 E317.74077
G1 X108.24 Y112.583
G0 F7200 X108.24 Y112.809
G0 X107.138 Y112.737
G0 X107.067 Y111.559
G0 X107.216 Y111.56
G1 F3600 X106.417 Y110.76 E317.74786
G1 X106.347 Y110.69
G0 F7200 X106.347 Y110.91
G0 X107.067 Y111.469
G0 X107.216 Y111.47
G1 F3600 X100.761 Y117.925 E317.80509
G1 X100.691 Y117.995
G0 F7200 X100.91 Y117.995
G0 X100.91 Y116.417
G0 X100.76 Y116.417
G1 F3600 X113.583 Y129.24 E317.9188
G1 X113.653 Y129.31
G0 F7200 X113.653 Y129.09
G0 X112.073 Y129.09
G0 X112.073 Y129.24
G1 F3600 X119.015 Y122.298 E317.98036
G1 X119.085 Y122.228
G0 F7200 X119.084 Y122.447
G0 X117.226 Y122.372
G0 X117.156 Y118.351
G0 X117.305 Y118.351
G1 F3600 X106.416 Y129.24 E318.07691
G1 X106.346 Y129.31
G0 F7200 X106.346 Y129.09
G0 X107.926 Y129.09
G0 X107.926 Y129.24
G1 F3600 X100.76 Y122.074 E318.14046
G1 X100.69 Y122.004
G0 F7200 X100.91 Y122.004
G0 X100.91 Y123.582
G0 X100.761 Y123.582
G1 F3600 X113.583 Y110.76 E318.25416
G1 X113.653 Y110.69
G0 F7200 X113.653 Y110.91
G0 X112.074 Y110.91
G0 X112.074 Y110.76
G1 F3600 X118.165 Y116.852 E318.30817
G0 F7200 X118.806 Y116.85
G1 F3600 X119.24 Y116.416 E318.31202
G0 F7200 X119.09 Y116.416
G0 X119.09 Y112.269
G0 X119.24 Y112.269
G1 F3600 X117.731 Y110.76 E318.3254
G1 X117.661 Y110.69
G0 F7200 X117.661 Y110.91
G0 X119.12 Y110.88
G0 X119.239 Y110.76
G1 F3600 X100.761 Y129.239 E318.48926
G1 X100.691 Y129.309
G0 F7200 X100.88 Y129.12
G0 X100.91 Y127.73
G0 X100.76 Y127.73
G1 F3600 X102.27 Y129.24 E318.50265
G1 X102.34 Y129.31
G0 F7200 X102.34 Y129.09
G0 X100.91 Y112.268
G0 X100.761 Y112.268
G1 F3600 X102.269 Y110.76 E318.51602
G1 X102.339 Y110.69
G0 F7200 X102.339 Y110.91
G0 X117.226 Y122.372
G0 X118.061 Y122.445
G0 X118.062 Y122.136
;TYPE:WALL-INNER
G1 F3600 X117.84 Y122.093 E318.51744
G1 X117.574 Y121.884 E318.51956
G1 X117.467 Y121.597 E318.52148
G1 X117.466 Y119.807 E318.5327
G1 X117.502 Y119.653 E318.53369
G1 X117.603 Y119.576 E318.53449
G1 X117.502 Y119.499 E318.53529
G1 X117.464 Y119.311 E318.53649
G1 X117.466 Y117.468 E318.54804
G1 X117.622 Y117.206 E318.54996
G1 X117.868 Y117.044 E318.5518
G1 X118.062 Y117.012 E318.55304
G1 X119.4 Y117.009 E318.56143
G1 X119.4 Y110.6 E318.60161
G1 X111.628 Y110.6 E318.65034
G1 X111.628 Y111.896 E318.65847
G1 X111.586 Y112.118 E318.65989
G1 X111.46 Y112.314 E318.66135
G1 X111.331 Y112.414 E318.66237
G1 X111.088 Y112.494 E318.66397
G1 X107.913 Y112.493 E318.68388
G1 X107.621 Y112.381 E318.68584
G1 X107.415 Y112.11 E318.68798
G1 X107.376 Y111.896 E318.68934
G1 X107.376 Y110.6 E318.69747
G1 X100.6 Y110.6 E318.73996
G1 X100.6 Y129.4 E318.85783
G1 X119.4 Y129.4 E318.97571
G1 X119.4 Y122.139 E319.02124
G1 X118.062 Y122.136 E319.02963
G0 F7200 X118.063 Y121.736
;TYPE:WALL-OUTER
G1 F1800 X117.946 Y121.699 E319.0304
G1 X117.868 Y121.579 E319.0313
G1 X117.865 Y119.808 E319.0424
G1 F1472.4 X118.039 Y119.576 E319.04463
G1 X117.864 Y119.343 E319.04686
G1 F1800 X117.864 Y117.593 E319.05783
G1 X117.916 Y117.476 E319.05863
G1 X118.013 Y117.412 E319.05936
G1 X119.8 Y117.408 E319.07057
G1 X119.8 Y110.2 E319.11576
G1 X111.228 Y110.2 E319.16951
G1 X111.228 Y111.948 E319.18047
G1 X111.075 Y112.096 E319.18181
G1 X107.955 Y112.095 E319.20137
G1 X107.857 Y112.058 E319.20203
G1 X107.776 Y111.951 E319.20287
G1 X107.776 Y110.2 E319.21385
G1 X100.2 Y110.2 E319.26135
G1 X100.2 Y129.8 E319.38425
G1 X119.8 Y129.8 E319.50714
G1 X119.8 Y121.74 E319.55768
G1 X118.063 Y121.736 E319.56857
G0 F7200 X117.946 Y121.699
G0 X117.904 Y121.635
G0 X117.155 Y121.634
G0 X117.155 Y119.575
G0 X118.039 Y119.576
G1 F1243.5 X119.71 Y119.578 E319.58374
G1 F2100 E317.58374
;MESH:NONMESH
G0 F600 X119.71 Y119.578 Z11.3
G0 F7200 X117.642 Y119.442
G0 X100.91 Y110.88
G0 X100.76 Y110.76
;TIME_ELAPSED:1257.686043
;LAYER:110
;TYPE:FILL
;MESH:xyzCalibration_cube.glb
G1 F2100 E319.58374
G1 F3600 X119.24 Y129.24 E319.74761
G1 X119.31 Y129.31
G0 F7200 X119.12 Y129.12
G0 X117.73 Y129.09
G0 X117.73 Y129.24
G1 F3600 X119.239 Y127.73 E319.76099
G1 X119.309 Y127.66
G0 F7200 X119.09 Y127.66
G0 X119.09 Y123.583
G0 X119.24 Y123.583
G1 F3600 X117.996 Y122.339 E319.77202
G1 X117.926 Y122.269
G0 F7200 X117.925 Y122.503
G0 X118.958 Y122.504
G0 X118.959 Y122.354
G1 F3600 X112.073 Y129.24 E319.83308
G1 X112.003 Y129.31
G0 F7200 X112.003 Y129.09
G0 X113.583 Y129.09
G0 X113.583 Y129.24
G1 F3600 X100.76 Y116.417 E319.94679
G1 X100.69 Y116.347
G0 F7200 X100.91 Y116.347
G0 X100.91 Y117.925
G0 X100.761 Y117.925
G1 F3600 X107.156 Y111.529 E320.0035
G1 X107.157 Y111.5
G1 X106.417 Y110.76 E320.01006
G1 X106.347 Y110.69
G0 F7200 X106.347 Y110.91
G0 X107.08 Y112.737
G0 X108.31 Y112.809
G0 X108.31 Y112.653
G1 F3600 X117.305 Y121.648 E320.08982
G1 X117.375 Y121.718
G0 F7200 X117.154 Y121.717
G0 X117.156 Y118.351
G0 X117.305 Y118.351
G1 F3600 X106.416 Y129.24 E320.18638
G1 X106.346 Y129.31
G0 F7200 X106.346 Y129.09
G0 X107.926 Y129.09
G0 X107.926 Y129.24
G1 F3600 X100.76 Y122.074 E320.24993
G1 X100.69 Y122.004
G0 F7200 X100.91 Y122.004
G0 X100.91 Y123.582
G0 X100.761 Y123.582
G1 F3600 X113.583 Y110.76 E320.36362
G1 X113.653 Y110.69
G0 F7200 X113.653 Y110.91
G0 X112.074 Y110.91
G0 X112.074 Y110.76
G1 F3600 X118.105 Y116.791 E320.4171
G0 F7200 X118.865 Y116.791
G1 F3600 X119.24 Y116.416 E320.42043
G0 F7200 X119.09 Y116.416
G0 X119.09 Y112.269
G0 X119.24 Y112.269
G1 F3600 X117.731 Y110.76 E320.43381
G1 X117.661 Y110.69
G0 F7200 X117.661 Y110.91
G0 X119.12 Y110.88
G0 X119.239 Y110.76
G1 F3600 X100.761 Y129.239 E320.59766
G1 X100.691 Y129.309
G0 F7200 X100.88 Y129.12
G0 X100.91 Y127.73
G0 X100.76 Y127.73
G1 F3600 X102.27 Y129.24 E320.61105
G1 X102.34 Y129.31
G0 F7200 X102.34 Y129.09
G0 X100.91 Y112.268
G0 X100.761 Y112.268
G1 F3600 X102.269 Y110.76 E320.62443
G1 X102.339 Y110.69
G0 F7200 X102.339 Y110.91
G0 X117.225 Y122.43
G0 X117.842 Y122.15
;TYPE:WALL-INNER
G1 F3600 X117.575 Y121.941 E320.62655
G1 X117.497 Y121.791 E320.62761
G1 X117.464 Y121.592 E320.62888
G1 X117.467 Y119.853 E320.63978
G1 X117.516 Y119.674 E320.64094
G1 X117.654 Y119.576 E320.64201
G1 X117.516 Y119.478 E320.64307
G1 X117.464 Y119.259 E320.64448
G1 X117.466 Y117.495 E320.65554
G1 X117.568 Y117.212 E320.65743
G1 X117.748 Y117.041 E320.65898
G1 X118.062 Y116.952 E320.66103
G1 X119.4 Y116.949 E320.66942
G1 X119.4 Y110.6 E320.70923
G1 X111.692 Y110.6 E320.75756
G1 X111.692 Y111.896 E320.76568
G1 X111.651 Y112.116 E320.76709
G1 X111.524 Y112.314 E320.76856
G1 X111.332 Y112.447 E320.77003
G1 X111.152 Y112.494 E320.77119
G1 X107.853 Y112.493 E320.79188
G1 X107.56 Y112.38 E320.79385
G1 X107.354 Y112.107 E320.79599
G1 X107.316 Y111.894 E320.79735
G1 X107.318 Y110.6 E320.80546
G1 X100.6 Y110.6 E320.84759
G1 X100.6 Y129.4 E320.96546
G1 X119.4 Y129.4 E321.08334
G1 X119.4 Y122.195 E321.12852
G1 X118.062 Y122.192 E321.13691
G1 X117.842 Y122.15 E321.13831
G0 F7200 X118.063 Y121.792
;TYPE:WALL-OUTER
G1 F1800 X117.947 Y121.755 E321.13908
G1 X117.868 Y121.635 E321.13998
G1 X117.868 Y119.845 E321.1512
G1 F1935.5 X118.049 Y119.748 E321.1524
G1 F2080.9 X119.827 Y119.75 E321.16204
G1 F2074.9 X119.827 Y119.402 E321.16394
G1 F2080.9 X118.049 Y119.404 E321.17358
G1 F1935.5 X117.868 Y119.307 E321.17478
G1 F1800 X117.864 Y117.533 E321.1859
G1 X117.917 Y117.416 E321.18671
G1 X118.014 Y117.352 E321.18743
G1 X119.8 Y117.348 E321.19863
G1 X119.8 Y110.2 E321.24345
G1 X111.292 Y110.2 E321.2968
G1 X111.292 Y111.95 E321.30777
G1 X111.236 Y112.036 E321.30842
G1 X111.112 Y112.096 E321.30928
G1 X107.895 Y112.095 E321.32945
G1 X107.797 Y112.058 E321.33011
G1 X107.716 Y111.951 E321.33095
G1 X107.719 Y110.2 E321.34193
G1 X100.2 Y110.2 E321.38907
G1 X100.2 Y129.8 E321.51197
G1 X119.8 Y129.8 E321.63486
G1 X119.8 Y121.796 E321.68505
G1 X118.063 Y121.792 E321.69594
G0 F7200 X117.947 Y121.755
G0 X117.905 Y121.69
G0 X116.854 Y121.689
;MESH:NONMESH
G0 F600 X116.854 Y121.689 Z11.4
G0 F7200 X100.88 Y110.88
G0 X100.761 Y110.761
;TIME_ELAPSED:1266.571210
;LAYER:111
;TYPE:FILL
;MESH:xyzCalibration_cube.glb
G1 F3600 X119.24 Y129.24 E321.8598
G1 X119.31 Y129.31
G0 F7200 X119.12 Y129.12
G0 X117.73 Y129.09
G0 X117.73 Y129.24
G1 F3600 X119.24 Y127.73 E321.87319
G1 X119.31 Y127.66
G0 F7200 X119.09 Y127.66
G0 X119.09 Y123.583
G0 X119.24 Y123.583
G1 F3600 X118.066 Y122.409 E321.8836
G1 X117.996 Y122.339
G0 F7200 X118.904 Y122.409
G1 F3600 X112.073 Y129.24 E321.94418
G1 X112.003 Y129.31
G0 F7200 X112.003 Y129.09
G0 X113.583 Y129.09
G0 X113.583 Y129.24
G1 F3600 X100.761 Y116.417 E322.05788
G1 X100.691 Y116.347
G0 F7200 X100.91 Y116.347
G0 X100.91 Y117.924
G0 X100.761 Y117.924
G1 F3600 X107.1 Y111.586 E322.11408
G1 X107.101 Y111.444
G1 X106.418 Y110.761 E322.12014
G1 X106.348 Y110.691
G0 F7200 X106.348 Y110.91
G0 X107.024 Y112.737
G0 X108.31 Y112.809
G0 X108.31 Y112.653
G1 F3600 X117.305 Y121.648 E322.1999
G1 X117.375 Y121.718
G0 F7200 X117.156 Y121.717
G0 X117.157 Y118.35
G0 X117.305 Y118.351
G1 F3600 X106.416 Y129.24 E322.29646
G1 X106.346 Y129.31
G0 F7200 X106.346 Y129.09
G0 X107.926 Y129.09
G0 X107.926 Y129.24
G1 F3600 X100.761 Y122.074 E322.36
G1 X100.691 Y122.004
G0 F7200 X100.91 Y122.004
G0 X100.91 Y123.581
G0 X100.761 Y123.581
G1 F3600 X113.582 Y110.76 E322.47369
G1 X113.652 Y110.69
G0 F7200 X113.652 Y110.91
G0 X112.074 Y110.91
G0 X112.074 Y110.76
G1 F3600 X118.048 Y116.734 E322.52666
G1 X118.118 Y116.804
G0 F7200 X118.926 Y116.73
G1 F3600 X119.24 Y116.416 E322.52945
G0 F7200 X119.09 Y116.416
G0 X119.09 Y112.269
G0 X119.24 Y112.269
G1 F3600 X117.731 Y110.76 E322.54283
G1 X117.661 Y110.69
G0 F7200 X117.661 Y110.91
G0 X119.12 Y110.88
G0 X119.239 Y110.76
G1 F3600 X100.761 Y129.238 E322.70668
G1 X100.691 Y129.308
G0 F7200 X100.88 Y129.12
G0 X100.91 Y127.731
G0 X100.761 Y127.731
G1 F3600 X102.27 Y129.24 E322.72006
G1 X102.34 Y129.31
G0 F7200 X102.34 Y129.09
G0 X100.91 Y112.267
G0 X100.761 Y112.267
G1 F3600 X102.268 Y110.76 E322.73342
G1 X102.338 Y110.69
G0 F7200 X102.338 Y110.91
G0 X117.227 Y122.485
G0 X117.843 Y122.207
;TYPE:WALL-INNER
G1 F3600 X117.576 Y121.998 E322.73555
G1 X117.464 Y121.746 E322.73728
G1 X117.467 Y119.913 E322.74877
G1 X117.532 Y119.697 E322.75018
G1 X117.718 Y119.574 E322.75158
G1 X117.532 Y119.451 E322.75298
G1 X117.464 Y119.204 E322.75459
G1 X117.466 Y117.435 E322.76568
G1 X117.569 Y117.151 E322.76757
G1 X117.751 Y116.979 E322.76914
G1 X118.062 Y116.892 E322.77117
G1 X119.4 Y116.889 E322.77956
G1 X119.4 Y110.6 E322.81899
G1 X111.756 Y110.6 E322.86692
G1 X111.756 Y111.896 E322.87505
G1 X111.716 Y112.114 E322.87644
G1 X111.529 Y112.367 E322.87841
G1 X111.216 Y112.494 E322.88053
G1 X107.797 Y112.493 E322.90196
G1 X107.502 Y112.379 E322.90395
G1 X107.297 Y112.105 E322.90609
G1 X107.26 Y111.894 E322.90744
G1 X107.262 Y110.6 E322.91555
G1 X100.601 Y110.601 E322.95732
G1 X100.6 Y129.4 E323.07519
G1 X119.4 Y129.4 E323.19307
G1 X119.4 Y122.251 E323.23789
G1 X118.062 Y122.248 E323.24628
G1 X117.843 Y122.207 E323.24768
G0 F7200 X118.006 Y121.848
;TYPE:WALL-OUTER
G1 F1800 X117.868 Y121.691 E323.24899
G1 X117.866 Y119.897 E323.26024
G1 F1791 X118.046 Y119.775 E323.26161
G1 F1782.2 X119.798 Y119.778 E323.27271
G1 X119.798 Y119.374 E323.27526
G1 X118.046 Y119.373 E323.28636
G1 F1791 X117.865 Y119.251 E323.28773
G1 F1800 X117.864 Y117.473 E323.29888
G1 X117.917 Y117.355 E323.29969
G1 X118.015 Y117.292 E323.30042
G1 X119.8 Y117.288 E323.31162
G1 X119.8 Y110.2 E323.35606
G1 X111.356 Y110.2 E323.40901
G1 X111.356 Y111.951 E323.41998
G1 X111.281 Y112.053 E323.42078
G1 X111.176 Y112.096 E323.42149
G1 X107.839 Y112.095 E323.44241
G1 X107.74 Y112.057 E323.44308
G1 X107.66 Y111.95 E323.44392
G1 X107.663 Y110.2 E323.45489
G1 X100.201 Y110.201 E323.50168
G1 X100.2 Y129.8 E323.62457
G1 X119.8 Y129.8 E323.74746
G1 X119.8 Y121.852 E323.7973
G1 X118.006 Y121.848 E323.80855
G0 F7200 X117.874 Y121.698
G0 X116.856 Y121.697
;MESH:NONMESH
G0 F600 X116.856 Y121.697 Z11.5
G0 F7200 X100.88 Y110.88
G0 X100.76 Y110.76
;TIME_ELAPSED:1275.390465
;LAYER:112
;TYPE:FILL
;MESH:xyzCalibration_cube.glb
G1 F3600 X119.24 Y129.24 E323.97242
G1 X119.31 Y129.31
G0 F7200 X119.12 Y129.12
G0 X117.73 Y129.09
G0 X117.73 Y129.24
G1 F3600 X119.24 Y127.73 E323.98581
G1 X119.31 Y127.66
G0 F7200 X119.09 Y127.66
G0 X119.09 Y123.583
G0 X119.24 Y123.583
G1 F3600 X118.121 Y122.465 E323.99572
G0 F7200 X118.847 Y122.466
G1 F3600 X112.073 Y129.24 E324.05579
G1 X112.003 Y129.31
G0 F7200 X112.003 Y129.09
G0 X113.583 Y129.09
G0 X113.583 Y129.24
G1 F3600 X100.76 Y116.417 E324.1695
G1 X100.69 Y116.347
G0 F7200 X100.91 Y116.347
G0 X100.91 Y117.925
G0 X100.761 Y117.925
G1 F3600 X107.045 Y111.641 E324.22522
G0 F7200 X107.045 Y111.388
G1 F3600 X106.417 Y110.76 E324.23079
G1 X106.347 Y110.69
G0 F7200 X106.347 Y110.91
G0 X106.968 Y112.737
G0 X108.31 Y112.809
G0 X108.31 Y112.653
G1 F3600 X117.308 Y121.651 E324.31058
G1 X117.378 Y121.721
G0 F7200 X117.156 Y121.72
G0 X117.157 Y118.35
G0 X117.305 Y118.351
G1 F3600 X106.416 Y129.24 E324.40713
G1 X106.346 Y129.31
G0 F7200 X106.346 Y129.09
G0 X107.926 Y129.09
G0 X107.926 Y129.24
G1 F3600 X100.76 Y122.074 E324.47068
G1 X100.69 Y122.004
G0 F7200 X100.91 Y122.004
G0 X100.91 Y123.582
G0 X100.761 Y123.582
G1 F3600 X113.583 Y110.76 E324.58438
G1 X113.653 Y110.69
G0 F7200 X113.653 Y110.91
G0 X112.074 Y110.91
G0 X112.074 Y110.76
G1 F3600 X117.996 Y116.683 E324.63689
G1 X118.066 Y116.753
G0 F7200 X118.986 Y116.67
G1 F3600 X119.24 Y116.416 E324.63915
G0 F7200 X119.09 Y116.416
G0 X119.09 Y112.269
G0 X119.24 Y112.269
G1 F3600 X117.731 Y110.76 E324.65253
G1 X117.661 Y110.69
G0 F7200 X117.661 Y110.91
G0 X119.12 Y110.88
G0 X119.239 Y110.76
G1 F3600 X100.761 Y129.239 E324.81638
G1 X100.691 Y129.309
G0 F7200 X100.88 Y129.12
G0 X100.91 Y127.73
G0 X100.76 Y127.73
G1 F3600 X102.27 Y129.24 E324.82977
G1 X102.34 Y129.31
G0 F7200 X102.34 Y129.09
G0 X100.91 Y112.268
G0 X100.761 Y112.268
G1 F3600 X102.269 Y110.76 E324.84314
G1 X102.339 Y110.69
G0 F7200 X102.339 Y110.91
G0 X117.227 Y122.542
G0 X117.845 Y122.263
;TYPE:WALL-INNER
G1 F3600 X117.639 Y122.129 E324.84468
G1 X117.53 Y121.979 E324.84585
G1 X117.467 Y121.766 E324.84724
G1 X117.466 Y119.972 E324.85849
G1 X117.549 Y119.723 E324.86013
G1 X117.792 Y119.572 E324.86193
G1 X117.549 Y119.421 E324.86372
G1 X117.466 Y119.172 E324.86537
G1 X117.466 Y117.374 E324.87664
G1 X117.495 Y117.238 E324.87751
G1 X117.626 Y117.021 E324.8791
G1 X117.92 Y116.832 E324.88129
G1 X119.4 Y116.829 E324.89057
G1 X119.4 Y110.6 E324.92963
G1 X111.82 Y110.6 E324.97716
G1 X111.82 Y111.896 E324.98529
G1 X111.781 Y112.112 E324.98666
G1 X111.595 Y112.366 E324.98864
G1 X111.281 Y112.494 E324.99076
G1 X107.741 Y112.493 E325.01296
G1 X107.445 Y112.378 E325.01495
G1 X107.24 Y112.104 E325.0171
G1 X107.204 Y111.894 E325.01843
G1 X107.206 Y110.6 E325.02654
G1 X100.6 Y110.6 E325.06797
G1 X100.6 Y129.4 E325.18584
G1 X119.4 Y129.4 E325.30372
G1 X119.4 Y122.307 E325.3482
G1 X118.062 Y122.304 E325.35659
G1 X117.845 Y122.263 E325.35797
G0 F7200 X118.008 Y121.904
;TYPE:WALL-OUTER
G1 F1800 X117.868 Y121.747 E325.35929
G1 X117.867 Y119.95 E325.37056
G1 F1670.5 X118.044 Y119.802 E325.37212
G1 F1558.4 X119.769 Y119.805 E325.38461
G1 X119.769 Y119.343 E325.38796
G1 X118.044 Y119.342 E325.40045
G1 F1670.5 X117.867 Y119.152 E325.4022
G1 F1800 X117.864 Y117.412 E325.41311
G1 X117.96 Y117.26 E325.41424
G1 X118.063 Y117.232 E325.41491
G1 X119.8 Y117.228 E325.4258
G1 X119.8 Y110.2 E325.46987
G1 X111.42 Y110.2 E325.52241
G1 X111.42 Y111.95 E325.53339
G1 X111.345 Y112.053 E325.53418
G1 X111.241 Y112.096 E325.53489
G1 X109.588 Y112.096 E325.54525
G1 F1945.9 X109.538 Y111.902 E325.54642
G1 X109.488 Y112.096 E325.54758
G1 F1800 X107.783 Y112.095 E325.55827
G1 X107.684 Y112.057 E325.55893
G1 X107.604 Y111.95 E325.55977
G1 X107.607 Y110.2 E325.57074
G1 X100.2 Y110.2 E325.61719
G1 X100.2 Y129.8 E325.74008
G1 X119.8 Y129.8 E325.86298
G1 X119.8 Y121.908 E325.91246
G1 X118.008 Y121.904 E325.9237
G0 F7200 X117.875 Y121.755
G0 X117.156 Y121.754
G0 X109.538 Y112.81
G0 X109.538 Y111.902
G1 F2117.6 X109.536 Y110.068 E325.93347
G1 F2100 E323.93347
;MESH:NONMESH
G0 F600 X109.536 Y110.068 Z11.6
G0 F7200 X107.385 Y110.424
G0 X100.91 Y110.88
G0 X100.76 Y110.76
;TIME_ELAPSED:1284.405189
;LAYER:113
;TYPE:FILL
;MESH:xyzCalibration_cube.glb
G1 F2100 E325.93347
G1 F3600 X119.24 Y129.24 E326.09734
G1 X119.31 Y129.31
G0 F7200 X119.12 Y129.12
G0 X117.73 Y129.09
G0 X117.73 Y129.24
G1 F3600 X119.24 Y127.73 E326.11073
G1 X119.31 Y127.66
G0 F7200 X119.09 Y127.66
G0 X119.09 Y123.583
G0 X119.24 Y123.583
G1 F3600 X118.178 Y122.521 E326.12015
G0 F7200 X118.792 Y122.521
G1 F3600 X112.073 Y129.24 E326.17973
G1 X112.003 Y129.31
G0 F7200 X112.003 Y129.09
G0 X113.583 Y129.09
G0 X113.583 Y129.24
G1 F3600 X100.76 Y116.417 E326.29344
G1 X100.69 Y116.347
G0 F7200 X100.91 Y116.347
G0 X100.91 Y117.925
G0 X100.761 Y117.925
G1 F3600 X106.988 Y111.697 E326.34866
G0 F7200 X106.989 Y111.333
G1 F3600 X106.417 Y110.76 E326.35374
G1 X106.347 Y110.69
G0 F7200 X106.347 Y110.91
G0 X106.913 Y112.737
G0 X108.309 Y112.809
G0 X108.309 Y112.652
G1 F3600 X117.308 Y121.651 E326.43353
G1 X117.378 Y121.721
G0 F7200 X117.156 Y121.72
G0 X117.157 Y118.35
G0 X117.305 Y118.351
G1 F3600 X106.416 Y129.24 E326.53009
G1 X106.346 Y129.31
G0 F7200 X106.346 Y129.09
G0 X107.926 Y129.09
G0 X107.926 Y129.24
G1 F3600 X100.76 Y122.074 E326.59363
G1 X100.69 Y122.004
G0 F7200 X100.91 Y122.004
G0 X100.91 Y123.582
G0 X100.761 Y123.582
G1 F3600 X113.583 Y110.76 E326.70733
G1 X113.653 Y110.69
G0 F7200 X113.653 Y110.91
G0 X112.165 Y110.88
G0 X112.074 Y110.76
G1 F3600 X117.945 Y116.631 E326.75939
G1 X118.015 Y116.701
G0 F7200 X118.015 Y116.463
G0 X119.046 Y116.462
G0 X119.046 Y116.61
G1 F3600 X119.239 Y116.417 E326.7611
G0 F7200 X119.09 Y116.417
G0 X119.09 Y112.269
G0 X119.24 Y112.269
G1 F3600 X117.731 Y110.76 E326.77448
G1 X117.661 Y110.69
G0 F7200 X117.661 Y110.91
G0 X119.12 Y110.88
G0 X119.239 Y110.76
G1 F3600 X100.761 Y129.239 E326.93834
G1 X100.691 Y129.309
G0 F7200 X100.88 Y129.12
G0 X100.91 Y127.73
G0 X100.76 Y127.73
G1 F3600 X102.27 Y129.24 E326.95173
G1 X102.34 Y129.31
G0 F7200 X102.34 Y129.09
G0 X100.91 Y112.268
G0 X100.761 Y112.268
G1 F3600 X102.269 Y110.76 E326.9651
G1 X102.339 Y110.69
G0 F7200 X102.339 Y110.91
G0 X117.227 Y122.6
G0 X117.847 Y122.32
;TYPE:WALL-INNER
G1 F3600 X117.578 Y122.112 E326.96723
G1 X117.498 Y121.961 E326.9683
G1 X117.464 Y121.76 E326.96958
G1 X117.467 Y120.021 E326.98049
G1 X117.566 Y119.752 E326.98228
G1 X117.873 Y119.572 E326.98452
G1 X117.566 Y119.392 E326.98675
G1 X117.466 Y119.114 E326.9886
G1 X117.466 Y117.314 E326.99989
G1 X117.527 Y117.102 E327.00127
G1 X117.627 Y116.959 E327.00236
G1 X117.921 Y116.772 E327.00455
G1 X119.4 Y116.769 E327.01382
G1 X119.4 Y110.6 E327.0525
G1 X111.884 Y110.6 E327.09963
G1 X111.884 Y111.896 E327.10775
G1 X111.846 Y112.11 E327.10912
G1 X111.717 Y112.313 E327.11063
G1 X111.594 Y112.411 E327.11161
G1 X111.386 Y112.493 E327.11301
G1 X109.567 Y112.494 E327.12442
G1 X109.54 Y112.464 E327.12467
G1 X109.513 Y112.494 E327.12493
G1 X107.684 Y112.493 E327.13639
G1 X107.388 Y112.377 E327.13839
G1 X107.184 Y112.102 E327.14053
G1 X107.148 Y111.894 E327.14186
G1 X107.15 Y110.6 E327.14997
G1 X100.6 Y110.6 E327.19104
G1 X100.6 Y129.4 E327.30892
G1 X119.4 Y129.4 E327.4268
G1 X119.4 Y122.363 E327.47092
G1 X118.062 Y122.36 E327.47931
G1 X117.847 Y122.32 E327.48068
G0 F7200 X118.008 Y121.96
;TYPE:WALL-OUTER
G1 F1800 X117.868 Y121.803 E327.482
G1 X117.866 Y120.054 E327.49297
G1 F1568.6 X118.041 Y119.83 E327.49501
G1 F1390 X119.741 Y119.832 E327.50882
G1 F1387.3 X119.741 Y119.312 E327.51305
G1 F1390 X118.041 Y119.314 E327.52685
G1 F1568.6 X117.898 Y119.168 E327.52832
G1 F1800 X117.864 Y119.07 E327.52897
G1 X117.864 Y117.324 E327.53992
G1 X118.015 Y117.172 E327.54126
G1 X119.8 Y117.168 E327.55246
G1 X119.8 Y110.2 E327.59615
G1 X111.484 Y110.2 E327.64829
G1 X111.484 Y111.949 E327.65926
G1 X111.429 Y112.035 E327.6599
G1 X111.327 Y112.092 E327.66063
G1 X109.632 Y112.093 E327.67126
G1 F1945.9 X109.54 Y111.907 E327.67246
G1 X109.448 Y112.093 E327.67366
G1 F1800 X107.704 Y112.092 E327.6846
G1 X107.603 Y112.034 E327.68533
G1 X107.548 Y111.946 E327.68598
G1 X107.551 Y110.2 E327.69693
G1 X100.2 Y110.2 E327.74302
G1 X100.2 Y129.8 E327.86592
G1 X119.8 Y129.8 E327.98881
G1 X119.8 Y121.964 E328.03795
G1 X118.008 Y121.96 E328.04918
G0 F7200 X117.875 Y121.811
G0 X117.156 Y121.81
G0 X109.54 Y112.81
G0 X109.54 Y111.907
G1 F2117.6 X109.54 Y110.128 E328.05866
G1 F2100 E326.05866
;MESH:NONMESH
G0 F600 X109.54 Y110.128 Z11.7
G0 F7200 X107.328 Y110.424
G0 X100.91 Y110.88
G0 X100.76 Y110.76
;TIME_ELAPSED:1293.517713
;LAYER:114
;TYPE:FILL
;MESH:xyzCalibration_cube.glb
G1 F2100 E328.05866
G1 F3600 X119.24 Y129.24 E328.22253
G1 X119.31 Y129.31
G0 F7200 X119.12 Y129.12
G0 X117.73 Y129.09
G0 X117.73 Y129.24
G1 F3600 X119.24 Y127.73 E328.23592
G1 X119.31 Y127.66
G0 F7200 X119.09 Y127.66
G0 X119.09 Y123.583
G0 X119.24 Y123.583
G1 F3600 X118.233 Y122.576 E328.24485
G0 F7200 X118.736 Y122.577
G1 F3600 X112.073 Y129.24 E328.30393
G1 X112.003 Y129.31
G0 F7200 X112.003 Y129.09
G0 X113.583 Y129.09
G0 X113.583 Y129.24
G1 F3600 X100.76 Y116.417 E328.41764
G1 X100.69 Y116.347
G0 F7200 X100.91 Y116.347
G0 X100.91 Y117.925
G0 X100.761 Y117.925
G1 F3600 X106.932 Y111.754 E328.47236
G0 F7200 X106.934 Y111.277
G1 F3600 X106.417 Y110.76 E328.47695
G0 F7200 X106.417 Y110.91
G0 X106.855 Y112.737
G0 X108.309 Y112.809
G0 X108.309 Y112.652
G1 F3600 X117.308 Y121.651 E328.55674
G1 X117.378 Y121.721
G0 F7200 X117.156 Y121.72
G0 X117.157 Y118.349
G0 X117.306 Y118.35
G1 F3600 X106.416 Y129.24 E328.65331
G1 X106.346 Y129.31
G0 F7200 X106.346 Y129.09
G0 X107.926 Y129.09
G0 X107.926 Y129.24
G1 F3600 X100.76 Y122.074 E328.71685
G1 X100.69 Y122.004
G0 F7200 X100.91 Y122.004
G0 X100.91 Y123.582
G0 X100.761 Y123.582
G1 F3600 X113.583 Y110.76 E328.83055
G1 X113.653 Y110.69
G0 F7200 X113.653 Y110.91
G0 X112.228 Y110.88
G0 X112.108 Y110.794
G1 F3600 X117.892 Y116.579 E328.88184
G1 X117.962 Y116.649
G0 F7200 X117.962 Y116.402
G0 X119.104 Y116.402
G0 X119.104 Y116.552
G1 F3600 X119.24 Y116.416 E328.88305
G0 F7200 X119.09 Y116.416
G0 X119.09 Y112.269
G0 X119.24 Y112.269
G1 F3600 X117.731 Y110.76 E328.89643
G1 X117.661 Y110.69
G0 F7200 X117.661 Y110.91
G0 X119.12 Y110.88
G0 X119.239 Y110.76
G1 F3600 X100.761 Y129.239 E329.06029
G1 X100.691 Y129.309
G0 F7200 X100.88 Y129.12
G0 X100.91 Y127.73
G0 X100.76 Y127.73
G1 F3600 X102.27 Y129.24 E329.07368
G1 X102.34 Y129.31
G0 F7200 X102.34 Y129.09
G0 X100.91 Y112.268
G0 X100.761 Y112.268
G1 F3600 X102.269 Y110.76 E329.08705
G1 X102.339 Y110.69
G0 F7200 X102.339 Y110.91
G0 X117.156 Y119.569
G0 X118.014 Y119.57
;TYPE:WALL-INNER
G1 F4102.6 X119.425 Y119.571 E329.09481
G0 F7200 X117.628 Y119.706
G0 X117.627 Y122.256
G0 X117.849 Y122.377
G1 F3600 X117.579 Y122.17 E329.09695
G1 X117.467 Y121.878 E329.09891
G1 X117.468 Y120.069 E329.11025
G1 X117.583 Y119.783 E329.11218
G1 F3829.8 X118.014 Y119.57 E329.11502
G1 X117.583 Y119.357 E329.11785
G1 F3600 X117.465 Y119.041 E329.11996
G1 X117.466 Y117.254 E329.13117
G1 X117.496 Y117.116 E329.13205
G1 X117.629 Y116.898 E329.13366
G1 X117.923 Y116.712 E329.13584
G1 X119.4 Y116.712 E329.1451
G1 X119.4 Y110.6 E329.18342
G1 X111.948 Y110.6 E329.23015
G1 X111.948 Y111.896 E329.23827
G1 X111.91 Y112.107 E329.23962
G1 X111.79 Y112.303 E329.24106
G1 X111.659 Y112.41 E329.24212
G1 X111.409 Y112.493 E329.24377
G1 X109.593 Y112.494 E329.25516
G1 X109.544 Y112.435 E329.25564
G1 X109.498 Y112.491 E329.25609
G1 X107.628 Y112.493 E329.26782
G1 X107.33 Y112.376 E329.26983
G1 X107.127 Y112.1 E329.27197
G1 X107.092 Y111.894 E329.27328
G1 X107.094 Y110.6 E329.2814
G1 X100.6 Y110.6 E329.32212
G1 X100.6 Y129.4 E329.44
G1 X119.4 Y129.4 E329.55787
G1 X119.4 Y122.419 E329.60165
G1 X118.062 Y122.416 E329.61004
G1 X117.849 Y122.377 E329.61139
G0 F7200 X118.012 Y122.016
;TYPE:WALL-OUTER
G1 F1800 X117.923 Y121.959 E329.61206
G1 X117.868 Y121.86 E329.61277
G1 X117.867 Y120.107 E329.62376
G1 X117.903 Y120.023 E329.62433
G1 X118.046 Y119.944 E329.62536
G1 X119.8 Y119.947 E329.63635
G1 X119.8 Y119.196 E329.64106
G1 X118.046 Y119.196 E329.65206
G1 X117.903 Y119.117 E329.65309
G1 X117.864 Y119.011 E329.65379
G1 X117.864 Y117.292 E329.66457
G1 X117.979 Y117.112 E329.66591
G1 X119.8 Y117.112 E329.67733
G1 X119.8 Y110.2 E329.72067
G1 X111.548 Y110.2 E329.77241
G1 X111.548 Y111.948 E329.78337
G1 X111.493 Y112.035 E329.78402
G1 X111.391 Y112.092 E329.78475
G1 X109.68 Y112.09 E329.79548
G1 F1850.9 X109.544 Y111.912 E329.79684
G1 X109.408 Y112.09 E329.79821
G1 F1800 X107.647 Y112.092 E329.80925
G1 X107.546 Y112.034 E329.80998
G1 X107.492 Y111.946 E329.81063
G1 X107.495 Y110.2 E329.82158
G1 X100.2 Y110.2 E329.86732
G1 X100.2 Y129.8 E329.99021
G1 X119.8 Y129.8 E330.11311
G1 X119.8 Y122.02 E330.16189
G1 X118.012 Y122.016 E330.1731
G0 F7200 X117.923 Y121.959
G0 X117.878 Y121.877
G0 X117.156 Y121.876
G0 X109.544 Y112.81
G0 X109.544 Y111.912
G1 F1909.8 X109.544 Y110.188 E330.18329
G1 F2100 E328.18329
;MESH:NONMESH
G0 F600 X109.544 Y110.188 Z11.8
G0 F7200 X107.272 Y110.424
G0 X100.91 Y110.88
G0 X100.76 Y110.76
;TIME_ELAPSED:1302.695382
;LAYER:115
;TYPE:FILL
;MESH:xyzCalibration_cube.glb
G1 F2100 E330.18329
G1 F3600 X119.24 Y129.24 E330.34716
G1 X119.31 Y129.31
G0 F7200 X119.12 Y129.12
G0 X117.73 Y129.09
G0 X117.73 Y129.24
G1 F3600 X119.24 Y127.73 E330.36055
G1 X119.31 Y127.66
G0 F7200 X119.09 Y127.66
G0 X119.09 Y123.583
G0 X119.24 Y123.583
G1 F3600 X118.294 Y122.637 E330.36894
G0 F7200 X118.676 Y122.637
G1 F3600 X112.073 Y129.24 E330.42749
G1 X112.003 Y129.31
G0 F7200 X112.003 Y129.09
G0 X113.583 Y129.09
G0 X113.583 Y129.24
G1 F3600 X100.76 Y116.417 E330.54119
G1 X100.69 Y116.347
G0 F7200 X100.91 Y116.347
G0 X100.91 Y117.925
G0 X100.761 Y117.925
G1 F3600 X106.876 Y111.809 E330.59542
G0 F7200 X106.878 Y111.221
G1 F3600 X106.417 Y110.76 E330.59951
G0 F7200 X106.417 Y110.91
G0 X106.799 Y112.737
G0 X108.311 Y112.809
G0 X108.311 Y112.654
G1 F3600 X117.308 Y121.651 E330.67929
G1 X117.378 Y121.721
G0 F7200 X117.156 Y121.72
G0 X117.157 Y118.351
G0 X117.305 Y118.351
G1 F3600 X106.416 Y129.24 E330.77585
G1 X106.346 Y129.31
G0 F7200 X106.346 Y129.09
G0 X107.926 Y129.09
G0 X107.926 Y129.24
G1 F3600 X100.76 Y122.074 E330.83939
G1 X100.69 Y122.004
G0 F7200 X100.91 Y122.004
G0 X100.91 Y123.582
G0 X100.761 Y123.582
G1 F3600 X111.829 Y112.513 E330.93754
G0 F7200 X112.066 Y112.277
G1 F3600 X113.582 Y110.76 E330.95099
G1 X113.652 Y110.69
G0 F7200 X113.652 Y110.91
G0 X112.323 Y110.858
G0 X112.172 Y110.858
G1 F3600 X117.84 Y116.526 E331.00125
G1 X117.91 Y116.596
G0 F7200 X117.91 Y116.344
G0 X119.164 Y116.343
G0 X119.164 Y116.492
G1 F3600 X119.24 Y116.416 E331.00192
G0 F7200 X119.09 Y116.416
G0 X119.09 Y112.269
G0 X119.24 Y112.269
G1 F3600 X117.731 Y110.76 E331.0153
G1 X117.661 Y110.69
G0 F7200 X117.661 Y110.91
G0 X119.12 Y110.88
G0 X119.239 Y110.76
G1 F3600 X100.761 Y129.239 E331.17916
G1 X100.691 Y129.309
G0 F7200 X100.88 Y129.12
G0 X100.91 Y127.73
G0 X100.76 Y127.73
G1 F3600 X102.27 Y129.24 E331.19255
G1 X102.34 Y129.31
G0 F7200 X102.34 Y129.09
G0 X100.91 Y112.268
G0 X100.761 Y112.268
G1 F3600 X102.269 Y110.76 E331.20592
G1 X102.339 Y110.69
G0 F7200 X102.339 Y110.91
G0 X117.156 Y119.567
G0 X118.009 Y119.568
;TYPE:WALL-INNER
G1 F3083.5 X119.367 Y119.569 E331.21586
G0 F7200 X117.628 Y119.762
G0 X117.627 Y122.313
G0 X117.851 Y122.438
G1 F3600 X117.58 Y122.231 E331.218
G1 X117.467 Y121.939 E331.21996
G1 X117.469 Y120.118 E331.23138
G1 X117.601 Y119.817 E331.23344
G1 F3318 X118.009 Y119.568 E331.23669
G1 X117.601 Y119.319 E331.23995
G1 F3600 X117.509 Y119.166 E331.24106
G1 X117.466 Y118.986 E331.24223
G1 X117.466 Y117.193 E331.25347
G1 X117.496 Y117.055 E331.25435
G1 X117.63 Y116.836 E331.25596
G1 X117.926 Y116.652 E331.25815
G1 X119.4 Y116.652 E331.26739
G1 X119.4 Y110.6 E331.30534
G1 X112.012 Y110.6 E331.35166
G1 X112.012 Y111.896 E331.35979
G1 X111.975 Y112.105 E331.36112
G1 X111.856 Y112.301 E331.36256
G1 X111.725 Y112.409 E331.36362
G1 X111.508 Y112.496 E331.36509
G1 X109.726 Y112.493 E331.37626
G1 X109.597 Y112.463 E331.37709
G1 X109.548 Y112.399 E331.3776
G1 X109.499 Y112.463 E331.3781
G1 X109.37 Y112.493 E331.37893
G1 X107.572 Y112.493 E331.39021
G1 X107.273 Y112.374 E331.39222
G1 X107.07 Y112.098 E331.39437
G1 X107.036 Y111.894 E331.39567
G1 X107.038 Y110.6 E331.40378
G1 X100.6 Y110.6 E331.44415
G1 X100.6 Y129.4 E331.56203
G1 X119.4 Y129.4 E331.67991
G1 X119.4 Y122.479 E331.7233
G1 X118.062 Y122.476 E331.73169
G1 X117.851 Y122.438 E331.73304
G0 F7200 X118.063 Y122.076
;TYPE:WALL-OUTER
G1 F1800 X117.95 Y122.042 E331.73378
G1 X117.868 Y121.92 E331.7347
G1 X117.866 Y120.167 E331.74569
G1 X117.909 Y120.072 E331.74635
G1 X118.046 Y120 E331.74732
G1 X119.8 Y120.003 E331.75831
G1 X119.8 Y119.136 E331.76375
G1 X118.046 Y119.136 E331.77475
G1 X117.909 Y119.064 E331.77572
G1 X117.865 Y118.964 E331.7764
G1 X117.864 Y117.202 E331.78745
G1 X118.018 Y117.052 E331.7888
G1 X119.8 Y117.052 E331.79997
G1 X119.8 Y110.2 E331.84294
G1 X111.612 Y110.2 E331.89428
G1 X111.612 Y111.947 E331.90523
G1 X111.557 Y112.035 E331.90588
G1 X111.455 Y112.092 E331.90661
G1 X109.74 Y112.095 E331.91737
G1 F1603.6 X109.548 Y111.917 E331.91921
G1 X109.355 Y112.096 E331.92106
G1 F1800 X107.591 Y112.092 E331.93212
G1 X107.49 Y112.033 E331.93286
G1 X107.436 Y111.946 E331.9335
G1 X107.439 Y110.2 E331.94445
G1 X100.2 Y110.2 E331.98984
G1 X100.2 Y129.8 E332.11273
G1 X119.8 Y129.8 E332.23563
G1 X119.8 Y122.08 E332.28403
G1 X118.063 Y122.076 E332.29493
G0 F7200 X117.95 Y122.042
G0 X117.905 Y121.974
G0 X117.156 Y121.973
G0 X109.548 Y112.81
G0 X109.548 Y111.917
G1 F1448.7 X109.548 Y110.248 E332.30793
G1 F2100 E330.30793
;MESH:NONMESH
G0 F600 X109.548 Y110.248 Z11.9
G0 F7200 X107.216 Y110.424
G0 X100.91 Y110.88
G0 X100.76 Y110.76
;TIME_ELAPSED:1311.882185
;LAYER:116
;TYPE:FILL
;MESH:xyzCalibration_cube.glb
G1 F2100 E332.30793
G1 F3600 X119.24 Y129.24 E332.4718
G1 X119.31 Y129.31
G0 F7200 X119.12 Y129.12
G0 X117.73 Y129.09
G0 X117.73 Y129.24
G1 F3600 X119.24 Y127.73 E332.48519
G1 X119.31 Y127.66
G0 F7200 X119.09 Y127.66
G0 X119.09 Y123.583
G0 X119.24 Y123.583
G1 F3600 X118.35 Y122.693 E332.49308
G0 F7200 X118.62 Y122.693
G1 F3600 X112.073 Y129.24 E332.55113
G1 X112.003 Y129.31
G0 F7200 X112.003 Y129.09
G0 X113.583 Y129.09
G0 X113.583 Y129.24
G1 F3600 X100.76 Y116.417 E332.66484
G1 X100.69 Y116.347
G0 F7200 X100.91 Y116.347
G0 X100.91 Y117.925
G0 X100.761 Y117.925
G1 F3600 X106.82 Y111.866 E332.71857
G0 F7200 X106.821 Y111.164
G1 F3600 X106.417 Y110.76 E332.72215
G0 F7200 X106.417 Y110.91
G0 X106.743 Y112.737
G0 X108.311 Y112.809
G0 X108.311 Y112.654
G1 F3600 X117.308 Y121.651 E332.80193
G1 X117.378 Y121.721
G0 F7200 X117.156 Y121.72
G0 X117.157 Y118.349
G0 X117.307 Y118.349
G1 F3600 X106.416 Y129.24 E332.8985
G1 X106.346 Y129.31
G0 F7200 X106.346 Y129.09
G0 X107.926 Y129.09
G0 X107.926 Y129.24
G1 F3600 X100.76 Y122.074 E332.96205
G1 X100.69 Y122.004
G0 F7200 X100.91 Y122.004
G0 X100.91 Y123.582
G0 X100.761 Y123.582
G1 F3600 X111.75 Y112.593 E333.05949
G0 F7200 X112.192 Y112.15
G1 F3600 X113.583 Y110.76 E333.07182
G1 X113.653 Y110.69
G0 F7200 X113.653 Y110.91
G0 X112.387 Y110.922
G0 X112.236 Y110.922
G1 F3600 X117.797 Y116.483 E333.12113
G1 X117.867 Y116.553
G0 F7200 X117.867 Y116.284
G0 X119.09 Y112.269
G0 X119.24 Y112.269
G1 F3600 X117.731 Y110.76 E333.13451
G1 X117.661 Y110.69
G0 F7200 X117.661 Y110.91
G0 X119.12 Y110.88
G0 X119.239 Y110.76
G1 F3600 X100.761 Y129.239 E333.29837
G1 X100.691 Y129.309
G0 F7200 X100.88 Y129.12
G0 X100.91 Y127.73
G0 X100.76 Y127.73
G1 F3600 X102.27 Y129.24 E333.31176
G1 X102.34 Y129.31
G0 F7200 X102.34 Y129.09
G0 X100.91 Y112.268
G0 X100.761 Y112.268
G1 F3600 X102.269 Y110.76 E333.32513
G1 X102.339 Y110.69
G0 F7200 X102.339 Y110.91
G0 X117.156 Y119.567
G0 X118.004 Y119.568
;TYPE:WALL-INNER
G1 F2474.2 X119.309 Y119.568 E333.33704
G0 F7200 X117.628 Y119.817
G0 X117.627 Y122.369
G0 X117.852 Y122.494
G1 F3600 X117.581 Y122.289 E333.33917
G1 X117.467 Y121.995 E333.34115
G1 X117.468 Y120.179 E333.35253
G1 X117.517 Y120.009 E333.35364
G1 X117.618 Y119.854 E333.3548
G1 F2932.8 X118.004 Y119.568 E333.3585
G1 X117.618 Y119.282 E333.3622
G1 F3600 X117.517 Y119.127 E333.36336
G1 X117.466 Y118.934 E333.36461
G1 X117.466 Y117.133 E333.3759
G1 X117.497 Y116.994 E333.37679
G1 X117.632 Y116.775 E333.37841
G1 X117.926 Y116.592 E333.38058
G1 X119.4 Y116.592 E333.38982
G1 X119.4 Y110.6 E333.42739
G1 X112.076 Y110.6 E333.47331
G1 X112.076 Y111.896 E333.48144
G1 X112.04 Y112.103 E333.48276
G1 X111.91 Y112.312 E333.4843
G1 X111.791 Y112.408 E333.48526
G1 X111.538 Y112.493 E333.48693
G1 X109.794 Y112.493 E333.49787
G1 X109.619 Y112.446 E333.499
G1 X109.55 Y112.349 E333.49975
G1 X109.481 Y112.446 E333.5005
G1 X109.262 Y112.496 E333.50191
G1 X107.475 Y112.493 E333.51311
G1 X107.294 Y112.424 E333.51433
G1 X107.141 Y112.305 E333.51554
G1 X107.014 Y112.096 E333.51707
G1 X106.98 Y111.894 E333.51836
G1 X106.982 Y110.6 E333.52647
G1 X100.6 Y110.6 E333.56649
G1 X100.6 Y129.4 E333.68437
G1 X119.4 Y129.4 E333.80225
G1 X119.4 Y122.535 E333.84529
G1 X118.062 Y122.532 E333.85368
G1 X117.852 Y122.494 E333.85502
G0 F7200 X118.012 Y122.132
;TYPE:WALL-OUTER
G1 F1800 X117.924 Y122.076 E333.85567
G1 X117.868 Y121.976 E333.85639
G1 X117.868 Y120.212 E333.86745
G1 X117.915 Y120.122 E333.86809
G1 X118.046 Y120.056 E333.86901
G1 X119.8 Y120.059 E333.88001
G1 X119.8 Y119.077 E333.88616
G1 X118.046 Y119.08 E333.89716
G1 X117.915 Y119.014 E333.89808
G1 X117.864 Y118.898 E333.89888
G1 X117.864 Y117.172 E333.9097
G1 X117.92 Y117.053 E333.91052
G1 X118.017 Y116.992 E333.91124
G1 X119.8 Y116.992 E333.92242
G1 X119.8 Y110.2 E333.96501
G1 X111.676 Y110.2 E334.01595
G1 X111.676 Y111.948 E334.02691
G1 X111.604 Y112.051 E334.0277
G1 X111.476 Y112.096 E334.02855
G1 X109.817 Y112.092 E334.03895
G1 F1409 X109.55 Y111.923 E334.04148
G1 X109.297 Y112.096 E334.04394
G1 F1800 X107.535 Y112.092 E334.05498
G1 X107.433 Y112.033 E334.05572
G1 X107.38 Y111.945 E334.05637
G1 X107.383 Y110.2 E334.06731
G1 X100.2 Y110.2 E334.11235
G1 X100.2 Y129.8 E334.23524
G1 X119.8 Y129.8 E334.35814
G1 X119.8 Y122.136 E334.40619
G1 X118.012 Y122.132 E334.4174
G0 F7200 X117.924 Y122.076
G0 X117.878 Y121.993
G0 X117.156 Y121.992
G0 X109.55 Y112.81
G0 X109.55 Y111.923
G1 F1165 X109.55 Y110.307 E334.43306
G1 F2100 E332.43306
;MESH:NONMESH
G0 F600 X109.55 Y110.307 Z12
G0 F7200 X107.16 Y110.424
G0 X100.91 Y110.88
G0 X100.761 Y110.761
;TIME_ELAPSED:1321.013846
;LAYER:117
;TYPE:FILL
;MESH:xyzCalibration_cube.glb
G1 F2100 E334.43306
G1 F3600 X119.24 Y129.24 E334.59692
G1 X119.31 Y129.31
G0 F7200 X119.12 Y129.12
G0 X117.73 Y129.09
G0 X117.73 Y129.24
G1 F3600 X119.239 Y127.73 E334.6103
G1 X119.309 Y127.66
G0 F7200 X119.09 Y127.66
G0 X119.09 Y123.583
G0 X119.24 Y123.583
G1 F3600 X118.406 Y122.749 E334.6177
G1 X118.564 Y122.749
G1 X112.073 Y129.24 E334.67526
G1 X112.003 Y129.31
G0 F7200 X112.003 Y129.09
G0 X113.583 Y129.09
G0 X113.583 Y129.24
G1 F3600 X100.761 Y116.417 E334.78896
G1 X100.691 Y116.347
G0 F7200 X100.91 Y116.347
G0 X100.91 Y117.924
G0 X100.761 Y117.924
G1 F3600 X106.768 Y111.917 E334.84223
G1 X106.838 Y111.847
G0 F7200 X106.766 Y111.109
G1 F3600 X106.417 Y110.76 E334.84532
G0 F7200 X106.417 Y110.91
G0 X106.687 Y112.737
G0 X108.311 Y112.809
G0 X108.311 Y112.654
G1 F3600 X117.308 Y121.651 E334.9251
G1 X117.378 Y121.721
G0 F7200 X117.156 Y121.72
G0 X117.158 Y118.345
G0 X117.311 Y118.345
G1 F3600 X106.416 Y129.24 E335.02171
G1 X106.346 Y129.31
G0 F7200 X106.346 Y129.09
G0 X107.926 Y129.09
G0 X107.926 Y129.24
G1 F3600 X100.761 Y122.074 E335.08525
G1 X100.691 Y122.004
G0 F7200 X100.91 Y122.004
G0 X100.91 Y123.581
G0 X100.761 Y123.581
G1 F3600 X111.729 Y112.613 E335.18251
G0 F7200 X112.27 Y112.072
G1 F3600 X113.583 Y110.76 E335.19415
G1 X113.653 Y110.69
G0 F7200 X113.653 Y110.91
G0 X112.451 Y110.986
G0 X112.3 Y110.986
G1 F3600 X117.767 Y116.453 E335.24262
G1 X117.837 Y116.523
G0 F7200 X117.837 Y116.224
G0 X119.09 Y112.269
G0 X119.24 Y112.269
G1 F3600 X117.731 Y110.76 E335.25601
G1 X117.661 Y110.69
G0 F7200 X117.661 Y110.91
G0 X119.12 Y110.88
G0 X119.239 Y110.76
G1 F3600 X100.761 Y129.238 E335.41986
G1 X100.691 Y129.308
G0 F7200 X100.88 Y129.12
G0 X100.91 Y127.731
G0 X100.761 Y127.731
G1 F3600 X102.27 Y129.24 E335.43324
G1 X102.34 Y129.31
G0 F7200 X102.34 Y129.09
G0 X100.91 Y112.267
G0 X100.761 Y112.267
G1 F3600 X102.268 Y110.76 E335.4466
G1 X102.338 Y110.69
G0 F7200 X102.338 Y110.91
G0 X117.227 Y122.825
G0 X117.729 Y122.487
;TYPE:WALL-INNER
G1 F3600 X117.582 Y122.346 E335.44788
G1 X117.467 Y122.051 E335.44986
G1 X117.468 Y120.237 E335.46124
G1 X117.525 Y120.046 E335.46249
G1 X117.636 Y119.89 E335.46369
G1 F3860.6 X118.068 Y119.739 E335.46636
G1 F4161.8 X119.427 Y119.741 E335.47373
G1 F4149.9 X119.427 Y119.393 E335.47563
G1 F4161.8 X118.068 Y119.393 E335.483
G1 F3860.6 X117.637 Y119.239 E335.48567
G1 F3600 X117.528 Y119.083 E335.48687
G1 X117.47 Y118.877 E335.48821
G1 X117.47 Y117.073 E335.49952
G1 X117.501 Y116.933 E335.50042
G1 X117.637 Y116.713 E335.50204
G1 X117.933 Y116.532 E335.50422
G1 X119.4 Y116.532 E335.51342
G1 X119.4 Y110.6 E335.55061
G1 X112.14 Y110.6 E335.59613
G1 X112.14 Y111.896 E335.60426
G1 X112.105 Y112.101 E335.60556
G1 X111.988 Y112.297 E335.60699
G1 X111.857 Y112.406 E335.60806
G1 X111.636 Y112.496 E335.60956
G1 X109.861 Y112.493 E335.62069
G1 X109.646 Y112.428 E335.6221
G1 X109.554 Y112.29 E335.62314
G1 X109.462 Y112.428 E335.62418
G1 X109.211 Y112.496 E335.62581
G1 X107.46 Y112.493 E335.63679
G1 X107.158 Y112.372 E335.63883
G1 X107.017 Y112.218 E335.64013
G1 X106.924 Y111.894 E335.64225
G1 X106.926 Y110.6 E335.65036
G1 X100.601 Y110.601 E335.69002
G1 X100.6 Y129.4 E335.80789
G1 X119.4 Y129.4 E335.92577
G1 X119.4 Y122.591 E335.96847
G1 X118.062 Y122.588 E335.97686
G1 X117.729 Y122.487 E335.97904
G0 F7200 X118.063 Y122.188
;TYPE:WALL-OUTER
G1 F1800 X117.952 Y122.155 E335.97976
G1 X117.868 Y122.032 E335.9807
G1 X117.867 Y120.273 E335.99173
G1 X117.921 Y120.171 E335.99245
G1 X118.067 Y120.112 E335.99344
G1 X119.8 Y120.115 E336.0043
G1 X119.8 Y119.02 E336.01117
G1 X118.068 Y119.02 E336.02203
G1 X117.924 Y118.96 E336.02301
G1 X117.868 Y118.839 E336.02384
G1 X117.868 Y117.112 E336.03467
G1 X117.924 Y116.992 E336.0355
G1 X118.023 Y116.932 E336.03623
G1 X119.8 Y116.932 E336.04737
G1 X119.8 Y110.2 E336.08958
G1 X111.74 Y110.2 E336.14012
G1 X111.74 Y111.948 E336.15108
G1 X111.685 Y112.035 E336.15173
G1 X111.584 Y112.092 E336.15245
G1 X109.842 Y112.094 E336.16338
G1 F1865.3 X109.739 Y111.912 E336.16464
G1 F1951.2 X109.737 Y110.183 E336.17464
G1 F1961.9 X109.371 Y110.183 E336.17675
G1 F1951.2 X109.369 Y111.912 E336.18675
G1 F1865.3 X109.264 Y112.096 E336.18803
G1 F1800 X107.502 Y112.095 E336.19908
G1 X107.355 Y112.004 E336.20016
G1 X107.324 Y111.895 E336.20087
G1 X107.327 Y110.2 E336.2115
G1 X100.201 Y110.201 E336.25618
G1 X100.2 Y129.8 E336.37907
G1 X119.8 Y129.8 E336.50197
G1 X119.8 Y122.192 E336.54967
G1 X118.063 Y122.188 E336.56056
G0 F7200 X117.952 Y122.155
G0 X117.905 Y122.086
G0 X116.856 Y122.085
;MESH:NONMESH
G0 F600 X116.856 Y122.085 Z12.1
G0 F7200 X100.88 Y110.88
G0 X100.76 Y110.76
;TIME_ELAPSED:1330.004363
;LAYER:118
;TYPE:FILL
;MESH:xyzCalibration_cube.glb
G1 F3600 X119.24 Y129.24 E336.72443
G1 X119.31 Y129.31
G0 F7200 X119.12 Y129.12
G0 X117.73 Y129.09
G0 X117.73 Y129.24
G1 F3600 X119.24 Y127.73 E336.73782
G1 X119.31 Y127.66
G0 F7200 X119.09 Y127.66
G0 X119.09 Y123.583
G0 X119.24 Y123.583
G1 F3600 X118.462 Y122.805 E336.74472
G1 X118.508 Y122.805
G1 X112.073 Y129.24 E336.80178
G1 X112.003 Y129.31
G0 F7200 X112.003 Y129.09
G0 X113.583 Y129.09
G0 X113.583 Y129.24
G1 F3600 X100.76 Y116.417 E336.91549
G1 X100.69 Y116.347
G0 F7200 X100.91 Y116.347
G0 X100.91 Y117.925
G0 X100.761 Y117.925
G1 F3600 X106.719 Y111.966 E336.96832
G1 X106.789 Y111.896
G0 F7200 X106.708 Y111.051
G1 F3600 X106.417 Y110.76 E336.9709
G0 F7200 X106.417 Y110.91
G0 X106.632 Y112.737
G0 X108.311 Y112.809
G0 X108.311 Y112.654
G1 F3600 X117.307 Y121.65 E337.05068
G1 X117.377 Y121.72
G0 F7200 X117.156 Y121.719
G0 X117.158 Y118.35
G0 X117.305 Y118.351
G1 F3600 X106.416 Y129.24 E337.14723
G1 X106.346 Y129.31
G0 F7200 X106.346 Y129.09
G0 X107.926 Y129.09
G0 X107.926 Y129.24
G1 F3600 X100.76 Y122.074 E337.21078
G1 X100.69 Y122.004
G0 F7200 X100.91 Y122.004
G0 X100.91 Y123.582
G0 X100.761 Y123.582
G1 F3600 X111.71 Y112.632 E337.30787
G1 X111.78 Y112.562
G0 F7200 X112.347 Y111.995
G1 F3600 X113.583 Y110.76 E337.31883
G1 X113.653 Y110.69
G0 F7200 X113.653 Y110.91
G0 X112.515 Y111.05
G0 X112.364 Y111.05
G1 F3600 X117.718 Y116.405 E337.36631
G1 X117.788 Y116.475
G0 F7200 X117.788 Y116.164
G0 X119.09 Y112.269
G0 X119.24 Y112.269
G1 F3600 X117.731 Y110.76 E337.37969
G1 X117.661 Y110.69
G0 F7200 X117.661 Y110.91
G0 X119.12 Y110.88
G0 X119.239 Y110.76
G1 F3600 X100.761 Y129.239 E337.54354
G1 X100.691 Y129.309
G0 F7200 X100.88 Y129.12
G0 X100.91 Y127.73
G0 X100.76 Y127.73
G1 F3600 X102.27 Y129.24 E337.55693
G1 X102.34 Y129.31
G0 F7200 X102.34 Y129.09
G0 X100.91 Y112.268
G0 X100.761 Y112.268
G1 F3600 X102.269 Y110.76 E337.5703
G1 X102.339 Y110.69
G0 F7200 X102.339 Y110.91
G0 X117.226 Y122.882
G0 X117.856 Y122.608
;TYPE:WALL-INNER
G1 F3600 X117.583 Y122.403 E337.57244
G1 X117.467 Y122.107 E337.57444
G1 X117.464 Y120.278 E337.58591
G1 X117.532 Y120.088 E337.58717
G1 X117.65 Y119.932 E337.5884
G1 F3582.1 X118.011 Y119.768 E337.5909
G1 F3564.4 X119.399 Y119.767 E337.59969
G1 F3573.2 X119.399 Y119.363 E337.60224
G1 F3564.4 X118.011 Y119.364 E337.61103
G1 F3582.1 X117.65 Y119.2 E337.61353
G1 F3600 X117.532 Y119.044 E337.61475
G1 X117.464 Y118.854 E337.61602
G1 X117.471 Y117.011 E337.62758
G1 X117.581 Y116.72 E337.62953
G1 X117.774 Y116.548 E337.63115
G1 X118.068 Y116.472 E337.63305
G1 X119.4 Y116.472 E337.6414
G1 X119.4 Y110.6 E337.67822
G1 X112.204 Y110.6 E337.72334
G1 X112.204 Y111.896 E337.73147
G1 X112.169 Y112.099 E337.73276
G1 X111.991 Y112.356 E337.73472
G1 X111.857 Y112.441 E337.73571
G1 X111.604 Y112.497 E337.73734
G1 X109.912 Y112.492 E337.74795
G1 X109.673 Y112.41 E337.74953
G1 X109.556 Y112.221 E337.75093
G1 X109.439 Y112.41 E337.75232
G1 X109.159 Y112.496 E337.75416
G1 X107.403 Y112.493 E337.76517
G1 X107.1 Y112.371 E337.76722
G1 X106.959 Y112.215 E337.76853
G1 X106.868 Y111.896 E337.77061
G1 X106.868 Y110.6 E337.77874
G1 X100.6 Y110.6 E337.81804
G1 X100.6 Y129.4 E337.93592
G1 X119.4 Y129.4 E338.0538
G1 X119.4 Y122.647 E338.09614
G1 X118.062 Y122.644 E338.10453
G1 X117.856 Y122.608 E338.10584
G0 F7200 X118.013 Y122.244
;TYPE:WALL-OUTER
G1 F1800 X117.864 Y122.096 E338.10716
G1 X117.868 Y120.326 E338.11826
G1 X117.926 Y120.222 E338.11901
G1 X118.046 Y120.168 E338.11983
G1 X119.8 Y120.168 E338.13083
G1 X119.8 Y118.961 E338.1384
G1 X118.046 Y118.964 E338.1494
G1 X117.926 Y118.91 E338.15022
G1 X117.865 Y118.785 E338.15109
G1 X117.869 Y117.051 E338.16196
G1 X117.905 Y116.954 E338.16261
G1 X118.068 Y116.872 E338.16376
G1 X119.8 Y116.872 E338.17462
G1 X119.8 Y110.2 E338.21645
G1 X111.804 Y110.2 E338.26659
G1 X111.804 Y111.946 E338.27754
G1 X111.749 Y112.035 E338.27819
G1 X111.649 Y112.092 E338.27891
G1 X109.898 Y112.093 E338.28989
G1 F1734.9 X109.77 Y111.915 E338.29132
G1 F1682.2 X109.771 Y110.213 E338.30274
G1 F1690.1 X109.345 Y110.213 E338.30558
G1 F1682.2 X109.342 Y111.915 E338.317
G1 F1734.9 X109.214 Y112.093 E338.31843
G1 F1800 X107.446 Y112.095 E338.32951
G1 X107.345 Y112.055 E338.3302
G1 X107.268 Y111.948 E338.33102
G1 X107.268 Y110.2 E338.34198
G1 X100.2 Y110.2 E338.3863
G1 X100.2 Y129.8 E338.5092
G1 X119.8 Y129.8 E338.63209
G1 X119.8 Y122.248 E338.67944
G1 X118.013 Y122.244 E338.69065
G0 F7200 X117.872 Y122.104
G0 X116.855 Y122.103
;MESH:NONMESH
G0 F600 X116.855 Y122.103 Z12.2
G0 F7200 X100.88 Y110.88
G0 X100.76 Y110.76
;TIME_ELAPSED:1338.936311
;LAYER:119
;TYPE:FILL
;MESH:xyzCalibration_cube.glb
G1 F3600 X119.24 Y129.24 E338.85452
G1 X119.31 Y129.31
G0 F7200 X119.12 Y129.12
G0 X117.73 Y129.09
G0 X117.73 Y129.24
G1 F3600 X119.24 Y127.73 E338.86791
G1 X119.31 Y127.66
G0 F7200 X119.09 Y127.66
G0 X119.09 Y123.583
G0 X119.24 Y123.583
G1 F3600 X118.518 Y122.861 E338.87431
G1 X118.452 Y122.861
G1 X112.073 Y129.24 E338.93087
G1 X112.003 Y129.31
G0 F7200 X112.003 Y129.09
G0 X113.583 Y129.09
G0 X113.583 Y129.24
G1 F3600 X100.76 Y116.417 E339.04458
G1 X100.69 Y116.347
G0 F7200 X100.91 Y116.347
G0 X100.91 Y117.925
G0 X100.761 Y117.925
G1 F3600 X106.671 Y112.015 E339.09699
G1 X106.741 Y111.945
G0 F7200 X106.652 Y110.995
G1 F3600 X106.417 Y110.76 E339.09907
G0 F7200 X106.417 Y110.91
G0 X106.574 Y112.738
G0 X108.31 Y112.81
G0 X108.31 Y112.653
G1 F3600 X117.308 Y121.651 E339.17886
G1 X117.378 Y121.721
G0 F7200 X117.157 Y121.72
G0 X117.158 Y118.35
G0 X117.305 Y118.351
G1 F3600 X106.416 Y129.24 E339.27542
G1 X106.346 Y129.31
G0 F7200 X106.346 Y129.09
G0 X107.926 Y129.09
G0 X107.926 Y129.24
G1 F3600 X100.76 Y122.074 E339.33896
G1 X100.69 Y122.004
G0 F7200 X100.91 Y122.004
G0 X100.91 Y123.582
G0 X100.761 Y123.582
G1 F3600 X111.688 Y112.655 E339.43585
G1 X111.758 Y112.585
G0 F7200 X112.425 Y111.917
G1 F3600 X113.582 Y110.76 E339.44611
G1 X113.652 Y110.69
G0 F7200 X113.652 Y110.91
G0 X112.579 Y111.114
G0 X112.428 Y111.114
G1 F3600 X117.692 Y116.378 E339.49279
G1 X117.762 Y116.448
G0 F7200 X117.762 Y116.103
G0 X119.09 Y112.269
G0 X119.24 Y112.269
G1 F3600 X117.731 Y110.76 E339.50617
G1 X117.661 Y110.69
G0 F7200 X117.661 Y110.91
G0 X119.12 Y110.88
G0 X119.239 Y110.76
G1 F3600 X100.761 Y129.239 E339.67003
G1 X100.691 Y129.309
G0 F7200 X100.88 Y129.12
G0 X100.91 Y127.73
G0 X100.76 Y127.73
G1 F3600 X102.27 Y129.24 E339.68342
G1 X102.34 Y129.31
G0 F7200 X102.34 Y129.09
G0 X100.91 Y112.268
G0 X100.761 Y112.268
G1 F3600 X102.269 Y110.76 E339.69679
G1 X102.339 Y110.69
G0 F7200 X102.339 Y110.91
G0 X117.228 Y122.938
G0 X117.733 Y122.602
;TYPE:WALL-INNER
G1 F3600 X117.584 Y122.461 E339.69808
G1 X117.467 Y122.164 E339.70008
G1 X117.471 Y120.324 E339.71161
G1 X117.541 Y120.125 E339.71294
G1 X117.665 Y119.971 E339.71418
G1 F3348.8 X118.009 Y119.792 E339.71679
G1 F3130.4 X119.371 Y119.793 E339.72661
G1 F3137.3 X119.371 Y119.333 E339.72992
G1 F3130.4 X118.009 Y119.332 E339.73974
G1 F3348.8 X117.665 Y119.153 E339.74236
G1 F3600 X117.541 Y118.999 E339.7436
G1 X117.467 Y118.772 E339.74509
G1 X117.471 Y116.951 E339.75651
G1 X117.502 Y116.81 E339.75742
G1 X117.641 Y116.59 E339.75905
G1 X117.935 Y116.412 E339.7612
G1 X119.4 Y116.412 E339.77039
G1 X119.4 Y110.6 E339.80683
G1 X112.268 Y110.6 E339.85155
G1 X112.268 Y111.9 E339.8597
G1 X112.234 Y112.1 E339.86097
G1 X112.103 Y112.314 E339.86255
G1 X111.99 Y112.407 E339.86346
G1 X111.762 Y112.501 E339.86501
G1 X109.979 Y112.493 E339.87619
G1 X109.707 Y112.39 E339.87801
G1 X109.56 Y112.137 E339.87985
G1 X109.413 Y112.39 E339.88168
G1 X109.105 Y112.496 E339.88373
G1 X107.348 Y112.497 E339.89474
G1 X107.043 Y112.374 E339.89681
G1 X106.901 Y112.216 E339.89814
G1 X106.812 Y111.9 E339.9002
G1 X106.812 Y110.6 E339.90835
G1 X100.6 Y110.6 E339.9473
G1 X100.6 Y129.4 E340.06518
G1 X119.4 Y129.4 E340.18306
G1 X119.4 Y122.703 E340.22505
G1 X118.062 Y122.7 E340.23344
G1 X117.733 Y122.602 E340.23559
G0 F7200 X118.063 Y122.3
;TYPE:WALL-OUTER
G1 F1800 X117.953 Y122.268 E340.23631
G1 X117.868 Y122.144 E340.23725
G1 X117.864 Y120.408 E340.24814
G1 X117.931 Y120.27 E340.2491
G1 X118.046 Y120.22 E340.24988
G1 X119.8 Y120.223 E340.26088
G1 X119.8 Y118.904 E340.26915
G1 X118.046 Y118.904 E340.28015
G1 X117.931 Y118.854 E340.28094
G1 X117.865 Y118.727 E340.28183
G1 X117.869 Y116.991 E340.29272
G1 X117.925 Y116.871 E340.29355
G1 X118.023 Y116.812 E340.29427
G1 X119.8 Y116.812 E340.30541
G1 X119.8 Y110.2 E340.34687
G1 X111.868 Y110.2 E340.3966
G1 X111.868 Y111.951 E340.40758
G1 X111.712 Y112.101 E340.40894
G1 X110.014 Y112.094 E340.41959
G1 X109.934 Y112.061 E340.42013
G1 F1618 X109.804 Y111.917 E340.42148
G1 F1472.4 X109.804 Y110.244 E340.4343
G1 F1475.4 X109.316 Y110.244 E340.43804
G1 F1472.4 X109.316 Y111.917 E340.45086
G1 F1618 X109.186 Y112.061 E340.45222
G1 F1800 X109.1 Y112.095 E340.4528
G1 X107.39 Y112.099 E340.46352
G1 X107.263 Y112.035 E340.46441
G1 X107.212 Y111.948 E340.46504
G1 X107.212 Y110.2 E340.476
G1 X100.2 Y110.2 E340.51997
G1 X100.2 Y129.8 E340.64286
G1 X119.8 Y129.8 E340.76576
G1 X119.8 Y122.304 E340.81276
G1 X118.063 Y122.3 E340.82365
G0 F7200 X117.953 Y122.268
G0 X117.905 Y122.198
G0 X116.857 Y122.197
;MESH:NONMESH
G0 F600 X116.857 Y122.197 Z12.3
G0 F7200 X100.88 Y110.88
G0 X100.76 Y110.76
;TIME_ELAPSED:1347.878457
;LAYER:120
;TYPE:FILL
;MESH:xyzCalibration_cube.glb
G1 F3600 X119.24 Y129.24 E340.98752
G1 X119.31 Y129.31
G0 F7200 X119.12 Y129.12
G0 X117.73 Y129.09
G0 X117.73 Y129.24
G1 F3600 X119.24 Y127.73 E341.00091
G1 X119.31 Y127.66
G0 F7200 X119.09 Y127.66
G0 X119.09 Y123.583
G0 X119.24 Y123.583
G1 F3600 X118.575 Y122.918 E341.00681
G1 X118.397 Y122.916
G1 X112.073 Y129.24 E341.06289
G1 X112.003 Y129.31
G0 F7200 X112.003 Y129.09
G0 X113.583 Y129.09
G0 X113.583 Y129.24
G1 F3600 X100.76 Y116.417 E341.17659
G1 X100.69 Y116.347
G0 F7200 X100.91 Y116.347
G0 X100.91 Y117.925
G0 X100.761 Y117.925
G1 F3600 X106.623 Y112.063 E341.22857
G1 X106.693 Y111.993
G0 F7200 X106.447 Y111.992
G0 X106.448 Y110.938
G0 X106.596 Y110.939
G1 F3600 X106.417 Y110.76 E341.23016
G0 F7200 X106.417 Y110.91
G0 X106.518 Y112.738
G0 X108.314 Y112.81
G0 X108.314 Y112.657
G1 F3600 X117.307 Y121.65 E341.3099
G1 X117.377 Y121.72
G0 F7200 X117.157 Y121.719
G0 X117.158 Y118.346
G0 X117.309 Y118.347
G1 F3600 X106.416 Y129.24 E341.4065
G1 X106.346 Y129.31
G0 F7200 X106.346 Y129.09
G0 X107.926 Y129.09
G0 X107.926 Y129.24
G1 F3600 X100.76 Y122.074 E341.47004
G1 X100.69 Y122.004
G0 F7200 X100.91 Y122.004
G0 X100.91 Y123.582
G0 X100.761 Y123.582
G1 F3600 X111.69 Y112.652 E341.56696
G1 X111.76 Y112.582
G0 F7200 X111.76 Y112.809
G0 X112.57 Y112.736
G0 X112.642 Y111.85
G0 X112.492 Y111.85
G1 F3600 X113.583 Y110.76 E341.57663
G1 X113.653 Y110.69
G0 F7200 X113.653 Y110.91
G0 X112.642 Y111.178
G0 X112.491 Y111.178
G1 F3600 X117.653 Y116.34 E341.6224
G1 X117.723 Y116.41
G0 F7200 X117.723 Y116.045
G0 X119.09 Y112.269
G0 X119.24 Y112.269
G1 F3600 X117.731 Y110.76 E341.63578
G1 X117.661 Y110.69
G0 F7200 X117.661 Y110.91
G0 X119.12 Y110.88
G0 X119.239 Y110.76
G1 F3600 X100.761 Y129.239 E341.79964
G1 X100.691 Y129.309
G0 F7200 X100.88 Y129.12
G0 X100.91 Y127.73
G0 X100.76 Y127.73
G1 F3600 X102.27 Y129.24 E341.81303
G1 X102.34 Y129.31
G0 F7200 X102.34 Y129.09
G0 X100.91 Y112.268
G0 X100.761 Y112.268
G1 F3600 X102.269 Y110.76 E341.8264
G1 X102.339 Y110.69
G0 F7200 X102.339 Y110.91
G0 X117.228 Y122.995
G0 X117.86 Y122.721
;TYPE:WALL-INNER
G1 F3600 X117.585 Y122.518 E341.82854
G1 X117.467 Y122.22 E341.83055
G1 X117.465 Y120.429 E341.84178
G1 X117.55 Y120.166 E341.84351
G1 X117.68 Y120.014 E341.84477
G1 F3130.4 X118.006 Y119.819 E341.84751
G1 F2779.9 X119.342 Y119.82 E341.85835
G1 F2785.3 X119.342 Y119.302 E341.86255
G1 F2779.9 X118.006 Y119.301 E341.8734
G1 F3130.4 X117.68 Y119.106 E341.87614
G1 F3600 X117.55 Y118.954 E341.87739
G1 X117.464 Y118.734 E341.87888
G1 X117.471 Y116.85 E341.89069
G1 X117.536 Y116.672 E341.89188
G1 X117.642 Y116.528 E341.893
G1 X117.936 Y116.352 E341.89515
G1 X119.4 Y116.352 E341.90433
G1 X119.4 Y110.6 E341.94039
G1 X112.332 Y110.6 E341.98471
G1 X112.332 Y111.896 E341.99284
G1 X112.299 Y112.094 E341.99409
G1 X112.123 Y112.352 E341.99605
G1 X111.988 Y112.439 E341.99706
G1 X111.734 Y112.497 E341.99869
G1 X110.035 Y112.496 E342.00935
G1 X109.744 Y112.374 E342.01132
G1 X109.564 Y112.043 E342.01369
G1 X109.384 Y112.374 E342.01605
G1 X109.233 Y112.46 E342.01714
G1 X109.049 Y112.5 E342.01832
G1 X107.291 Y112.497 E342.02934
G1 X106.985 Y112.373 E342.03141
G1 X106.843 Y112.213 E342.03275
G1 X106.756 Y111.9 E342.03479
G1 X106.756 Y110.6 E342.04294
G1 X100.6 Y110.6 E342.08154
G1 X100.6 Y129.4 E342.19942
G1 X119.4 Y129.4 E342.3173
G1 X119.4 Y122.759 E342.35894
G1 X118.062 Y122.756 E342.36733
G1 X117.86 Y122.721 E342.36862
G0 F7200 X118.014 Y122.356
;TYPE:WALL-OUTER
G1 F1800 X117.926 Y122.302 E342.36926
G1 X117.868 Y122.201 E342.36999
G1 X117.867 Y120.436 E342.38106
G1 X117.936 Y120.322 E342.3819
G1 X118.046 Y120.276 E342.38264
G1 X119.8 Y120.279 E342.39364
G1 X119.8 Y118.844 E342.40264
G1 X118.046 Y118.844 E342.41364
G1 X117.936 Y118.798 E342.41439
G1 X117.866 Y118.678 E342.41526
G1 X117.869 Y116.9 E342.4264
G1 X118.023 Y116.752 E342.42774
G1 X119.8 Y116.752 E342.43889
G1 X119.8 Y110.2 E342.47997
G1 X111.932 Y110.2 E342.5293
G1 X111.932 Y111.942 E342.54022
G1 X111.884 Y112.028 E342.54084
G1 X111.779 Y112.097 E342.54163
G1 X110.092 Y112.1 E342.55221
G1 F1515.8 X109.838 Y111.924 E342.55451
G1 F1311.5 X109.838 Y110.274 E342.56871
G1 F1313.9 X109.29 Y110.274 E342.57342
G1 F1311.5 X109.29 Y111.924 E342.58762
G1 F1515.8 X109.055 Y112.097 E342.58979
G1 F1800 X107.334 Y112.099 E342.60058
G1 X107.185 Y112.005 E342.60168
G1 X107.156 Y111.9 E342.60237
G1 X107.156 Y110.2 E342.61303
G1 X100.2 Y110.2 E342.65664
G1 X100.2 Y129.8 E342.77954
G1 X119.8 Y129.8 E342.90243
G1 X119.8 Y122.36 E342.94908
G1 X118.014 Y122.356 E342.96028
G0 F7200 X117.926 Y122.302
G0 X117.878 Y122.218
G0 X116.857 Y122.217
;MESH:NONMESH
G0 F600 X116.857 Y122.217 Z12.4
G0 F7200 X100.88 Y110.88
G0 X100.76 Y110.76
;TIME_ELAPSED:1356.914329
;LAYER:121
;TYPE:FILL
;MESH:xyzCalibration_cube.glb
G1 F3600 X119.24 Y129.24 E343.12415
G1 X119.31 Y129.31
G0 F7200 X119.12 Y129.12
G0 X117.73 Y129.09
G0 X117.73 Y129.24
G1 F3600 X119.24 Y127.73 E343.13754
G1 X119.31 Y127.66
G0 F7200 X119.09 Y127.66
G0 X119.09 Y123.583
G0 X119.24 Y123.583
G1 F3600 X118.633 Y122.976 E343.14292
G0 F7200 X118.336 Y122.976
G1 F3600 X112.073 Y129.24 E343.19846
G1 X112.003 Y129.31
G0 F7200 X112.003 Y129.09
G0 X113.583 Y129.09
G0 X113.583 Y129.24
G1 F3600 X100.76 Y116.417 E343.31217
G1 X100.69 Y116.347
G0 F7200 X100.91 Y116.347
G0 X100.91 Y117.925
G0 X100.761 Y117.925
G1 F3600 X106.574 Y112.112 E343.36372
G1 X106.644 Y112.042
G0 F7200 X106.391 Y112.041
G0 X106.392 Y110.882
G0 X106.54 Y110.883
G1 F3600 X106.417 Y110.76 E343.36481
G0 F7200 X106.417 Y110.91
G0 X106.462 Y112.738
G0 X108.315 Y112.81
G0 X108.315 Y112.658
G1 F3600 X117.308 Y121.651 E343.44455
G1 X117.378 Y121.721
G0 F7200 X117.157 Y121.72
G0 X117.158 Y118.348
G0 X117.308 Y118.348
G1 F3600 X106.416 Y129.24 E343.54114
G1 X106.346 Y129.31
G0 F7200 X106.346 Y129.09
G0 X107.926 Y129.09
G0 X107.926 Y129.24
G1 F3600 X100.76 Y122.074 E343.60468
G1 X100.69 Y122.004
G0 F7200 X100.91 Y122.004
G0 X100.91 Y123.582
G0 X100.761 Y123.582
G1 F3600 X111.69 Y112.652 E343.70159
G1 X111.76 Y112.582
G0 F7200 X111.76 Y112.809
G0 X112.634 Y112.736
G0 X112.706 Y111.786
G0 X112.557 Y111.786
G1 F3600 X113.583 Y110.76 E343.71069
G1 X113.653 Y110.69
G0 F7200 X113.653 Y110.91
G0 X112.706 Y111.242
G0 X112.556 Y111.242
G1 F3600 X117.617 Y116.303 E343.75557
G1 X117.687 Y116.373
G0 F7200 X117.687 Y115.985
G0 X119.09 Y112.269
G0 X119.24 Y112.269
G1 F3600 X117.731 Y110.76 E343.76895
G1 X117.661 Y110.69
G0 F7200 X117.661 Y110.91
G0 X119.12 Y110.88
G0 X119.239 Y110.76
G1 F3600 X100.761 Y129.239 E343.93281
G1 X100.691 Y129.309
G0 F7200 X100.88 Y129.12
G0 X100.91 Y127.73
G0 X100.76 Y127.73
G1 F3600 X102.27 Y129.24 E343.9462
G1 X102.34 Y129.31
G0 F7200 X102.34 Y129.09
G0 X100.91 Y112.268
G0 X100.761 Y112.268
G1 F3600 X102.269 Y110.76 E343.95957
G1 X102.339 Y110.69
G0 F7200 X102.339 Y110.91
G0 X106.863 Y112.338
G0 X109.399 Y112.338
G0 X109.567 Y110.607
;TYPE:WALL-INNER
G1 F3453.2 X109.568 Y111.953 E343.96837
G0 F7200 X109.568 Y112.81
G0 X117.228 Y123.053
G0 X117.738 Y122.721
G1 F3600 X117.586 Y122.579 E343.96967
G1 X117.467 Y122.28 E343.97169
G1 X117.464 Y120.459 E343.98311
G1 X117.559 Y120.206 E343.9848
G1 X117.695 Y120.058 E343.98606
G1 F2963 X118.07 Y119.846 E343.98934
G1 F2513.1 X119.313 Y119.847 E344.00051
G1 F2508.7 X119.313 Y119.273 E344.00567
G1 F2513.1 X118.07 Y119.274 E344.01684
G1 F2963 X117.697 Y119.061 E344.02011
G1 F3600 X117.561 Y118.911 E344.02138
G1 X117.472 Y118.664 E344.02303
G1 X117.471 Y116.832 E344.03451
G1 X117.585 Y116.535 E344.03651
G1 X117.784 Y116.363 E344.03816
G1 X118.068 Y116.292 E344.03999
G1 X119.4 Y116.292 E344.04834
G1 X119.4 Y110.6 E344.08403
G1 X112.396 Y110.6 E344.12795
G1 X112.396 Y111.896 E344.13608
G1 X112.364 Y112.092 E344.13732
G1 X112.252 Y112.288 E344.13874
G1 X112.12 Y112.402 E344.13983
G1 X111.861 Y112.493 E344.14155
G1 X110.102 Y112.5 E344.15258
G1 X109.784 Y112.356 E344.15477
G1 F3512.2 X109.568 Y111.953 E344.15771
G1 X109.352 Y112.356 E344.16065
G1 F3600 X109.035 Y112.5 E344.16283
G1 X107.234 Y112.497 E344.17412
G1 X106.928 Y112.371 E344.1762
G1 X106.786 Y112.211 E344.17754
G1 X106.7 Y111.9 E344.17956
G1 X106.7 Y110.6 E344.18771
G1 X100.6 Y110.6 E344.22596
G1 X100.6 Y129.4 E344.34384
G1 X119.4 Y129.4 E344.46172
G1 X119.4 Y122.816 E344.503
G1 X118.064 Y122.816 E344.51138
G1 X117.738 Y122.721 E344.51351
G0 F7200 X118.064 Y122.416
;TYPE:WALL-OUTER
G1 F1800 X117.955 Y122.385 E344.51422
G1 X117.868 Y122.261 E344.51517
G1 X117.868 Y120.489 E344.52628
G1 X117.941 Y120.374 E344.52714
G1 X118.068 Y120.332 E344.52797
G1 X119.8 Y120.335 E344.53883
G1 X119.8 Y118.785 E344.54855
G1 X118.069 Y118.788 E344.55941
G1 X117.944 Y118.746 E344.56023
G1 X117.869 Y118.614 E344.56119
G1 X117.868 Y116.841 E344.5723
G1 X117.992 Y116.692 E344.57352
G1 X119.8 Y116.692 E344.58485
G1 X119.8 Y110.2 E344.62556
G1 X111.996 Y110.2 E344.67449
G1 X111.996 Y111.947 E344.68545
G1 X111.927 Y112.048 E344.68621
G1 X111.818 Y112.095 E344.68696
G1 X110.156 Y112.1 E344.69738
G1 X110.045 Y112.052 E344.69814
G1 X109.976 Y111.918 E344.69908
G1 X109.972 Y110.2 E344.70986
G1 X109.16 Y110.2 E344.71495
G1 X109.16 Y111.918 E344.72572
G1 X109.091 Y112.052 E344.72666
G1 X109.003 Y112.1 E344.72729
G1 X107.278 Y112.099 E344.73811
G1 X107.15 Y112.034 E344.73901
G1 X107.1 Y111.946 E344.73964
G1 X107.1 Y110.2 E344.75059
G1 X100.2 Y110.2 E344.79386
G1 X100.2 Y129.8 E344.91675
G1 X119.8 Y129.8 E345.03965
G1 X119.8 Y122.416 E345.08595
G1 X118.064 Y122.416 E345.09683
G0 F7200 X117.955 Y122.385
G0 X117.905 Y122.314
G0 X116.857 Y122.313
;MESH:NONMESH
G0 F600 X116.857 Y122.313 Z12.5
G0 F7200 X100.88 Y110.88
G0 X100.76 Y110.76
;TIME_ELAPSED:1366.033764
;LAYER:122
;TYPE:FILL
;MESH:xyzCalibration_cube.glb
G1 F3600 X119.24 Y129.24 E345.2607
G1 X119.31 Y129.31
G0 F7200 X119.12 Y129.12
G0 X117.73 Y129.09
G0 X117.73 Y129.24
G1 F3600 X119.24 Y127.73 E345.27409
G1 X119.31 Y127.66
G0 F7200 X119.09 Y127.66
G0 X119.09 Y123.583
G0 X119.24 Y123.583
G1 F3600 X118.691 Y123.034 E345.27896
G0 F7200 X118.281 Y123.032
G1 F3600 X112.073 Y129.24 E345.33401
G1 X112.003 Y129.31
G0 F7200 X112.003 Y129.09
G0 X113.583 Y129.09
G0 X113.583 Y129.24
G1 F3600 X100.76 Y116.417 E345.44771
G1 X100.69 Y116.347
G0 F7200 X100.91 Y116.347
G0 X100.91 Y117.925
G0 X100.761 Y117.925
G1 F3600 X106.529 Y112.156 E345.49886
G1 X106.599 Y112.086
G0 F7200 X106.336 Y112.085
G0 X106.336 Y110.827
G0 X106.485 Y110.828
G1 F3600 X106.417 Y110.76 E345.49947
G0 F7200 X106.417 Y110.91
G0 X106.407 Y112.738
G0 X108.315 Y112.81
G0 X108.315 Y112.658
G1 F3600 X117.307 Y121.65 E345.5792
G1 X117.377 Y121.72
G0 F7200 X117.157 Y121.719
G0 X117.158 Y118.348
G0 X117.308 Y118.348
G1 F3600 X106.416 Y129.24 E345.67579
G1 X106.346 Y129.31
G0 F7200 X106.346 Y129.09
G0 X107.926 Y129.09
G0 X107.926 Y129.24
G1 F3600 X100.76 Y122.074 E345.73933
G1 X100.69 Y122.004
G0 F7200 X100.91 Y122.004
G0 X100.91 Y123.582
G0 X100.761 Y123.582
G1 F3600 X111.69 Y112.653 E345.83624
G1 X111.76 Y112.583
G0 F7200 X111.76 Y112.81
G0 X112.698 Y112.737
G0 X112.77 Y111.722
G0 X112.62 Y111.722
G1 F3600 X113.582 Y110.76 E345.84477
G1 X113.652 Y110.69
G0 F7200 X113.652 Y110.91
G0 X112.77 Y111.306
G0 X112.62 Y111.306
G1 F3600 X117.575 Y116.261 E345.88871
G1 X117.645 Y116.331
G0 F7200 X117.645 Y115.925
G0 X119.09 Y112.269
G0 X119.24 Y112.269
G1 F3600 X117.731 Y110.76 E345.90209
G1 X117.661 Y110.69
G0 F7200 X117.661 Y110.91
G0 X119.12 Y110.88
G0 X119.239 Y110.76
G1 F3600 X100.761 Y129.239 E346.06595
G1 X100.691 Y129.309
G0 F7200 X100.88 Y129.12
G0 X100.91 Y127.73
G0 X100.76 Y127.73
G1 F3600 X102.27 Y129.24 E346.07934
G1 X102.34 Y129.31
G0 F7200 X102.34 Y129.09
G0 X100.91 Y112.268
G0 X100.761 Y112.268
G1 F3600 X102.269 Y110.76 E346.09271
G1 X102.339 Y110.69
G0 F7200 X102.339 Y110.91
G0 X106.807 Y112.338
G0 X109.342 Y112.338
G0 X109.571 Y110.667
;TYPE:WALL-INNER
G1 F2676.6 X109.572 Y111.958 E346.1036
G0 F7200 X109.572 Y112.81
G0 X117.228 Y123.108
G0 X117.864 Y122.838
G1 F3600 X117.655 Y122.712 E346.10513
G1 X117.536 Y122.558 E346.10635
G1 X117.467 Y122.336 E346.1078
G1 X117.465 Y120.509 E346.11926
G1 X117.568 Y120.249 E346.12101
G1 X117.709 Y120.103 E346.12229
G1 X118.067 Y119.988 E346.12464
G1 X119.4 Y119.99 E346.133
G1 X119.4 Y119.128 E346.13841
G1 X118.068 Y119.128 E346.14676
G1 X117.711 Y119.011 E346.14911
G1 X117.571 Y118.865 E346.15038
G1 X117.473 Y118.608 E346.15211
G1 X117.471 Y116.771 E346.16363
G1 X117.503 Y116.628 E346.16454
G1 X117.645 Y116.405 E346.1662
G1 X117.94 Y116.232 E346.16835
G1 X119.4 Y116.232 E346.1775
G1 X119.4 Y110.6 E346.21281
G1 X112.46 Y110.6 E346.25633
G1 X112.46 Y111.896 E346.26446
G1 X112.361 Y112.228 E346.26663
G1 X112.186 Y112.401 E346.26817
G1 X111.926 Y112.493 E346.2699
G1 X110.216 Y112.5 E346.28062
G1 X109.983 Y112.443 E346.28213
G1 X109.827 Y112.336 E346.28331
G1 F3057.3 X109.572 Y111.958 E346.28668
G1 X109.317 Y112.336 E346.29005
G1 F3600 X109.161 Y112.443 E346.29123
G1 X108.936 Y112.5 E346.29269
G1 X107.178 Y112.497 E346.30371
G1 X106.87 Y112.37 E346.3058
G1 X106.728 Y112.208 E346.30715
G1 X106.644 Y111.9 E346.30915
G1 X106.644 Y110.6 E346.3173
G1 X100.6 Y110.6 E346.3552
G1 X100.6 Y129.4 E346.47308
G1 X119.4 Y129.4 E346.59096
G1 X119.4 Y122.875 E346.63187
G1 X118.062 Y122.872 E346.64026
G1 X117.864 Y122.838 E346.64152
G0 F7200 X118.015 Y122.472
;TYPE:WALL-OUTER
G1 F1800 X117.927 Y122.419 E346.64216
G1 X117.868 Y122.317 E346.6429
G1 X117.867 Y120.549 E346.65399
G1 X117.945 Y120.426 E346.6549
G1 X118.066 Y120.388 E346.6557
G1 X119.8 Y120.391 E346.66657
G1 X119.8 Y118.728 E346.677
G1 X118.068 Y118.728 E346.68786
G1 X117.949 Y118.689 E346.68864
G1 X117.87 Y118.562 E346.68958
G1 X117.869 Y116.78 E346.70075
G1 X118.024 Y116.632 E346.7021
G1 X119.8 Y116.632 E346.71323
G1 X119.8 Y110.2 E346.75356
G1 X112.06 Y110.2 E346.80209
G1 X112.06 Y111.944 E346.81303
G1 X111.969 Y112.065 E346.81398
G1 X111.882 Y112.095 E346.81456
G1 X110.221 Y112.1 E346.82497
G1 X110.102 Y112.046 E346.82579
G1 X110.04 Y111.918 E346.82668
G1 X110.036 Y110.2 E346.83745
G1 X109.104 Y110.2 E346.8433
G1 X109.104 Y111.918 E346.85407
G1 X109.042 Y112.046 E346.85496
G1 X108.92 Y112.1 E346.8558
G1 X107.222 Y112.099 E346.86645
G1 X107.119 Y112.057 E346.86714
G1 X107.044 Y111.95 E346.86796
G1 X107.044 Y110.2 E346.87894
G1 X100.2 Y110.2 E346.92185
G1 X100.2 Y129.8 E347.04474
G1 X119.8 Y129.8 E347.16764
G1 X119.8 Y122.476 E347.21356
G1 X118.015 Y122.472 E347.22475
G0 F7200 X117.927 Y122.419
G0 X117.879 Y122.336
G0 X116.857 Y122.335
;MESH:NONMESH
G0 F600 X116.857 Y122.335 Z12.6
G0 F7200 X100.88 Y110.88
G0 X100.76 Y110.76
;TIME_ELAPSED:1375.136790
;LAYER:123
;TYPE:FILL
;MESH:xyzCalibration_cube.glb
G1 F3600 X119.24 Y129.24 E347.38862
G1 X119.31 Y129.31
G0 F7200 X119.12 Y129.12
G0 X117.73 Y129.09
G0 X117.73 Y129.24
G1 F3600 X119.24 Y127.73 E347.40201
G1 X119.31 Y127.66
G0 F7200 X119.09 Y127.66
G0 X119.09 Y123.583
G0 X119.24 Y123.583
G1 F3600 X118.747 Y123.09 E347.40639
G0 F7200 X118.225 Y123.088
G1 F3600 X112.073 Y129.24 E347.46094
G1 X112.003 Y129.31
G0 F7200 X112.003 Y129.09
G0 X113.583 Y129.09
G0 X113.583 Y129.24
G1 F3600 X100.76 Y116.417 E347.57464
G1 X100.69 Y116.347
G0 F7200 X100.91 Y116.347
G0 X100.91 Y117.925
G0 X100.761 Y117.925
G1 F3600 X106.491 Y112.195 E347.62545
G1 X106.561 Y112.125
G0 F7200 X106.278 Y112.124
G0 X108.315 Y112.81
G0 X108.315 Y112.658
G1 F3600 X117.307 Y121.65 E347.70519
G1 X117.377 Y121.72
G0 F7200 X117.157 Y121.719
G0 X117.159 Y118.348
G0 X117.308 Y118.348
G1 F3600 X106.416 Y129.24 E347.80177
G1 X106.346 Y129.31
G0 F7200 X106.346 Y129.09
G0 X107.926 Y129.09
G0 X107.926 Y129.24
G1 F3600 X100.76 Y122.074 E347.86532
G1 X100.69 Y122.004
G0 F7200 X100.91 Y122.004
G0 X100.91 Y123.582
G0 X100.761 Y123.582
G1 F3600 X111.689 Y112.653 E347.96222
G1 X111.759 Y112.583
G0 F7200 X111.759 Y112.81
G0 X112.762 Y112.737
G0 X112.834 Y111.659
G0 X112.684 Y111.659
G1 F3600 X113.582 Y110.76 E347.97019
G1 X113.652 Y110.69
G0 F7200 X113.652 Y110.91
G0 X112.834 Y111.37
G0 X112.684 Y111.37
G1 F3600 X117.54 Y116.226 E348.01325
G1 X117.61 Y116.296
G0 F7200 X117.61 Y115.865
G0 X119.09 Y112.269
G0 X119.24 Y112.269
G1 F3600 X117.731 Y110.76 E348.02663
G1 X117.661 Y110.69
G0 F7200 X117.661 Y110.91
G0 X119.12 Y110.88
G0 X119.239 Y110.76
G1 F3600 X100.761 Y129.239 E348.19049
G1 X100.691 Y129.309
G0 F7200 X100.88 Y129.12
G0 X100.91 Y127.73
G0 X100.76 Y127.73
G1 F3600 X102.27 Y129.24 E348.20388
G1 X102.34 Y129.31
G0 F7200 X102.34 Y129.09
G0 X100.91 Y112.268
G0 X100.761 Y112.268
G1 F3600 X102.269 Y110.76 E348.21725
G1 X102.339 Y110.69
G0 F7200 X102.339 Y110.91
G0 X106.75 Y112.338
G0 X109.286 Y112.338
G0 X109.574 Y110.726
;TYPE:WALL-INNER
G1 F2198.5 X109.574 Y111.963 E348.22995
G0 F7200 X109.574 Y112.81
G0 X117.228 Y123.165
G0 X117.743 Y122.836
G1 F3600 X117.588 Y122.694 E348.23127
G1 X117.467 Y122.392 E348.23331
G1 X117.465 Y120.598 E348.24456
G1 X117.523 Y120.383 E348.24595
G1 X117.722 Y120.15 E348.24787
G1 X118.067 Y120.044 E348.25014
G1 X119.4 Y120.046 E348.2585
G1 X119.4 Y119.068 E348.26463
G1 X118.068 Y119.068 E348.27298
G1 X117.724 Y118.96 E348.27524
G1 X117.58 Y118.818 E348.27651
G1 X117.468 Y118.571 E348.27821
G1 X117.471 Y116.711 E348.28987
G1 X117.503 Y116.567 E348.2908
G1 X117.647 Y116.343 E348.29247
G1 X117.941 Y116.172 E348.2946
G1 X119.4 Y116.172 E348.30375
G1 X119.4 Y110.6 E348.33868
G1 X112.524 Y110.6 E348.3818
G1 X112.524 Y111.896 E348.38992
G1 X112.493 Y112.087 E348.39114
G1 X112.384 Y112.283 E348.39254
G1 X112.183 Y112.438 E348.39414
G1 X111.991 Y112.493 E348.39539
G1 X110.273 Y112.5 E348.40616
G1 X110.025 Y112.434 E348.40777
G1 X109.869 Y112.318 E348.40899
G1 F2722.1 X109.574 Y111.963 E348.41282
G1 X109.279 Y112.318 E348.41664
G1 F3600 X109.123 Y112.434 E348.41786
G1 X108.88 Y112.5 E348.41944
G1 X107.122 Y112.497 E348.43046
G1 X106.813 Y112.369 E348.43256
G1 X106.671 Y112.205 E348.43392
G1 X106.588 Y111.9 E348.4359
G1 X106.588 Y110.6 E348.44405
G1 X100.6 Y110.6 E348.4816
G1 X100.6 Y129.4 E348.59948
G1 X119.4 Y129.4 E348.71736
G1 X119.4 Y122.931 E348.75792
G1 X118.062 Y122.928 E348.76631
G1 X117.743 Y122.836 E348.76839
G0 F7200 X118.063 Y122.528
;TYPE:WALL-OUTER
G1 F1800 X117.957 Y122.498 E348.76908
G1 X117.865 Y122.35 E348.77018
G1 X117.864 Y120.602 E348.78114
G1 X117.95 Y120.479 E348.78208
G1 X118.066 Y120.444 E348.78284
G1 X119.8 Y120.447 E348.79371
G1 X119.8 Y118.668 E348.80486
G1 X118.068 Y118.668 E348.81572
G1 X117.953 Y118.632 E348.81648
G1 X117.869 Y118.497 E348.81748
G1 X117.868 Y116.72 E348.82862
G1 X117.994 Y116.572 E348.82984
G1 X119.8 Y116.572 E348.84116
G1 X119.8 Y110.2 E348.88112
G1 X112.124 Y110.2 E348.92925
G1 X112.124 Y111.945 E348.94019
G1 X112.056 Y112.047 E348.94096
G1 X111.947 Y112.095 E348.9417
G1 X110.281 Y112.1 E348.95215
G1 X110.156 Y112.04 E348.95302
G1 X110.1 Y111.918 E348.95386
G1 X110.1 Y110.2 E348.96463
G1 X109.048 Y110.2 E348.97123
G1 X109.048 Y111.918 E348.982
G1 X108.992 Y112.04 E348.98284
G1 X108.866 Y112.1 E348.98372
G1 X107.166 Y112.099 E348.99438
G1 X107.063 Y112.057 E348.99507
G1 X106.988 Y111.9 E348.99616
G1 X106.988 Y110.2 E349.00682
G1 X100.2 Y110.2 E349.04939
G1 X100.2 Y129.8 E349.17228
G1 X119.8 Y129.8 E349.29518
G1 X119.8 Y122.532 E349.34075
G1 X118.063 Y122.528 E349.35164
G0 F7200 X117.957 Y122.498
G0 X117.91 Y122.422
G0 X116.857 Y122.421
;MESH:NONMESH
G0 F600 X116.857 Y122.421 Z12.7
G0 F7200 X100.88 Y110.88
G0 X100.76 Y110.76
;TIME_ELAPSED:1384.165899
;LAYER:124
;TYPE:FILL
;MESH:xyzCalibration_cube.glb
G1 F3600 X119.24 Y129.24 E349.51551
G1 X119.31 Y129.31
G0 F7200 X119.12 Y129.12
G0 X117.73 Y129.09
G0 X117.73 Y129.24
G1 F3600 X119.239 Y127.73 E349.52889
G1 X119.309 Y127.66
G0 F7200 X119.09 Y127.66
G0 X119.09 Y123.583
G0 X119.24 Y123.583
G1 F3600 X118.803 Y123.146 E349.53277
G0 F7200 X118.169 Y123.144
G1 F3600 X112.073 Y129.24 E349.58683
G1 X112.003 Y129.31
G0 F7200 X112.003 Y129.09
G0 X113.583 Y129.09
G0 X113.583 Y129.24
G1 F3600 X100.76 Y116.417 E349.70053
G1 X100.69 Y116.347
G0 F7200 X100.91 Y116.347
G0 X100.91 Y117.925
G0 X100.761 Y117.925
G1 F3600 X106.453 Y112.233 E349.751
G1 X106.523 Y112.163
G0 F7200 X106.222 Y112.162
G0 X108.313 Y112.81
G0 X108.313 Y112.656
G1 F3600 X117.308 Y121.651 E349.83077
G1 X117.378 Y121.721
G0 F7200 X117.157 Y121.72
G0 X117.159 Y118.347
G0 X117.308 Y118.348
G1 F3600 X106.416 Y129.24 E349.92735
G1 X106.346 Y129.31
G0 F7200 X106.346 Y129.09
G0 X107.926 Y129.09
G0 X107.926 Y129.24
G1 F3600 X100.76 Y122.074 E349.99089
G1 X100.69 Y122.004
G0 F7200 X100.91 Y122.004
G0 X100.91 Y123.582
G0 X100.761 Y123.582
G1 F3600 X111.689 Y112.653 E350.0878
G1 X111.759 Y112.583
G0 F7200 X111.759 Y112.81
G0 X112.826 Y112.737
G0 X112.898 Y111.594
G0 X112.748 Y111.594
G1 F3600 X113.583 Y110.76 E350.0952
G1 X113.653 Y110.69
G0 F7200 X113.653 Y110.91
G0 X112.898 Y111.434
G0 X112.748 Y111.434
G1 F3600 X117.512 Y116.198 E350.13745
G1 X117.582 Y116.268
G0 F7200 X117.159 Y116.267
G0 X119.09 Y112.269
G0 X119.24 Y112.269
G1 F3600 X117.731 Y110.76 E350.15083
G1 X117.661 Y110.69
G0 F7200 X117.661 Y110.91
G0 X119.12 Y110.88
G0 X119.239 Y110.76
G1 F3600 X100.761 Y129.239 E350.31468
G1 X100.691 Y129.309
G0 F7200 X100.88 Y129.12
G0 X100.91 Y127.73
G0 X100.76 Y127.73
G1 F3600 X102.27 Y129.24 E350.32807
G1 X102.34 Y129.31
G0 F7200 X102.34 Y129.09
G0 X100.91 Y112.268
G0 X100.761 Y112.268
G1 F3600 X102.269 Y110.76 E350.34144
G1 X102.339 Y110.69
G0 F7200 X102.339 Y110.91
G0 X117.228 Y123.223
G0 X117.745 Y122.893
;TYPE:WALL-INNER
G1 F3600 X117.589 Y122.752 E350.34276
G1 X117.467 Y122.449 E350.34481
G1 X117.464 Y120.574 E350.35657
G1 X117.586 Y120.337 E350.35824
G1 X117.734 Y120.198 E350.35951
G1 X118.069 Y120.1 E350.3617
G1 X119.4 Y120.102 E350.37005
G1 X119.4 Y119.01 E350.37689
G1 X118.07 Y119.012 E350.38523
G1 X117.736 Y118.912 E350.38742
G1 X117.588 Y118.774 E350.38869
G1 X117.468 Y118.522 E350.39044
G1 X117.468 Y116.644 E350.40221
G1 X117.562 Y116.388 E350.40392
G1 X117.794 Y116.177 E350.40589
G1 X118.068 Y116.112 E350.40765
G1 X119.4 Y116.112 E350.41601
G1 X119.4 Y110.6 E350.45057
G1 X112.588 Y110.6 E350.49328
G1 X112.588 Y111.896 E350.50141
G1 X112.558 Y112.085 E350.50261
G1 X112.419 Y112.315 E350.50429
G1 X112.216 Y112.452 E350.50583
G1 X112.055 Y112.493 E350.50687
G1 X110.335 Y112.5 E350.51765
G1 X110.071 Y112.424 E350.51938
G1 X109.917 Y112.301 E350.52061
G1 F3636.4 X109.771 Y111.952 E350.52296
G1 F3701.8 X109.771 Y110.593 E350.53125
G1 F3720.9 X109.384 Y110.593 E350.53359
G1 F3701.8 X109.381 Y111.952 E350.54188
G1 F3636.4 X109.235 Y112.301 E350.54423
G1 F3600 X109.081 Y112.424 E350.54547
G1 X108.882 Y112.5 E350.5468
G1 X107.066 Y112.497 E350.55819
G1 X106.755 Y112.368 E350.5603
G1 X106.613 Y112.203 E350.56166
G1 X106.532 Y111.9 E350.56363
G1 X106.532 Y110.6 E350.57178
G1 X100.6 Y110.6 E350.60898
G1 X100.6 Y129.4 E350.72686
G1 X119.4 Y129.4 E350.84474
G1 X119.4 Y122.987 E350.88495
G1 X118.062 Y122.984 E350.89334
G1 X117.745 Y122.893 E350.8954
G0 F7200 X118.014 Y122.584
;TYPE:WALL-OUTER
G1 F1800 X117.928 Y122.532 E350.89603
G1 X117.865 Y122.406 E350.89692
G1 X117.864 Y120.682 E350.90773
G1 X117.954 Y120.532 E350.90882
G1 X118.068 Y120.5 E350.90957
G1 X119.8 Y120.503 E350.92043
G1 X119.8 Y118.609 E350.9323
G1 X118.069 Y118.612 E350.94316
G1 X117.957 Y118.579 E350.94389
G1 X117.87 Y118.442 E350.94491
G1 X117.87 Y116.68 E350.95595
G1 X117.999 Y116.512 E350.95728
G1 X119.8 Y116.512 E350.96857
G1 X119.8 Y110.2 E351.00815
G1 X112.188 Y110.2 E351.05588
G1 X112.188 Y111.896 E351.06651
G1 X112.16 Y112 E351.06719
G1 X112.011 Y112.095 E351.0683
G1 X110.345 Y112.1 E351.07874
G1 X110.215 Y112.034 E351.07966
G1 X110.164 Y111.918 E351.08045
G1 X110.164 Y110.2 E351.09122
G1 X108.992 Y110.2 E351.09857
G1 X108.988 Y111.918 E351.10935
G1 X108.937 Y112.034 E351.11014
G1 X108.84 Y112.1 E351.11088
G1 X107.11 Y112.099 E351.12172
G1 X106.981 Y112.032 E351.12263
G1 X106.932 Y111.945 E351.12326
G1 X106.932 Y110.2 E351.1342
G1 X100.2 Y110.2 E351.17641
G1 X100.2 Y129.8 E351.29931
G1 X119.8 Y129.8 E351.4222
G1 X119.8 Y122.588 E351.46743
G1 X118.014 Y122.584 E351.47862
G0 F7200 X117.928 Y122.532
G0 X117.884 Y122.443
G0 X116.857 Y122.442
;MESH:NONMESH
G0 F600 X116.857 Y122.442 Z12.8
G0 F7200 X100.88 Y110.88
G0 X100.761 Y110.761
;TIME_ELAPSED:1393.135839
;LAYER:125
;TYPE:FILL
;MESH:xyzCalibration_cube.glb
G1 F3600 X119.24 Y129.24 E351.64248
G1 X119.31 Y129.31
G0 F7200 X119.12 Y129.12
G0 X117.73 Y129.09
G0 X117.73 Y129.24
G1 F3600 X119.24 Y127.73 E351.65587
G1 X119.31 Y127.66
G0 F7200 X119.09 Y127.66
G0 X119.09 Y123.583
G0 X119.24 Y123.583
G1 F3600 X118.859 Y123.202 E351.65925
G0 F7200 X118.113 Y123.2
G1 F3600 X112.073 Y129.24 E351.71281
G1 X112.003 Y129.31
G0 F7200 X112.003 Y129.09
G0 X113.583 Y129.09
G0 X113.583 Y129.24
G1 F3600 X100.761 Y116.417 E351.82651
G1 X100.691 Y116.347
G0 F7200 X100.91 Y116.347
G0 X100.91 Y117.924
G0 X100.761 Y117.924
G1 F3600 X106.427 Y112.259 E351.87675
G1 X106.497 Y112.189
G0 F7200 X106.166 Y112.188
G0 X108.316 Y112.81
G0 X108.316 Y112.659
G1 F3600 X117.306 Y121.649 E351.95647
G1 X117.376 Y121.719
G0 F7200 X117.157 Y121.718
G0 X117.159 Y118.348
G0 X117.308 Y118.348
G1 F3600 X106.416 Y129.24 E352.05305
G1 X106.346 Y129.31
G0 F7200 X106.346 Y129.09
G0 X107.926 Y129.09
G0 X107.926 Y129.24
G1 F3600 X100.761 Y122.074 E352.11659
G1 X100.691 Y122.004
G0 F7200 X100.91 Y122.004
G0 X100.91 Y123.581
G0 X100.761 Y123.581
G1 F3600 X111.689 Y112.653 E352.21349
G1 X111.759 Y112.583
G0 F7200 X111.759 Y112.81
G0 X112.89 Y112.737
G0 X112.962 Y111.531
G0 X112.812 Y111.531
G1 F3600 X113.583 Y110.76 E352.22033
G1 X113.653 Y110.69
G0 F7200 X113.653 Y110.91
G0 X112.962 Y111.498
G0 X112.812 Y111.498
G1 F3600 X117.496 Y116.183 E352.26187
G1 X117.566 Y116.253
G0 F7200 X117.159 Y116.253
G0 X119.09 Y112.269
G0 X119.24 Y112.269
G1 F3600 X117.731 Y110.76 E352.27525
G1 X117.661 Y110.69
G0 F7200 X117.661 Y110.91
G0 X119.12 Y110.88
G0 X119.239 Y110.76
G1 F3600 X100.761 Y129.238 E352.4391
G1 X100.691 Y129.308
G0 F7200 X100.88 Y129.12
G0 X100.91 Y127.731
G0 X100.761 Y127.731
G1 F3600 X102.27 Y129.24 E352.45248
G1 X102.34 Y129.31
G0 F7200 X102.34 Y129.09
G0 X100.91 Y112.267
G0 X100.761 Y112.267
G1 F3600 X102.268 Y110.76 E352.46585
G1 X102.338 Y110.69
G0 F7200 X102.338 Y110.91
G0 X117.228 Y123.278
G0 X117.748 Y122.951
;TYPE:WALL-INNER
G1 F3600 X117.59 Y122.809 E352.46718
G1 X117.467 Y122.505 E352.46924
G1 X117.464 Y120.727 E352.48038
G1 X117.506 Y120.532 E352.48163
G1 X117.595 Y120.381 E352.48273
G1 X117.745 Y120.246 E352.484
G1 X118.067 Y120.156 E352.4861
G1 X119.4 Y120.159 E352.49445
G1 X119.4 Y118.952 E352.50202
G1 X118.068 Y118.952 E352.51037
G1 X117.747 Y118.86 E352.51247
G1 X117.597 Y118.725 E352.51373
G1 X117.468 Y118.467 E352.51554
G1 X117.468 Y116.587 E352.52733
G1 X117.566 Y116.325 E352.52908
G1 X117.797 Y116.12 E352.53102
G1 X118.066 Y116.056 E352.53275
G1 X119.4 Y116.053 E352.54112
G1 X119.4 Y110.6 E352.57531
G1 X112.652 Y110.6 E352.61762
G1 X112.652 Y112.021 E352.62653
G1 X112.554 Y112.227 E352.62796
G1 X112.383 Y112.397 E352.62947
G1 X112.119 Y112.493 E352.63123
G1 X110.397 Y112.5 E352.64203
G1 X110.118 Y112.415 E352.64386
G1 X109.966 Y112.285 E352.64511
G1 F3380.3 X109.805 Y111.955 E352.64757
G1 F3214.3 X109.802 Y110.623 E352.65692
G1 F3228.7 X109.358 Y110.623 E352.66002
G1 F3214.3 X109.355 Y111.955 E352.66938
G1 F3380.3 X109.194 Y112.285 E352.67183
G1 F3600 X109.042 Y112.415 E352.67308
G1 X108.822 Y112.5 E352.67456
G1 X106.998 Y112.495 E352.686
G1 X106.819 Y112.443 E352.68717
G1 X106.633 Y112.306 E352.68862
G1 X106.476 Y112.034 E352.69059
G1 X106.476 Y110.6 E352.69958
G1 X100.601 Y110.601 E352.73642
G1 X100.6 Y129.4 E352.85429
G1 X119.4 Y129.4 E352.97217
G1 X119.4 Y123.043 E353.01203
G1 X118.062 Y123.04 E353.02042
G1 X117.748 Y122.951 E353.02246
G0 F7200 X118.063 Y122.64
;TYPE:WALL-OUTER
G1 F1800 X117.958 Y122.611 E353.02315
G1 X117.865 Y122.462 E353.02425
G1 X117.867 Y120.716 E353.0352
G1 X117.957 Y120.586 E353.03619
G1 X118.066 Y120.556 E353.0369
G1 X119.8 Y120.559 E353.04777
G1 X119.8 Y118.552 E353.06035
G1 X118.068 Y118.552 E353.07121
G1 X117.961 Y118.522 E353.07191
G1 X117.872 Y118.397 E353.07287
G1 X117.87 Y116.624 E353.08399
G1 X118.001 Y116.456 E353.08532
G1 X119.8 Y116.452 E353.0966
G1 X119.8 Y110.2 E353.13581
G1 X112.252 Y110.2 E353.18313
G1 X112.252 Y111.939 E353.19404
G1 X112.099 Y112.091 E353.19539
G1 X110.388 Y112.097 E353.20612
G1 X110.274 Y112.029 E353.20695
G1 X110.228 Y111.918 E353.2077
G1 X110.224 Y110.2 E353.21848
G1 X108.936 Y110.2 E353.22655
G1 X108.932 Y111.918 E353.23732
G1 X108.886 Y112.029 E353.23808
G1 X108.766 Y112.098 E353.23894
G1 X107.05 Y112.099 E353.2497
G1 X106.928 Y112.036 E353.25057
G1 X106.876 Y111.945 E353.25122
G1 X106.876 Y110.2 E353.26216
G1 X100.201 Y110.201 E353.30402
G1 X100.2 Y129.8 E353.42691
G1 X119.8 Y129.8 E353.5498
G1 X119.8 Y122.644 E353.59467
G1 X118.063 Y122.64 E353.60556
G0 F7200 X117.958 Y122.611
G0 X117.91 Y122.534
G0 X116.857 Y122.533
;MESH:NONMESH
G0 F600 X116.857 Y122.533 Z12.9
G0 F7200 X100.88 Y110.88
G0 X100.76 Y110.76
;TIME_ELAPSED:1402.106229
;LAYER:126
;TYPE:FILL
;MESH:xyzCalibration_cube.glb
G1 F3600 X119.24 Y129.24 E353.76943
G1 X119.31 Y129.31
G0 F7200 X119.12 Y129.12
G0 X117.73 Y129.09
G0 X117.73 Y129.24
G1 F3600 X119.24 Y127.73 E353.78282
G1 X119.31 Y127.66
G0 F7200 X119.09 Y127.66
G0 X119.09 Y123.583
G0 X119.24 Y123.583
G1 F3600 X118.916 Y123.259 E353.7857
G0 F7200 X118.058 Y123.255
G1 F3600 X112.073 Y129.24 E353.83877
G1 X112.003 Y129.31
G0 F7200 X112.003 Y129.09
G0 X113.583 Y129.09
G0 X113.583 Y129.239
G1 F3600 X100.76 Y116.417 E353.95247
G1 X100.69 Y116.347
G0 F7200 X100.91 Y116.347
G0 X100.91 Y117.925
G0 X100.761 Y117.925
G1 F3600 X106.391 Y112.294 E354.0024
G1 X106.461 Y112.224
G0 F7200 X106.111 Y112.223
G0 X108.315 Y112.81
G0 X108.315 Y112.658
G1 F3600 X117.311 Y121.654 E354.08217
G1 X117.381 Y121.724
G0 F7200 X117.158 Y121.723
G0 X117.159 Y118.347
G0 X117.308 Y118.348
G1 F3600 X106.416 Y129.24 E354.17875
G1 X106.346 Y129.31
G0 F7200 X106.346 Y129.09
G0 X107.926 Y129.09
G0 X107.926 Y129.239
G1 F3600 X100.761 Y122.074 E354.24229
G1 X100.691 Y122.004
G0 F7200 X100.91 Y122.004
G0 X100.91 Y123.581
G0 X100.761 Y123.581
G1 F3600 X111.689 Y112.653 E354.33919
G1 X111.759 Y112.583
G0 F7200 X111.759 Y112.81
G0 X112.954 Y112.737
G0 X113.026 Y111.562
G0 X112.876 Y111.562
G1 F3600 X117.46 Y116.146 E354.37984
G1 X117.53 Y116.216
G0 F7200 X117.159 Y116.215
G0 X119.09 Y112.269
G0 X119.24 Y112.269
G1 F3600 X117.731 Y110.76 E354.39322
G1 X117.661 Y110.69
G0 F7200 X117.661 Y110.91
G0 X119.12 Y110.88
G0 X119.239 Y110.76
G1 F3600 X100.761 Y129.238 E354.55707
G1 X100.691 Y129.308
G0 F7200 X100.88 Y129.12
G0 X100.91 Y127.731
G0 X100.761 Y127.731
G1 F3600 X102.269 Y129.239 E354.57044
G1 X102.339 Y129.309
G0 F7200 X102.339 Y129.09
G0 X100.91 Y112.268
G0 X100.761 Y112.268
G1 F3600 X102.269 Y110.76 E354.58381
G1 X102.339 Y110.69
G0 F7200 X102.339 Y110.91
G0 X106.182 Y112.738
G0 X112.954 Y112.737
G0 X113.026 Y111.466
G0 X112.876 Y111.466
G1 F3600 X113.582 Y110.76 E354.59007
G1 X113.652 Y110.69
G0 F7200 X113.652 Y110.91
G0 X117.228 Y123.335
G0 X117.872 Y123.065
;TYPE:WALL-INNER
G1 F3600 X117.661 Y122.942 E354.5916
G1 X117.538 Y122.786 E354.59285
G1 X117.467 Y122.56 E354.59434
G1 X117.468 Y120.779 E354.6055
G1 X117.498 Y120.622 E354.60651
G1 X117.607 Y120.427 E354.60791
G1 X117.76 Y120.297 E354.60916
G1 X118.015 Y120.214 E354.61085
G1 X119.4 Y120.214 E354.61953
G1 X119.4 Y118.894 E354.62781
G1 X118.015 Y118.894 E354.63649
G1 X117.76 Y118.811 E354.63817
G1 X117.607 Y118.681 E354.63943
G1 X117.468 Y118.381 E354.6415
G1 X117.468 Y116.526 E354.65314
G1 X117.566 Y116.266 E354.65488
G1 X117.801 Y116.058 E354.65685
G1 X118.066 Y115.996 E354.65855
G1 X119.4 Y115.993 E354.66692
G1 X119.4 Y110.6 E354.70073
G1 X112.716 Y110.6 E354.74264
G1 X112.716 Y112.022 E354.75156
G1 X112.618 Y112.226 E354.75298
G1 X112.45 Y112.396 E354.75448
G1 X112.184 Y112.493 E354.75625
G1 X110.413 Y112.5 E354.76736
G1 X110.166 Y112.405 E354.76901
G1 X110.018 Y112.268 E354.77028
G1 F3157.9 X109.839 Y111.957 E354.77284
G1 F2834.6 X109.836 Y110.653 E354.78323
G1 F2845.8 X109.332 Y110.653 E354.78723
G1 F2834.6 X109.329 Y111.957 E354.79761
G1 F3157.9 X109.15 Y112.268 E354.80017
G1 F3600 X109.002 Y112.405 E354.80144
G1 X108.755 Y112.5 E354.8031
G1 X106.941 Y112.495 E354.81447
G1 X106.762 Y112.442 E354.81564
G1 X106.576 Y112.304 E354.8171
G1 X106.42 Y112.032 E354.81906
G1 X106.42 Y110.6 E354.82804
G1 X100.6 Y110.6 E354.86453
G1 X100.601 Y129.399 E354.98241
G1 X119.4 Y129.4 E355.10028
G1 X119.4 Y123.099 E355.13979
G1 X118.062 Y123.096 E355.14818
G1 X117.872 Y123.065 E355.14938
G0 F7200 X118.017 Y122.696
;TYPE:WALL-OUTER
G1 F1800 X117.929 Y122.645 E355.15002
G1 X117.865 Y122.518 E355.15091
G1 X117.873 Y120.765 E355.16191
G1 X117.914 Y120.683 E355.16248
G1 X118.05 Y120.612 E355.16344
G1 X119.8 Y120.615 E355.17442
G1 X119.8 Y118.493 E355.18772
G1 X118.05 Y118.496 E355.19869
G1 X117.965 Y118.468 E355.19925
G1 X117.87 Y118.329 E355.20031
G1 X117.87 Y116.564 E355.21138
G1 X118.001 Y116.396 E355.21271
G1 X119.8 Y116.392 E355.22399
G1 X119.8 Y110.2 E355.26282
G1 X112.316 Y110.2 E355.30974
G1 X112.316 Y111.939 E355.32065
G1 X112.163 Y112.091 E355.322
G1 X110.48 Y112.1 E355.33255
G1 X110.334 Y112.023 E355.33359
G1 X110.292 Y111.918 E355.3343
G1 X110.288 Y110.2 E355.34507
G1 X108.88 Y110.2 E355.3539
G1 X108.876 Y111.918 E355.36467
G1 X108.834 Y112.023 E355.36538
G1 X108.693 Y112.1 E355.36639
G1 X106.993 Y112.099 E355.37705
G1 X106.872 Y112.035 E355.3779
G1 X106.82 Y111.944 E355.37856
G1 X106.82 Y110.2 E355.3895
G1 X100.2 Y110.2 E355.43101
G1 X100.201 Y129.799 E355.55389
G1 X119.8 Y129.8 E355.67678
G1 X119.8 Y122.7 E355.7213
G1 X118.017 Y122.696 E355.73248
G0 F7200 X117.929 Y122.645
G0 X117.885 Y122.558
G0 X116.857 Y122.557
;MESH:NONMESH
G0 F600 X116.857 Y122.557 Z13
G0 F7200 X100.88 Y110.88
G0 X100.76 Y110.76
;TIME_ELAPSED:1411.154924
;LAYER:127
;TYPE:FILL
;MESH:xyzCalibration_cube.glb
G1 F3600 X119.24 Y129.24 E355.89635
G1 X119.31 Y129.31
G0 F7200 X119.12 Y129.12
G0 X117.73 Y129.09
G0 X117.73 Y129.24
G1 F3600 X119.24 Y127.73 E355.90974
G1 X119.31 Y127.66
G0 F7200 X119.09 Y127.66
G0 X119.09 Y123.583
G0 X119.24 Y123.583
G1 F3600 X118.973 Y123.316 E355.91211
G0 F7200 X118.008 Y123.305
G1 F3600 X112.073 Y129.24 E355.96474
G1 X112.003 Y129.31
G0 F7200 X112.003 Y129.09
G0 X113.583 Y129.09
G0 X113.583 Y129.239
G1 F3600 X100.76 Y116.417 E356.07844
G1 X100.69 Y116.347
G0 F7200 X100.91 Y116.347
G0 X100.91 Y117.925
G0 X100.761 Y117.925
G1 F3600 X106.352 Y112.333 E356.12802
G1 X106.422 Y112.263
G0 F7200 X106.053 Y112.262
G0 X108.317 Y112.81
G0 X108.317 Y112.66
G1 F3600 X117.309 Y121.652 E356.20776
G1 X117.379 Y121.722
G0 F7200 X117.158 Y121.721
G0 X117.159 Y118.348
G0 X117.308 Y118.348
G1 F3600 X106.416 Y129.24 E356.30434
G1 X106.346 Y129.31
G0 F7200 X106.346 Y129.09
G0 X107.926 Y129.09
G0 X107.926 Y129.239
G1 F3600 X100.761 Y122.074 E356.36787
G1 X100.691 Y122.004
G0 F7200 X100.91 Y122.004
G0 X100.91 Y123.581
G0 X100.761 Y123.581
G1 F3600 X111.688 Y112.654 E356.46477
G1 X111.758 Y112.584
G0 F7200 X111.758 Y112.81
G0 X113.018 Y112.737
G0 X113.09 Y111.625
G0 X112.939 Y111.625
G1 F3600 X117.433 Y116.119 E356.50462
G1 X117.503 Y116.189
G0 F7200 X117.159 Y116.189
G0 X119.09 Y112.269
G0 X119.24 Y112.269
G1 F3600 X117.731 Y110.76 E356.518
G1 X117.661 Y110.69
G0 F7200 X117.661 Y110.91
G0 X119.12 Y110.88
G0 X119.239 Y110.76
G1 F3600 X100.761 Y129.238 E356.68185
G1 X100.691 Y129.308
G0 F7200 X100.88 Y129.12
G0 X100.91 Y127.731
G0 X100.761 Y127.731
G1 F3600 X102.269 Y129.239 E356.69522
G1 X102.339 Y129.309
G0 F7200 X102.339 Y129.09
G0 X100.91 Y112.268
G0 X100.761 Y112.268
G1 F3600 X102.269 Y110.76 E356.70859
G1 X102.339 Y110.69
G0 F7200 X102.339 Y110.91
G0 X106.124 Y112.738
G0 X113.018 Y112.737
G0 X113.09 Y111.403
G0 X112.939 Y111.403
G1 F3600 X113.583 Y110.76 E356.7143
G1 X113.653 Y110.69
G0 F7200 X113.653 Y110.91
G0 X117.229 Y123.393
G0 X117.753 Y123.07
;TYPE:WALL-INNER
G1 F3600 X117.592 Y122.928 E356.71565
G1 X117.467 Y122.62 E356.71773
G1 X117.471 Y120.799 E356.72915
G1 X117.549 Y120.566 E356.73069
G1 X117.769 Y120.347 E356.73264
G1 X118.015 Y120.27 E356.73425
G1 X119.4 Y120.271 E356.74294
G1 X119.4 Y118.836 E356.75193
G1 X118.015 Y118.834 E356.76062
G1 X117.769 Y118.757 E356.76223
G1 X117.616 Y118.631 E356.76348
G1 X117.468 Y118.306 E356.76572
G1 X117.468 Y116.465 E356.77726
G1 X117.566 Y116.207 E356.77899
G1 X117.804 Y115.996 E356.78098
G1 X118.066 Y115.936 E356.78267
G1 X119.4 Y115.933 E356.79103
G1 X119.4 Y110.6 E356.82447
G1 X112.778 Y110.6 E356.86599
G1 X112.78 Y112.02 E356.8749
G1 X112.682 Y112.226 E356.87633
G1 X112.516 Y112.394 E356.87781
G1 X112.248 Y112.493 E356.8796
G1 X110.485 Y112.501 E356.89066
G1 X110.212 Y112.395 E356.89249
G1 X110.067 Y112.254 E356.89376
G1 F2969.1 X109.869 Y111.96 E356.89645
G1 F2535.2 X109.87 Y110.682 E356.90783
G1 F2548.7 X109.305 Y110.682 E356.91284
G1 F2535.2 X109.303 Y111.96 E356.92422
G1 F2969.1 X109.105 Y112.254 E356.92691
G1 F3600 X108.96 Y112.395 E356.92818
G1 X108.648 Y112.5 E356.93024
G1 X106.881 Y112.495 E356.94132
G1 X106.701 Y112.442 E356.9425
G1 X106.514 Y112.302 E356.94396
G1 X106.36 Y112.03 E356.94592
G1 X106.362 Y110.6 E356.95489
G1 X100.6 Y110.6 E356.99102
G1 X100.601 Y129.399 E357.10889
G1 X119.4 Y129.4 E357.22677
G1 X119.4 Y123.156 E357.26592
G1 X118.064 Y123.156 E357.27429
G1 X117.753 Y123.07 E357.27632
G0 F7200 X118.064 Y122.756
;TYPE:WALL-OUTER
G1 F1800 X117.906 Y122.68 E357.27742
G1 X117.865 Y122.578 E357.27811
G1 X117.873 Y120.819 E357.28913
G1 X117.917 Y120.736 E357.28972
G1 X118.05 Y120.668 E357.29066
G1 X119.8 Y120.671 E357.30163
G1 X119.8 Y118.436 E357.31565
G1 X118.05 Y118.436 E357.32662
G1 X117.917 Y118.368 E357.32756
G1 X117.87 Y118.27 E357.32824
G1 X117.87 Y116.503 E357.33932
G1 X118.003 Y116.336 E357.34066
G1 X119.8 Y116.332 E357.35192
G1 X119.8 Y110.2 E357.39037
G1 X112.377 Y110.2 E357.43692
G1 X112.38 Y111.941 E357.44783
G1 X112.326 Y112.034 E357.44851
G1 X112.203 Y112.095 E357.44937
G1 X110.513 Y112.097 E357.45996
G1 X110.39 Y112.018 E357.46088
G1 X110.352 Y111.918 E357.46155
G1 X110.352 Y110.2 E357.47232
G1 X108.824 Y110.2 E357.4819
G1 X108.82 Y111.918 E357.49268
G1 X108.734 Y112.065 E357.49374
G1 X108.637 Y112.1 E357.49439
G1 X106.933 Y112.099 E357.50508
G1 X106.811 Y112.034 E357.50594
G1 X106.76 Y111.945 E357.50659
G1 X106.763 Y110.2 E357.51753
G1 X100.2 Y110.2 E357.55868
G1 X100.201 Y129.799 E357.68157
G1 X119.8 Y129.8 E357.80446
G1 X119.8 Y122.756 E357.84862
G1 X118.064 Y122.756 E357.85951
G0 F7200 X117.906 Y122.68
G0 X117.897 Y122.657
G0 X116.858 Y122.656
;MESH:NONMESH
G0 F600 X116.858 Y122.656 Z13.1
G0 F7200 X100.88 Y110.88
G0 X100.76 Y110.76
;TIME_ELAPSED:1420.209923
;LAYER:128
;TYPE:FILL
;MESH:xyzCalibration_cube.glb
G1 F3600 X119.24 Y129.24 E358.02338
G1 X119.31 Y129.31
G0 F7200 X119.12 Y129.12
G0 X117.73 Y129.09
G0 X117.73 Y129.24
G1 F3600 X119.24 Y127.73 E358.03677
G1 X119.31 Y127.66
G0 F7200 X119.09 Y127.66
G0 X119.09 Y123.583
G0 X119.24 Y123.583
G1 F3600 X119.032 Y123.375 E358.03861
G0 F7200 X119.031 Y123.523
G0 X117.956 Y123.521
G0 X117.957 Y123.355
G1 F3600 X112.073 Y129.24 E358.09079
G1 X112.003 Y129.31
G0 F7200 X112.003 Y129.09
G0 X113.583 Y129.09
G0 X113.583 Y129.239
G1 F3600 X100.76 Y116.417 E358.20449
G1 X100.69 Y116.347
G0 F7200 X100.91 Y116.347
G0 X100.91 Y117.925
G0 X100.761 Y117.925
G1 F3600 X106.316 Y112.369 E358.25376
G1 X106.386 Y112.299
G0 F7200 X105.997 Y112.298
G0 X108.317 Y112.81
G0 X108.317 Y112.66
G1 F3600 X117.309 Y121.652 E358.33349
G1 X117.379 Y121.722
G0 F7200 X117.158 Y121.721
G0 X117.16 Y118.329
G0 X117.326 Y118.33
G1 F3600 X106.416 Y129.24 E358.43024
G1 X106.346 Y129.31
G0 F7200 X106.346 Y129.09
G0 X107.926 Y129.09
G0 X107.926 Y129.239
G1 F3600 X100.761 Y122.074 E358.49377
G1 X100.691 Y122.004
G0 F7200 X100.91 Y122.004
G0 X100.91 Y123.581
G0 X100.761 Y123.581
G1 F3600 X111.688 Y112.654 E358.59066
G1 X111.758 Y112.584
G0 F7200 X111.758 Y112.81
G0 X113.082 Y112.737
G0 X113.154 Y111.69
G0 X113.003 Y111.69
G1 F3600 X117.417 Y116.103 E358.6298
G1 X117.487 Y116.173
G0 F7200 X117.16 Y116.172
G0 X119.09 Y112.269
G0 X119.24 Y112.269
G1 F3600 X117.731 Y110.76 E358.64318
G1 X117.661 Y110.69
G0 F7200 X117.661 Y110.91
G0 X119.12 Y110.88
G0 X119.239 Y110.76
G1 F3600 X100.761 Y129.238 E358.80703
G1 X100.691 Y129.308
G0 F7200 X100.88 Y129.12
G0 X100.91 Y127.731
G0 X100.761 Y127.731
G1 F3600 X102.269 Y129.239 E358.82041
G1 X102.339 Y129.309
G0 F7200 X102.339 Y129.09
G0 X100.91 Y112.268
G0 X100.761 Y112.268
G1 F3600 X102.269 Y110.76 E358.83378
G1 X102.339 Y110.69
G0 F7200 X102.339 Y110.91
G0 X106.068 Y112.738
G0 X113.082 Y112.737
G0 X113.154 Y111.339
G0 X113.003 Y111.339
G1 F3600 X113.582 Y110.76 E358.83891
G1 X113.652 Y110.69
G0 F7200 X113.652 Y110.91
G0 X117.229 Y123.448
G0 X117.756 Y123.127
;TYPE:WALL-INNER
G1 F3600 X117.593 Y122.985 E358.84027
G1 X117.467 Y122.676 E358.84236
G1 X117.469 Y120.829 E358.85394
G1 X117.555 Y120.611 E358.85541
G1 X117.779 Y120.397 E358.85735
G1 X118.015 Y120.326 E358.8589
G1 X119.4 Y120.324 E358.86758
G1 X119.4 Y118.776 E358.87729
G1 X118.015 Y118.774 E358.88597
G1 X117.779 Y118.703 E358.88752
G1 X117.624 Y118.581 E358.88875
G1 X117.468 Y118.307 E358.89073
G1 X117.468 Y116.405 E358.90266
G1 X117.567 Y116.145 E358.9044
G1 X117.808 Y115.935 E358.90641
G1 X118.066 Y115.876 E358.90807
G1 X119.4 Y115.873 E358.91643
G1 X119.4 Y110.6 E358.94949
G1 X112.842 Y110.6 E358.99061
G1 X112.844 Y112.02 E358.99952
G1 X112.747 Y112.225 E359.00094
G1 X112.582 Y112.393 E359.00241
G1 X112.313 Y112.493 E359.00421
G1 X110.526 Y112.499 E359.01542
G1 X110.262 Y112.385 E359.01722
G1 X110.121 Y112.24 E359.01849
G1 X110.018 Y111.952 E359.02041
G1 X110.016 Y110.6 E359.02889
G1 X109.164 Y110.6 E359.03423
G1 X109.162 Y111.952 E359.0427
G1 X109.059 Y112.24 E359.04462
G1 X108.827 Y112.44 E359.04654
G1 X108.596 Y112.5 E359.04804
G1 X106.825 Y112.495 E359.05914
G1 X106.644 Y112.441 E359.06033
G1 X106.456 Y112.3 E359.0618
G1 X106.304 Y112.029 E359.06375
G1 X106.306 Y110.6 E359.07271
G1 X100.6 Y110.6 E359.10849
G1 X100.601 Y129.399 E359.22636
G1 X119.4 Y129.4 E359.34423
G1 X119.4 Y123.215 E359.38302
G1 X118.062 Y123.212 E359.39141
G1 X117.756 Y123.127 E359.3934
G0 F7200 X118.018 Y122.812
;TYPE:WALL-OUTER
G1 F1800 X117.865 Y122.667 E359.39472
G1 X117.871 Y120.884 E359.4059
G1 X117.989 Y120.724 E359.40714
G1 X119.8 Y120.724 E359.4185
G1 X119.8 Y118.376 E359.43322
G1 X117.988 Y118.376 E359.44458
G1 X117.87 Y118.21 E359.44586
G1 X117.87 Y116.443 E359.45694
G1 X118.003 Y116.276 E359.45828
G1 X119.8 Y116.272 E359.46955
G1 X119.8 Y110.2 E359.50762
G1 X112.441 Y110.2 E359.55376
G1 X112.444 Y111.939 E359.56467
G1 X112.357 Y112.062 E359.56561
G1 X112.267 Y112.095 E359.56621
G1 X110.568 Y112.095 E359.57686
G1 X110.451 Y112.014 E359.57776
G1 X110.416 Y111.918 E359.5784
G1 X110.416 Y110.2 E359.58917
G1 X108.764 Y110.2 E359.59953
G1 X108.764 Y111.918 E359.6103
G1 X108.729 Y112.014 E359.61094
G1 X108.612 Y112.095 E359.61183
G1 X106.877 Y112.099 E359.62271
G1 X106.754 Y112.034 E359.62358
G1 X106.704 Y111.943 E359.62423
G1 X106.707 Y110.2 E359.63516
G1 X100.2 Y110.2 E359.67596
G1 X100.201 Y129.799 E359.79885
G1 X119.8 Y129.8 E359.92174
G1 X119.8 Y122.816 E359.96553
G1 X118.018 Y122.812 E359.97671
G0 F7200 X117.873 Y122.675
G0 X116.858 Y122.674
;MESH:NONMESH
G0 F600 X116.858 Y122.674 Z13.2
G0 F7200 X100.88 Y110.88
G0 X100.76 Y110.76
;TIME_ELAPSED:1429.270085
;LAYER:129
;TYPE:FILL
;MESH:xyzCalibration_cube.glb
G1 F3600 X119.24 Y129.24 E360.14058
G1 X119.31 Y129.31
G0 F7200 X119.12 Y129.12
G0 X117.73 Y129.09
G0 X117.73 Y129.24
G1 F3600 X119.24 Y127.73 E360.15397
G1 X119.31 Y127.66
G0 F7200 X119.09 Y127.66
G0 X119.09 Y123.583
G0 X119.24 Y123.583
G1 F3600 X119.087 Y123.43 E360.15532
G0 F7200 X119.086 Y123.58
G0 X117.909 Y123.578
G0 X117.91 Y123.403
G1 F3600 X112.073 Y129.24 E360.20708
G1 X112.003 Y129.31
G0 F7200 X112.003 Y129.09
G0 X113.583 Y129.09
G0 X113.583 Y129.239
G1 F3600 X100.76 Y116.417 E360.32078
G1 X100.69 Y116.347
G0 F7200 X100.91 Y116.347
G0 X100.91 Y117.925
G0 X100.761 Y117.925
G1 F3600 X106.282 Y112.404 E360.36974
G1 X106.352 Y112.334
G0 F7200 X105.941 Y112.333
G0 X108.317 Y112.81
G0 X108.317 Y112.66
G1 F3600 X117.308 Y121.651 E360.44947
G1 X117.378 Y121.721
G0 F7200 X117.159 Y121.72
G0 X117.16 Y118.317
G0 X117.339 Y118.317
G1 F3600 X106.416 Y129.24 E360.54633
G1 X106.346 Y129.31
G0 F7200 X106.346 Y129.09
G0 X107.926 Y129.09
G0 X107.926 Y129.239
G1 F3600 X100.761 Y122.074 E360.60986
G1 X100.691 Y122.004
G0 F7200 X100.91 Y122.004
G0 X100.91 Y123.581
G0 X100.761 Y123.581
G1 F3600 X111.689 Y112.653 E360.70676
G1 X111.759 Y112.583
G0 F7200 X111.759 Y112.81
G0 X113.146 Y112.737
G0 X113.218 Y111.753
G0 X113.067 Y111.753
G1 F3600 X117.4 Y116.086 E360.74519
G1 X117.47 Y116.156
G0 F7200 X117.16 Y116.156
G0 X119.09 Y112.269
G0 X119.24 Y112.269
G1 F3600 X117.731 Y110.76 E360.75857
G1 X117.661 Y110.69
G0 F7200 X117.661 Y110.91
G0 X119.12 Y110.88
G0 X119.239 Y110.76
G1 F3600 X100.761 Y129.238 E360.92242
G1 X100.691 Y129.308
G0 F7200 X100.88 Y129.12
G0 X100.91 Y127.731
G0 X100.761 Y127.731
G1 F3600 X102.269 Y129.239 E360.93579
G1 X102.339 Y129.309
G0 F7200 X102.339 Y129.09
G0 X100.91 Y112.268
G0 X100.761 Y112.268
G1 F3600 X102.269 Y110.76 E360.94916
G1 X102.339 Y110.69
G0 F7200 X102.339 Y110.91
G0 X106.012 Y112.738
G0 X113.146 Y112.737
G0 X113.218 Y111.275
G0 X113.067 Y111.275
G1 F3600 X113.583 Y110.76 E360.95373
G0 F7200 X113.583 Y110.91
G0 X117.228 Y123.505
G0 X117.928 Y123.268
;TYPE:WALL-INNER
G1 F3600 X117.667 Y123.119 E360.95562
G1 X117.54 Y122.962 E360.95688
G1 X117.467 Y122.733 E360.95839
G1 X117.472 Y120.902 E360.96987
G1 X117.526 Y120.722 E360.97105
G1 X117.633 Y120.566 E360.97224
G1 X117.788 Y120.448 E360.97346
G1 X118.015 Y120.382 E360.97494
G1 X119.4 Y120.38 E360.98362
G1 X119.4 Y118.717 E360.99405
G1 X118.015 Y118.718 E361.00274
G1 X117.788 Y118.652 E361.00422
G1 X117.633 Y118.534 E361.00544
G1 X117.507 Y118.334 E361.00692
G1 X117.468 Y118.192 E361.00784
G1 X117.468 Y116.344 E361.01943
G1 X117.568 Y116.083 E361.02118
G1 X117.812 Y115.873 E361.0232
G1 X118.066 Y115.816 E361.02484
G1 X119.4 Y115.813 E361.0332
G1 X119.4 Y110.6 E361.06589
G1 X112.906 Y110.6 E361.1066
G1 X112.908 Y112.027 E361.11555
G1 X112.747 Y112.306 E361.11757
G1 X112.544 Y112.449 E361.11913
G1 X112.377 Y112.493 E361.12021
G1 X110.551 Y112.499 E361.13166
G1 X110.312 Y112.375 E361.13335
G1 X110.176 Y112.226 E361.13461
G1 X110.082 Y111.953 E361.13642
G1 X110.08 Y110.6 E361.14491
G1 X109.108 Y110.6 E361.151
G1 X109.106 Y111.953 E361.15949
G1 X109.012 Y112.226 E361.1613
G1 X108.876 Y112.375 E361.16256
G1 X108.636 Y112.5 E361.16426
G1 X106.768 Y112.495 E361.17597
G1 X106.586 Y112.441 E361.17716
G1 X106.398 Y112.298 E361.17864
G1 X106.248 Y112.029 E361.18057
G1 X106.25 Y110.6 E361.18953
G1 X100.6 Y110.6 E361.22496
G1 X100.601 Y129.399 E361.34283
G1 X119.4 Y129.4 E361.46071
G1 X119.4 Y123.271 E361.49914
G1 X117.928 Y123.268 E361.50837
G0 F7200 X118.018 Y122.868
;TYPE:WALL-OUTER
G1 F1800 X117.931 Y122.819 E361.50899
G1 X117.869 Y122.714 E361.50976
G1 X117.869 Y120.954 E361.52079
G1 X117.899 Y120.872 E361.52134
G1 X118.05 Y120.78 E361.52245
G1 X119.8 Y120.78 E361.53342
G1 X119.8 Y118.317 E361.54887
G1 X117.99 Y118.32 E361.56021
G1 X117.87 Y118.154 E361.5615
G1 X117.87 Y116.383 E361.5726
G1 X118.004 Y116.216 E361.57395
G1 X119.8 Y116.212 E361.58521
G1 X119.8 Y110.2 E361.6229
G1 X112.505 Y110.2 E361.66864
G1 X112.508 Y111.938 E361.67954
G1 X112.422 Y112.061 E361.68048
G1 X112.331 Y112.095 E361.68109
G1 X110.635 Y112.1 E361.69173
G1 X110.512 Y112.009 E361.69269
G1 X110.48 Y111.918 E361.69329
G1 X110.48 Y110.2 E361.70406
G1 X108.708 Y110.2 E361.71517
G1 X108.708 Y111.918 E361.72595
G1 X108.631 Y112.059 E361.72695
G1 X108.527 Y112.1 E361.72765
G1 X106.821 Y112.099 E361.73835
G1 X106.698 Y112.033 E361.73923
G1 X106.648 Y111.944 E361.73987
G1 X106.651 Y110.2 E361.7508
G1 X100.2 Y110.2 E361.79125
G1 X100.201 Y129.799 E361.91414
G1 X119.8 Y129.8 E362.03703
G1 X119.8 Y122.872 E362.08047
G1 X118.018 Y122.868 E362.09164
G0 F7200 X117.931 Y122.819
G0 X117.881 Y122.733
G0 X116.857 Y122.732
;MESH:NONMESH
G0 F600 X116.857 Y122.732 Z13.3
G0 F7200 X100.88 Y110.88
G0 X100.76 Y110.76
;TIME_ELAPSED:1438.324923
;LAYER:130
;TYPE:FILL
;MESH:xyzCalibration_cube.glb
G1 F3600 X119.24 Y129.24 E362.25551
G1 X119.31 Y129.31
G0 F7200 X119.12 Y129.12
G0 X117.73 Y129.09
G0 X117.73 Y129.24
G1 F3600 X119.24 Y127.73 E362.2689
G1 X119.31 Y127.66
G0 F7200 X119.09 Y127.66
G0 X119.09 Y123.583
G0 X119.24 Y123.583
G1 F3600 X119.144 Y123.487 E362.26975
G0 F7200 X119.143 Y123.637
G0 X117.86 Y123.635
G0 X117.861 Y123.452
G1 F3600 X112.073 Y129.24 E362.32108
G1 X112.003 Y129.31
G0 F7200 X112.003 Y129.09
G0 X113.583 Y129.09
G0 X113.583 Y129.24
G1 F3600 X100.76 Y116.417 E362.43478
G1 X100.69 Y116.347
G0 F7200 X100.91 Y116.347
G0 X100.91 Y117.925
G0 X100.761 Y117.925
G1 F3600 X106.258 Y112.428 E362.48353
G1 X106.328 Y112.358
G0 F7200 X105.885 Y112.357
G0 X108.315 Y112.81
G0 X108.315 Y112.658
G1 F3600 X117.308 Y121.651 E362.56327
G1 X117.378 Y121.721
G0 F7200 X117.158 Y121.72
G0 X117.16 Y118.304
G0 X117.351 Y118.305
G1 F3600 X106.416 Y129.24 E362.66024
G1 X106.346 Y129.31
G0 F7200 X106.346 Y129.09
G0 X107.926 Y129.09
G0 X107.926 Y129.24
G1 F3600 X100.76 Y122.074 E362.72378
G1 X100.69 Y122.004
G0 F7200 X100.91 Y122.004
G0 X100.91 Y123.582
G0 X100.761 Y123.582
G1 F3600 X111.689 Y112.653 E362.82069
G1 X111.759 Y112.583
G0 F7200 X111.759 Y112.81
G0 X113.21 Y112.737
G0 X113.282 Y111.818
G0 X113.131 Y111.818
G1 F3600 X117.383 Y116.069 E362.85839
G1 X117.453 Y116.139
G0 F7200 X117.16 Y116.138
G0 X119.09 Y112.269
G0 X119.24 Y112.269
G1 F3600 X117.731 Y110.76 E362.87177
G1 X117.661 Y110.69
G0 F7200 X117.661 Y110.91
G0 X119.12 Y110.88
G0 X119.239 Y110.76
G1 F3600 X100.761 Y129.239 E363.03562
G1 X100.691 Y129.309
G0 F7200 X100.88 Y129.12
G0 X100.91 Y127.73
G0 X100.76 Y127.73
G1 F3600 X102.27 Y129.24 E363.04901
G1 X102.34 Y129.31
G0 F7200 X102.34 Y129.09
G0 X100.91 Y112.268
G0 X100.761 Y112.268
G1 F3600 X102.269 Y110.76 E363.06239
G1 X102.339 Y110.69
G0 F7200 X102.339 Y110.91
G0 X105.956 Y112.738
G0 X113.21 Y112.737
G0 X113.282 Y111.211
G0 X113.131 Y111.211
G1 F3600 X113.583 Y110.76 E363.06639
G0 F7200 X113.583 Y110.91
G0 X117.229 Y123.563
G0 X117.929 Y123.324
;TYPE:WALL-INNER
G1 F3600 X117.669 Y123.177 E363.06826
G1 X117.541 Y123.019 E363.06954
G1 X117.467 Y122.789 E363.07105
G1 X117.468 Y121.003 E363.08225
G1 X117.53 Y120.765 E363.08379
G1 X117.641 Y120.609 E363.08499
G1 X117.797 Y120.496 E363.0862
G1 X118.015 Y120.434 E363.08762
G1 X119.4 Y120.434 E363.09631
G1 X119.4 Y118.66 E363.10743
G1 X118.015 Y118.658 E363.11611
G1 X117.797 Y118.596 E363.11754
G1 X117.641 Y118.483 E363.11874
G1 X117.53 Y118.327 E363.11994
G1 X117.468 Y118.138 E363.12119
G1 X117.468 Y116.288 E363.13279
G1 X117.569 Y116.022 E363.13457
G1 X117.815 Y115.811 E363.13661
G1 X118.066 Y115.756 E363.13822
G1 X119.4 Y115.753 E363.14658
G1 X119.4 Y110.6 E363.17889
G1 X112.97 Y110.6 E363.21921
G1 X112.972 Y112.025 E363.22814
G1 X112.811 Y112.306 E363.23018
G1 X112.61 Y112.448 E363.23172
G1 X112.442 Y112.493 E363.23281
G1 X110.73 Y112.5 E363.24354
G1 X110.557 Y112.471 E363.24464
G1 X110.364 Y112.365 E363.24602
G1 X110.232 Y112.214 E363.24728
G1 X110.146 Y111.953 E363.249
G1 X110.141 Y110.6 E363.25749
G1 X109.052 Y110.6 E363.26432
G1 X109.05 Y111.953 E363.2728
G1 X108.964 Y112.214 E363.27452
G1 X108.832 Y112.365 E363.27578
G1 X108.512 Y112.498 E363.27795
G1 X106.712 Y112.495 E363.28924
G1 X106.529 Y112.44 E363.29044
G1 X106.34 Y112.296 E363.29193
G1 X106.192 Y112.025 E363.29386
G1 X106.194 Y110.6 E363.3028
G1 X100.6 Y110.6 E363.33787
G1 X100.6 Y129.4 E363.45575
G1 X119.4 Y129.4 E363.57363
G1 X119.4 Y123.327 E363.61171
G1 X117.929 Y123.324 E363.62094
G0 F7200 X118.018 Y122.924
;TYPE:WALL-OUTER
G1 F1800 X117.932 Y122.875 E363.62156
G1 X117.869 Y122.77 E363.62232
G1 X117.869 Y121.004 E363.6334
G1 X117.925 Y120.891 E363.63419
G1 X118.05 Y120.832 E363.63505
G1 X119.8 Y120.835 E363.64603
G1 X119.8 Y118.26 E363.66217
G1 X118.05 Y118.26 E363.67315
G1 X117.925 Y118.201 E363.67401
G1 X117.87 Y118.094 E363.67477
G1 X117.87 Y116.323 E363.68587
G1 X118.004 Y116.156 E363.68721
G1 X119.8 Y116.152 E363.69848
G1 X119.8 Y110.2 E363.7358
G1 X112.569 Y110.2 E363.78114
G1 X112.572 Y111.937 E363.79203
G1 X112.486 Y112.061 E363.79297
G1 X112.396 Y112.095 E363.79358
G1 X110.697 Y112.1 E363.80423
G1 X110.573 Y112.005 E363.80521
G1 X110.544 Y111.918 E363.80578
G1 X110.54 Y110.2 E363.81656
G1 X108.652 Y110.2 E363.82839
G1 X108.652 Y111.918 E363.83917
G1 X108.579 Y112.055 E363.84014
G1 X108.472 Y112.1 E363.84087
G1 X106.765 Y112.099 E363.85157
G1 X106.641 Y112.032 E363.85245
G1 X106.592 Y111.942 E363.8531
G1 X106.595 Y110.2 E363.86402
G1 X100.2 Y110.2 E363.90412
G1 X100.2 Y129.8 E364.02701
G1 X119.8 Y129.8 E364.14991
G1 X119.8 Y122.928 E364.193
G1 X118.018 Y122.924 E364.20417
G0 F7200 X117.932 Y122.875
G0 X117.88 Y122.789
G0 X116.858 Y122.788
;MESH:NONMESH
G0 F600 X116.858 Y122.788 Z13.4
G0 F7200 X100.88 Y110.88
G0 X100.76 Y110.76
;TIME_ELAPSED:1447.374436
;LAYER:131
;TYPE:FILL
;MESH:xyzCalibration_cube.glb
G1 F3600 X119.24 Y129.24 E364.36804
G1 X119.31 Y129.31
G0 F7200 X119.12 Y129.12
G0 X117.73 Y129.09
G0 X117.73 Y129.24
G1 F3600 X119.24 Y127.73 E364.38143
G1 X119.31 Y127.66
G0 F7200 X119.09 Y127.66
G0 X117.816 Y123.691
G0 X117.817 Y123.496
G1 F3600 X112.073 Y129.24 E364.43236
G1 X112.003 Y129.31
G0 F7200 X112.003 Y129.09
G0 X113.583 Y129.09
G0 X113.583 Y129.24
G1 F3600 X100.76 Y116.417 E364.54607
G1 X100.69 Y116.347
G0 F7200 X100.91 Y116.347
G0 X100.91 Y117.925
G0 X100.761 Y117.925
G1 F3600 X106.234 Y112.452 E364.5946
G1 X106.304 Y112.382
G0 F7200 X106.304 Y112.811
G0 X108.313 Y112.811
G0 X108.313 Y112.656
G1 F3600 X117.309 Y121.652 E364.67437
G1 X117.379 Y121.722
G0 F7200 X117.158 Y121.721
G0 X117.16 Y118.286
G0 X117.37 Y118.286
G1 F3600 X106.416 Y129.24 E364.77151
G1 X106.346 Y129.31
G0 F7200 X106.346 Y129.09
G0 X107.926 Y129.09
G0 X107.926 Y129.24
G1 F3600 X100.76 Y122.074 E364.83505
G1 X100.69 Y122.004
G0 F7200 X100.91 Y122.004
G0 X100.91 Y123.582
G0 X100.761 Y123.582
G1 F3600 X111.687 Y112.656 E364.93193
G1 X111.757 Y112.586
G0 F7200 X111.756 Y112.81
G0 X113.274 Y112.739
G0 X113.346 Y111.881
G0 X113.195 Y111.881
G1 F3600 X117.368 Y116.054 E364.96894
G1 X117.438 Y116.124
G0 F7200 X117.16 Y116.124
G0 X119.09 Y112.269
G0 X119.24 Y112.269
G1 F3600 X117.731 Y110.76 E364.98232
G1 X117.661 Y110.69
G0 F7200 X117.661 Y110.91
G0 X119.12 Y110.88
G0 X119.239 Y110.76
G1 F3600 X100.761 Y129.239 E365.14618
G1 X100.691 Y129.309
G0 F7200 X100.88 Y129.12
G0 X100.91 Y127.73
G0 X100.76 Y127.73
G1 F3600 X102.27 Y129.24 E365.15956
G1 X102.34 Y129.31
G0 F7200 X102.34 Y129.09
G0 X100.91 Y112.268
G0 X100.761 Y112.268
G1 F3600 X102.269 Y110.76 E365.17294
G1 X102.339 Y110.69
G0 F7200 X102.339 Y110.91
G0 X105.899 Y112.739
G0 X113.274 Y112.739
G0 X113.346 Y111.147
G0 X113.195 Y111.147
G1 F3600 X113.583 Y110.76 E365.17637
G0 F7200 X113.583 Y110.91
G0 X117.229 Y123.618
G0 X117.764 Y123.3
;TYPE:WALL-INNER
G1 F3600 X117.597 Y123.158 E365.17775
G1 X117.467 Y122.845 E365.17987
G1 X117.468 Y120.958 E365.1917
G1 X117.65 Y120.657 E365.19391
G1 X117.806 Y120.548 E365.1951
G1 X118.015 Y120.49 E365.19646
G1 X119.4 Y120.49 E365.20515
G1 X119.4 Y118.6 E365.217
G1 X118.015 Y118.598 E365.22568
G1 X117.806 Y118.54 E365.22704
G1 X117.65 Y118.431 E365.22824
G1 X117.534 Y118.275 E365.22945
G1 X117.468 Y118.08 E365.23075
G1 X117.468 Y116.227 E365.24236
G1 X117.57 Y115.959 E365.24416
G1 X117.819 Y115.749 E365.2462
G1 X118.066 Y115.696 E365.24779
G1 X119.4 Y115.693 E365.25615
G1 X119.4 Y110.6 E365.28809
G1 X113.034 Y110.6 E365.328
G1 X113.036 Y112.017 E365.33689
G1 X112.94 Y112.227 E365.33834
G1 X112.781 Y112.392 E365.33977
G1 X112.506 Y112.497 E365.34162
G1 X110.71 Y112.498 E365.35288
G1 X110.417 Y112.356 E365.35492
G1 X110.289 Y112.203 E365.35617
G1 X110.21 Y111.953 E365.35782
G1 X110.205 Y110.6 E365.3663
G1 X108.996 Y110.6 E365.37388
G1 X108.994 Y111.953 E365.38236
G1 X108.915 Y112.203 E365.38401
G1 X108.787 Y112.356 E365.38526
G1 X108.592 Y112.468 E365.38667
G1 X108.439 Y112.499 E365.38765
G1 X106.656 Y112.495 E365.39883
G1 X106.472 Y112.44 E365.40003
G1 X106.283 Y112.294 E365.40153
G1 X106.136 Y112.025 E365.40345
G1 X106.138 Y110.6 E365.41239
G1 X100.6 Y110.6 E365.44711
G1 X100.6 Y129.4 E365.56499
G1 X119.4 Y129.4 E365.68287
G1 X119.4 Y123.383 E365.7206
G1 X118.062 Y123.38 E365.72899
G1 X117.764 Y123.3 E365.73092
G0 F7200 X118.063 Y122.98
;TYPE:WALL-OUTER
G1 F1800 X117.908 Y122.906 E365.732
G1 X117.865 Y122.802 E365.7327
G1 X117.868 Y121.039 E365.74376
G1 X117.928 Y120.944 E365.74446
G1 X118.05 Y120.888 E365.7453
G1 X119.8 Y120.891 E365.75628
G1 X119.8 Y118.2 E365.77315
G1 X118.05 Y118.2 E365.78412
G1 X117.928 Y118.144 E365.78496
G1 X117.87 Y118.035 E365.78574
G1 X117.87 Y116.263 E365.79685
G1 X118.005 Y116.096 E365.7982
G1 X119.8 Y116.092 E365.80945
G1 X119.8 Y110.2 E365.84639
G1 X112.633 Y110.2 E365.89133
G1 X112.636 Y111.943 E365.90226
G1 X112.583 Y112.037 E365.90294
G1 X112.46 Y112.099 E365.9038
G1 X110.759 Y112.1 E365.91447
G1 X110.608 Y111.98 E365.91568
G1 X110.604 Y110.2 E365.92684
G1 X108.596 Y110.2 E365.93943
G1 X108.596 Y111.918 E365.9502
G1 X108.527 Y112.052 E365.95115
G1 X108.445 Y112.1 E365.95174
G1 X106.709 Y112.099 E365.96263
G1 X106.585 Y112.032 E365.96351
G1 X106.536 Y111.943 E365.96415
G1 X106.539 Y110.2 E365.97508
G1 X100.2 Y110.2 E366.01482
G1 X100.2 Y129.8 E366.13772
G1 X119.8 Y129.8 E366.26061
G1 X119.8 Y122.984 E366.30335
G1 X118.063 Y122.98 E366.31424
G0 F7200 X117.908 Y122.906
G0 X117.898 Y122.881
G0 X116.858 Y122.88
;MESH:NONMESH
G0 F600 X116.858 Y122.88 Z13.5
G0 F7200 X100.88 Y110.88
G0 X100.76 Y110.76
;TIME_ELAPSED:1456.359137
;LAYER:132
;TYPE:FILL
;MESH:xyzCalibration_cube.glb
G1 F3600 X119.24 Y129.24 E366.47811
G1 X119.31 Y129.31
G0 F7200 X119.12 Y129.12
G0 X117.73 Y129.09
G0 X117.73 Y129.24
G1 F3600 X119.24 Y127.73 E366.4915
G1 X119.31 Y127.66
G0 F7200 X119.09 Y127.66
G0 X117.79 Y123.748
G0 X117.791 Y123.522
G1 F3600 X112.073 Y129.24 E366.54221
G1 X112.003 Y129.31
G0 F7200 X112.003 Y129.09
G0 X113.583 Y129.09
G0 X113.583 Y129.24
G1 F3600 X100.76 Y116.417 E366.65591
G1 X100.69 Y116.347
G0 F7200 X100.91 Y116.347
G0 X100.91 Y117.925
G0 X100.761 Y117.925
G1 F3600 X106.209 Y112.477 E366.70422
G1 X106.279 Y112.407
G0 F7200 X106.279 Y112.811
G0 X108.316 Y112.811
G0 X108.316 Y112.659
G1 F3600 X117.31 Y121.653 E366.78398
G1 X117.38 Y121.723
G0 F7200 X117.158 Y121.722
G0 X117.16 Y118.269
G0 X117.386 Y118.27
G1 F3600 X106.416 Y129.24 E366.88125
G1 X106.346 Y129.31
G0 F7200 X106.346 Y129.09
G0 X107.926 Y129.09
G0 X107.926 Y129.24
G1 F3600 X100.76 Y122.074 E366.94479
G1 X100.69 Y122.004
G0 F7200 X100.91 Y122.004
G0 X100.91 Y123.582
G0 X100.761 Y123.582
G1 F3600 X111.687 Y112.656 E367.04168
G1 X111.757 Y112.586
G0 F7200 X111.757 Y112.811
G0 X113.338 Y112.739
G0 X113.41 Y111.939
G0 X113.253 Y111.939
G1 F3600 X117.351 Y116.038 E367.07802
G1 X117.421 Y116.108
G0 F7200 X117.16 Y116.107
G0 X119.09 Y112.269
G0 X119.24 Y112.269
G1 F3600 X117.731 Y110.76 E367.0914
G1 X117.661 Y110.69
G0 F7200 X117.661 Y110.91
G0 X119.12 Y110.88
G0 X119.239 Y110.76
G1 F3600 X100.761 Y129.239 E367.25526
G1 X100.691 Y129.309
G0 F7200 X100.88 Y129.12
G0 X100.91 Y127.73
G0 X100.76 Y127.73
G1 F3600 X102.27 Y129.24 E367.26865
G1 X102.34 Y129.31
G0 F7200 X102.34 Y129.09
G0 X100.91 Y112.268
G0 X100.761 Y112.268
G1 F3600 X102.269 Y110.76 E367.28202
G1 X102.339 Y110.69
G0 F7200 X102.339 Y110.91
G0 X105.843 Y112.739
G0 X113.338 Y112.739
G0 X113.41 Y111.084
G0 X113.259 Y111.084
G1 F3600 X113.582 Y110.76 E367.28489
G0 F7200 X113.582 Y110.91
G0 X117.229 Y123.675
G0 X117.932 Y123.436
;TYPE:WALL-INNER
G1 F3600 X117.673 Y123.292 E367.28675
G1 X117.542 Y123.134 E367.28803
G1 X117.467 Y122.901 E367.28957
G1 X117.47 Y121.085 E367.30096
G1 X117.502 Y120.942 E367.30187
G1 X117.658 Y120.705 E367.30365
G1 X117.813 Y120.6 E367.30483
G1 X118.016 Y120.546 E367.30614
G1 X119.4 Y120.546 E367.31482
G1 X119.4 Y118.544 E367.32738
G1 X118.016 Y118.542 E367.33605
G1 X117.813 Y118.488 E367.33737
G1 X117.658 Y118.383 E367.33854
G1 X117.502 Y118.146 E367.34032
G1 X117.468 Y117.944 E367.34161
G1 X117.468 Y116.165 E367.35276
G1 X117.564 Y115.909 E367.35448
G1 X117.823 Y115.687 E367.35662
G1 X118.066 Y115.636 E367.35817
G1 X119.4 Y115.633 E367.36654
G1 X119.4 Y110.6 E367.39809
G1 X113.098 Y110.6 E367.43761
G1 X113.1 Y112.026 E367.44655
G1 X112.95 Y112.299 E367.4485
G1 X112.742 Y112.45 E367.45012
G1 X112.571 Y112.496 E367.45123
G1 X110.81 Y112.498 E367.46227
G1 X110.664 Y112.465 E367.46321
G1 X110.466 Y112.346 E367.46465
G1 X110.343 Y112.192 E367.46589
G1 X110.27 Y111.952 E367.46746
G1 X110.268 Y110.6 E367.47594
G1 X108.94 Y110.6 E367.48427
G1 X108.934 Y111.952 E367.49274
G1 X108.861 Y112.192 E367.49432
G1 X108.738 Y112.346 E367.49555
G1 X108.54 Y112.465 E367.497
G1 X108.383 Y112.499 E367.49801
G1 X106.599 Y112.495 E367.5092
G1 X106.415 Y112.439 E367.5104
G1 X106.225 Y112.292 E367.51191
G1 X106.08 Y112.024 E367.51382
G1 X106.082 Y110.6 E367.52275
G1 X100.6 Y110.6 E367.55712
G1 X100.6 Y129.4 E367.675
G1 X119.4 Y129.4 E367.79288
G1 X119.4 Y123.439 E367.83026
G1 X117.932 Y123.436 E367.83946
G0 F7200 X118.02 Y123.036
;TYPE:WALL-OUTER
G1 F1800 X117.933 Y122.988 E367.84008
G1 X117.869 Y122.882 E367.84086
G1 X117.868 Y121.093 E367.85208
G1 X117.931 Y120.997 E367.8528
G1 X118.05 Y120.944 E367.85361
G1 X119.8 Y120.947 E367.86459
G1 X119.8 Y118.144 E367.88216
G1 X118.05 Y118.144 E367.89313
G1 X117.931 Y118.091 E367.89395
G1 X117.871 Y117.983 E367.89473
G1 X117.87 Y116.202 E367.90589
G1 X118.006 Y116.036 E367.90724
G1 X119.8 Y116.032 E367.91849
G1 X119.8 Y110.2 E367.95506
G1 X112.697 Y110.2 E367.99959
G1 X112.7 Y111.941 E368.01051
G1 X112.616 Y112.064 E368.01144
G1 X112.524 Y112.099 E368.01206
G1 X110.848 Y112.1 E368.02257
G1 X110.764 Y112.072 E368.02312
G1 X110.668 Y111.918 E368.02426
G1 X110.668 Y110.2 E368.03503
G1 X108.54 Y110.2 E368.04838
G1 X108.536 Y111.918 E368.05915
G1 X108.47 Y112.049 E368.06007
G1 X108.352 Y112.1 E368.06088
G1 X106.653 Y112.099 E368.07153
G1 X106.528 Y112.031 E368.07242
G1 X106.48 Y111.942 E368.07305
G1 X106.483 Y110.2 E368.08398
G1 X100.2 Y110.2 E368.12337
G1 X100.2 Y129.8 E368.24627
G1 X119.8 Y129.8 E368.36916
G1 X119.8 Y123.04 E368.41155
G1 X118.02 Y123.036 E368.42271
G0 F7200 X117.933 Y122.988
G0 X117.881 Y122.902
G0 X116.858 Y122.901
;MESH:NONMESH
G0 F600 X116.858 Y122.901 Z13.6
G0 F7200 X100.88 Y110.88
G0 X100.76 Y110.76
;TIME_ELAPSED:1465.337572
;LAYER:133
;TYPE:FILL
;MESH:xyzCalibration_cube.glb
G1 F3600 X119.24 Y129.24 E368.58658
G1 X119.31 Y129.31
G0 F7200 X119.12 Y129.12
G0 X117.73 Y129.09
G0 X117.73 Y129.24
G1 F3600 X119.239 Y127.73 E368.59997
G1 X119.309 Y127.66
G0 F7200 X119.09 Y127.66
G0 X117.741 Y123.805
G0 X117.742 Y123.57
G1 F3600 X112.073 Y129.24 E368.65024
G1 X112.003 Y129.31
G0 F7200 X112.003 Y129.09
G0 X113.583 Y129.09
G0 X113.583 Y129.239
G1 F3600 X100.76 Y116.417 E368.76394
G1 X100.69 Y116.347
G0 F7200 X100.91 Y116.347
G0 X100.91 Y117.925
G0 X100.761 Y117.925
G1 F3600 X106.185 Y112.501 E368.81204
G1 X106.255 Y112.431
G0 F7200 X106.255 Y112.811
G0 X108.316 Y112.811
G0 X108.316 Y112.659
G1 F3600 X117.309 Y121.652 E368.89178
G1 X117.379 Y121.722
G0 F7200 X117.159 Y121.721
G0 X117.16 Y118.24
G0 X117.416 Y118.24
G1 F3600 X106.416 Y129.24 E368.98932
G1 X106.346 Y129.31
G0 F7200 X106.346 Y129.09
G0 X107.926 Y129.09
G0 X107.926 Y129.239
G1 F3600 X100.761 Y122.074 E369.05286
G1 X100.691 Y122.004
G0 F7200 X100.91 Y122.004
G0 X100.91 Y123.581
G0 X100.761 Y123.581
G1 F3600 X111.685 Y112.658 E369.14972
G1 X111.755 Y112.588
G0 F7200 X111.755 Y112.811
G0 X113.402 Y112.739
G0 X113.323 Y112.009
G1 F3600 X117.334 Y116.021 E369.18529
G1 X117.404 Y116.091
G0 F7200 X117.16 Y116.091
G0 X119.09 Y112.269
G0 X119.24 Y112.269
G1 F3600 X117.731 Y110.76 E369.19867
G1 X117.661 Y110.69
G0 F7200 X117.661 Y110.91
G0 X119.12 Y110.88
G0 X119.239 Y110.76
G1 F3600 X100.761 Y129.238 E369.36253
G1 X100.691 Y129.308
G0 F7200 X100.88 Y129.12
G0 X100.91 Y127.731
G0 X100.761 Y127.731
G1 F3600 X102.269 Y129.239 E369.3759
G1 X102.339 Y129.309
G0 F7200 X102.339 Y129.09
G0 X100.91 Y112.268
G0 X100.761 Y112.268
G1 F3600 X102.269 Y110.76 E369.38927
G1 X102.339 Y110.69
G0 F7200 X102.339 Y110.91
G0 X105.787 Y112.739
G0 X113.402 Y112.739
G0 X113.474 Y111.019
G0 X113.323 Y111.019
G1 F3600 X113.583 Y110.76 E369.39157
G0 F7200 X113.583 Y110.91
G0 X117.228 Y123.733
G0 X117.77 Y123.42
;TYPE:WALL-INNER
G1 F3600 X117.599 Y123.277 E369.39297
G1 X117.467 Y122.962 E369.39511
G1 X117.469 Y121.159 E369.40641
G1 X117.543 Y120.908 E369.40806
G1 X117.666 Y120.754 E369.40929
G1 X117.821 Y120.652 E369.41045
G1 X118.015 Y120.602 E369.41171
G1 X119.4 Y120.602 E369.4204
G1 X119.4 Y118.484 E369.43368
G1 X118.015 Y118.482 E369.44236
G1 X117.821 Y118.432 E369.44362
G1 X117.666 Y118.33 E369.44478
G1 X117.519 Y118.128 E369.44635
G1 X117.468 Y117.959 E369.44745
G1 X117.468 Y116.106 E369.45907
G1 X117.573 Y115.836 E369.46089
G1 X117.827 Y115.626 E369.46295
G1 X118.066 Y115.576 E369.46449
G1 X119.4 Y115.573 E369.47285
G1 X119.4 Y110.6 E369.50403
G1 X113.162 Y110.6 E369.54314
G1 X113.164 Y112.026 E369.55209
G1 X113.005 Y112.308 E369.55412
G1 X112.808 Y112.449 E369.55563
G1 X112.635 Y112.496 E369.55676
G1 X110.906 Y112.5 E369.5676
G1 X110.719 Y112.462 E369.5688
G1 X110.519 Y112.337 E369.57028
G1 X110.401 Y112.182 E369.5715
G1 X110.334 Y111.953 E369.57299
G1 X110.332 Y110.6 E369.58148
G1 X108.884 Y110.6 E369.59056
G1 X108.878 Y111.953 E369.59904
G1 X108.811 Y112.182 E369.60054
G1 X108.693 Y112.337 E369.60176
G1 X108.493 Y112.462 E369.60324
G1 X108.346 Y112.5 E369.60419
G1 X106.543 Y112.495 E369.61549
G1 X106.358 Y112.438 E369.61671
G1 X106.167 Y112.29 E369.61822
G1 X106.024 Y112.02 E369.62014
G1 X106.026 Y110.6 E369.62904
G1 X100.6 Y110.6 E369.66306
G1 X100.601 Y129.399 E369.78094
G1 X119.4 Y129.4 E369.89881
G1 X119.4 Y123.496 E369.93583
G1 X118.064 Y123.496 E369.94421
G1 X117.77 Y123.42 E369.94611
G0 F7200 X118.02 Y123.096
;TYPE:WALL-OUTER
G1 F1800 X117.934 Y123.049 E369.94672
G1 X117.865 Y122.918 E369.94765
G1 X117.87 Y121.168 E369.95863
G1 X117.907 Y121.081 E369.95922
G1 X118.006 Y121 E369.96002
G1 X119.8 Y121.003 E369.97127
G1 X119.8 Y118.084 E369.98957
G1 X118.003 Y118.084 E370.00084
G1 X117.871 Y117.924 E370.00214
G1 X117.87 Y116.142 E370.01331
G1 X118.006 Y115.976 E370.01466
G1 X119.8 Y115.972 E370.02591
G1 X119.8 Y110.2 E370.0621
G1 X112.761 Y110.2 E370.10623
G1 X112.764 Y111.968 E370.11732
G1 X112.681 Y112.063 E370.11811
G1 X112.588 Y112.099 E370.11874
G1 X110.879 Y112.094 E370.12945
G1 X110.794 Y112.046 E370.13006
G1 X110.732 Y111.918 E370.13096
G1 X110.732 Y110.2 E370.14173
G1 X108.484 Y110.2 E370.15582
G1 X108.48 Y111.918 E370.1666
G1 X108.418 Y112.046 E370.16749
G1 X108.297 Y112.1 E370.16832
G1 X106.597 Y112.099 E370.17898
G1 X106.471 Y112.03 E370.17988
G1 X106.424 Y111.941 E370.18051
G1 X106.427 Y110.2 E370.19143
G1 X100.2 Y110.2 E370.23047
G1 X100.201 Y129.799 E370.35336
G1 X119.8 Y129.8 E370.47625
G1 X119.8 Y123.096 E370.51828
G1 X118.02 Y123.096 E370.52945
G0 F7200 X117.934 Y123.049
G0 X117.887 Y122.959
G0 X116.857 Y122.958
;MESH:NONMESH
G0 F600 X116.857 Y122.958 Z13.7
G0 F7200 X100.88 Y110.88
G0 X100.76 Y110.76
;TIME_ELAPSED:1474.304325
;LAYER:134
;TYPE:FILL
;MESH:xyzCalibration_cube.glb
G1 F3600 X119.24 Y129.24 E370.69332
G1 X119.31 Y129.31
G0 F7200 X119.12 Y129.12
G0 X117.73 Y129.09
G0 X117.73 Y129.24
G1 F3600 X119.24 Y127.73 E370.7067
G1 X119.31 Y127.66
G0 F7200 X119.09 Y127.66
G0 X117.697 Y123.86
G0 X117.698 Y123.615
G1 F3600 X112.073 Y129.24 E370.75658
G1 X112.003 Y129.31
G0 F7200 X112.003 Y129.09
G0 X113.583 Y129.09
G0 X113.583 Y129.24
G1 F3600 X100.76 Y116.417 E370.87029
G1 X100.69 Y116.347
G0 F7200 X100.91 Y116.347
G0 X100.91 Y117.925
G0 X100.761 Y117.925
G1 F3600 X106.16 Y112.525 E370.91817
G1 X106.23 Y112.455
G0 F7200 X106.23 Y112.811
G0 X108.317 Y112.811
G0 X108.317 Y112.66
G1 F3600 X117.31 Y121.653 E370.99791
G1 X117.38 Y121.723
G0 F7200 X117.16 Y121.722
G0 X117.161 Y118.215
G0 X117.44 Y118.216
G1 F3600 X106.416 Y129.24 E371.09567
G1 X106.346 Y129.31
G0 F7200 X106.346 Y129.09
G0 X107.926 Y129.09
G0 X107.926 Y129.24
G1 F3600 X100.76 Y122.074 E371.15921
G1 X100.69 Y122.004
G0 F7200 X100.91 Y122.004
G0 X100.91 Y123.582
G0 X100.761 Y123.582
G1 F3600 X111.685 Y112.658 E371.25608
G1 X111.755 Y112.588
G0 F7200 X111.755 Y112.811
G0 X113.466 Y112.739
G0 X113.379 Y112.065
G1 F3600 X117.317 Y116.003 E371.291
G1 X117.387 Y116.073
G0 F7200 X117.161 Y116.072
G0 X119.09 Y112.269
G0 X119.24 Y112.269
G1 F3600 X117.731 Y110.76 E371.30438
G1 X117.661 Y110.69
G0 F7200 X117.661 Y110.91
G0 X119.12 Y110.88
G0 X119.239 Y110.76
G1 F3600 X100.761 Y129.239 E371.46824
G1 X100.691 Y129.309
G0 F7200 X100.88 Y129.12
G0 X100.91 Y127.73
G0 X100.76 Y127.73
G1 F3600 X102.27 Y129.24 E371.48163
G1 X102.34 Y129.31
G0 F7200 X102.34 Y129.09
G0 X100.91 Y112.268
G0 X100.761 Y112.268
G1 F3600 X102.269 Y110.76 E371.495
G1 X102.339 Y110.69
G0 F7200 X102.339 Y110.91
G0 X105.731 Y112.739
G0 X113.466 Y112.739
G0 X113.538 Y110.956
G0 X113.387 Y110.956
G1 F3600 X113.583 Y110.76 E371.49674
G0 F7200 X113.583 Y110.91
G0 X117.229 Y123.788
G0 X117.939 Y123.552
;TYPE:WALL-INNER
G1 F3600 X117.681 Y123.411 E371.49858
G1 X117.548 Y123.253 E371.49987
G1 X117.471 Y123.019 E371.50142
G1 X117.469 Y121.211 E371.51275
G1 X117.547 Y120.956 E371.51443
G1 X117.674 Y120.802 E371.51568
G1 X117.829 Y120.705 E371.51683
G1 X118.016 Y120.658 E371.51803
G1 X119.4 Y120.658 E371.52671
G1 X119.4 Y118.426 E371.54071
G1 X118.016 Y118.426 E371.54939
G1 X117.829 Y118.379 E371.55059
G1 X117.674 Y118.282 E371.55174
G1 X117.547 Y118.128 E371.55299
G1 X117.468 Y117.828 E371.55494
G1 X117.468 Y116.044 E371.56612
G1 X117.574 Y115.774 E371.56794
G1 X117.831 Y115.564 E371.57002
G1 X118.068 Y115.516 E371.57154
G1 X119.4 Y115.516 E371.57989
G1 X119.4 Y110.6 E371.61072
G1 X113.226 Y110.6 E371.64943
G1 X113.228 Y112.012 E371.65828
G1 X113.133 Y112.226 E371.65975
G1 X112.98 Y112.387 E371.66114
G1 X112.7 Y112.496 E371.66303
G1 X110.897 Y112.5 E371.67433
G1 X110.614 Y112.364 E371.6763
G1 X110.483 Y112.212 E371.67756
G1 X110.398 Y111.953 E371.67927
G1 X110.393 Y110.6 E371.68775
G1 X108.827 Y110.6 E371.69757
G1 X108.822 Y111.953 E371.70605
G1 X108.737 Y112.212 E371.70776
G1 X108.514 Y112.426 E371.7097
G1 X108.3 Y112.496 E371.71111
G1 X106.487 Y112.495 E371.72248
G1 X106.3 Y112.438 E371.72371
G1 X106.109 Y112.288 E371.72523
G1 X105.968 Y112.02 E371.72713
G1 X105.97 Y110.6 E371.73603
G1 X100.6 Y110.6 E371.7697
G1 X100.6 Y129.4 E371.88758
G1 X119.4 Y129.4 E372.00546
G1 X119.4 Y123.555 E372.04211
G1 X117.939 Y123.552 E372.05127
G0 F7200 X117.986 Y123.152
;TYPE:WALL-OUTER
G1 F1800 X117.869 Y122.975 E372.0526
G1 X117.87 Y121.222 E372.06359
G1 X117.909 Y121.134 E372.0642
G1 X118.008 Y121.056 E372.06499
G1 X119.8 Y121.059 E372.07622
G1 X119.8 Y118.025 E372.09525
G1 X118.05 Y118.028 E372.10622
G1 X117.936 Y117.98 E372.107
G1 X117.868 Y117.868 E372.10782
G1 X117.87 Y116.082 E372.11902
G1 X118.008 Y115.916 E372.12037
G1 X119.8 Y115.916 E372.13161
G1 X119.8 Y110.2 E372.16745
G1 X112.825 Y110.2 E372.21118
G1 X112.828 Y111.938 E372.22208
G1 X112.746 Y112.063 E372.22301
G1 X112.652 Y112.099 E372.22365
G1 X110.924 Y112.1 E372.23448
G1 X110.796 Y111.918 E372.23588
G1 X110.792 Y110.2 E372.24665
G1 X108.428 Y110.2 E372.26147
G1 X108.424 Y111.918 E372.27224
G1 X108.395 Y112.004 E372.27281
G1 X108.257 Y112.098 E372.27386
G1 X106.541 Y112.099 E372.28462
G1 X106.415 Y112.03 E372.28552
G1 X106.368 Y111.941 E372.28615
G1 X106.371 Y110.2 E372.29707
G1 X100.2 Y110.2 E372.33576
G1 X100.2 Y129.8 E372.45866
G1 X119.8 Y129.8 E372.58155
G1 X119.8 Y123.156 E372.62321
G1 X117.986 Y123.152 E372.63458
G0 F7200 X117.876 Y122.986
G0 X116.858 Y122.985
;MESH:NONMESH
G0 F600 X116.858 Y122.985 Z13.8
G0 F7200 X100.88 Y110.88
G0 X100.761 Y110.761
;TIME_ELAPSED:1483.271460
;LAYER:135
;TYPE:FILL
;MESH:xyzCalibration_cube.glb
G1 F3600 X119.24 Y129.24 E372.79845
G1 X119.31 Y129.31
G0 F7200 X119.12 Y129.12
G0 X117.73 Y129.09
G0 X117.73 Y129.24
G1 F3600 X119.24 Y127.73 E372.81184
G1 X119.31 Y127.66
G0 F7200 X119.09 Y127.66
G0 X117.674 Y123.917
G0 X117.675 Y123.638
G1 F3600 X112.073 Y129.24 E372.86151
G1 X112.003 Y129.31
G0 F7200 X112.003 Y129.09
G0 X113.583 Y129.09
G0 X113.583 Y129.24
G1 F3600 X100.761 Y116.417 E372.97521
G1 X100.691 Y116.347
G0 F7200 X100.91 Y116.347
G0 X100.91 Y117.924
G0 X100.761 Y117.924
G1 F3600 X106.136 Y112.549 E373.02287
G1 X106.206 Y112.479
G0 F7200 X106.206 Y112.811
G0 X108.299 Y112.811
G0 X108.299 Y112.642
G1 F3600 X117.31 Y121.653 E373.10278
G1 X117.38 Y121.723
G0 F7200 X117.159 Y121.722
G0 X117.161 Y118.191
G0 X117.464 Y118.192
G1 F3600 X106.416 Y129.24 E373.20075
G1 X106.346 Y129.31
G0 F7200 X106.346 Y129.09
G0 X107.926 Y129.09
G0 X107.926 Y129.24
G1 F3600 X100.761 Y122.074 E373.26428
G1 X100.691 Y122.004
G0 F7200 X100.91 Y122.004
G0 X100.91 Y123.581
G0 X100.761 Y123.581
G1 F3600 X111.685 Y112.657 E373.36115
G1 X111.755 Y112.587
G0 F7200 X111.755 Y112.811
G0 X113.53 Y112.739
G0 X113.404 Y112.091
G1 F3600 X117.308 Y115.995 E373.39577
G1 X117.378 Y116.065
G0 F7200 X117.161 Y116.064
G0 X117.233 Y115.221
G0 X119.09 Y112.269
G0 X119.24 Y112.269
G1 F3600 X117.731 Y110.76 E373.40915
G1 X117.661 Y110.69
G0 F7200 X117.661 Y110.91
G0 X119.12 Y110.88
G0 X119.239 Y110.76
G1 F3600 X100.761 Y129.238 E373.573
G1 X100.691 Y129.308
G0 F7200 X100.88 Y129.12
G0 X100.91 Y127.731
G0 X100.761 Y127.731
G1 F3600 X102.27 Y129.24 E373.58638
G1 X102.34 Y129.31
G0 F7200 X102.34 Y129.09
G0 X100.91 Y112.267
G0 X100.761 Y112.267
G1 F3600 X102.268 Y110.76 E373.59975
G1 X102.338 Y110.69
G0 F7200 X102.338 Y110.91
G0 X105.676 Y112.739
G0 X113.53 Y112.739
G0 X113.602 Y110.892
G0 X113.45 Y110.892
G1 F3600 X113.583 Y110.76 E373.60092
G0 F7200 X113.583 Y110.91
G0 X117.23 Y123.845
G0 X117.938 Y123.608
;TYPE:WALL-INNER
G1 F3600 X117.669 Y123.457 E373.60286
G1 X117.527 Y123.269 E373.60433
G1 X117.473 Y123.087 E373.60552
G1 X117.469 Y121.262 E373.61697
G1 X117.526 Y121.054 E373.61832
G1 X117.682 Y120.852 E373.61992
G1 X117.835 Y120.758 E373.62104
G1 X118.015 Y120.714 E373.62221
G1 X119.4 Y120.714 E373.63089
G1 X119.4 Y118.368 E373.6456
G1 X118.015 Y118.366 E373.65428
G1 X117.835 Y118.322 E373.65545
G1 X117.682 Y118.228 E373.65657
G1 X117.499 Y117.962 E373.6586
G1 X117.468 Y117.768 E373.65983
G1 X117.468 Y115.983 E373.67102
G1 X117.575 Y115.712 E373.67285
G1 X117.835 Y115.502 E373.67494
G1 X118.068 Y115.456 E373.67643
G1 X119.4 Y115.456 E373.68478
G1 X119.4 Y110.6 E373.71523
G1 X113.29 Y110.6 E373.75354
G1 X113.292 Y111.898 E373.76168
G1 X113.228 Y112.171 E373.76344
G1 X113.134 Y112.307 E373.76448
G1 X112.94 Y112.447 E373.76598
G1 X112.764 Y112.496 E373.76712
G1 X111.025 Y112.5 E373.77803
G1 X110.864 Y112.468 E373.77906
G1 X110.668 Y112.355 E373.78047
G1 X110.541 Y112.202 E373.78172
G1 X110.462 Y111.953 E373.78336
G1 X110.457 Y110.6 E373.79184
G1 X108.771 Y110.6 E373.80241
G1 X108.766 Y111.953 E373.8109
G1 X108.687 Y112.202 E373.81254
G1 X108.56 Y112.355 E373.81378
G1 X108.364 Y112.468 E373.8152
G1 X108.226 Y112.498 E373.81609
G1 X106.43 Y112.495 E373.82735
G1 X106.243 Y112.437 E373.82858
G1 X106.051 Y112.286 E373.83011
G1 X105.975 Y112.169 E373.83098
G1 X105.912 Y111.9 E373.83271
G1 X105.912 Y110.6 E373.84087
G1 X100.601 Y110.601 E373.87417
G1 X100.6 Y129.4 E373.99204
G1 X119.4 Y129.4 E374.10992
G1 X119.4 Y123.611 E374.14622
G1 X117.938 Y123.608 E374.15538
G0 F7200 X118.024 Y123.208
;TYPE:WALL-OUTER
G1 F1800 X117.935 Y123.158 E374.15602
G1 X117.869 Y123.035 E374.1569
G1 X117.868 Y121.262 E374.16802
G1 X117.939 Y121.158 E374.16881
G1 X118.05 Y121.112 E374.16956
G1 X119.8 Y121.115 E374.18053
G1 X119.8 Y117.968 E374.20026
G1 X118.05 Y117.968 E374.21124
G1 X117.939 Y117.922 E374.21199
G1 X117.868 Y117.818 E374.21278
G1 X117.87 Y116.022 E374.22404
G1 X117.903 Y115.941 E374.22459
G1 X118.009 Y115.856 E374.22544
G1 X119.8 Y115.856 E374.23667
G1 X119.8 Y110.2 E374.27214
G1 X112.889 Y110.2 E374.31547
G1 X112.892 Y111.971 E374.32657
G1 X112.758 Y112.099 E374.32774
G1 X111.017 Y112.1 E374.33865
G1 X110.929 Y112.052 E374.33928
G1 X110.86 Y111.918 E374.34023
G1 X110.856 Y110.2 E374.351
G1 X108.372 Y110.2 E374.36657
G1 X108.368 Y111.918 E374.37735
G1 X108.299 Y112.052 E374.37829
G1 X108.188 Y112.1 E374.37905
G1 X106.442 Y112.099 E374.39
G1 X106.312 Y111.969 E374.39115
G1 X106.312 Y110.2 E374.40224
G1 X100.201 Y110.201 E374.44056
G1 X100.2 Y129.8 E374.56345
G1 X119.8 Y129.8 E374.68634
G1 X119.8 Y123.212 E374.72765
G1 X118.024 Y123.208 E374.73879
G0 F7200 X117.935 Y123.158
G0 X117.889 Y123.072
G0 X116.859 Y123.071
;MESH:NONMESH
G0 F600 X116.859 Y123.071 Z13.9
G0 F7200 X100.88 Y110.88
G0 X100.76 Y110.76
;TIME_ELAPSED:1492.238936
;LAYER:136
;TYPE:FILL
;MESH:xyzCalibration_cube.glb
G1 F3600 X119.24 Y129.24 E374.90266
G1 X119.31 Y129.31
G0 F7200 X119.12 Y129.12
G0 X117.73 Y129.09
G0 X117.73 Y129.24
G1 F3600 X119.24 Y127.73 E374.91605
G1 X119.31 Y127.66
G0 F7200 X119.09 Y127.66
G0 X117.638 Y123.975
G0 X117.639 Y123.674
G1 F3600 X112.073 Y129.24 E374.9654
G1 X112.003 Y129.31
G0 F7200 X112.003 Y129.09
G0 X113.583 Y129.09
G0 X113.583 Y129.239
G1 F3600 X100.76 Y116.417 E375.0791
G1 X100.69 Y116.347
G0 F7200 X100.91 Y116.347
G0 X100.91 Y117.925
G0 X100.761 Y117.925
G1 F3600 X106.111 Y112.575 E375.12654
G1 X106.181 Y112.505
G0 F7200 X106.181 Y112.811
G0 X108.291 Y112.811
G0 X108.291 Y112.634
G1 F3600 X117.309 Y121.652 E375.20651
G1 X117.379 Y121.722
G0 F7200 X117.159 Y121.721
G0 X117.161 Y118.164
G0 X117.491 Y118.165
G1 F3600 X106.416 Y129.24 E375.30472
G1 X106.346 Y129.31
G0 F7200 X106.346 Y129.09
G0 X107.926 Y129.09
G0 X107.926 Y129.239
G1 F3600 X100.761 Y122.074 E375.36825
G1 X100.691 Y122.004
G0 F7200 X100.91 Y122.004
G0 X100.91 Y123.581
G0 X100.761 Y123.581
G1 F3600 X111.685 Y112.657 E375.46512
G1 X111.755 Y112.587
G0 F7200 X111.755 Y112.811
G0 X113.594 Y112.739
G0 X113.457 Y112.144
G1 F3600 X117.308 Y115.995 E375.49927
G1 X117.378 Y116.065
G0 F7200 X117.161 Y116.064
G0 X117.233 Y115.161
G0 X119.09 Y112.269
G0 X119.24 Y112.269
G1 F3600 X117.731 Y110.76 E375.51265
G1 X117.661 Y110.69
G0 F7200 X117.661 Y110.91
G0 X119.12 Y110.88
G0 X119.239 Y110.76
G1 F3600 X100.761 Y129.238 E375.6765
G1 X100.691 Y129.308
G0 F7200 X100.88 Y129.12
G0 X100.91 Y127.731
G0 X100.761 Y127.731
G1 F3600 X102.269 Y129.239 E375.68987
G1 X102.339 Y129.309
G0 F7200 X102.339 Y129.09
G0 X100.91 Y112.268
G0 X100.761 Y112.268
G1 F3600 X102.269 Y110.76 E375.70324
G1 X102.339 Y110.69
G0 F7200 X102.339 Y110.91
G0 X105.618 Y112.739
G0 X113.594 Y112.739
G0 X113.666 Y110.828
G0 X113.515 Y110.828
G1 F3600 X113.582 Y110.76 E375.70384
G0 F7200 X113.582 Y110.91
G0 X117.23 Y123.903
G0 X117.94 Y123.664
;TYPE:WALL-INNER
G1 F3600 X117.671 Y123.514 E375.70577
G1 X117.527 Y123.326 E375.70726
G1 X117.473 Y123.144 E375.70845
G1 X117.468 Y121.336 E375.71978
G1 X117.501 Y121.168 E375.72086
G1 X117.604 Y120.987 E375.72216
G1 X117.842 Y120.812 E375.72402
G1 X118.015 Y120.77 E375.72513
G1 X119.4 Y120.77 E375.73382
G1 X119.4 Y118.308 E375.74925
G1 X118.015 Y118.306 E375.75794
G1 X117.689 Y118.174 E375.76014
G1 X117.529 Y117.974 E375.76175
G1 X117.468 Y117.787 E375.76298
G1 X117.468 Y115.922 E375.77468
G1 X117.562 Y115.672 E375.77635
G1 X117.673 Y115.544 E375.77741
G1 X117.84 Y115.441 E375.77864
G1 X118.068 Y115.396 E375.7801
G1 X119.4 Y115.396 E375.78845
G1 X119.4 Y110.6 E375.81853
G1 X113.354 Y110.6 E375.85643
G1 X113.356 Y111.898 E375.86457
G1 X113.294 Y112.167 E375.8663
G1 X113.198 Y112.307 E375.86737
G1 X113.005 Y112.447 E375.86886
G1 X112.829 Y112.496 E375.87001
G1 X111.049 Y112.496 E375.88117
G1 X110.815 Y112.415 E375.88272
G1 X110.6 Y112.193 E375.88466
G1 X110.526 Y111.952 E375.88624
G1 X110.521 Y110.6 E375.89472
G1 X108.712 Y110.6 E375.90606
G1 X108.71 Y111.952 E375.91454
G1 X108.636 Y112.193 E375.91612
G1 X108.421 Y112.415 E375.91806
G1 X108.196 Y112.495 E375.91955
G1 X106.374 Y112.495 E375.93098
G1 X106.186 Y112.437 E375.93221
G1 X105.993 Y112.283 E375.93376
G1 X105.917 Y112.166 E375.93464
G1 X105.856 Y111.9 E375.93635
G1 X105.856 Y110.6 E375.9445
G1 X100.6 Y110.6 E375.97745
G1 X100.601 Y129.399 E376.09533
G1 X119.4 Y129.4 E376.2132
G1 X119.4 Y123.667 E376.24915
G1 X117.94 Y123.664 E376.2583
G0 F7200 X118.025 Y123.264
;TYPE:WALL-OUTER
G1 F1800 X117.935 Y123.214 E376.25895
G1 X117.869 Y123.091 E376.25982
G1 X117.868 Y121.35 E376.27074
G1 X117.941 Y121.212 E376.27172
G1 X118.05 Y121.168 E376.27245
G1 X119.8 Y121.171 E376.28343
G1 X119.8 Y117.908 E376.30389
G1 X118.05 Y117.908 E376.31486
G1 X117.941 Y117.864 E376.3156
G1 X117.871 Y117.744 E376.31647
G1 X117.87 Y115.962 E376.32764
G1 X117.904 Y115.88 E376.3282
G1 X118.011 Y115.796 E376.32905
G1 X119.8 Y115.796 E376.34027
G1 X119.8 Y110.2 E376.37536
G1 X112.953 Y110.2 E376.41829
G1 X112.956 Y111.969 E376.42938
G1 X112.823 Y112.099 E376.43055
G1 X111.074 Y112.1 E376.44151
G1 X110.924 Y111.978 E376.44273
G1 X110.92 Y110.2 E376.45387
G1 X108.312 Y110.2 E376.47023
G1 X108.312 Y111.918 E376.481
G1 X108.246 Y112.049 E376.48192
G1 X108.14 Y112.099 E376.48265
G1 X106.386 Y112.099 E376.49365
G1 X106.256 Y111.969 E376.4948
G1 X106.256 Y110.2 E376.5059
G1 X100.2 Y110.2 E376.54387
G1 X100.201 Y129.799 E376.66676
G1 X119.8 Y129.8 E376.78965
G1 X119.8 Y123.268 E376.8306
G1 X118.025 Y123.264 E376.84173
G0 F7200 X117.935 Y123.214
G0 X117.89 Y123.129
G0 X116.859 Y123.128
;MESH:NONMESH
G0 F600 X116.859 Y123.128 Z14
G0 F7200 X100.88 Y110.88
G0 X100.76 Y110.76
;TIME_ELAPSED:1501.207001
;LAYER:137
;TYPE:FILL
;MESH:xyzCalibration_cube.glb
G1 F3600 X119.24 Y129.24 E377.0056
G1 X119.31 Y129.31
G0 F7200 X119.12 Y129.12
G0 X117.73 Y129.09
G0 X117.73 Y129.24
G1 F3600 X119.24 Y127.73 E377.01899
G1 X119.31 Y127.66
G0 F7200 X119.09 Y127.66
G0 X117.601 Y124.03
G0 X117.602 Y123.71
G1 F3600 X112.073 Y129.24 E377.06802
G1 X112.003 Y129.31
G0 F7200 X112.003 Y129.09
G0 X113.583 Y129.09
G0 X113.583 Y129.24
G1 F3600 X100.76 Y116.417 E377.18173
G1 X100.69 Y116.347
G0 F7200 X100.91 Y116.347
G0 X100.91 Y117.925
G0 X100.761 Y117.925
G1 F3600 X106.096 Y112.589 E377.22904
G1 X106.166 Y112.519
G0 F7200 X106.166 Y112.811
G0 X108.28 Y112.811
G0 X108.28 Y112.623
G1 F3600 X117.309 Y121.652 E377.30911
G1 X117.379 Y121.722
G0 F7200 X117.159 Y121.721
G0 X117.161 Y118.152
G0 X117.503 Y118.153
G1 F3600 X106.416 Y129.24 E377.40742
G1 X106.346 Y129.31
G0 F7200 X106.346 Y129.09
G0 X107.926 Y129.09
G0 X107.926 Y129.24
G1 F3600 X100.76 Y122.074 E377.47096
G1 X100.69 Y122.004
G0 F7200 X100.91 Y122.004
G0 X100.91 Y123.582
G0 X100.761 Y123.582
G1 F3600 X111.685 Y112.657 E377.56783
G1 X111.755 Y112.587
G0 F7200 X111.755 Y112.811
G0 X113.658 Y112.739
G0 X113.51 Y112.197
G1 F3600 X117.308 Y115.995 E377.60151
G1 X117.378 Y116.065
G0 F7200 X117.161 Y116.064
G0 X117.233 Y115.101
G0 X119.09 Y112.269
G0 X119.24 Y112.269
G1 F3600 X117.731 Y110.76 E377.61489
G1 X117.661 Y110.69
G0 F7200 X117.661 Y110.91
G0 X119.12 Y110.88
G0 X119.239 Y110.76
G1 F3600 X100.761 Y129.239 E377.77875
G1 X100.691 Y129.309
G0 F7200 X100.88 Y129.12
G0 X100.91 Y127.73
G0 X100.76 Y127.73
G1 F3600 X102.27 Y129.24 E377.79214
G1 X102.34 Y129.31
G0 F7200 X102.34 Y129.09
G0 X100.91 Y112.268
G0 X100.761 Y112.268
G1 F3600 X102.269 Y110.76 E377.80551
G1 X102.339 Y110.69
G0 F7200 X102.339 Y110.91
G0 X117.23 Y123.958
G0 X117.942 Y123.72
;TYPE:WALL-INNER
G1 F3600 X117.672 Y123.572 E377.80744
G1 X117.528 Y123.383 E377.80893
G1 X117.473 Y123.2 E377.81013
G1 X117.47 Y121.366 E377.82163
G1 X117.515 Y121.189 E377.82277
G1 X117.61 Y121.035 E377.82391
G1 X117.849 Y120.865 E377.82575
G1 X118.015 Y120.826 E377.82682
G1 X119.4 Y120.826 E377.8355
G1 X119.4 Y118.25 E377.85165
G1 X118.015 Y118.25 E377.86034
G1 X117.849 Y118.211 E377.86141
G1 X117.61 Y118.041 E377.86325
G1 X117.468 Y117.729 E377.8654
G1 X117.468 Y115.861 E377.87711
G1 X117.562 Y115.612 E377.87878
G1 X117.675 Y115.482 E377.87986
G1 X117.844 Y115.379 E377.8811
G1 X118.068 Y115.336 E377.88253
G1 X119.4 Y115.336 E377.89088
G1 X119.4 Y110.6 E377.92058
G1 X113.418 Y110.6 E377.95808
G1 X113.42 Y111.898 E377.96622
G1 X113.36 Y112.163 E377.96793
G1 X113.263 Y112.306 E377.96901
G1 X113.071 Y112.445 E377.9705
G1 X112.894 Y112.496 E377.97165
G1 X111.141 Y112.499 E377.98264
G1 X110.974 Y112.463 E377.98371
G1 X110.774 Y112.339 E377.98519
G1 X110.655 Y112.184 E377.98641
G1 X110.586 Y111.952 E377.98793
G1 X110.584 Y110.6 E377.99641
G1 X108.656 Y110.6 E378.0085
G1 X108.654 Y111.952 E378.01698
G1 X108.585 Y112.184 E378.01849
G1 X108.466 Y112.339 E378.01972
G1 X108.266 Y112.463 E378.02119
G1 X108.122 Y112.497 E378.02212
G1 X106.317 Y112.495 E378.03344
G1 X106.129 Y112.436 E378.03468
G1 X105.936 Y112.281 E378.03623
G1 X105.86 Y112.162 E378.03711
G1 X105.8 Y111.9 E378.0388
G1 X105.8 Y110.6 E378.04695
G1 X100.6 Y110.6 E378.07955
G1 X100.6 Y129.4 E378.19743
G1 X119.4 Y129.4 E378.31531
G1 X119.4 Y123.723 E378.35091
G1 X117.942 Y123.72 E378.36005
G0 F7200 X117.999 Y123.32
;TYPE:WALL-OUTER
G1 F1800 X117.869 Y123.147 E378.36141
G1 X117.868 Y121.364 E378.37259
G1 X117.944 Y121.266 E378.37336
G1 X118.05 Y121.224 E378.37408
G1 X119.8 Y121.227 E378.38505
G1 X119.8 Y117.849 E378.40623
G1 X118.013 Y117.852 E378.41744
G1 X117.915 Y117.782 E378.41819
G1 X117.871 Y117.688 E378.41884
G1 X117.87 Y115.901 E378.43005
G1 X117.904 Y115.82 E378.4306
G1 X118.011 Y115.736 E378.43145
G1 X119.8 Y115.736 E378.44267
G1 X119.8 Y110.2 E378.47738
G1 X113.017 Y110.2 E378.51991
G1 X113.02 Y111.968 E378.531
G1 X112.887 Y112.099 E378.53217
G1 X111.118 Y112.1 E378.54326
G1 X110.984 Y111.973 E378.54442
G1 X110.984 Y110.2 E378.55554
G1 X108.256 Y110.2 E378.57264
G1 X108.256 Y111.918 E378.58341
G1 X108.193 Y112.047 E378.58431
G1 X108.093 Y112.097 E378.58501
G1 X106.329 Y112.099 E378.59607
G1 X106.2 Y111.968 E378.59723
G1 X106.2 Y110.2 E378.60831
G1 X100.2 Y110.2 E378.64593
G1 X100.2 Y129.8 E378.76883
G1 X119.8 Y129.8 E378.89173
G1 X119.8 Y123.324 E378.93233
G1 X117.999 Y123.32 E378.94362
G0 F7200 X117.879 Y123.16
G0 X116.859 Y123.159
;MESH:NONMESH
G0 F600 X116.859 Y123.159 Z14.1
G0 F7200 X100.88 Y110.88
G0 X100.76 Y110.76
;TIME_ELAPSED:1510.032031
;LAYER:138
;TYPE:FILL
;MESH:xyzCalibration_cube.glb
G1 F3600 X119.24 Y129.24 E379.10749
G1 X119.31 Y129.31
G0 F7200 X119.12 Y129.12
G0 X117.73 Y129.09
G0 X117.73 Y129.24
G1 F3600 X119.24 Y127.73 E379.12088
G1 X119.31 Y127.66
G0 F7200 X119.09 Y127.66
G0 X117.566 Y124.087
G0 X117.567 Y123.746
G1 F3600 X112.073 Y129.24 E379.1696
G1 X112.003 Y129.31
G0 F7200 X112.003 Y129.09
G0 X113.583 Y129.09
G0 X113.583 Y129.239
G1 F3600 X100.76 Y116.417 E379.2833
G1 X100.69 Y116.347
G0 F7200 X100.91 Y116.347
G0 X100.91 Y117.925
G0 X100.761 Y117.925
G1 F3600 X106.083 Y112.603 E379.33049
G1 X106.153 Y112.533
G0 F7200 X106.153 Y112.811
G0 X108.263 Y112.811
G0 X108.263 Y112.606
G1 F3600 X117.309 Y121.652 E379.41071
G1 X117.379 Y121.722
G0 F7200 X117.159 Y121.721
G0 X117.161 Y118.118
G0 X117.537 Y118.119
G1 F3600 X106.416 Y129.24 E379.50932
G1 X106.346 Y129.31
G0 F7200 X106.346 Y129.09
G0 X107.926 Y129.09
G0 X107.926 Y129.239
G1 F3600 X100.761 Y122.074 E379.57286
G1 X100.691 Y122.004
G0 F7200 X100.91 Y122.004
G0 X100.91 Y123.581
G0 X100.761 Y123.581
G1 F3600 X111.684 Y112.658 E379.66972
G1 X111.754 Y112.588
G0 F7200 X111.754 Y112.811
G0 X113.722 Y112.739
G0 X113.558 Y112.244
G1 F3600 X117.308 Y115.995 E379.70297
G1 X117.378 Y116.065
G0 F7200 X117.161 Y116.064
G0 X117.233 Y115.041
G0 X119.09 Y112.269
G0 X119.24 Y112.269
G1 F3600 X117.731 Y110.76 E379.71635
G1 X117.661 Y110.69
G0 F7200 X117.661 Y110.91
G0 X119.12 Y110.88
G0 X119.239 Y110.76
G1 F3600 X100.761 Y129.238 E379.88021
G1 X100.691 Y129.308
G0 F7200 X100.88 Y129.12
G0 X100.91 Y127.731
G0 X100.761 Y127.731
G1 F3600 X102.269 Y129.239 E379.89358
G1 X102.339 Y129.309
G0 F7200 X102.339 Y129.09
G0 X100.91 Y112.268
G0 X100.761 Y112.268
G1 F3600 X102.269 Y110.76 E379.90695
G1 X102.339 Y110.69
G0 F7200 X102.339 Y110.91
G0 X117.23 Y124.015
G0 X117.943 Y123.776
;TYPE:WALL-INNER
G1 F3600 X117.675 Y123.63 E379.90886
G1 X117.529 Y123.44 E379.91037
G1 X117.473 Y123.256 E379.91157
G1 X117.469 Y121.44 E379.92296
G1 X117.497 Y121.293 E379.9239
G1 X117.615 Y121.085 E379.9254
G1 X117.851 Y120.92 E379.9272
G1 X118.015 Y120.882 E379.92826
G1 X119.4 Y120.88 E379.93694
G1 X119.4 Y118.192 E379.9538
G1 X118.015 Y118.19 E379.96248
G1 X117.702 Y118.069 E379.96458
G1 X117.536 Y117.871 E379.9662
G1 X117.468 Y117.674 E379.96751
G1 X117.468 Y115.8 E379.97926
G1 X117.562 Y115.553 E379.98092
G1 X117.677 Y115.42 E379.98202
G1 X117.848 Y115.317 E379.98327
G1 X118.068 Y115.276 E379.98468
G1 X119.4 Y115.276 E379.99303
G1 X119.4 Y110.6 E380.02235
G1 X113.482 Y110.6 E380.05945
G1 X113.484 Y111.898 E380.06759
G1 X113.426 Y112.159 E380.06927
G1 X113.327 Y112.306 E380.07038
G1 X113.138 Y112.444 E380.07185
G1 X112.958 Y112.496 E380.07302
G1 X111.201 Y112.499 E380.08404
G1 X110.922 Y112.404 E380.08589
G1 X110.714 Y112.175 E380.08783
G1 X110.65 Y111.953 E380.08928
G1 X110.648 Y110.6 E380.09776
G1 X108.6 Y110.6 E380.1106
G1 X108.598 Y111.953 E380.11908
G1 X108.534 Y112.175 E380.12053
G1 X108.418 Y112.331 E380.12175
G1 X108.092 Y112.494 E380.12404
G1 X106.261 Y112.495 E380.13552
G1 X106.071 Y112.435 E380.13677
G1 X105.878 Y112.279 E380.13832
G1 X105.802 Y112.159 E380.13921
G1 X105.744 Y111.9 E380.14088
G1 X105.744 Y110.6 E380.14903
G1 X100.6 Y110.6 E380.18128
G1 X100.601 Y129.399 E380.29916
G1 X119.4 Y129.4 E380.41703
G1 X119.4 Y123.779 E380.45227
G1 X117.943 Y123.776 E380.46141
G0 F7200 X118.025 Y123.376
;TYPE:WALL-OUTER
G1 F1800 X117.937 Y123.328 E380.46204
G1 X117.869 Y123.203 E380.46293
G1 X117.871 Y121.441 E380.47398
G1 X117.946 Y121.321 E380.47487
G1 X118.05 Y121.28 E380.47557
G1 X119.8 Y121.28 E380.48654
G1 X119.8 Y117.792 E380.50841
G1 X118.05 Y117.792 E380.51938
G1 X117.946 Y117.751 E380.52008
G1 X117.868 Y117.642 E380.52092
G1 X117.87 Y115.841 E380.53222
G1 X117.905 Y115.759 E380.53278
G1 X118.011 Y115.676 E380.53362
G1 X119.8 Y115.676 E380.54484
G1 X119.8 Y110.2 E380.57917
G1 X113.081 Y110.2 E380.6213
G1 X113.084 Y111.968 E380.63239
G1 X112.952 Y112.099 E380.63355
G1 X111.201 Y112.1 E380.64453
G1 X111.108 Y112.044 E380.64521
G1 X111.048 Y111.918 E380.64609
G1 X111.048 Y110.2 E380.65686
G1 X108.2 Y110.2 E380.67472
G1 X108.2 Y111.918 E380.68549
G1 X108.14 Y112.044 E380.68637
G1 X108.039 Y112.097 E380.68708
G1 X106.273 Y112.099 E380.69815
G1 X106.144 Y111.968 E380.69931
G1 X106.144 Y110.2 E380.71039
G1 X100.2 Y110.2 E380.74766
G1 X100.201 Y129.799 E380.87055
G1 X119.8 Y129.8 E380.99344
G1 X119.8 Y123.38 E381.0337
G1 X118.025 Y123.376 E381.04483
G0 F7200 X117.937 Y123.328
G0 X117.89 Y123.24
G0 X116.859 Y123.239
;MESH:NONMESH
G0 F600 X116.859 Y123.239 Z14.2
G0 F7200 X100.88 Y110.88
G0 X100.76 Y110.76
;TIME_ELAPSED:1518.862526
;LAYER:139
;TYPE:FILL
;MESH:xyzCalibration_cube.glb
G1 F3600 X119.24 Y129.24 E381.20869
G1 X119.31 Y129.31
G0 F7200 X119.12 Y129.12
G0 X117.73 Y129.09
G0 X117.73 Y129.24
G1 F3600 X119.24 Y127.73 E381.22208
G1 X119.31 Y127.66
G0 F7200 X119.09 Y127.66
G0 X117.54 Y124.145
G0 X117.541 Y123.772
G1 F3600 X112.073 Y129.24 E381.27057
G1 X112.003 Y129.31
G0 F7200 X112.003 Y129.09
G0 X113.583 Y129.09
G0 X113.583 Y129.24
G1 F3600 X100.76 Y116.417 E381.38428
G1 X100.69 Y116.347
G0 F7200 X100.91 Y116.347
G0 X100.91 Y117.925
G0 X100.761 Y117.925
G1 F3600 X106.07 Y112.616 E381.43135
G1 X106.14 Y112.546
G0 F7200 X106.14 Y112.811
G0 X108.242 Y112.811
G0 X108.242 Y112.586
G1 F3600 X117.31 Y121.653 E381.51176
G1 X117.38 Y121.723
G0 F7200 X117.159 Y121.722
G0 X117.569 Y118.447
G0 X117.569 Y118.088
G1 F3600 X106.416 Y129.24 E381.61065
G1 X106.346 Y129.31
G0 F7200 X106.346 Y129.09
G0 X107.926 Y129.09
G0 X107.926 Y129.24
G1 F3600 X100.76 Y122.074 E381.6742
G1 X100.69 Y122.004
G0 F7200 X100.91 Y122.004
G0 X100.91 Y123.582
G0 X100.761 Y123.582
G1 F3600 X111.685 Y112.657 E381.77107
G1 X111.755 Y112.587
G0 F7200 X111.755 Y112.811
G0 X113.785 Y112.738
G0 X113.594 Y112.28
G1 F3600 X117.312 Y115.998 E381.80404
G1 X117.382 Y116.068
G0 F7200 X117.162 Y116.067
G0 X117.234 Y114.98
G0 X119.09 Y112.269
G0 X119.24 Y112.269
G1 F3600 X117.731 Y110.76 E381.81742
G1 X117.661 Y110.69
G0 F7200 X117.661 Y110.91
G0 X119.12 Y110.88
G0 X119.239 Y110.76
G1 F3600 X100.761 Y129.239 E381.98127
G1 X100.691 Y129.309
G0 F7200 X100.88 Y129.12
G0 X100.91 Y127.73
G0 X100.76 Y127.73
G1 F3600 X102.27 Y129.24 E381.99466
G1 X102.34 Y129.31
G0 F7200 X102.34 Y129.09
G0 X100.91 Y112.268
G0 X100.761 Y112.268
G1 F3600 X102.269 Y110.76 E382.00804
G1 X102.339 Y110.69
G0 F7200 X102.339 Y110.91
G0 X117.23 Y124.073
G0 X117.945 Y123.836
;TYPE:WALL-INNER
G1 F3600 X117.677 Y123.692 E382.00994
G1 X117.529 Y123.502 E382.01145
G1 X117.473 Y123.317 E382.01267
G1 X117.469 Y121.488 E382.02413
G1 X117.568 Y121.199 E382.02605
G1 X117.702 Y121.055 E382.02728
G1 X118.015 Y120.934 E382.02939
G1 X119.4 Y120.934 E382.03807
G1 X119.4 Y118.134 E382.05563
G1 X118.015 Y118.134 E382.06431
G1 X117.702 Y118.013 E382.06642
G1 X117.568 Y117.869 E382.06765
G1 X117.468 Y117.611 E382.06938
G1 X117.472 Y115.741 E382.08111
G1 X117.565 Y115.494 E382.08276
G1 X117.683 Y115.359 E382.08389
G1 X117.856 Y115.255 E382.08515
G1 X118.072 Y115.216 E382.08653
G1 X119.4 Y115.216 E382.09486
G1 X119.4 Y110.6 E382.1238
G1 X113.544 Y110.6 E382.16052
G1 X113.544 Y111.9 E382.16867
G1 X113.488 Y112.155 E382.17031
G1 X113.388 Y112.305 E382.17144
G1 X113.202 Y112.443 E382.17289
G1 X113.02 Y112.496 E382.17408
G1 X111.185 Y112.5 E382.18558
G1 X110.886 Y112.324 E382.18776
G1 X110.775 Y112.168 E382.18896
G1 X110.714 Y111.953 E382.19036
G1 X110.709 Y110.6 E382.19884
G1 X108.544 Y110.6 E382.21242
G1 X108.542 Y111.953 E382.2209
G1 X108.481 Y112.168 E382.2223
G1 X108.279 Y112.399 E382.22423
G1 X108.036 Y112.5 E382.22588
G1 X106.205 Y112.495 E382.23736
G1 X106.014 Y112.435 E382.23861
G1 X105.82 Y112.276 E382.24019
G1 X105.744 Y112.155 E382.24108
G1 X105.688 Y111.9 E382.24272
G1 X105.688 Y110.6 E382.25087
G1 X100.6 Y110.6 E382.28277
G1 X100.6 Y129.4 E382.40065
G1 X119.4 Y129.4 E382.51853
G1 X119.4 Y123.836 E382.55342
G1 X117.945 Y123.836 E382.56254
G0 F7200 X118.026 Y123.436
;TYPE:WALL-OUTER
G1 F1800 X117.937 Y123.388 E382.56318
G1 X117.869 Y123.263 E382.56407
G1 X117.868 Y121.517 E382.57502
G1 X117.946 Y121.373 E382.57604
G1 X118.05 Y121.332 E382.57675
G1 X119.8 Y121.335 E382.58772
G1 X119.8 Y117.733 E382.6103
G1 X118.05 Y117.736 E382.62128
G1 X117.946 Y117.695 E382.62198
G1 X117.868 Y117.535 E382.62309
G1 X117.875 Y115.78 E382.6341
G1 X117.909 Y115.698 E382.63465
G1 X118.017 Y115.616 E382.6355
G1 X119.8 Y115.616 E382.64668
G1 X119.8 Y110.2 E382.68064
G1 X113.144 Y110.2 E382.72238
G1 X113.144 Y111.967 E382.73346
G1 X113.012 Y112.099 E382.73463
G1 X111.295 Y112.1 E382.74539
G1 X111.17 Y112.042 E382.74626
G1 X111.112 Y111.918 E382.74712
G1 X111.108 Y110.2 E382.75789
G1 X108.144 Y110.2 E382.77647
G1 X108.144 Y111.918 E382.78725
G1 X108.056 Y112.067 E382.78833
G1 X107.969 Y112.099 E382.78891
G1 X106.215 Y112.099 E382.79991
G1 X106.088 Y111.966 E382.80106
G1 X106.088 Y110.2 E382.81214
G1 X100.2 Y110.2 E382.84905
G1 X100.2 Y129.8 E382.97195
G1 X119.8 Y129.8 E383.09485
G1 X119.8 Y123.436 E383.13475
G1 X118.026 Y123.436 E383.14587
G0 F7200 X117.937 Y123.388
G0 X117.89 Y123.301
G0 X116.859 Y123.3
;MESH:NONMESH
G0 F600 X116.859 Y123.3 Z14.3
G0 F7200 X100.88 Y110.88
G0 X100.761 Y110.761
;TIME_ELAPSED:1527.682524
;LAYER:140
;TYPE:FILL
;MESH:xyzCalibration_cube.glb
G1 F3600 X119.24 Y129.24 E383.30973
G1 X119.31 Y129.31
G0 F7200 X119.12 Y129.12
G0 X117.73 Y129.09
G0 X117.73 Y129.24
G1 F3600 X119.24 Y127.73 E383.32312
G1 X119.31 Y127.66
G0 F7200 X119.09 Y127.66
G0 X117.23 Y124.128
G0 X117.51 Y123.803
G1 F3600 X112.073 Y129.24 E383.37133
G1 X112.003 Y129.31
G0 F7200 X112.003 Y129.09
G0 X113.583 Y129.09
G0 X113.583 Y129.24
G1 F3600 X100.761 Y116.417 E383.48504
G1 X100.691 Y116.347
G0 F7200 X100.91 Y116.347
G0 X100.91 Y117.924
G0 X100.761 Y117.924
G1 F3600 X106.057 Y112.629 E383.53199
G1 X106.127 Y112.559
G0 F7200 X106.127 Y112.811
G0 X108.226 Y112.811
G0 X108.226 Y112.569
G1 F3600 X117.31 Y121.653 E383.61255
G1 X117.38 Y121.723
G0 F7200 X117.159 Y121.722
G0 X117.593 Y118.387
G0 X117.593 Y118.063
G1 F3600 X106.416 Y129.24 E383.71166
G1 X106.346 Y129.31
G0 F7200 X106.346 Y129.09
G0 X107.926 Y129.09
G0 X107.926 Y129.24
G1 F3600 X100.761 Y122.074 E383.77519
G1 X100.691 Y122.004
G0 F7200 X100.91 Y122.004
G0 X100.91 Y123.581
G0 X100.761 Y123.581
G1 F3600 X111.683 Y112.659 E383.87204
G1 X111.753 Y112.589
G0 F7200 X111.753 Y112.811
G0 X113.849 Y112.738
G0 X113.632 Y112.318
G1 F3600 X117.312 Y115.998 E383.90468
G1 X117.382 Y116.068
G0 F7200 X117.162 Y116.068
G0 X117.234 Y114.922
G0 X119.09 Y112.269
G0 X119.24 Y112.269
G1 F3600 X117.731 Y110.76 E383.91806
G1 X117.661 Y110.69
G0 F7200 X117.661 Y110.91
G0 X119.12 Y110.88
G0 X119.239 Y110.76
G1 F3600 X100.761 Y129.238 E384.08191
G1 X100.691 Y129.308
G0 F7200 X100.88 Y129.12
G0 X100.91 Y127.731
G0 X100.761 Y127.731
G1 F3600 X102.27 Y129.24 E384.09529
G1 X102.34 Y129.31
G0 F7200 X102.34 Y129.09
G0 X100.91 Y112.267
G0 X100.761 Y112.267
G1 F3600 X102.268 Y110.76 E384.10865
G1 X102.338 Y110.69
G0 F7200 X102.338 Y110.91
G0 X117.23 Y124.128
G0 X117.947 Y123.892
;TYPE:WALL-INNER
G1 F3600 X117.679 Y123.75 E384.11055
G1 X117.53 Y123.559 E384.11207
G1 X117.473 Y123.373 E384.11329
G1 X117.469 Y121.54 E384.12479
G1 X117.571 Y121.25 E384.12671
G1 X117.838 Y121.033 E384.12887
G1 X118.03 Y120.989 E384.13011
G1 X119.4 Y120.99 E384.1387
G1 X119.4 Y118.076 E384.15697
G1 X118.033 Y118.075 E384.16554
G1 X117.841 Y118.03 E384.16678
G1 X117.623 Y117.876 E384.16845
G1 X117.472 Y117.553 E384.17069
G1 X117.472 Y115.683 E384.18241
G1 X117.564 Y115.435 E384.18407
G1 X117.685 Y115.296 E384.18522
G1 X117.861 Y115.194 E384.1865
G1 X118.072 Y115.156 E384.18784
G1 X119.4 Y115.156 E384.19617
G1 X119.4 Y110.6 E384.22474
G1 X113.608 Y110.6 E384.26105
G1 X113.608 Y111.9 E384.26921
G1 X113.554 Y112.151 E384.27082
G1 X113.453 Y112.304 E384.27197
G1 X113.266 Y112.442 E384.27342
G1 X113.084 Y112.496 E384.27461
G1 X111.347 Y112.5 E384.2855
G1 X111.144 Y112.454 E384.28681
G1 X110.943 Y112.316 E384.28834
G1 X110.835 Y112.16 E384.28953
G1 X110.778 Y111.953 E384.29087
G1 X110.773 Y110.6 E384.29936
G1 X108.487 Y110.6 E384.31369
G1 X108.482 Y111.953 E384.32217
G1 X108.425 Y112.16 E384.32352
G1 X108.317 Y112.316 E384.32471
G1 X108.082 Y112.467 E384.32646
G1 X107.962 Y112.496 E384.32724
G1 X106.148 Y112.495 E384.33861
G1 X105.956 Y112.434 E384.33987
G1 X105.762 Y112.274 E384.34145
G1 X105.686 Y112.152 E384.34235
G1 X105.632 Y111.9 E384.34397
G1 X105.632 Y110.6 E384.35212
G1 X100.601 Y110.601 E384.38366
G1 X100.6 Y129.4 E384.50154
G1 X119.4 Y129.4 E384.61942
G1 X119.4 Y123.895 E384.65393
G1 X117.947 Y123.892 E384.66304
G0 F7200 X117.996 Y123.492
;TYPE:WALL-OUTER
G1 F1800 X117.869 Y123.362 E384.66418
G1 X117.868 Y121.572 E384.67541
G1 X117.902 Y121.475 E384.67605
G1 X118.01 Y121.388 E384.67692
G1 X119.8 Y121.391 E384.68815
G1 X119.8 Y117.676 E384.71144
G1 X118.059 Y117.676 E384.72236
G1 X117.95 Y117.635 E384.72309
G1 X117.872 Y117.528 E384.72392
G1 X117.875 Y115.671 E384.73556
G1 X118.016 Y115.556 E384.7367
G1 X119.8 Y115.556 E384.74789
G1 X119.8 Y110.2 E384.78147
G1 X113.208 Y110.2 E384.8228
G1 X113.208 Y111.9 E384.83346
G1 X113.157 Y112.035 E384.83437
G1 X113.034 Y112.099 E384.83524
G1 X111.358 Y112.1 E384.84575
G1 X111.261 Y112.065 E384.84639
G1 X111.176 Y111.918 E384.84746
G1 X111.172 Y110.2 E384.85823
G1 X108.088 Y110.2 E384.87757
G1 X108.084 Y111.918 E384.88834
G1 X108.029 Y112.039 E384.88917
G1 X107.918 Y112.098 E384.88996
G1 X106.16 Y112.099 E384.90098
G1 X106.032 Y111.965 E384.90215
G1 X106.032 Y110.2 E384.91321
G1 X100.201 Y110.201 E384.94977
G1 X100.2 Y129.8 E385.07266
G1 X119.8 Y129.8 E385.19556
G1 X119.8 Y123.496 E385.23509
G1 X117.996 Y123.492 E385.2464
G0 F7200 X117.869 Y123.362
G0 X117.869 Y123.344
G0 X116.859 Y123.343
;MESH:NONMESH
G0 F600 X116.859 Y123.343 Z14.4
G0 F7200 X100.88 Y110.88
G0 X100.761 Y110.761
;TIME_ELAPSED:1536.513015
;LAYER:141
;TYPE:FILL
;MESH:xyzCalibration_cube.glb
G1 F3600 X119.24 Y129.24 E385.41026
G1 X119.31 Y129.31
G0 F7200 X119.12 Y129.12
G0 X117.73 Y129.09
G0 X117.73 Y129.24
G1 F3600 X119.24 Y127.73 E385.42365
G1 X119.31 Y127.66
G0 F7200 X119.09 Y127.66
G0 X117.229 Y124.185
G0 X117.483 Y123.83
G1 F3600 X112.073 Y129.24 E385.47162
G1 X112.003 Y129.31
G0 F7200 X112.003 Y129.09
G0 X113.583 Y129.09
G0 X113.583 Y129.24
G1 F3600 X100.761 Y116.417 E385.58532
G1 X100.691 Y116.347
G0 F7200 X100.91 Y116.347
G0 X100.91 Y117.924
G0 X100.761 Y117.924
G1 F3600 X106.043 Y112.642 E385.63216
G1 X106.113 Y112.572
G0 F7200 X106.113 Y112.811
G0 X108.21 Y112.811
G0 X108.21 Y112.553
G1 F3600 X117.31 Y121.653 E385.71285
G1 X117.38 Y121.723
G0 F7200 X117.16 Y121.722
G0 X117.637 Y118.33
G0 X117.637 Y118.019
G1 F3600 X106.416 Y129.24 E385.81235
G1 X106.346 Y129.31
G0 F7200 X106.346 Y129.09
G0 X107.926 Y129.09
G0 X107.926 Y129.24
G1 F3600 X100.761 Y122.074 E385.87589
G1 X100.691 Y122.004
G0 F7200 X100.91 Y122.004
G0 X100.91 Y123.581
G0 X100.761 Y123.581
G1 F3600 X111.686 Y112.656 E385.97277
G1 X111.756 Y112.586
G0 F7200 X111.756 Y112.811
G0 X113.913 Y112.738
G0 X113.67 Y112.356
G1 F3600 X117.311 Y115.997 E386.00505
G1 X117.381 Y116.067
G0 F7200 X117.162 Y116.066
G0 X117.234 Y114.862
G0 X119.09 Y112.269
G0 X119.24 Y112.269
G1 F3600 X117.731 Y110.76 E386.01844
G1 X117.661 Y110.69
G0 F7200 X117.661 Y110.91
G0 X119.12 Y110.88
G0 X119.239 Y110.76
G1 F3600 X100.761 Y129.238 E386.18229
G1 X100.691 Y129.308
G0 F7200 X100.88 Y129.12
G0 X100.91 Y127.731
G0 X100.761 Y127.731
G1 F3600 X102.27 Y129.24 E386.19567
G1 X102.34 Y129.31
G0 F7200 X102.34 Y129.09
G0 X100.91 Y112.267
G0 X100.761 Y112.267
G1 F3600 X102.268 Y110.76 E386.20903
G1 X102.338 Y110.69
G0 F7200 X102.338 Y110.91
G0 X117.229 Y124.185
G0 X117.948 Y123.948
;TYPE:WALL-INNER
G1 F3600 X117.681 Y123.808 E386.21092
G1 X117.531 Y123.616 E386.21245
G1 X117.473 Y123.43 E386.21367
G1 X117.475 Y121.546 E386.22548
G1 X117.622 Y121.242 E386.2276
G1 X117.831 Y121.092 E386.22921
G1 X118.014 Y121.046 E386.2304
G1 X119.4 Y121.046 E386.23909
G1 X119.4 Y118.016 E386.25809
G1 X118.014 Y118.014 E386.26678
G1 X117.831 Y117.968 E386.26796
G1 X117.622 Y117.818 E386.26957
G1 X117.468 Y117.494 E386.27182
G1 X117.472 Y115.619 E386.28358
G1 X117.564 Y115.376 E386.28521
G1 X117.687 Y115.234 E386.28639
G1 X117.865 Y115.132 E386.28767
G1 X118.072 Y115.096 E386.28899
G1 X119.4 Y115.096 E386.29732
G1 X119.4 Y110.6 E386.32551
G1 X113.672 Y110.6 E386.36142
G1 X113.672 Y111.9 E386.36957
G1 X113.62 Y112.147 E386.37116
G1 X113.517 Y112.304 E386.37233
G1 X113.334 Y112.441 E386.37377
G1 X113.15 Y112.495 E386.37497
G1 X111.405 Y112.5 E386.38591
G1 X111.151 Y112.429 E386.38757
G1 X110.996 Y112.309 E386.38879
G1 X110.892 Y112.153 E386.38997
G1 X110.838 Y111.953 E386.39127
G1 X110.836 Y110.6 E386.39975
G1 X108.431 Y110.6 E386.41483
G1 X108.426 Y111.953 E386.42332
G1 X108.372 Y112.153 E386.42461
G1 X108.268 Y112.309 E386.42579
G1 X108.113 Y112.429 E386.42702
G1 X107.91 Y112.495 E386.42836
G1 X106.092 Y112.495 E386.43976
G1 X105.899 Y112.433 E386.44103
G1 X105.704 Y112.272 E386.44261
G1 X105.629 Y112.148 E386.44352
G1 X105.576 Y111.9 E386.44511
G1 X105.576 Y110.6 E386.45326
G1 X100.601 Y110.601 E386.48446
G1 X100.6 Y129.4 E386.60233
G1 X119.4 Y129.4 E386.72021
G1 X119.4 Y123.951 E386.75438
G1 X117.948 Y123.948 E386.76348
G0 F7200 X118.027 Y123.548
;TYPE:WALL-OUTER
G1 F1800 X117.909 Y123.471 E386.76436
G1 X117.869 Y123.376 E386.76501
G1 X117.868 Y121.626 E386.77598
G1 X117.919 Y121.51 E386.77678
G1 X118.05 Y121.444 E386.7777
G1 X119.8 Y121.447 E386.78867
G1 X119.8 Y117.616 E386.81269
G1 X118.006 Y117.616 E386.82394
G1 X117.868 Y117.485 E386.82513
G1 X117.875 Y115.61 E386.83689
G1 X118.018 Y115.496 E386.83804
G1 X119.8 Y115.496 E386.84921
G1 X119.8 Y110.2 E386.88242
G1 X113.272 Y110.2 E386.92335
G1 X113.272 Y111.965 E386.93442
G1 X113.143 Y112.099 E386.93558
G1 X111.385 Y112.1 E386.94661
G1 X111.289 Y112.037 E386.94733
G1 X111.236 Y111.918 E386.94814
G1 X111.236 Y110.2 E386.95891
G1 X108.032 Y110.2 E386.979
G1 X108.028 Y111.918 E386.98978
G1 X107.975 Y112.037 E386.99059
G1 X107.856 Y112.099 E386.99143
G1 X106.103 Y112.099 E387.00243
G1 X105.976 Y111.965 E387.00358
G1 X105.976 Y110.2 E387.01465
G1 X100.201 Y110.201 E387.05086
G1 X100.2 Y129.8 E387.17375
G1 X119.8 Y129.8 E387.29665
G1 X119.8 Y123.552 E387.33582
G1 X118.027 Y123.548 E387.34694
G0 F7200 X117.909 Y123.471
G0 X117.887 Y123.417
G0 X116.858 Y123.416
;MESH:NONMESH
G0 F600 X116.858 Y123.416 Z14.5
G0 F7200 X100.88 Y110.88
G0 X100.761 Y110.761
;TIME_ELAPSED:1545.343953
;LAYER:142
;TYPE:FILL
;MESH:xyzCalibration_cube.glb
G1 F3600 X119.24 Y129.24 E387.5108
G1 X119.31 Y129.31
G0 F7200 X119.12 Y129.12
G0 X117.73 Y129.09
G0 X117.73 Y129.24
G1 F3600 X119.24 Y127.73 E387.52419
G1 X119.31 Y127.66
G0 F7200 X119.09 Y127.66
G0 X117.23 Y124.243
G0 X117.468 Y123.845
G1 F3600 X112.073 Y129.24 E387.57203
G1 X112.003 Y129.31
G0 F7200 X112.003 Y129.09
G0 X113.583 Y129.09
G0 X113.583 Y129.239
G1 F3600 X100.761 Y116.418 E387.68572
G1 X100.691 Y116.348
G0 F7200 X100.91 Y116.348
G0 X100.91 Y117.924
G0 X100.761 Y117.924
G1 F3600 X106.031 Y112.655 E387.73245
G1 X106.101 Y112.585
G0 F7200 X106.101 Y112.811
G0 X108.18 Y112.811
G0 X108.18 Y112.523
G1 F3600 X117.31 Y121.653 E387.81341
G1 X117.38 Y121.723
G0 F7200 X117.161 Y121.722
G0 X117.67 Y118.27
G0 X117.67 Y117.986
G1 F3600 X106.416 Y129.24 E387.9132
G1 X106.346 Y129.31
G0 F7200 X106.346 Y129.09
G0 X107.926 Y129.09
G0 X107.926 Y129.239
G1 F3600 X100.761 Y122.075 E387.97673
G1 X100.691 Y122.005
G0 F7200 X100.91 Y122.005
G0 X100.91 Y123.581
G0 X100.761 Y123.581
G1 F3600 X111.684 Y112.658 E388.07359
G1 X111.754 Y112.588
G0 F7200 X111.754 Y112.811
G0 X113.977 Y112.738
G0 X113.708 Y112.395
G1 F3600 X117.312 Y115.998 E388.10554
G1 X117.382 Y116.068
G0 F7200 X117.162 Y116.068
G0 X117.234 Y114.802
G0 X119.09 Y112.269
G0 X119.24 Y112.269
G1 F3600 X117.731 Y110.76 E388.11892
G1 X117.661 Y110.69
G0 F7200 X117.661 Y110.91
G0 X119.12 Y110.88
G0 X119.239 Y110.76
G1 F3600 X100.761 Y129.238 E388.28278
G1 X100.691 Y129.308
G0 F7200 X100.88 Y129.12
G0 X100.91 Y127.732
G0 X100.761 Y127.732
G1 F3600 X102.269 Y129.239 E388.29614
G1 X102.339 Y129.309
G0 F7200 X102.339 Y129.09
G0 X100.91 Y112.267
G0 X100.761 Y112.267
G1 F3600 X102.268 Y110.76 E388.30951
G1 X102.338 Y110.69
G0 F7200 X102.338 Y110.91
G0 X117.23 Y124.243
G0 X117.801 Y123.942
;TYPE:WALL-INNER
G1 F3600 X117.683 Y123.865 E388.31039
G1 X117.531 Y123.673 E388.31193
G1 X117.473 Y123.486 E388.31315
G1 X117.47 Y121.644 E388.3247
G1 X117.547 Y121.401 E388.3263
G1 X117.701 Y121.224 E388.32777
G1 X117.998 Y121.104 E388.32978
G1 X119.4 Y121.102 E388.33857
G1 X119.4 Y117.958 E388.35829
G1 X118.001 Y117.956 E388.36706
G1 X117.704 Y117.835 E388.36907
G1 X117.53 Y117.62 E388.3708
G1 X117.472 Y117.439 E388.37199
G1 X117.472 Y115.56 E388.38378
G1 X117.626 Y115.233 E388.38604
G1 X117.87 Y115.07 E388.38788
G1 X118.072 Y115.036 E388.38917
G1 X119.4 Y115.036 E388.39749
G1 X119.4 Y110.6 E388.42531
G1 X113.736 Y110.6 E388.46082
G1 X113.736 Y111.9 E388.46897
G1 X113.686 Y112.142 E388.47052
G1 X113.582 Y112.303 E388.47172
G1 X113.399 Y112.44 E388.47316
G1 X113.214 Y112.496 E388.47437
G1 X111.467 Y112.5 E388.48532
G1 X111.207 Y112.424 E388.48702
G1 X111.053 Y112.301 E388.48826
G1 X110.952 Y112.146 E388.48942
G1 X110.902 Y111.953 E388.49067
G1 X110.9 Y110.6 E388.49915
G1 X108.375 Y110.6 E388.51498
G1 X108.37 Y111.953 E388.52347
G1 X108.32 Y112.146 E388.52472
G1 X108.219 Y112.301 E388.52588
G1 X107.982 Y112.463 E388.52768
G1 X107.857 Y112.494 E388.52849
G1 X106.035 Y112.495 E388.53991
G1 X105.842 Y112.432 E388.54118
G1 X105.646 Y112.269 E388.54278
G1 X105.571 Y112.144 E388.5437
G1 X105.52 Y111.9 E388.54526
G1 X105.52 Y110.6 E388.55341
G1 X100.601 Y110.601 E388.58425
G1 X100.601 Y129.399 E388.70212
G1 X119.4 Y129.4 E388.81999
G1 X119.4 Y124.007 E388.85381
G1 X118.066 Y124.004 E388.86217
G1 X117.801 Y123.942 E388.86388
G0 F7200 X117.999 Y123.604
;TYPE:WALL-OUTER
G1 F1800 X117.869 Y123.474 E388.86503
G1 X117.868 Y121.681 E388.87627
G1 X117.945 Y121.541 E388.87728
G1 X118.044 Y121.501 E388.87795
G1 X119.8 Y121.503 E388.88896
G1 X119.8 Y117.557 E388.9137
G1 X118.048 Y117.559 E388.92468
G1 X117.923 Y117.495 E388.92556
G1 X117.877 Y117.408 E388.92618
G1 X117.875 Y115.6 E388.93752
G1 X117.944 Y115.481 E388.93838
G1 X118.023 Y115.436 E388.93895
G1 X119.8 Y115.436 E388.95009
G1 X119.8 Y110.2 E388.98292
G1 X113.336 Y110.2 E389.02345
G1 X113.336 Y111.9 E389.03411
G1 X113.285 Y112.035 E389.03502
G1 X113.162 Y112.099 E389.03589
G1 X111.451 Y112.095 E389.04661
G1 X111.351 Y112.034 E389.04735
G1 X111.3 Y111.918 E389.04814
G1 X111.3 Y110.2 E389.05892
G1 X107.976 Y110.2 E389.07976
G1 X107.972 Y111.964 E389.09082
G1 X107.816 Y112.096 E389.0921
G1 X106.047 Y112.099 E389.10319
G1 X105.92 Y111.964 E389.10435
G1 X105.92 Y110.2 E389.11541
G1 X100.201 Y110.201 E389.15127
G1 X100.201 Y129.799 E389.27416
G1 X119.8 Y129.8 E389.39705
G1 X119.8 Y123.608 E389.43587
G1 X117.999 Y123.604 E389.44716
G0 F7200 X117.869 Y123.474
G0 X117.869 Y123.458
G0 X116.859 Y123.457
;MESH:NONMESH
G0 F600 X116.859 Y123.457 Z14.6
G0 F7200 X100.88 Y110.88
G0 X100.761 Y110.761
;TIME_ELAPSED:1554.176631
;LAYER:143
;TYPE:FILL
;MESH:xyzCalibration_cube.glb
G1 F3600 X119.24 Y129.24 E389.61102
G1 X119.31 Y129.31
G0 F7200 X119.12 Y129.12
G0 X117.73 Y129.09
G0 X117.73 Y129.24
G1 F3600 X119.239 Y127.73 E389.62441
G1 X119.309 Y127.66
G0 F7200 X119.09 Y127.66
G0 X117.231 Y124.298
G0 X117.443 Y123.87
G1 F3600 X112.073 Y129.24 E389.67203
G1 X112.003 Y129.31
G0 F7200 X112.003 Y129.09
G0 X113.583 Y129.09
G0 X113.583 Y129.24
G1 F3600 X100.761 Y116.417 E389.78573
G1 X100.691 Y116.347
G0 F7200 X100.91 Y116.347
G0 X100.91 Y117.924
G0 X100.761 Y117.924
G1 F3600 X106.026 Y112.659 E389.83242
G1 X106.096 Y112.589
G0 F7200 X106.096 Y112.812
G0 X108.162 Y112.812
G0 X108.162 Y112.505
G1 F3600 X117.318 Y121.661 E389.91361
G1 X117.388 Y121.731
G0 F7200 X117.16 Y121.73
G0 X117.702 Y118.213
G0 X117.702 Y117.954
G1 F3600 X106.416 Y129.24 E390.01368
G1 X106.346 Y129.31
G0 F7200 X106.346 Y129.09
G0 X107.926 Y129.09
G0 X107.926 Y129.24
G1 F3600 X100.761 Y122.074 E390.07722
G1 X100.691 Y122.004
G0 F7200 X100.91 Y122.004
G0 X100.91 Y123.581
G0 X100.761 Y123.581
G1 F3600 X111.684 Y112.658 E390.17408
G1 X111.754 Y112.588
G0 F7200 X111.754 Y112.812
G0 X114.041 Y112.739
G0 X113.741 Y112.427
G1 F3600 X117.311 Y115.997 E390.20574
G1 X117.381 Y116.067
G0 F7200 X117.162 Y116.066
G0 X117.234 Y114.741
G0 X119.09 Y112.269
G0 X119.24 Y112.269
G1 F3600 X117.731 Y110.76 E390.21912
G1 X117.661 Y110.69
G0 F7200 X117.661 Y110.91
G0 X119.12 Y110.88
G0 X119.239 Y110.76
G1 F3600 X100.761 Y129.238 E390.38297
G1 X100.691 Y129.308
G0 F7200 X100.88 Y129.12
G0 X100.91 Y127.731
G0 X100.761 Y127.731
G1 F3600 X102.27 Y129.24 E390.39635
G1 X102.34 Y129.31
G0 F7200 X102.34 Y129.09
G0 X100.91 Y112.267
G0 X100.761 Y112.267
G1 F3600 X102.268 Y110.76 E390.40971
G1 X102.338 Y110.69
G0 F7200 X102.338 Y110.91
G0 X117.231 Y124.298
G0 X117.804 Y124
;TYPE:WALL-INNER
G1 F3600 X117.686 Y123.923 E390.4106
G1 X117.532 Y123.731 E390.41214
G1 X117.473 Y123.542 E390.41338
G1 X117.47 Y121.696 E390.42496
G1 X117.579 Y121.407 E390.42689
G1 X117.7 Y121.281 E390.42799
G1 X117.982 Y121.162 E390.42991
G1 X119.4 Y121.158 E390.4388
G1 X119.4 Y117.9 E390.45923
G1 X117.982 Y117.894 E390.46812
G1 X117.7 Y117.775 E390.47004
G1 X117.529 Y117.565 E390.47174
G1 X117.468 Y117.38 E390.47296
G1 X117.472 Y115.496 E390.48477
G1 X117.563 Y115.257 E390.48637
G1 X117.692 Y115.111 E390.4876
G1 X117.875 Y115.009 E390.48891
G1 X118.072 Y114.976 E390.49016
G1 X119.4 Y114.976 E390.49849
G1 X119.4 Y110.6 E390.52593
G1 X113.8 Y110.6 E390.56104
G1 X113.8 Y111.9 E390.56919
G1 X113.752 Y112.138 E390.57071
G1 X113.646 Y112.302 E390.57194
G1 X113.467 Y112.438 E390.57335
G1 X113.279 Y112.495 E390.57458
G1 X111.498 Y112.497 E390.58575
G1 X111.313 Y112.446 E390.58695
G1 X111.113 Y112.296 E390.58852
G1 X111.015 Y112.144 E390.58965
G1 X110.966 Y111.953 E390.59089
G1 X110.964 Y110.6 E390.59937
G1 X108.319 Y110.6 E390.61596
G1 X108.314 Y111.953 E390.62444
G1 X108.265 Y112.144 E390.62568
G1 X108.167 Y112.296 E390.62681
G1 X108.015 Y112.421 E390.62804
G1 X107.763 Y112.499 E390.6297
G1 X105.979 Y112.495 E390.64088
G1 X105.784 Y112.432 E390.64217
G1 X105.588 Y112.267 E390.64378
G1 X105.513 Y112.14 E390.6447
G1 X105.464 Y111.9 E390.64624
G1 X105.464 Y110.6 E390.65439
G1 X100.601 Y110.601 E390.68488
G1 X100.6 Y129.4 E390.80275
G1 X119.4 Y129.4 E390.92063
G1 X119.4 Y124.063 E390.9541
G1 X118.066 Y124.06 E390.96246
G1 X117.804 Y124 E390.96415
G0 F7200 X118.067 Y123.66
;TYPE:WALL-OUTER
G1 F1800 X117.94 Y123.615 E390.96499
G1 X117.869 Y123.488 E390.9659
G1 X117.868 Y121.736 E390.97689
G1 X117.92 Y121.62 E390.97769
G1 X118.039 Y121.558 E390.97853
G1 X119.8 Y121.559 E390.98957
G1 X119.8 Y117.5 E391.01502
G1 X118.039 Y117.498 E391.02606
G1 X117.945 Y117.459 E391.0267
G1 X117.873 Y117.349 E391.02752
G1 X117.875 Y115.539 E391.03887
G1 X117.945 Y115.421 E391.03973
G1 X118.026 Y115.376 E391.04031
G1 X119.8 Y115.376 E391.05144
G1 X119.8 Y110.2 E391.08389
G1 X113.4 Y110.2 E391.12402
G1 X113.4 Y111.9 E391.13468
G1 X113.36 Y112.022 E391.13548
G1 X113.227 Y112.099 E391.13645
G1 X111.529 Y112.098 E391.1471
G1 X111.364 Y111.963 E391.14843
G1 X111.364 Y110.2 E391.15949
G1 X107.92 Y110.2 E391.18108
G1 X107.916 Y111.918 E391.19185
G1 X107.867 Y112.032 E391.19263
G1 X107.732 Y112.1 E391.19358
G1 X105.989 Y112.099 E391.20451
G1 X105.864 Y111.963 E391.20567
G1 X105.864 Y110.2 E391.21672
G1 X100.201 Y110.201 E391.25223
G1 X100.2 Y129.8 E391.37512
G1 X119.8 Y129.8 E391.49801
G1 X119.8 Y123.664 E391.53649
G1 X118.067 Y123.66 E391.54735
G0 F7200 X117.94 Y123.615
G0 X117.909 Y123.559
G0 X116.86 Y123.558
;MESH:NONMESH
G0 F600 X116.86 Y123.558 Z14.7
G0 F7200 X100.88 Y110.88
G0 X100.76 Y110.76
;TIME_ELAPSED:1563.007386
;LAYER:144
;TYPE:FILL
;MESH:xyzCalibration_cube.glb
G1 F3600 X119.24 Y129.24 E391.71122
G1 X119.31 Y129.31
G0 F7200 X119.12 Y129.12
G0 X117.73 Y129.09
G0 X117.73 Y129.24
G1 F3600 X119.24 Y127.73 E391.72461
G1 X119.31 Y127.66
G0 F7200 X119.09 Y127.66
G0 X117.231 Y124.355
G0 X117.418 Y123.895
G1 F3600 X112.073 Y129.24 E391.77201
G1 X112.003 Y129.31
G0 F7200 X112.003 Y129.09
G0 X113.583 Y129.09
G0 X113.583 Y129.24
G1 F3600 X100.76 Y116.417 E391.88572
G1 X100.69 Y116.347
G0 F7200 X100.91 Y116.347
G0 X100.91 Y117.925
G0 X100.761 Y117.925
G1 F3600 X106.026 Y112.659 E391.93241
G1 X106.096 Y112.589
G0 F7200 X106.096 Y112.812
G0 X108.129 Y112.812
G0 X108.129 Y112.472
G1 F3600 X117.33 Y121.673 E392.014
G1 X117.4 Y121.743
G0 F7200 X117.16 Y121.742
G0 X117.733 Y118.155
G0 X117.733 Y117.923
G1 F3600 X106.416 Y129.24 E392.11435
G1 X106.346 Y129.31
G0 F7200 X106.346 Y129.09
G0 X107.926 Y129.09
G0 X107.926 Y129.24
G1 F3600 X100.76 Y122.074 E392.17789
G1 X100.69 Y122.004
G0 F7200 X100.91 Y122.004
G0 X100.91 Y123.582
G0 X100.761 Y123.582
G1 F3600 X111.683 Y112.659 E392.27474
G1 X111.753 Y112.589
G0 F7200 X111.753 Y112.812
G0 X113.769 Y112.812
G0 X113.769 Y112.455
G1 F3600 X117.311 Y115.997 E392.30615
G1 X117.381 Y116.067
G0 F7200 X117.162 Y116.066
G0 X117.234 Y114.683
G0 X119.09 Y112.269
G0 X119.24 Y112.269
G1 F3600 X117.731 Y110.76 E392.31953
G1 X117.661 Y110.69
G0 F7200 X117.661 Y110.91
G0 X119.12 Y110.88
G0 X119.239 Y110.76
G1 F3600 X100.761 Y129.239 E392.48339
G1 X100.691 Y129.309
G0 F7200 X100.88 Y129.12
G0 X100.91 Y127.73
G0 X100.76 Y127.73
G1 F3600 X102.27 Y129.24 E392.49678
G1 X102.34 Y129.31
G0 F7200 X102.34 Y129.09
G0 X100.91 Y112.268
G0 X100.761 Y112.268
G1 F3600 X102.269 Y110.76 E392.51015
G1 X102.339 Y110.69
G0 F7200 X102.339 Y110.91
G0 X117.231 Y124.355
G0 X117.807 Y124.057
;TYPE:WALL-INNER
G1 F3600 X117.688 Y123.981 E392.51104
G1 X117.532 Y123.788 E392.51259
G1 X117.473 Y123.599 E392.51383
G1 X117.471 Y121.748 E392.52544
G1 X117.531 Y121.542 E392.52679
G1 X117.627 Y121.404 E392.52784
G1 X117.811 Y121.269 E392.52927
G1 X117.994 Y121.212 E392.53047
G1 X119.4 Y121.214 E392.53929
G1 X119.4 Y117.842 E392.56043
G1 X117.994 Y117.844 E392.56925
G1 X117.811 Y117.787 E392.57045
G1 X117.581 Y117.596 E392.57232
G1 X117.468 Y117.318 E392.57421
G1 X117.472 Y115.439 E392.58599
G1 X117.519 Y115.285 E392.587
G1 X117.695 Y115.052 E392.58883
G1 X117.88 Y114.951 E392.59015
G1 X118.07 Y114.92 E392.59136
G1 X119.4 Y114.917 E392.5997
G1 X119.4 Y110.6 E392.62676
G1 X113.864 Y110.6 E392.66148
G1 X113.864 Y111.9 E392.66963
G1 X113.818 Y112.133 E392.67112
G1 X113.711 Y112.302 E392.67237
G1 X113.533 Y112.438 E392.67378
G1 X113.264 Y112.5 E392.67551
G1 X111.59 Y112.499 E392.686
G1 X111.324 Y112.418 E392.68775
G1 X111.176 Y112.296 E392.68895
G1 X111.082 Y112.151 E392.69003
G1 X111.03 Y111.953 E392.69132
G1 X111.025 Y110.6 E392.6998
G1 X108.26 Y110.6 E392.71714
G1 X108.258 Y111.953 E392.72562
G1 X108.206 Y112.151 E392.7269
G1 X108.028 Y112.375 E392.7287
G1 X107.709 Y112.499 E392.73084
G1 X105.919 Y112.494 E392.74207
G1 X105.723 Y112.431 E392.74336
G1 X105.526 Y112.264 E392.74498
G1 X105.452 Y112.136 E392.7459
G1 X105.404 Y111.898 E392.74743
G1 X105.406 Y110.6 E392.75557
G1 X100.6 Y110.6 E392.7857
G1 X100.6 Y129.4 E392.90358
G1 X119.4 Y129.4 E393.02146
G1 X119.4 Y124.119 E393.05457
G1 X118.066 Y124.116 E393.06294
G1 X117.807 Y124.057 E393.0646
G0 F7200 X118.004 Y123.716
;TYPE:WALL-OUTER
G1 F1800 X117.91 Y123.64 E393.06536
G1 X117.869 Y123.544 E393.06601
G1 X117.873 Y121.764 E393.07718
G1 X117.945 Y121.653 E393.078
G1 X118.034 Y121.614 E393.07861
G1 X119.8 Y121.615 E393.08969
G1 X119.8 Y117.441 E393.11586
G1 X118.034 Y117.442 E393.12693
G1 X117.945 Y117.403 E393.12754
G1 X117.868 Y117.296 E393.12837
G1 X117.875 Y115.483 E393.13974
G1 X117.912 Y115.399 E393.14031
G1 X118.022 Y115.32 E393.14116
G1 X119.8 Y115.316 E393.15231
G1 X119.8 Y110.2 E393.18439
G1 X113.464 Y110.2 E393.22412
G1 X113.464 Y111.958 E393.23514
G1 X113.307 Y112.1 E393.23647
G1 X111.571 Y112.099 E393.24735
G1 X111.477 Y112.032 E393.24807
G1 X111.428 Y111.918 E393.24885
G1 X111.424 Y110.2 E393.25962
G1 X107.86 Y110.2 E393.28197
G1 X107.86 Y111.918 E393.29274
G1 X107.783 Y112.059 E393.29375
G1 X107.677 Y112.1 E393.29446
G1 X105.975 Y112.098 E393.30514
G1 X105.844 Y112.022 E393.30609
G1 X105.804 Y111.899 E393.3069
G1 X105.807 Y110.2 E393.31755
G1 X100.2 Y110.2 E393.35271
G1 X100.2 Y129.8 E393.4756
G1 X119.8 Y129.8 E393.5985
G1 X119.8 Y123.72 E393.63662
G1 X118.004 Y123.716 E393.64788
G0 F7200 X117.91 Y123.64
G0 X117.879 Y123.568
G0 X116.86 Y123.567
;MESH:NONMESH
G0 F600 X116.86 Y123.567 Z14.8
G0 F7200 X100.88 Y110.88
G0 X100.76 Y110.76
;TIME_ELAPSED:1571.835683
;LAYER:145
;TYPE:FILL
;MESH:xyzCalibration_cube.glb
G1 F3600 X119.24 Y129.24 E393.81175
G1 X119.31 Y129.31
G0 F7200 X119.12 Y129.12
G0 X117.73 Y129.09
G0 X117.73 Y129.24
G1 F3600 X119.24 Y127.73 E393.82514
G1 X119.31 Y127.66
G0 F7200 X119.09 Y127.66
G0 X117.231 Y124.413
G0 X117.391 Y123.922
G1 F3600 X112.073 Y129.24 E393.8723
G1 X112.003 Y129.31
G0 F7200 X112.003 Y129.09
G0 X113.583 Y129.09
G0 X113.583 Y129.239
G1 F3600 X100.76 Y116.417 E393.986
G1 X100.69 Y116.347
G0 F7200 X100.91 Y116.347
G0 X100.91 Y117.925
G0 X100.761 Y117.925
G1 F3600 X106.026 Y112.659 E394.03269
G1 X106.096 Y112.589
G0 F7200 X106.096 Y112.812
G0 X108.109 Y112.812
G0 X108.109 Y112.452
G1 F3600 X117.34 Y121.683 E394.11455
G1 X117.41 Y121.753
G0 F7200 X117.16 Y121.752
G0 X117.791 Y118.096
G0 X117.791 Y117.865
G1 F3600 X106.416 Y129.24 E394.21541
G1 X106.346 Y129.31
G0 F7200 X106.346 Y129.09
G0 X107.926 Y129.09
G0 X107.926 Y129.239
G1 F3600 X100.761 Y122.074 E394.27895
G1 X100.691 Y122.004
G0 F7200 X100.91 Y122.004
G0 X100.91 Y123.581
G0 X100.761 Y123.581
G1 F3600 X111.683 Y112.659 E394.3758
G1 X111.753 Y112.589
G0 F7200 X111.753 Y112.812
G0 X113.804 Y112.812
G0 X113.804 Y112.49
G1 F3600 X117.312 Y115.998 E394.4069
G1 X117.382 Y116.068
G0 F7200 X117.163 Y116.067
G0 X117.235 Y114.623
G0 X119.09 Y112.269
G0 X119.24 Y112.269
G1 F3600 X117.731 Y110.76 E394.42028
G1 X117.661 Y110.69
G0 F7200 X117.661 Y110.91
G0 X119.12 Y110.88
G0 X119.239 Y110.76
G1 F3600 X100.761 Y129.238 E394.58414
G1 X100.691 Y129.308
G0 F7200 X100.88 Y129.12
G0 X100.91 Y127.731
G0 X100.761 Y127.731
G1 F3600 X102.269 Y129.239 E394.59751
G1 X102.339 Y129.309
G0 F7200 X102.339 Y129.09
G0 X100.91 Y112.268
G0 X100.761 Y112.268
G1 F3600 X102.269 Y110.76 E394.61088
G1 X102.339 Y110.69
G0 F7200 X102.339 Y110.91
G0 X117.231 Y124.413
G0 X117.811 Y124.119
;TYPE:WALL-INNER
G1 F3600 X117.69 Y124.043 E394.61177
G1 X117.533 Y123.849 E394.61334
G1 X117.473 Y123.659 E394.61459
G1 X117.471 Y121.8 E394.62625
G1 X117.554 Y121.557 E394.62786
G1 X117.699 Y121.394 E394.62922
G1 X117.987 Y121.268 E394.63119
G1 X119.4 Y121.27 E394.64005
G1 X119.4 Y117.782 E394.66192
G1 X117.989 Y117.784 E394.67077
G1 X117.702 Y117.657 E394.67274
G1 X117.537 Y117.458 E394.67436
G1 X117.472 Y117.267 E394.67563
G1 X117.472 Y115.38 E394.68746
G1 X117.52 Y115.224 E394.68848
G1 X117.697 Y114.99 E394.69032
G1 X117.941 Y114.86 E394.69205
G1 X119.4 Y114.857 E394.7012
G1 X119.4 Y110.6 E394.72789
G1 X113.928 Y110.6 E394.76221
G1 X113.928 Y111.9 E394.77036
G1 X113.883 Y112.128 E394.77181
G1 X113.709 Y112.365 E394.77366
G1 X113.452 Y112.5 E394.77548
G1 X111.652 Y112.499 E394.78676
G1 X111.384 Y112.416 E394.78852
G1 X111.149 Y112.157 E394.79072
G1 X111.094 Y111.953 E394.79204
G1 X111.089 Y110.6 E394.80052
G1 X108.204 Y110.6 E394.81861
G1 X108.202 Y111.953 E394.8271
G1 X108.147 Y112.157 E394.82842
G1 X107.912 Y112.416 E394.83061
G1 X107.655 Y112.498 E394.83231
G1 X105.862 Y112.494 E394.84355
G1 X105.665 Y112.43 E394.84485
G1 X105.468 Y112.261 E394.84647
G1 X105.394 Y112.132 E394.84741
G1 X105.348 Y111.898 E394.8489
G1 X105.35 Y110.6 E394.85704
G1 X100.6 Y110.6 E394.88682
G1 X100.601 Y129.399 E395.0047
G1 X119.4 Y129.4 E395.12257
G1 X119.4 Y124.176 E395.15533
G1 X118.068 Y124.176 E395.16368
G1 X117.811 Y124.119 E395.16533
G0 F7200 X118.002 Y123.776
;TYPE:WALL-OUTER
G1 F1800 X117.869 Y123.648 E395.16649
G1 X117.871 Y121.829 E395.17789
G1 X117.921 Y121.731 E395.17858
G1 X118.029 Y121.671 E395.17936
G1 X119.8 Y121.671 E395.19046
G1 X119.8 Y117.381 E395.21736
G1 X118.033 Y117.381 E395.22844
G1 X117.948 Y117.342 E395.22903
G1 X117.875 Y117.222 E395.22991
G1 X117.875 Y115.423 E395.24119
G1 X117.912 Y115.338 E395.24177
G1 X118.023 Y115.26 E395.24262
G1 X119.8 Y115.256 E395.25376
G1 X119.8 Y110.2 E395.28546
G1 X113.528 Y110.2 E395.32479
G1 X113.528 Y111.956 E395.3358
G1 X113.371 Y112.1 E395.33714
G1 X111.667 Y112.099 E395.34782
G1 X111.541 Y112.032 E395.34871
G1 X111.492 Y111.915 E395.34951
G1 X111.488 Y110.2 E395.36026
G1 X107.804 Y110.2 E395.38336
G1 X107.804 Y111.918 E395.39414
G1 X107.728 Y112.058 E395.39513
G1 X107.621 Y112.1 E395.39585
G1 X105.872 Y112.098 E395.40682
G1 X105.748 Y111.961 E395.40798
G1 X105.751 Y110.2 E395.41902
G1 X100.2 Y110.2 E395.45383
G1 X100.201 Y129.799 E395.57672
G1 X119.8 Y129.8 E395.69961
G1 X119.8 Y123.776 E395.73738
G1 X118.002 Y123.776 E395.74865
G0 F7200 X117.869 Y123.648
G0 X117.869 Y123.633
G0 X116.86 Y123.632
;MESH:NONMESH
G0 F600 X116.86 Y123.632 Z14.9
G0 F7200 X100.88 Y110.88
G0 X100.76 Y110.76
;TIME_ELAPSED:1580.675755
;LAYER:146
;TYPE:FILL
;MESH:xyzCalibration_cube.glb
G1 F3600 X119.24 Y129.24 E395.91252
G1 X119.31 Y129.31
G0 F7200 X119.12 Y129.12
G0 X117.73 Y129.09
G0 X117.73 Y129.24
G1 F3600 X119.24 Y127.73 E395.92591
G1 X119.31 Y127.66
G0 F7200 X119.09 Y127.66
G0 X117.231 Y124.468
G0 X117.378 Y123.935
G1 F3600 X112.073 Y129.24 E395.97295
G1 X112.003 Y129.31
G0 F7200 X112.003 Y129.09
G0 X113.583 Y129.09
G0 X113.583 Y129.24
G1 F3600 X100.76 Y116.417 E396.08666
G1 X100.69 Y116.347
G0 F7200 X100.91 Y116.347
G0 X100.91 Y117.925
G0 X100.761 Y117.925
G1 F3600 X106.026 Y112.66 E396.13335
G1 X106.096 Y112.59
G0 F7200 X106.096 Y112.812
G0 X108.385 Y112.74
G0 X108.078 Y112.421
G1 F3600 X117.351 Y121.694 E396.21557
G1 X117.421 Y121.764
G0 F7200 X117.16 Y121.763
G0 X117.823 Y118.036
G0 X117.823 Y117.833
G1 F3600 X106.416 Y129.24 E396.31672
G1 X106.346 Y129.31
G0 F7200 X106.346 Y129.09
G0 X107.926 Y129.09
G0 X107.926 Y129.24
G1 F3600 X100.76 Y122.074 E396.38027
G1 X100.69 Y122.004
G0 F7200 X100.91 Y122.004
G0 X100.91 Y123.582
G0 X100.761 Y123.582
G1 F3600 X111.686 Y112.656 E396.47715
G1 X111.756 Y112.586
G0 F7200 X111.756 Y112.812
G0 X113.827 Y112.812
G0 X113.827 Y112.513
G1 F3600 X117.312 Y115.998 E396.50805
G1 X117.382 Y116.068
G0 F7200 X117.163 Y116.068
G0 X117.235 Y114.563
G0 X119.09 Y112.269
G0 X119.24 Y112.269
G1 F3600 X117.731 Y110.76 E396.52143
G1 X117.661 Y110.69
G0 F7200 X117.661 Y110.91
G0 X119.12 Y110.88
G0 X119.239 Y110.76
G1 F3600 X100.761 Y129.239 E396.68529
G1 X100.691 Y129.309
G0 F7200 X100.88 Y129.12
G0 X100.91 Y127.73
G0 X100.76 Y127.73
G1 F3600 X102.27 Y129.24 E396.69868
G1 X102.34 Y129.31
G0 F7200 X102.34 Y129.09
G0 X100.91 Y112.268
G0 X100.761 Y112.268
G1 F3600 X102.269 Y110.76 E396.71205
G1 X102.339 Y110.69
G0 F7200 X102.339 Y110.91
G0 X117.231 Y124.468
G0 X117.815 Y124.176
;TYPE:WALL-INNER
G1 F3600 X117.693 Y124.101 E396.71295
G1 X117.534 Y123.907 E396.71452
G1 X117.473 Y123.715 E396.71578
G1 X117.472 Y121.852 E396.72746
G1 X117.556 Y121.609 E396.72908
G1 X117.77 Y121.403 E396.73094
G1 X117.973 Y121.324 E396.7323
G1 X119.4 Y121.326 E396.74125
G1 X119.4 Y117.724 E396.76384
G1 X117.975 Y117.724 E396.77277
G1 X117.664 Y117.565 E396.77496
G1 X117.536 Y117.394 E396.7763
G1 X117.472 Y117.208 E396.77753
G1 X117.472 Y115.324 E396.78935
G1 X117.52 Y115.162 E396.79041
G1 X117.7 Y114.928 E396.79226
G1 X117.943 Y114.8 E396.79398
G1 X119.4 Y114.797 E396.80312
G1 X119.4 Y110.6 E396.82943
G1 X113.992 Y110.6 E396.86334
G1 X113.992 Y111.9 E396.87149
G1 X113.95 Y112.124 E396.87292
G1 X113.776 Y112.362 E396.87477
G1 X113.517 Y112.5 E396.87661
G1 X111.71 Y112.499 E396.88794
G1 X111.55 Y112.466 E396.88896
G1 X111.378 Y112.37 E396.8902
G1 X111.212 Y112.163 E396.89186
G1 X111.155 Y111.961 E396.89318
G1 X111.152 Y110.6 E396.90171
G1 X108.148 Y110.6 E396.92055
G1 X108.145 Y111.961 E396.92908
G1 X108.088 Y112.163 E396.9304
G1 X108.001 Y112.295 E396.93139
G1 X107.814 Y112.439 E396.93287
G1 X107.601 Y112.498 E396.93426
G1 X105.806 Y112.494 E396.94551
G1 X105.608 Y112.429 E396.94682
G1 X105.41 Y112.258 E396.94846
G1 X105.336 Y112.128 E396.9494
G1 X105.292 Y111.898 E396.95086
G1 X105.294 Y110.6 E396.959
G1 X100.6 Y110.6 E396.98843
G1 X100.6 Y129.4 E397.10631
G1 X119.4 Y129.4 E397.22419
G1 X119.4 Y124.235 E397.25658
G1 X118.066 Y124.232 E397.26494
G1 X117.815 Y124.176 E397.26656
G0 F7200 X118.006 Y123.832
;TYPE:WALL-OUTER
G1 F1800 X117.911 Y123.757 E397.26732
G1 X117.869 Y123.66 E397.26798
G1 X117.871 Y121.884 E397.27911
G1 X117.984 Y121.728 E397.28032
G1 X119.8 Y121.727 E397.29171
G1 X119.8 Y117.324 E397.31932
G1 X118.028 Y117.32 E397.33043
G1 X117.901 Y117.229 E397.33141
G1 X117.872 Y117.124 E397.33209
G1 X117.875 Y115.363 E397.34313
G1 X117.948 Y115.242 E397.34402
G1 X118.028 Y115.2 E397.34458
G1 X119.8 Y115.196 E397.35569
G1 X119.8 Y110.2 E397.38702
G1 X113.592 Y110.2 E397.42595
G1 X113.592 Y111.952 E397.43693
G1 X113.465 Y112.1 E397.43815
G1 X111.726 Y112.099 E397.44906
G1 X111.601 Y112.032 E397.44995
G1 X111.553 Y111.921 E397.45071
G1 X111.552 Y110.2 E397.4615
G1 X107.748 Y110.2 E397.48535
G1 X107.747 Y111.921 E397.49614
G1 X107.699 Y112.032 E397.4969
G1 X107.582 Y112.098 E397.49774
G1 X105.816 Y112.098 E397.50881
G1 X105.692 Y111.96 E397.50998
G1 X105.695 Y110.2 E397.52101
G1 X100.2 Y110.2 E397.55547
G1 X100.2 Y129.8 E397.67836
G1 X119.8 Y129.8 E397.80126
G1 X119.8 Y123.836 E397.83865
G1 X118.006 Y123.832 E397.8499
G0 F7200 X117.911 Y123.757
G0 X117.88 Y123.685
G0 X116.86 Y123.684
;MESH:NONMESH
G0 F600 X116.86 Y123.684 Z15
G0 F7200 X100.88 Y110.88
G0 X100.76 Y110.76
;TIME_ELAPSED:1589.519886
;LAYER:147
;TYPE:FILL
;MESH:xyzCalibration_cube.glb
G1 F3600 X119.24 Y129.24 E398.01377
G1 X119.31 Y129.31
G0 F7200 X119.12 Y129.12
G0 X117.73 Y129.09
G0 X117.73 Y129.24
G1 F3600 X119.24 Y127.73 E398.02716
G1 X119.31 Y127.66
G0 F7200 X119.09 Y127.66
G0 X117.231 Y124.525
G0 X117.365 Y123.948
G1 F3600 X112.073 Y129.24 E398.07409
G1 X112.003 Y129.31
G0 F7200 X112.003 Y129.09
G0 X113.583 Y129.09
G0 X113.583 Y129.24
G1 F3600 X100.76 Y116.417 E398.18779
G1 X100.69 Y116.347
G0 F7200 X100.91 Y116.347
G0 X100.91 Y117.925
G0 X100.761 Y117.925
G1 F3600 X106.026 Y112.659 E398.23448
G1 X106.096 Y112.589
G0 F7200 X106.096 Y112.812
G0 X108.329 Y112.74
G0 X108.049 Y112.392
G1 F3600 X117.365 Y121.708 E398.31709
G1 X117.435 Y121.778
G0 F7200 X117.16 Y121.777
G0 X117.862 Y117.979
G0 X117.862 Y117.794
G1 F3600 X106.416 Y129.24 E398.41859
G1 X106.346 Y129.31
G0 F7200 X106.346 Y129.09
G0 X107.926 Y129.09
G0 X107.926 Y129.24
G1 F3600 X100.76 Y122.074 E398.48213
G1 X100.69 Y122.004
G0 F7200 X100.91 Y122.004
G0 X100.91 Y123.582
G0 X100.761 Y123.582
G1 F3600 X111.697 Y112.645 E398.57911
G1 X111.767 Y112.575
G0 F7200 X111.767 Y112.812
G0 X113.848 Y112.812
G0 X113.848 Y112.534
G1 F3600 X117.312 Y115.998 E398.60983
G1 X117.382 Y116.068
G0 F7200 X117.163 Y116.067
G0 X117.234 Y117.907
G0 X119.14 Y117.978
G0 X119.14 Y117.827
G1 F3600 X119.24 Y117.926 E398.61071
G0 F7200 X119.09 Y117.926
G0 X117.234 Y117.907
G0 X117.235 Y114.503
G0 X119.09 Y112.269
G0 X119.24 Y112.269
G1 F3600 X117.731 Y110.76 E398.62409
G1 X117.661 Y110.69
G0 F7200 X117.661 Y110.91
G0 X119.12 Y110.88
G0 X119.239 Y110.76
G1 F3600 X100.761 Y129.239 E398.78795
G1 X100.691 Y129.309
G0 F7200 X100.88 Y129.12
G0 X100.91 Y127.73
G0 X100.76 Y127.73
G1 F3600 X102.27 Y129.24 E398.80134
G1 X102.34 Y129.31
G0 F7200 X102.34 Y129.09
G0 X100.91 Y112.268
G0 X100.761 Y112.268
G1 F3600 X102.269 Y110.76 E398.81471
G1 X102.339 Y110.69
G0 F7200 X102.339 Y110.91
G0 X117.231 Y124.525
G0 X117.818 Y124.234
;TYPE:WALL-INNER
G1 F3600 X117.695 Y124.159 E398.81561
G1 X117.534 Y123.964 E398.8172
G1 X117.473 Y123.772 E398.81846
G1 X117.472 Y121.904 E398.83017
G1 X117.597 Y121.607 E398.83219
G1 X117.765 Y121.461 E398.83359
G1 X117.969 Y121.38 E398.83497
G1 X119.4 Y121.382 E398.84394
G1 X119.4 Y117.666 E398.86724
G1 X117.971 Y117.668 E398.8762
G1 X117.664 Y117.509 E398.87837
G1 X117.538 Y117.342 E398.87968
G1 X117.472 Y117.153 E398.88093
G1 X117.472 Y115.262 E398.89279
G1 X117.521 Y115.1 E398.89385
G1 X117.703 Y114.866 E398.89571
G1 X117.944 Y114.74 E398.89741
G1 X119.4 Y114.737 E398.90654
G1 X119.4 Y110.6 E398.93248
G1 X114.056 Y110.6 E398.96599
G1 X114.056 Y111.9 E398.97414
G1 X114.015 Y112.119 E398.97554
G1 X113.843 Y112.359 E398.97739
G1 X113.582 Y112.5 E398.97925
G1 X111.771 Y112.499 E398.99061
G1 X111.546 Y112.437 E398.99207
G1 X111.364 Y112.295 E398.99352
G1 X111.22 Y111.978 E398.9957
G1 X111.216 Y110.6 E399.00434
G1 X108.092 Y110.6 E399.02393
G1 X108.088 Y111.978 E399.03257
G1 X107.944 Y112.295 E399.03475
G1 X107.762 Y112.437 E399.0362
G1 X107.547 Y112.498 E399.0376
G1 X105.749 Y112.494 E399.04888
G1 X105.55 Y112.428 E399.05019
G1 X105.352 Y112.255 E399.05184
G1 X105.279 Y112.124 E399.05278
G1 X105.236 Y111.898 E399.05422
G1 X105.238 Y110.6 E399.06236
G1 X100.6 Y110.6 E399.09144
G1 X100.6 Y129.4 E399.20932
G1 X119.4 Y129.4 E399.3272
G1 X119.4 Y124.291 E399.35923
G1 X118.066 Y124.288 E399.3676
G1 X117.818 Y124.234 E399.36919
G0 F7200 X118.007 Y123.888
;TYPE:WALL-OUTER
G1 F1800 X117.912 Y123.814 E399.36995
G1 X117.869 Y123.716 E399.37062
G1 X117.87 Y121.947 E399.38171
G1 X117.932 Y121.832 E399.38253
G1 X118.02 Y121.785 E399.38315
G1 X119.8 Y121.783 E399.39431
G1 X119.8 Y117.265 E399.42264
G1 X118.024 Y117.263 E399.43378
G1 X117.914 Y117.192 E399.4346
G1 X117.875 Y117.106 E399.43519
G1 X117.875 Y115.303 E399.4465
G1 X117.949 Y115.182 E399.44739
G1 X118.028 Y115.14 E399.44795
G1 X119.8 Y115.136 E399.45906
G1 X119.8 Y110.2 E399.49001
G1 X113.656 Y110.2 E399.52853
G1 X113.656 Y111.9 E399.53919
G1 X113.627 Y112.006 E399.53988
G1 X113.499 Y112.1 E399.54088
G1 X111.789 Y112.099 E399.5516
G1 X111.71 Y112.071 E399.55212
G1 X111.617 Y111.926 E399.5532
G1 X111.616 Y110.2 E399.56403
G1 X107.692 Y110.2 E399.58863
G1 X107.691 Y111.926 E399.59945
G1 X107.643 Y112.032 E399.60018
G1 X107.511 Y112.1 E399.60111
G1 X105.807 Y112.098 E399.6118
G1 X105.674 Y112.019 E399.61277
G1 X105.636 Y111.899 E399.61356
G1 X105.639 Y110.2 E399.62421
G1 X100.2 Y110.2 E399.65831
G1 X100.2 Y129.8 E399.78121
G1 X119.8 Y129.8 E399.9041
G1 X119.8 Y123.892 E399.94115
G1 X118.007 Y123.888 E399.95239
G0 F7200 X117.912 Y123.814
G0 X117.88 Y123.741
G0 X116.86 Y123.74
;MESH:NONMESH
G0 F600 X116.86 Y123.74 Z15.1
G0 F7200 X100.88 Y110.88
G0 X100.76 Y110.76
;TIME_ELAPSED:1598.514679
;LAYER:148
;TYPE:FILL
;MESH:xyzCalibration_cube.glb
G1 F3600 X119.24 Y129.24 E400.11626
G1 X119.31 Y129.31
G0 F7200 X119.12 Y129.12
G0 X117.73 Y129.09
G0 X117.73 Y129.24
G1 F3600 X119.24 Y127.73 E400.12965
G1 X119.31 Y127.66
G0 F7200 X119.09 Y127.66
G0 X117.231 Y124.583
G0 X117.351 Y123.961
G1 F3600 X112.073 Y129.24 E400.17646
G1 X112.003 Y129.31
G0 F7200 X112.003 Y129.09
G0 X113.583 Y129.09
G0 X113.583 Y129.239
G1 F3600 X100.76 Y116.417 E400.29016
G1 X100.69 Y116.347
G0 F7200 X100.91 Y116.347
G0 X100.91 Y117.925
G0 X100.761 Y117.925
G1 F3600 X106.026 Y112.659 E400.33685
G1 X106.096 Y112.589
G0 F7200 X106.096 Y112.812
G0 X108.272 Y112.74
G0 X108.017 Y112.36
G1 F3600 X117.388 Y121.731 E400.41995
G1 X117.458 Y121.801
G0 F7200 X117.16 Y121.8
G0 X117.903 Y117.919
G0 X117.903 Y117.753
G1 F3600 X106.416 Y129.24 E400.52181
G1 X106.346 Y129.31
G0 F7200 X106.346 Y129.09
G0 X107.926 Y129.09
G0 X107.926 Y129.239
G1 F3600 X100.761 Y122.074 E400.58534
G1 X100.691 Y122.004
G0 F7200 X100.91 Y122.004
G0 X100.91 Y123.581
G0 X100.761 Y123.581
G1 F3600 X111.708 Y112.634 E400.68241
G1 X111.778 Y112.564
G0 F7200 X111.778 Y112.812
G0 X113.87 Y112.812
G0 X113.87 Y112.557
G1 F3600 X117.312 Y115.998 E400.71293
G1 X117.382 Y116.068
G0 F7200 X117.163 Y116.068
G0 X117.235 Y117.847
G0 X119.082 Y117.919
G0 X119.082 Y117.768
G1 F3600 X119.24 Y117.926 E400.71433
G0 F7200 X119.09 Y117.926
G0 X117.235 Y117.847
G0 X117.235 Y114.442
G0 X119.09 Y112.269
G0 X119.24 Y112.269
G1 F3600 X117.731 Y110.76 E400.72771
G1 X117.661 Y110.69
G0 F7200 X117.661 Y110.91
G0 X119.12 Y110.88
G0 X119.239 Y110.76
G1 F3600 X100.761 Y129.238 E400.89156
G1 X100.691 Y129.308
G0 F7200 X100.88 Y129.12
G0 X100.91 Y127.731
G0 X100.761 Y127.731
G1 F3600 X102.269 Y129.239 E400.90493
G1 X102.339 Y129.309
G0 F7200 X102.339 Y129.09
G0 X100.91 Y112.268
G0 X100.761 Y112.268
G1 F3600 X102.269 Y110.76 E400.91831
G1 X102.339 Y110.69
G0 F7200 X102.339 Y110.91
G0 X117.231 Y124.583
G0 X117.822 Y124.292
;TYPE:WALL-INNER
G1 F3600 X117.697 Y124.217 E400.91922
G1 X117.535 Y124.021 E400.92081
G1 X117.473 Y123.828 E400.92209
G1 X117.473 Y121.955 E400.93383
G1 X117.536 Y121.756 E400.93514
G1 X117.661 Y121.594 E400.93642
G1 X117.95 Y121.436 E400.93849
G1 X119.4 Y121.438 E400.94758
G1 X119.4 Y117.608 E400.97159
G1 X117.964 Y117.608 E400.9806
G1 X117.764 Y117.524 E400.98196
G1 X117.602 Y117.383 E400.9833
G1 X117.472 Y117.089 E400.98532
G1 X117.472 Y115.2 E400.99716
G1 X117.522 Y115.039 E400.99822
G1 X117.705 Y114.804 E401.00009
G1 X117.947 Y114.68 E401.00179
G1 X119.4 Y114.677 E401.0109
G1 X119.4 Y110.6 E401.03647
G1 X114.12 Y110.6 E401.06957
G1 X114.12 Y111.9 E401.07773
G1 X114.081 Y112.114 E401.07909
G1 X113.91 Y112.357 E401.08095
G1 X113.648 Y112.5 E401.08282
G1 X111.795 Y112.495 E401.09444
G1 X111.501 Y112.366 E401.09646
G1 X111.346 Y112.176 E401.09799
G1 X111.28 Y111.973 E401.09933
G1 X111.277 Y110.6 E401.10794
G1 X108.035 Y110.6 E401.12827
G1 X108.032 Y111.973 E401.13688
G1 X107.966 Y112.176 E401.13822
G1 X107.811 Y112.366 E401.13975
G1 X107.49 Y112.498 E401.14193
G1 X105.693 Y112.494 E401.1532
G1 X105.493 Y112.428 E401.15452
G1 X105.294 Y112.253 E401.15618
G1 X105.221 Y112.12 E401.15713
G1 X105.18 Y111.898 E401.15855
G1 X105.182 Y110.6 E401.16669
G1 X100.6 Y110.6 E401.19542
G1 X100.601 Y129.399 E401.31329
G1 X119.4 Y129.4 E401.43116
G1 X119.4 Y124.347 E401.46284
G1 X118.066 Y124.344 E401.47121
G1 X117.822 Y124.292 E401.47277
G0 F7200 X118.067 Y123.944
;TYPE:WALL-OUTER
G1 F1800 X117.944 Y123.902 E401.47359
G1 X117.869 Y123.772 E401.47453
G1 X117.87 Y121.958 E401.4859
G1 X118.016 Y121.842 E401.48707
G1 X119.8 Y121.839 E401.49826
G1 X119.8 Y117.208 E401.5273
G1 X118.02 Y117.202 E401.53846
G1 X117.872 Y117.059 E401.53975
G1 X117.875 Y115.242 E401.55114
G1 X117.914 Y115.156 E401.55173
G1 X118.031 Y115.08 E401.55261
G1 X119.8 Y115.076 E401.5637
G1 X119.8 Y110.2 E401.59427
G1 X113.72 Y110.2 E401.6324
G1 X113.72 Y111.954 E401.64339
G1 X113.563 Y112.1 E401.64474
G1 X111.851 Y112.099 E401.65547
G1 X111.753 Y112.056 E401.65614
G1 X111.682 Y111.932 E401.65704
G1 X111.676 Y110.2 E401.6679
G1 X107.636 Y110.2 E401.69323
G1 X107.63 Y111.932 E401.70409
G1 X107.583 Y112.032 E401.70478
G1 X107.486 Y112.1 E401.70553
G1 X105.704 Y112.098 E401.7167
G1 X105.58 Y111.959 E401.71787
G1 X105.583 Y110.2 E401.7289
G1 X100.2 Y110.2 E401.76265
G1 X100.201 Y129.799 E401.88554
G1 X119.8 Y129.8 E402.00843
G1 X119.8 Y123.948 E402.04512
G1 X118.067 Y123.944 E402.05599
G0 F7200 X117.944 Y123.902
G0 X117.909 Y123.842
G0 X116.86 Y123.841
;MESH:NONMESH
G0 F600 X116.86 Y123.841 Z15.2
G0 F7200 X100.88 Y110.88
G0 X100.76 Y110.76
;TIME_ELAPSED:1607.515027
;LAYER:149
;TYPE:FILL
;MESH:xyzCalibration_cube.glb
G1 F3600 X119.24 Y129.24 E402.21986
G1 X119.31 Y129.31
G0 F7200 X119.12 Y129.12
G0 X117.73 Y129.09
G0 X117.73 Y129.24
G1 F3600 X119.24 Y127.73 E402.23325
G1 X119.31 Y127.66
G0 F7200 X119.09 Y127.66
G0 X117.231 Y124.638
G0 X117.339 Y123.974
G1 F3600 X112.073 Y129.24 E402.27994
G1 X112.003 Y129.31
G0 F7200 X112.003 Y129.09
G0 X113.583 Y129.09
G0 X113.583 Y129.239
G1 F3600 X100.76 Y116.417 E402.39364
G1 X100.69 Y116.347
G0 F7200 X100.91 Y116.347
G0 X100.91 Y117.925
G0 X100.761 Y117.925
G1 F3600 X106.026 Y112.659 E402.44034
G1 X106.096 Y112.589
G0 F7200 X106.096 Y112.812
G0 X108.216 Y112.74
G0 X107.992 Y112.335
G1 F3600 X117.408 Y121.751 E402.52383
G1 X117.478 Y121.821
G0 F7200 X117.163 Y121.82
G0 X117.965 Y117.861
G0 X117.965 Y117.692
G1 F3600 X106.416 Y129.24 E402.62624
G1 X106.346 Y129.31
G0 F7200 X106.346 Y129.09
G0 X107.926 Y129.09
G0 X107.926 Y129.239
G1 F3600 X100.761 Y122.074 E402.68977
G1 X100.691 Y122.004
G0 F7200 X100.91 Y122.004
G0 X100.91 Y123.581
G0 X100.761 Y123.581
G1 F3600 X111.726 Y112.617 E402.787
G1 X111.796 Y112.547
G0 F7200 X111.796 Y112.812
G0 X113.893 Y112.812
G0 X113.893 Y112.579
G1 F3600 X117.312 Y115.998 E402.81731
G1 X117.382 Y116.068
G0 F7200 X117.163 Y116.067
G0 X117.234 Y117.789
G0 X119.022 Y117.861
G0 X119.022 Y117.709
G1 F3600 X119.24 Y117.926 E402.81924
G0 F7200 X119.09 Y117.926
G0 X117.234 Y117.789
G0 X117.235 Y114.384
G0 X119.09 Y112.269
G0 X119.24 Y112.269
G1 F3600 X117.731 Y110.76 E402.83262
G1 X117.661 Y110.69
G0 F7200 X117.661 Y110.91
G0 X119.12 Y110.88
G0 X119.239 Y110.76
G1 F3600 X100.761 Y129.238 E402.99648
G1 X100.691 Y129.308
G0 F7200 X100.88 Y129.12
G0 X100.91 Y127.731
G0 X100.761 Y127.731
G1 F3600 X102.269 Y129.239 E403.00985
G1 X102.339 Y129.309
G0 F7200 X102.339 Y129.09
G0 X100.91 Y112.268
G0 X100.761 Y112.268
G1 F3600 X102.269 Y110.76 E403.02322
G1 X102.339 Y110.69
G0 F7200 X102.339 Y110.91
G0 X117.231 Y124.638
G0 X117.826 Y124.35
;TYPE:WALL-INNER
G1 F3600 X117.7 Y124.275 E403.02414
G1 X117.535 Y124.078 E403.02575
G1 X117.473 Y123.883 E403.02703
G1 X117.477 Y122.007 E403.0388
G1 X117.567 Y121.767 E403.0404
G1 X117.76 Y121.579 E403.04209
G1 X117.957 Y121.492 E403.04344
G1 X119.4 Y121.492 E403.05249
G1 X119.4 Y117.548 E403.07722
G1 X117.957 Y117.548 E403.08627
G1 X117.76 Y117.461 E403.08762
G1 X117.604 Y117.325 E403.08892
G1 X117.514 Y117.171 E403.09003
G1 X117.472 Y116.948 E403.09146
G1 X117.472 Y115.139 E403.1028
G1 X117.523 Y114.977 E403.10387
G1 X117.708 Y114.742 E403.10574
G1 X117.951 Y114.62 E403.10745
G1 X119.4 Y114.617 E403.11653
G1 X119.4 Y110.6 E403.14172
G1 X114.184 Y110.6 E403.17442
G1 X114.184 Y111.9 E403.18257
G1 X114.147 Y112.108 E403.1839
G1 X113.977 Y112.354 E403.18577
G1 X113.713 Y112.5 E403.18767
G1 X111.895 Y112.499 E403.19907
G1 X111.665 Y112.432 E403.20057
G1 X111.492 Y112.296 E403.20195
G1 X111.344 Y111.981 E403.20413
G1 X111.341 Y110.6 E403.21279
G1 X107.979 Y110.6 E403.23387
G1 X107.976 Y111.981 E403.24253
G1 X107.828 Y112.296 E403.24471
G1 X107.655 Y112.432 E403.24609
G1 X107.436 Y112.498 E403.24752
G1 X105.636 Y112.494 E403.25881
G1 X105.435 Y112.427 E403.26014
G1 X105.235 Y112.25 E403.26181
G1 X105.163 Y112.115 E403.26277
G1 X105.124 Y111.898 E403.26416
G1 X105.126 Y110.6 E403.27229
G1 X100.6 Y110.6 E403.30067
G1 X100.601 Y129.399 E403.41855
G1 X119.4 Y129.4 E403.53642
G1 X119.4 Y124.403 E403.56775
G1 X118.066 Y124.4 E403.57612
G1 X117.826 Y124.35 E403.57765
G0 F7200 X118.067 Y124
;TYPE:WALL-OUTER
G1 F1800 X117.945 Y123.959 E403.57846
G1 X117.869 Y123.828 E403.57941
G1 X117.873 Y122.063 E403.59048
G1 X117.968 Y121.921 E403.59155
G1 X118.072 Y121.892 E403.59222
G1 X119.8 Y121.892 E403.60306
G1 X119.8 Y117.148 E403.63281
G1 X118.033 Y117.148 E403.64388
G1 X117.903 Y117.057 E403.64488
G1 X117.875 Y116.987 E403.64535
G1 X117.875 Y115.182 E403.65667
G1 X117.95 Y115.06 E403.65757
G1 X118.03 Y115.02 E403.65813
G1 X119.8 Y115.016 E403.66923
G1 X119.8 Y110.2 E403.69942
G1 X113.784 Y110.2 E403.73715
G1 X113.784 Y111.953 E403.74814
G1 X113.629 Y112.1 E403.74948
G1 X111.927 Y112.1 E403.76015
G1 X111.793 Y112.032 E403.76109
G1 X111.747 Y111.937 E403.76175
G1 X111.74 Y110.2 E403.77264
G1 X107.58 Y110.2 E403.79873
G1 X107.573 Y111.937 E403.80962
G1 X107.503 Y112.055 E403.81048
G1 X107.396 Y112.1 E403.81121
G1 X105.694 Y112.098 E403.82188
G1 X105.561 Y112.017 E403.82286
G1 X105.524 Y111.899 E403.82363
G1 X105.527 Y110.2 E403.83428
G1 X100.2 Y110.2 E403.86769
G1 X100.201 Y129.799 E403.99058
G1 X119.8 Y129.8 E404.11346
G1 X119.8 Y124.004 E404.14981
G1 X118.067 Y124 E404.16067
G0 F7200 X117.945 Y123.959
G0 X117.91 Y123.898
G0 X116.86 Y123.897
;MESH:NONMESH
G0 F600 X116.86 Y123.897 Z15.3
G0 F7200 X100.88 Y110.88
G0 X100.76 Y110.76
;TIME_ELAPSED:1616.516009
;LAYER:150
;TYPE:FILL
;MESH:xyzCalibration_cube.glb
G1 F3600 X119.24 Y129.24 E404.32454
G1 X119.31 Y129.31
G0 F7200 X119.12 Y129.12
G0 X117.73 Y129.09
G0 X117.73 Y129.24
G1 F3600 X119.239 Y127.73 E404.33793
G1 X119.309 Y127.66
G0 F7200 X119.09 Y127.66
G0 X117.232 Y124.695
G0 X117.326 Y123.987
G1 F3600 X112.073 Y129.24 E404.38451
G1 X112.003 Y129.31
G0 F7200 X112.003 Y129.09
G0 X113.583 Y129.09
G0 X113.583 Y129.24
G1 F3600 X100.76 Y116.417 E404.49821
G1 X100.69 Y116.347
G0 F7200 X100.91 Y116.347
G0 X100.91 Y117.925
G0 X100.761 Y117.925
G1 F3600 X106.027 Y112.658 E404.54491
G1 X106.097 Y112.588
G0 F7200 X106.097 Y112.812
G0 X108.159 Y112.74
G0 X107.96 Y112.303
G1 F3600 X117.418 Y121.761 E404.62878
G1 X117.488 Y121.831
G0 F7200 X117.161 Y121.83
G0 X118.015 Y117.802
G0 X118.015 Y117.641
G1 F3600 X106.416 Y129.24 E404.73163
G1 X106.346 Y129.31
G0 F7200 X106.346 Y129.09
G0 X107.926 Y129.09
G0 X107.926 Y129.24
G1 F3600 X100.76 Y122.074 E404.79518
G1 X100.69 Y122.004
G0 F7200 X100.91 Y122.004
G0 X100.91 Y123.582
G0 X100.761 Y123.582
G1 F3600 X111.745 Y112.598 E404.89258
G1 X111.815 Y112.528
G0 F7200 X111.815 Y112.812
G0 X113.917 Y112.812
G0 X113.917 Y112.603
G1 F3600 X117.312 Y115.998 E404.92268
G1 X117.382 Y116.068
G0 F7200 X117.163 Y116.068
G0 X117.236 Y117.73
G0 X118.965 Y117.802
G0 X118.965 Y117.651
G1 F3600 X119.24 Y117.926 E404.92512
G0 F7200 X119.09 Y117.926
G0 X117.236 Y117.73
G0 X117.235 Y114.324
G0 X119.09 Y112.269
G0 X119.24 Y112.269
G1 F3600 X117.731 Y110.76 E404.9385
G1 X117.661 Y110.69
G0 F7200 X117.661 Y110.91
G0 X119.12 Y110.88
G0 X119.239 Y110.76
G1 F3600 X100.761 Y129.239 E405.10236
G1 X100.691 Y129.309
G0 F7200 X100.88 Y129.12
G0 X100.91 Y127.73
G0 X100.76 Y127.73
G1 F3600 X102.27 Y129.24 E405.11575
G1 X102.34 Y129.31
G0 F7200 X102.34 Y129.09
G0 X100.91 Y112.268
G0 X100.761 Y112.268
G1 F3600 X102.269 Y110.76 E405.12912
G1 X102.339 Y110.69
G0 F7200 X102.339 Y110.91
G0 X117.232 Y124.695
G0 X117.829 Y124.407
;TYPE:WALL-INNER
G1 F3600 X117.703 Y124.333 E405.13004
G1 X117.537 Y124.136 E405.13165
G1 X117.474 Y123.941 E405.13294
G1 X117.468 Y122.049 E405.1448
G1 X117.602 Y121.764 E405.14677
G1 X117.752 Y121.633 E405.14802
G1 X118.07 Y121.544 E405.15009
G1 X119.4 Y121.546 E405.15843
G1 X119.4 Y117.49 E405.18386
G1 X118.074 Y117.492 E405.19218
G1 X117.755 Y117.403 E405.19426
G1 X117.568 Y117.22 E405.1959
G1 X117.472 Y116.892 E405.19804
G1 X117.472 Y115.078 E405.20941
G1 X117.524 Y114.915 E405.21049
G1 X117.711 Y114.68 E405.21237
G1 X117.954 Y114.56 E405.21407
G1 X119.4 Y114.557 E405.22313
G1 X119.4 Y110.6 E405.24795
G1 X114.248 Y110.6 E405.28025
G1 X114.248 Y111.9 E405.2884
G1 X114.213 Y112.103 E405.28969
G1 X114.045 Y112.352 E405.29158
G1 X113.779 Y112.5 E405.29348
G1 X111.956 Y112.498 E405.30492
G1 X111.725 Y112.43 E405.30643
G1 X111.557 Y112.296 E405.30777
G1 X111.408 Y111.99 E405.30991
G1 X111.405 Y110.6 E405.31862
G1 X107.923 Y110.6 E405.34045
G1 X107.92 Y111.99 E405.34917
G1 X107.847 Y112.187 E405.35049
G1 X107.703 Y112.363 E405.35191
G1 X107.54 Y112.459 E405.3531
G1 X107.32 Y112.5 E405.3545
G1 X105.58 Y112.494 E405.36541
G1 X105.378 Y112.426 E405.36675
G1 X105.177 Y112.247 E405.36844
G1 X105.106 Y112.111 E405.3694
G1 X105.068 Y111.898 E405.37076
G1 X105.07 Y110.6 E405.37889
G1 X100.6 Y110.6 E405.40692
G1 X100.6 Y129.4 E405.5248
G1 X119.4 Y129.4 E405.64268
G1 X119.4 Y124.459 E405.67366
G1 X118.066 Y124.456 E405.68203
G1 X117.829 Y124.407 E405.68354
G0 F7200 X118.009 Y124.056
;TYPE:WALL-OUTER
G1 F1800 X117.913 Y123.984 E405.6843
G1 X117.87 Y123.885 E405.68497
G1 X117.871 Y122.106 E405.69613
G1 X117.962 Y121.973 E405.69714
G1 X118.069 Y121.944 E405.69783
G1 X119.8 Y121.947 E405.70869
G1 X119.8 Y117.089 E405.73915
G1 X118.073 Y117.092 E405.74998
G1 X117.966 Y117.063 E405.75067
G1 X117.875 Y116.931 E405.75168
G1 X117.875 Y115.122 E405.76302
G1 X117.951 Y115 E405.76392
G1 X118.032 Y114.96 E405.76449
G1 X119.8 Y114.956 E405.77557
G1 X119.8 Y110.2 E405.80539
G1 X113.848 Y110.2 E405.84271
G1 X113.848 Y111.952 E405.8537
G1 X113.694 Y112.1 E405.85504
G1 X111.99 Y112.1 E405.86572
G1 X111.88 Y112.055 E405.86647
G1 X111.812 Y111.942 E405.8673
G1 X111.804 Y110.2 E405.87822
G1 X107.524 Y110.2 E405.90505
G1 X107.516 Y111.942 E405.91598
G1 X107.448 Y112.055 E405.9168
G1 X107.359 Y112.097 E405.91742
G1 X105.638 Y112.098 E405.92821
G1 X105.504 Y112.016 E405.9292
G1 X105.468 Y111.899 E405.92996
G1 X105.471 Y110.2 E405.94062
G1 X100.2 Y110.2 E405.97367
G1 X100.2 Y129.8 E406.09656
G1 X119.8 Y129.8 E406.21946
G1 X119.8 Y124.06 E406.25545
G1 X118.009 Y124.056 E406.26668
G0 F7200 X117.913 Y123.984
G0 X117.882 Y123.911
G0 X116.861 Y123.91
;MESH:NONMESH
G0 F600 X116.861 Y123.91 Z15.4
G0 F7200 X100.88 Y110.88
G0 X100.76 Y110.76
;TIME_ELAPSED:1625.520884
;LAYER:151
;TYPE:FILL
;MESH:xyzCalibration_cube.glb
G1 F3600 X119.24 Y129.24 E406.43055
G1 X119.31 Y129.31
G0 F7200 X119.12 Y129.12
G0 X117.73 Y129.09
G0 X117.73 Y129.24
G1 F3600 X119.24 Y127.73 E406.44394
G1 X119.31 Y127.66
G0 F7200 X119.09 Y127.66
G0 X117.232 Y124.753
G0 X117.31 Y124.002
G1 F3600 X112.073 Y129.24 E406.49038
G1 X112.003 Y129.31
G0 F7200 X112.003 Y129.09
G0 X113.583 Y129.09
G0 X113.583 Y129.24
G1 F3600 X100.76 Y116.417 E406.60409
G1 X100.69 Y116.347
G0 F7200 X100.91 Y116.347
G0 X100.91 Y117.925
G0 X100.761 Y117.925
G1 F3600 X106.027 Y112.658 E406.65079
G1 X106.097 Y112.588
G0 F7200 X106.097 Y112.812
G0 X108.103 Y112.74
G0 X107.909 Y112.252
G1 F3600 X117.44 Y121.783 E406.7353
G1 X117.51 Y121.853
G0 F7200 X117.161 Y121.852
G0 X118.065 Y117.744
G0 X118.065 Y117.591
G1 F3600 X106.416 Y129.24 E406.8386
G1 X106.346 Y129.31
G0 F7200 X106.346 Y129.09
G0 X107.926 Y129.09
G0 X107.926 Y129.24
G1 F3600 X100.76 Y122.074 E406.90214
G1 X100.69 Y122.004
G0 F7200 X100.91 Y122.004
G0 X100.91 Y123.582
G0 X100.761 Y123.582
G1 F3600 X111.753 Y112.59 E406.99961
G1 X111.823 Y112.52
G0 F7200 X111.823 Y112.812
G0 X113.939 Y112.812
G0 X113.939 Y112.625
G1 F3600 X117.312 Y115.998 E407.02952
G1 X117.382 Y116.068
G0 F7200 X117.164 Y116.067
G0 X117.235 Y117.672
G0 X118.906 Y117.744
G0 X118.906 Y117.593
G1 F3600 X119.24 Y117.926 E407.03248
G0 F7200 X119.09 Y117.926
G0 X117.235 Y117.672
G0 X117.236 Y114.264
G0 X119.09 Y112.269
G0 X119.24 Y112.269
G1 F3600 X117.731 Y110.76 E407.04586
G1 X117.661 Y110.69
G0 F7200 X117.661 Y110.91
G0 X119.12 Y110.88
G0 X119.239 Y110.76
G1 F3600 X100.761 Y129.239 E407.20972
G1 X100.691 Y129.309
G0 F7200 X100.88 Y129.12
G0 X100.91 Y127.73
G0 X100.76 Y127.73
G1 F3600 X102.27 Y129.24 E407.22311
G1 X102.34 Y129.31
G0 F7200 X102.34 Y129.09
G0 X100.91 Y112.268
G0 X100.761 Y112.268
G1 F3600 X102.269 Y110.76 E407.23648
G1 X102.339 Y110.69
G0 F7200 X102.339 Y110.91
G0 X117.232 Y124.753
G0 X117.834 Y124.469
;TYPE:WALL-INNER
G1 F3600 X117.705 Y124.395 E407.23741
G1 X117.537 Y124.198 E407.23903
G1 X117.474 Y124.001 E407.24033
G1 X117.468 Y122.135 E407.25203
G1 X117.567 Y121.868 E407.25382
G1 X117.748 Y121.691 E407.2554
G1 X118.07 Y121.6 E407.2575
G1 X119.4 Y121.602 E407.26584
G1 X119.4 Y117.432 E407.29199
G1 X118.072 Y117.432 E407.30032
G1 X117.88 Y117.401 E407.30154
G1 X117.607 Y117.213 E407.30361
G1 X117.472 Y116.915 E407.30566
G1 X117.472 Y115.018 E407.31756
G1 X117.524 Y114.853 E407.31864
G1 X117.714 Y114.618 E407.32054
G1 X117.957 Y114.5 E407.32223
G1 X119.4 Y114.497 E407.33128
G1 X119.4 Y110.6 E407.35572
G1 X114.312 Y110.6 E407.38762
G1 X114.312 Y111.9 E407.39577
G1 X114.279 Y112.097 E407.39702
G1 X114.112 Y112.348 E407.39891
G1 X113.844 Y112.5 E407.40084
G1 X112.014 Y112.498 E407.41232
G1 X111.738 Y112.402 E407.41415
G1 X111.543 Y112.193 E407.41594
G1 X111.468 Y111.997 E407.41726
G1 X111.468 Y110.6 E407.42602
G1 X107.867 Y110.6 E407.4486
G1 X107.864 Y111.998 E407.45736
G1 X107.789 Y112.193 E407.45867
G1 X107.594 Y112.402 E407.46047
G1 X107.328 Y112.497 E407.46224
G1 X105.523 Y112.494 E407.47355
G1 X105.32 Y112.425 E407.4749
G1 X105.119 Y112.243 E407.4766
G1 X105.048 Y112.107 E407.47756
G1 X105.012 Y111.898 E407.47889
G1 X105.014 Y110.6 E407.48703
G1 X100.6 Y110.6 E407.51471
G1 X100.6 Y129.4 E407.63259
G1 X119.4 Y129.4 E407.75046
G1 X119.4 Y124.516 E407.78109
G1 X118.068 Y124.516 E407.78944
G1 X117.834 Y124.469 E407.79094
G0 F7200 X118.068 Y124.116
;TYPE:WALL-OUTER
G1 F1800 X117.947 Y124.076 E407.79174
G1 X117.87 Y123.945 E407.79269
G1 X117.871 Y122.161 E407.80387
G1 X117.961 Y122.03 E407.80487
G1 X118.069 Y122 E407.80557
G1 X119.8 Y122.003 E407.81643
G1 X119.8 Y117.032 E407.8476
G1 X118.072 Y117.032 E407.85843
G1 X117.965 Y117.002 E407.85913
G1 X117.875 Y116.871 E407.86013
G1 X117.875 Y115.062 E407.87147
G1 X117.952 Y114.939 E407.87238
G1 X118.02 Y114.906 E407.87285
G1 X119.8 Y114.896 E407.88401
G1 X119.8 Y110.2 E407.91346
G1 X113.912 Y110.2 E407.95038
G1 X113.912 Y111.949 E407.96134
G1 X113.846 Y112.05 E407.9621
G1 X113.756 Y112.1 E407.96275
G1 X112.05 Y112.1 E407.97344
G1 X111.917 Y112.033 E407.97438
G1 X111.873 Y111.947 E407.97498
G1 X111.868 Y110.2 E407.98594
G1 X107.468 Y110.2 E408.01352
G1 X107.459 Y111.947 E408.02448
G1 X107.415 Y112.033 E408.02508
G1 X107.286 Y112.099 E408.02599
G1 X105.582 Y112.098 E408.03668
G1 X105.447 Y112.015 E408.03767
G1 X105.412 Y111.899 E408.03843
G1 X105.415 Y110.2 E408.04908
G1 X100.2 Y110.2 E408.08178
G1 X100.2 Y129.8 E408.20468
G1 X119.8 Y129.8 E408.32757
G1 X119.8 Y124.116 E408.36321
G1 X118.068 Y124.116 E408.37407
G0 F7200 X117.947 Y124.076
G0 X117.911 Y124.014
G0 X116.861 Y124.013
;MESH:NONMESH
G0 F600 X116.861 Y124.013 Z15.5
G0 F7200 X100.88 Y110.88
G0 X100.76 Y110.76
;TIME_ELAPSED:1634.532965
;LAYER:152
;TYPE:FILL
;MESH:xyzCalibration_cube.glb
G1 F3600 X119.24 Y129.24 E408.53794
G1 X119.31 Y129.31
G0 F7200 X119.12 Y129.12
G0 X117.73 Y129.09
G0 X117.73 Y129.24
G1 F3600 X119.239 Y127.73 E408.55133
G1 X119.309 Y127.66
G0 F7200 X119.09 Y127.66
G0 X117.232 Y124.808
G0 X117.161 Y124.004
G0 X117.308 Y124.005
G1 F3600 X112.073 Y129.24 E408.59775
G1 X112.003 Y129.31
G0 F7200 X112.003 Y129.09
G0 X113.583 Y129.09
G0 X113.583 Y129.239
G1 F3600 X100.76 Y116.417 E408.71145
G1 X100.69 Y116.347
G0 F7200 X100.91 Y116.347
G0 X100.91 Y117.925
G0 X100.761 Y117.925
G1 F3600 X106.026 Y112.659 E408.75814
G1 X106.096 Y112.589
G0 F7200 X106.096 Y112.812
G0 X108.046 Y112.74
G0 X107.887 Y112.23
G1 F3600 X117.465 Y121.808 E408.84307
G1 X117.535 Y121.878
G0 F7200 X117.161 Y121.877
G0 X119.09 Y117.926
G0 X119.24 Y117.926
G1 F3600 X118.846 Y117.532 E408.84657
G0 F7200 X118.124 Y117.532
G1 F3600 X106.416 Y129.24 E408.95039
G1 X106.346 Y129.31
G0 F7200 X106.346 Y129.09
G0 X107.926 Y129.09
G0 X107.926 Y129.239
G1 F3600 X100.761 Y122.074 E409.01392
G1 X100.691 Y122.004
G0 F7200 X100.91 Y122.004
G0 X100.91 Y123.581
G0 X100.761 Y123.581
G1 F3600 X111.774 Y112.568 E409.11158
G1 X111.844 Y112.498
G0 F7200 X111.844 Y112.812
G0 X113.947 Y112.812
G0 X113.947 Y112.634
G1 F3600 X117.312 Y115.998 E409.14141
G1 X117.382 Y116.068
G0 F7200 X117.164 Y116.068
G0 X117.236 Y114.204
G0 X119.09 Y112.269
G0 X119.24 Y112.269
G1 F3600 X117.731 Y110.76 E409.15479
G1 X117.661 Y110.69
G0 F7200 X117.661 Y110.91
G0 X119.12 Y110.88
G0 X119.239 Y110.76
G1 F3600 X100.761 Y129.238 E409.31864
G1 X100.691 Y129.308
G0 F7200 X100.88 Y129.12
G0 X100.91 Y127.731
G0 X100.761 Y127.731
G1 F3600 X102.269 Y129.239 E409.33202
G1 X102.339 Y129.309
G0 F7200 X102.339 Y129.09
G0 X100.91 Y112.268
G0 X100.761 Y112.268
G1 F3600 X102.269 Y110.76 E409.34539
G1 X102.339 Y110.69
G0 F7200 X102.339 Y110.91
G0 X117.232 Y124.808
G0 X117.837 Y124.527
;TYPE:WALL-INNER
G1 F3600 X117.708 Y124.453 E409.34632
G1 X117.538 Y124.255 E409.34796
G1 X117.474 Y124.058 E409.34926
G1 X117.469 Y122.209 E409.36085
G1 X117.569 Y121.921 E409.36276
G1 X117.743 Y121.75 E409.36429
G1 X118.07 Y121.656 E409.36642
G1 X119.4 Y121.658 E409.37476
G1 X119.4 Y117.372 E409.40164
G1 X118.072 Y117.372 E409.40996
G1 X117.869 Y117.337 E409.41126
G1 X117.663 Y117.212 E409.41277
G1 X117.531 Y117.034 E409.41416
G1 X117.472 Y116.857 E409.41533
G1 X117.472 Y114.96 E409.42722
G1 X117.525 Y114.791 E409.42833
G1 X117.716 Y114.556 E409.43023
G1 X117.96 Y114.44 E409.43192
G1 X119.4 Y114.437 E409.44095
G1 X119.4 Y110.6 E409.46501
G1 X114.376 Y110.6 E409.49651
G1 X114.376 Y111.9 E409.50467
G1 X114.345 Y112.092 E409.50588
G1 X114.179 Y112.345 E409.50778
G1 X113.91 Y112.5 E409.50973
G1 X112.102 Y112.5 E409.52107
G1 X111.904 Y112.456 E409.52234
G1 X111.682 Y112.298 E409.52405
G1 X111.532 Y112.017 E409.52604
G1 X111.532 Y110.6 E409.53493
G1 X107.808 Y110.6 E409.55828
G1 X107.808 Y112.017 E409.56716
G1 X107.658 Y112.298 E409.56916
G1 X107.498 Y112.426 E409.57044
G1 X107.275 Y112.497 E409.57191
G1 X105.467 Y112.494 E409.58325
G1 X105.262 Y112.424 E409.58461
G1 X105.061 Y112.24 E409.58632
G1 X104.99 Y112.102 E409.58729
G1 X104.956 Y111.898 E409.58859
G1 X104.958 Y110.6 E409.59672
G1 X100.6 Y110.6 E409.62405
G1 X100.601 Y129.399 E409.74192
G1 X119.4 Y129.4 E409.8598
G1 X119.4 Y124.575 E409.89005
G1 X118.066 Y124.572 E409.89841
G1 X117.837 Y124.527 E409.89988
G0 F7200 X118.011 Y124.172
;TYPE:WALL-OUTER
G1 F1800 X117.914 Y124.101 E409.90063
G1 X117.87 Y124.001 E409.90132
G1 X117.868 Y122.212 E409.91253
G1 X118.016 Y122.056 E409.91388
G1 X119.8 Y122.059 E409.92507
G1 X119.8 Y116.972 E409.95696
G1 X118.072 Y116.972 E409.9678
G1 X117.963 Y116.941 E409.96851
G1 X117.875 Y116.812 E409.96949
G1 X117.875 Y115.001 E409.98084
G1 X117.953 Y114.878 E409.98176
G1 X118.022 Y114.846 E409.98223
G1 X119.8 Y114.836 E409.99338
G1 X119.8 Y110.2 E410.02245
G1 X113.976 Y110.2 E410.05897
G1 X113.976 Y111.9 E410.06963
G1 X113.948 Y112.004 E410.0703
G1 X113.821 Y112.1 E410.0713
G1 X112.098 Y112.098 E410.08211
G1 X112.003 Y112.054 E410.08276
G1 X111.938 Y111.951 E410.08353
G1 X111.932 Y110.2 E410.0945
G1 X107.408 Y110.2 E410.12287
G1 X107.402 Y111.951 E410.13385
G1 X107.257 Y112.099 E410.13515
G1 X105.526 Y112.098 E410.146
G1 X105.391 Y112.014 E410.147
G1 X105.356 Y111.899 E410.14775
G1 X105.359 Y110.2 E410.15841
G1 X100.2 Y110.2 E410.19075
G1 X100.201 Y129.799 E410.31364
G1 X119.8 Y129.8 E410.43653
G1 X119.8 Y124.176 E410.4718
G1 X118.011 Y124.172 E410.48301
G0 F7200 X117.914 Y124.101
G0 X117.882 Y124.028
G0 X116.861 Y124.027
;MESH:NONMESH
G0 F600 X116.861 Y124.027 Z15.6
G0 F7200 X100.88 Y110.88
G0 X100.76 Y110.76
;TIME_ELAPSED:1643.443634
;LAYER:153
;TYPE:FILL
;MESH:xyzCalibration_cube.glb
G1 F3600 X119.24 Y129.24 E410.64688
G1 X119.31 Y129.31
G0 F7200 X119.12 Y129.12
G0 X117.73 Y129.09
G0 X117.73 Y129.24
G1 F3600 X119.24 Y127.73 E410.66027
G1 X119.31 Y127.66
G0 F7200 X119.09 Y127.66
G0 X117.232 Y124.865
G0 X117.161 Y124.004
G0 X117.308 Y124.005
G1 F3600 X112.073 Y129.24 E410.70669
G1 X112.003 Y129.31
G0 F7200 X112.003 Y129.09
G0 X113.583 Y129.09
G0 X113.583 Y129.24
G1 F3600 X100.76 Y116.417 E410.8204
G1 X100.69 Y116.347
G0 F7200 X100.91 Y116.347
G0 X100.91 Y117.925
G0 X100.761 Y117.925
G1 F3600 X106.026 Y112.66 E410.86709
G1 X106.096 Y112.59
G0 F7200 X106.096 Y112.812
G0 X107.99 Y112.74
G0 X107.847 Y112.19
G1 F3600 X117.484 Y121.827 E410.95254
G1 X117.554 Y121.897
G0 F7200 X117.161 Y121.896
G0 X119.09 Y117.926
G0 X119.24 Y117.926
G1 F3600 X118.79 Y117.476 E410.95653
G0 F7200 X118.18 Y117.476
G1 F3600 X106.416 Y129.24 E411.06085
G1 X106.346 Y129.31
G0 F7200 X106.346 Y129.09
G0 X107.926 Y129.09
G0 X107.926 Y129.24
G1 F3600 X100.76 Y122.074 E411.12439
G1 X100.69 Y122.004
G0 F7200 X100.91 Y122.004
G0 X100.91 Y123.582
G0 X100.761 Y123.582
G1 F3600 X111.799 Y112.543 E411.22227
G1 X111.869 Y112.473
G0 F7200 X111.869 Y112.812
G0 X113.955 Y112.812
G0 X113.955 Y112.641
G1 F3600 X117.312 Y115.998 E411.25204
G1 X117.382 Y116.068
G0 F7200 X117.164 Y116.067
G0 X117.236 Y114.143
G0 X119.09 Y112.269
G0 X119.24 Y112.269
G1 F3600 X117.731 Y110.76 E411.26542
G1 X117.661 Y110.69
G0 F7200 X117.661 Y110.91
G0 X119.12 Y110.88
G0 X119.239 Y110.76
G1 F3600 X100.761 Y129.239 E411.42928
G1 X100.691 Y129.309
G0 F7200 X100.88 Y129.12
G0 X100.91 Y127.73
G0 X100.76 Y127.73
G1 F3600 X102.27 Y129.24 E411.44267
G1 X102.34 Y129.31
G0 F7200 X102.34 Y129.09
G0 X100.91 Y112.268
G0 X100.761 Y112.268
G1 F3600 X102.269 Y110.76 E411.45604
G1 X102.339 Y110.69
G0 F7200 X102.339 Y110.91
G0 X117.232 Y124.865
G0 X117.841 Y124.584
;TYPE:WALL-INNER
G1 F3600 X117.711 Y124.511 E411.45698
G1 X117.539 Y124.313 E411.45862
G1 X117.474 Y124.114 E411.45993
G1 X117.469 Y122.179 E411.47207
G1 X117.606 Y121.927 E411.47386
G1 X117.855 Y121.75 E411.47578
G1 X118.07 Y121.712 E411.47715
G1 X119.4 Y121.714 E411.48549
G1 X119.4 Y117.316 E411.51306
G1 X118.072 Y117.316 E411.52139
G1 X117.858 Y117.277 E411.52275
G1 X117.663 Y117.156 E411.52419
G1 X117.533 Y116.982 E411.52556
G1 X117.472 Y116.801 E411.52675
G1 X117.472 Y114.899 E411.53868
G1 X117.526 Y114.729 E411.5398
G1 X117.719 Y114.494 E411.5417
G1 X117.966 Y114.38 E411.54341
G1 X119.4 Y114.38 E411.5524
G1 X119.4 Y110.6 E411.5761
G1 X114.44 Y110.6 E411.6072
G1 X114.44 Y112.041 E411.61624
G1 X114.246 Y112.342 E411.61848
G1 X114.025 Y112.471 E411.62009
G1 X113.84 Y112.5 E411.62126
G1 X112.164 Y112.5 E411.63177
G1 X111.936 Y112.442 E411.63325
G1 X111.678 Y112.204 E411.63545
G1 X111.596 Y111.902 E411.63741
G1 X111.593 Y110.6 E411.64557
G1 X107.752 Y110.6 E411.66966
G1 X107.752 Y112.024 E411.67859
G1 X107.602 Y112.299 E411.68055
G1 X107.412 Y112.442 E411.68204
G1 X107.221 Y112.497 E411.68329
G1 X105.411 Y112.494 E411.69464
G1 X105.205 Y112.423 E411.696
G1 X105.003 Y112.237 E411.69772
G1 X104.933 Y112.097 E411.69871
G1 X104.9 Y111.9 E411.69996
G1 X104.9 Y110.6 E411.70811
G1 X100.6 Y110.6 E411.73507
G1 X100.6 Y129.4 E411.85295
G1 X119.4 Y129.4 E411.97083
G1 X119.4 Y124.631 E412.00073
G1 X118.066 Y124.628 E412.0091
G1 X117.841 Y124.584 E412.01053
G0 F7200 X118.011 Y124.228
;TYPE:WALL-OUTER
G1 F1800 X117.915 Y124.158 E412.01128
G1 X117.87 Y124.057 E412.01197
G1 X117.868 Y122.295 E412.02302
G1 X117.914 Y122.183 E412.02378
G1 X118.014 Y122.112 E412.02455
G1 X119.8 Y122.115 E412.03575
G1 X119.8 Y116.916 E412.06835
G1 X118.017 Y116.916 E412.07953
G1 X117.875 Y116.756 E412.08087
G1 X117.875 Y114.941 E412.09225
G1 X117.954 Y114.818 E412.09316
G1 X118.024 Y114.785 E412.09365
G1 X119.8 Y114.78 E412.10479
G1 X119.8 Y110.2 E412.1335
G1 X114.04 Y110.2 E412.16962
G1 X114.04 Y111.948 E412.18058
G1 X113.976 Y112.048 E412.18132
G1 X113.886 Y112.1 E412.18198
G1 X112.161 Y112.098 E412.19279
G1 X112.046 Y112.033 E412.19362
G1 X111.996 Y111.944 E412.19426
G1 X111.992 Y110.2 E412.2052
G1 X107.352 Y110.2 E412.23429
G1 X107.352 Y111.94 E412.2452
G1 X107.281 Y112.053 E412.24604
G1 X107.198 Y112.099 E412.24663
G1 X105.47 Y112.098 E412.25747
G1 X105.334 Y112.013 E412.25847
G1 X105.3 Y111.9 E412.25921
G1 X105.3 Y110.2 E412.26987
G1 X100.2 Y110.2 E412.30185
G1 X100.2 Y129.8 E412.42474
G1 X119.8 Y129.8 E412.54764
G1 X119.8 Y124.232 E412.58255
G1 X118.011 Y124.228 E412.59377
G0 F7200 X117.915 Y124.158
G0 X117.883 Y124.085
G0 X116.861 Y124.084
;MESH:NONMESH
G0 F600 X116.861 Y124.084 Z15.7
G0 F7200 X100.88 Y110.88
G0 X100.761 Y110.761
;TIME_ELAPSED:1652.362303
;LAYER:154
;TYPE:FILL
;MESH:xyzCalibration_cube.glb
G1 F3600 X119.24 Y129.24 E412.75763
G1 X119.31 Y129.31
G0 F7200 X119.12 Y129.12
G0 X117.73 Y129.09
G0 X117.73 Y129.24
G1 F3600 X119.24 Y127.73 E412.77102
G1 X119.31 Y127.66
G0 F7200 X119.09 Y127.66
G0 X117.232 Y124.923
G0 X117.161 Y124.004
G0 X117.308 Y124.005
G1 F3600 X112.073 Y129.24 E412.81744
G1 X112.003 Y129.31
G0 F7200 X112.003 Y129.09
G0 X113.583 Y129.09
G0 X113.583 Y129.24
G1 F3600 X100.761 Y116.417 E412.93114
G1 X100.691 Y116.347
G0 F7200 X100.91 Y116.347
G0 X100.91 Y117.924
G0 X100.761 Y117.924
G1 F3600 X106.028 Y112.658 E412.97784
G1 X106.098 Y112.588
G0 F7200 X106.098 Y112.812
G0 X107.933 Y112.74
G0 X107.809 Y112.152
G1 F3600 X117.514 Y121.857 E413.0639
G1 X117.584 Y121.927
G0 F7200 X117.161 Y121.926
G0 X119.09 Y117.926
G0 X119.24 Y117.926
G1 F3600 X118.73 Y117.416 E413.06842
G0 F7200 X118.24 Y117.416
G1 F3600 X106.416 Y129.24 E413.17327
G1 X106.346 Y129.31
G0 F7200 X106.346 Y129.09
G0 X107.926 Y129.09
G0 X107.926 Y129.24
G1 F3600 X100.761 Y122.074 E413.23681
G1 X100.691 Y122.004
G0 F7200 X100.91 Y122.004
G0 X100.91 Y123.581
G0 X100.761 Y123.581
G1 F3600 X111.835 Y112.507 E413.33501
G1 X111.905 Y112.437
G0 F7200 X111.905 Y112.812
G0 X113.964 Y112.812
G0 X113.964 Y112.651
G1 F3600 X117.312 Y115.998 E413.36469
G1 X117.382 Y116.068
G0 F7200 X117.164 Y116.068
G0 X117.236 Y114.085
G0 X119.09 Y112.269
G0 X119.24 Y112.269
G1 F3600 X117.731 Y110.76 E413.37807
G1 X117.661 Y110.69
G0 F7200 X117.661 Y110.91
G0 X119.12 Y110.88
G0 X119.239 Y110.76
G1 F3600 X100.761 Y129.238 E413.54192
G1 X100.691 Y129.308
G0 F7200 X100.88 Y129.12
G0 X100.91 Y127.731
G0 X100.761 Y127.731
G1 F3600 X102.27 Y129.24 E413.5553
G1 X102.34 Y129.31
G0 F7200 X102.34 Y129.09
G0 X100.91 Y112.267
G0 X100.761 Y112.267
G1 F3600 X102.268 Y110.76 E413.56867
G1 X102.338 Y110.69
G0 F7200 X102.338 Y110.91
G0 X104.606 Y112.74
G0 X107.933 Y112.74
G0 X108.006 Y110.83
G0 X107.856 Y110.829
G1 F3600 X107.926 Y110.76 E413.56928
G0 F7200 X107.926 Y110.91
G0 X117.232 Y124.923
G0 X117.845 Y124.642
;TYPE:WALL-INNER
G1 F3600 X117.713 Y124.569 E413.57023
G1 X117.54 Y124.37 E413.57188
G1 X117.474 Y124.171 E413.5732
G1 X117.47 Y122.317 E413.58482
G1 X117.573 Y122.028 E413.58675
G1 X117.844 Y121.811 E413.58892
G1 X118.07 Y121.768 E413.59037
G1 X119.4 Y121.77 E413.5987
G1 X119.4 Y117.256 E413.62701
G1 X118.072 Y117.256 E413.63534
G1 X117.847 Y117.213 E413.63677
G1 X117.663 Y117.095 E413.63814
G1 X117.535 Y116.926 E413.63947
G1 X117.472 Y116.743 E413.64068
G1 X117.472 Y114.837 E413.65264
G1 X117.527 Y114.667 E413.65376
G1 X117.722 Y114.432 E413.65567
G1 X117.969 Y114.32 E413.65737
G1 X119.4 Y114.32 E413.66634
G1 X119.4 Y110.6 E413.68967
G1 X114.504 Y110.6 E413.72037
G1 X114.504 Y112.037 E413.72938
G1 X114.314 Y112.339 E413.73162
G1 X114.091 Y112.471 E413.73324
G1 X113.904 Y112.5 E413.73443
G1 X112.199 Y112.498 E413.74512
G1 X111.996 Y112.44 E413.74644
G1 X111.811 Y112.299 E413.7479
G1 X111.66 Y112.032 E413.74982
G1 X111.657 Y110.6 E413.7588
G1 X107.696 Y110.6 E413.78364
G1 X107.696 Y112.031 E413.79261
G1 X107.545 Y112.299 E413.79454
G1 X107.434 Y112.397 E413.79547
G1 X107.196 Y112.5 E413.79709
G1 X105.354 Y112.494 E413.80864
G1 X105.147 Y112.422 E413.81002
G1 X104.945 Y112.234 E413.81175
G1 X104.875 Y112.093 E413.81274
G1 X104.844 Y111.9 E413.81396
G1 X104.844 Y110.6 E413.82211
G1 X100.601 Y110.601 E413.84872
G1 X100.6 Y129.4 E413.96659
G1 X119.4 Y129.4 E414.08447
G1 X119.4 Y124.687 E414.11402
G1 X118.066 Y124.684 E414.12239
G1 X117.845 Y124.642 E414.1238
G0 F7200 X118.012 Y124.284
;TYPE:WALL-OUTER
G1 F1800 X117.915 Y124.214 E414.12455
G1 X117.87 Y124.113 E414.12524
G1 X117.868 Y122.351 E414.13629
G1 X117.931 Y122.221 E414.13719
G1 X118.015 Y122.168 E414.13782
G1 X119.8 Y122.171 E414.14901
G1 X119.8 Y116.856 E414.18233
G1 X118.072 Y116.856 E414.19317
G1 X117.96 Y116.823 E414.1939
G1 X117.875 Y116.696 E414.19486
G1 X117.875 Y114.881 E414.20624
G1 X117.92 Y114.788 E414.20689
G1 X118.026 Y114.725 E414.20766
G1 X119.8 Y114.72 E414.21878
G1 X119.8 Y110.2 E414.24713
G1 X114.104 Y110.2 E414.28284
G1 X114.104 Y111.946 E414.29379
G1 X114.041 Y112.047 E414.29453
G1 X113.952 Y112.1 E414.29518
G1 X112.239 Y112.1 E414.30592
G1 X112.13 Y112.053 E414.30667
G1 X112.06 Y111.901 E414.30772
G1 X112.056 Y110.2 E414.31838
G1 X107.296 Y110.2 E414.34823
G1 X107.296 Y111.944 E414.35917
G1 X107.209 Y112.066 E414.3601
G1 X107.12 Y112.099 E414.3607
G1 X105.414 Y112.098 E414.3714
G1 X105.277 Y112.012 E414.37241
G1 X105.244 Y111.9 E414.37314
G1 X105.244 Y110.2 E414.3838
G1 X100.201 Y110.201 E414.41542
G1 X100.2 Y129.8 E414.53831
G1 X119.8 Y129.8 E414.66121
G1 X119.8 Y124.288 E414.69577
G1 X118.012 Y124.284 E414.70698
G0 F7200 X117.915 Y124.214
G0 X117.883 Y124.142
G0 X116.861 Y124.141
;MESH:NONMESH
G0 F600 X116.861 Y124.141 Z15.8
G0 F7200 X100.88 Y110.88
G0 X100.76 Y110.76
;TIME_ELAPSED:1661.401054
;LAYER:155
;TYPE:FILL
;MESH:xyzCalibration_cube.glb
G1 F3600 X119.24 Y129.24 E414.87085
G1 X119.31 Y129.31
G0 F7200 X119.12 Y129.12
G0 X117.73 Y129.09
G0 X117.73 Y129.24
G1 F3600 X119.24 Y127.73 E414.88424
G1 X119.31 Y127.66
G0 F7200 X119.09 Y127.66
G0 X117.232 Y124.978
G0 X117.161 Y124.004
G0 X117.308 Y124.005
G1 F3600 X112.073 Y129.24 E414.93066
G1 X112.003 Y129.31
G0 F7200 X112.003 Y129.09
G0 X113.583 Y129.09
G0 X113.583 Y129.24
G1 F3600 X100.76 Y116.417 E415.04437
G1 X100.69 Y116.347
G0 F7200 X100.91 Y116.347
G0 X100.91 Y117.925
G0 X100.761 Y117.925
G1 F3600 X106.028 Y112.658 E415.09107
G1 X106.098 Y112.588
G0 F7200 X106.098 Y112.812
G0 X107.877 Y112.74
G0 X107.766 Y112.109
G1 F3600 X117.541 Y121.884 E415.17775
G1 X117.611 Y121.954
G0 F7200 X117.612 Y121.514
G0 X119.09 Y117.926
G0 X119.24 Y117.926
G1 F3600 X118.673 Y117.359 E415.18278
G0 F7200 X118.297 Y117.359
G1 F3600 X106.416 Y129.24 E415.28813
G1 X106.346 Y129.31
G0 F7200 X106.346 Y129.09
G0 X107.926 Y129.09
G0 X107.926 Y129.24
G1 F3600 X100.76 Y122.074 E415.35167
G1 X100.69 Y122.004
G0 F7200 X100.91 Y122.004
G0 X100.91 Y123.582
G0 X100.761 Y123.582
G1 F3600 X111.85 Y112.492 E415.45001
G1 X111.92 Y112.422
G0 F7200 X111.92 Y112.812
G0 X113.972 Y112.812
G0 X113.972 Y112.658
G1 F3600 X117.312 Y115.998 E415.47963
G1 X117.382 Y116.068
G0 F7200 X117.164 Y116.067
G0 X117.236 Y114.025
G0 X119.09 Y112.269
G0 X119.24 Y112.269
G1 F3600 X117.731 Y110.76 E415.49301
G1 X117.661 Y110.69
G0 F7200 X117.661 Y110.91
G0 X119.12 Y110.88
G0 X119.239 Y110.76
G1 F3600 X100.761 Y129.239 E415.65686
G1 X100.691 Y129.309
G0 F7200 X100.88 Y129.12
G0 X100.91 Y127.73
G0 X100.76 Y127.73
G1 F3600 X102.27 Y129.24 E415.67025
G1 X102.34 Y129.31
G0 F7200 X102.34 Y129.09
G0 X100.91 Y112.268
G0 X100.761 Y112.268
G1 F3600 X102.269 Y110.76 E415.68362
G1 X102.339 Y110.69
G0 F7200 X102.339 Y110.91
G0 X104.55 Y112.74
G0 X107.877 Y112.74
G0 X107.95 Y110.887
G0 X107.8 Y110.886
G1 F3600 X107.926 Y110.76 E415.68474
G0 F7200 X107.926 Y110.91
G0 X117.232 Y124.978
G0 X117.85 Y124.699
;TYPE:WALL-INNER
G1 F3600 X117.716 Y124.627 E415.6857
G1 X117.541 Y124.428 E415.68736
G1 X117.474 Y124.227 E415.68869
G1 X117.47 Y122.371 E415.70032
G1 X117.575 Y122.081 E415.70226
G1 X117.834 Y121.871 E415.70435
G1 X118.07 Y121.824 E415.70586
G1 X119.4 Y121.826 E415.7142
G1 X119.4 Y117.198 E415.74321
G1 X118.074 Y117.2 E415.75153
G1 X117.837 Y117.153 E415.75304
G1 X117.612 Y116.987 E415.7548
G1 X117.515 Y116.826 E415.75598
G1 X117.472 Y116.6 E415.75742
G1 X117.472 Y114.774 E415.76887
G1 X117.528 Y114.605 E415.76998
G1 X117.725 Y114.369 E415.77191
G1 X117.974 Y114.26 E415.77362
G1 X119.4 Y114.26 E415.78256
G1 X119.4 Y110.6 E415.80551
G1 X114.568 Y110.6 E415.8358
G1 X114.568 Y112.033 E415.84479
G1 X114.382 Y112.336 E415.84702
G1 X114.158 Y112.47 E415.84865
G1 X113.968 Y112.5 E415.84986
G1 X112.286 Y112.5 E415.86041
G1 X112.02 Y112.42 E415.86215
G1 X111.872 Y112.301 E415.86334
G1 X111.751 Y112.091 E415.86486
G1 X111.72 Y111.9 E415.86607
G1 X111.72 Y110.6 E415.87422
G1 X107.64 Y110.6 E415.89981
G1 X107.64 Y111.9 E415.90796
G1 X107.552 Y112.215 E415.91001
G1 X107.429 Y112.357 E415.91119
G1 X107.28 Y112.451 E415.91229
G1 X107.04 Y112.5 E415.91383
G1 X105.297 Y112.494 E415.92476
G1 X105.09 Y112.421 E415.92613
G1 X104.887 Y112.231 E415.92788
G1 X104.788 Y112.029 E415.92929
G1 X104.788 Y110.6 E415.93825
G1 X100.6 Y110.6 E415.96451
G1 X100.6 Y129.4 E416.08238
G1 X119.4 Y129.4 E416.20026
G1 X119.4 Y124.743 E416.22946
G1 X118.066 Y124.74 E416.23783
G1 X117.85 Y124.699 E416.23921
G0 F7200 X118.013 Y124.34
;TYPE:WALL-OUTER
G1 F1800 X117.87 Y124.19 E416.24051
G1 X117.868 Y122.406 E416.25169
G1 X117.931 Y122.277 E416.25259
G1 X118.069 Y122.224 E416.25352
G1 X119.8 Y122.227 E416.26437
G1 X119.8 Y116.797 E416.29842
G1 X118.013 Y116.8 E416.30963
G1 X117.872 Y116.65 E416.31092
G1 X117.875 Y114.82 E416.32239
G1 X117.92 Y114.729 E416.32303
G1 X118.028 Y114.664 E416.32382
G1 X119.8 Y114.66 E416.33493
G1 X119.8 Y110.2 E416.36289
G1 X114.168 Y110.2 E416.39821
G1 X114.168 Y111.945 E416.40915
G1 X114.106 Y112.046 E416.40989
G1 X114.015 Y112.1 E416.41056
G1 X112.283 Y112.097 E416.42142
G1 X112.17 Y112.034 E416.42223
G1 X112.12 Y111.946 E416.42286
G1 X112.12 Y110.2 E416.43381
G1 X107.24 Y110.2 E416.46441
G1 X107.24 Y111.9 E416.47507
G1 X107.17 Y112.053 E416.47612
G1 X107.065 Y112.099 E416.47684
G1 X105.307 Y112.098 E416.48786
G1 X105.188 Y111.945 E416.48908
G1 X105.188 Y110.2 E416.50002
G1 X100.2 Y110.2 E416.5313
G1 X100.2 Y129.8 E416.65419
G1 X119.8 Y129.8 E416.77709
G1 X119.8 Y124.344 E416.8113
G1 X118.013 Y124.34 E416.8225
G0 F7200 X117.875 Y124.196
G0 X116.861 Y124.195
;MESH:NONMESH
G0 F600 X116.861 Y124.195 Z15.9
G0 F7200 X100.88 Y110.88
G0 X100.76 Y110.76
;TIME_ELAPSED:1670.428828
;LAYER:156
;TYPE:FILL
;MESH:xyzCalibration_cube.glb
G1 F3600 X119.24 Y129.24 E416.98637
G1 X119.31 Y129.31
G0 F7200 X119.12 Y129.12
G0 X117.73 Y129.09
G0 X117.73 Y129.24
G1 F3600 X119.24 Y127.73 E416.99976
G1 X119.31 Y127.66
G0 F7200 X119.09 Y127.66
G0 X117.232 Y125.035
G0 X117.161 Y124.004
G0 X117.308 Y124.005
G1 F3600 X112.073 Y129.24 E417.04618
G1 X112.003 Y129.31
G0 F7200 X112.003 Y129.09
G0 X113.583 Y129.09
G0 X113.583 Y129.24
G1 F3600 X100.76 Y116.417 E417.15989
G1 X100.69 Y116.347
G0 F7200 X100.91 Y116.347
G0 X100.91 Y117.925
G0 X100.761 Y117.925
G1 F3600 X106.028 Y112.658 E417.20659
G1 X106.098 Y112.588
G0 F7200 X106.098 Y112.812
G0 X107.82 Y112.74
G0 X107.713 Y112.056
G1 F3600 X117.578 Y121.921 E417.29407
G1 X117.648 Y121.991
G0 F7200 X117.649 Y121.571
G0 X119.09 Y117.926
G0 X119.24 Y117.926
G1 F3600 X118.614 Y117.3 E417.29962
G0 F7200 X118.356 Y117.3
G1 F3600 X106.416 Y129.24 E417.4055
G1 X106.346 Y129.31
G0 F7200 X106.346 Y129.09
G0 X107.926 Y129.09
G0 X107.926 Y129.24
G1 F3600 X100.76 Y122.074 E417.46904
G1 X100.69 Y122.004
G0 F7200 X100.91 Y122.004
G0 X100.91 Y123.582
G0 X100.761 Y123.582
G1 F3600 X111.878 Y112.464 E417.56762
G1 X111.948 Y112.394
G0 F7200 X111.948 Y112.812
G0 X113.974 Y112.812
G0 X113.974 Y112.66
G1 F3600 X117.312 Y115.998 E417.59722
G1 X117.382 Y116.068
G0 F7200 X117.165 Y116.067
G0 X117.237 Y113.965
G0 X119.09 Y112.269
G0 X119.24 Y112.269
G1 F3600 X117.731 Y110.76 E417.6106
G1 X117.661 Y110.69
G0 F7200 X117.661 Y110.91
G0 X119.12 Y110.88
G0 X119.239 Y110.76
G1 F3600 X100.761 Y129.239 E417.77446
G1 X100.691 Y129.309
G0 F7200 X100.88 Y129.12
G0 X100.91 Y127.73
G0 X100.76 Y127.73
G1 F3600 X102.27 Y129.24 E417.78785
G1 X102.34 Y129.31
G0 F7200 X102.34 Y129.09
G0 X100.91 Y112.268
G0 X100.761 Y112.268
G1 F3600 X102.269 Y110.76 E417.80122
G1 X102.339 Y110.69
G0 F7200 X102.339 Y110.91
G0 X104.494 Y112.74
G0 X107.82 Y112.74
G0 X107.893 Y110.943
G0 X107.743 Y110.942
G1 F3600 X107.926 Y110.76 E417.80284
G0 F7200 X107.926 Y110.91
G0 X117.232 Y125.035
G0 X117.854 Y124.757
;TYPE:WALL-INNER
G1 F3600 X117.719 Y124.685 E417.8038
G1 X117.541 Y124.485 E417.80548
G1 X117.474 Y124.284 E417.80681
G1 X117.47 Y122.425 E417.81846
G1 X117.576 Y122.135 E417.8204
G1 X117.824 Y121.931 E417.82241
G1 X118.07 Y121.88 E417.82399
G1 X119.4 Y121.882 E417.83233
G1 X119.4 Y117.14 E417.86206
G1 X118.072 Y117.14 E417.87039
G1 X117.827 Y117.089 E417.87196
G1 X117.613 Y116.928 E417.87364
G1 X117.517 Y116.77 E417.87479
G1 X117.472 Y116.54 E417.87626
G1 X117.472 Y114.713 E417.88772
G1 X117.529 Y114.543 E417.88884
G1 X117.728 Y114.307 E417.89078
G1 X117.976 Y114.2 E417.89247
G1 X119.4 Y114.2 E417.9014
G1 X119.4 Y110.6 E417.92397
G1 X114.632 Y110.6 E417.95387
G1 X114.632 Y112.03 E417.96284
G1 X114.449 Y112.332 E417.96505
G1 X114.224 Y112.469 E417.9667
G1 X114.032 Y112.5 E417.96792
G1 X112.27 Y112.499 E417.97897
G1 X111.937 Y112.302 E417.9814
G1 X111.819 Y112.103 E417.98285
G1 X111.784 Y111.9 E417.98414
G1 X111.784 Y110.6 E417.99229
G1 X107.583 Y110.6 E418.01863
G1 X107.58 Y111.902 E418.0268
G1 X107.545 Y112.103 E418.02807
G1 X107.427 Y112.302 E418.02952
G1 X107.202 Y112.458 E418.03124
G1 X107.056 Y112.496 E418.03219
G1 X105.241 Y112.494 E418.04357
G1 X105.032 Y112.42 E418.04496
G1 X104.829 Y112.227 E418.04671
G1 X104.732 Y112.025 E418.04812
G1 X104.732 Y110.6 E418.05705
G1 X100.6 Y110.6 E418.08296
G1 X100.6 Y129.4 E418.20084
G1 X119.4 Y129.4 E418.31872
G1 X119.4 Y124.799 E418.34757
G1 X118.066 Y124.796 E418.35594
G1 X117.854 Y124.757 E418.35729
G0 F7200 X118.067 Y124.396
;TYPE:WALL-OUTER
G1 F1800 X117.951 Y124.359 E418.35805
G1 X117.87 Y124.226 E418.35903
G1 X117.868 Y122.461 E418.37009
G1 X117.915 Y122.35 E418.37085
G1 X118.009 Y122.28 E418.37158
G1 X119.8 Y122.283 E418.38281
G1 X119.8 Y116.74 E418.41757
G1 X118.013 Y116.74 E418.42877
G1 X117.878 Y116.592 E418.43003
G1 X117.875 Y114.76 E418.44152
G1 X117.92 Y114.669 E418.44215
G1 X118.03 Y114.604 E418.44296
G1 X119.8 Y114.6 E418.45405
G1 X119.8 Y110.2 E418.48164
G1 X114.232 Y110.2 E418.51656
G1 X114.232 Y111.94 E418.52747
G1 X114.114 Y112.1 E418.52871
G1 X112.346 Y112.097 E418.5398
G1 X112.214 Y112.007 E418.5408
G1 X112.184 Y111.9 E418.5415
G1 X112.184 Y110.2 E418.55216
G1 X107.184 Y110.2 E418.58351
G1 X107.18 Y111.954 E418.5945
G1 X107.095 Y112.065 E418.59538
G1 X107.006 Y112.099 E418.59598
G1 X105.301 Y112.098 E418.60667
G1 X105.164 Y112.009 E418.60769
G1 X105.132 Y111.9 E418.60841
G1 X105.132 Y110.2 E418.61906
G1 X100.2 Y110.2 E418.64999
G1 X100.2 Y129.8 E418.77288
G1 X119.8 Y129.8 E418.89578
G1 X119.8 Y124.4 E418.92964
G1 X118.067 Y124.396 E418.94051
G0 F7200 X117.951 Y124.359
G0 X117.911 Y124.293
G0 X116.861 Y124.292
;MESH:NONMESH
G0 F600 X116.861 Y124.292 Z16
G0 F7200 X100.88 Y110.88
G0 X100.76 Y110.76
;TIME_ELAPSED:1679.468010
;LAYER:157
;TYPE:FILL
;MESH:xyzCalibration_cube.glb
G1 F3600 X119.24 Y129.24 E419.10438
G1 X119.31 Y129.31
G0 F7200 X119.12 Y129.12
G0 X117.73 Y129.09
G0 X117.73 Y129.24
G1 F3600 X119.239 Y127.73 E419.11776
G1 X119.309 Y127.66
G0 F7200 X119.09 Y127.66
G0 X117.233 Y125.091
G0 X117.162 Y124.003
G0 X117.309 Y124.004
G1 F3600 X112.073 Y129.24 E419.16419
G1 X112.003 Y129.31
G0 F7200 X112.003 Y129.09
G0 X113.583 Y129.09
G0 X113.583 Y129.24
G1 F3600 X100.76 Y116.417 E419.2779
G1 X100.69 Y116.347
G0 F7200 X100.91 Y116.347
G0 X100.91 Y117.925
G0 X100.761 Y117.925
G1 F3600 X106.029 Y112.657 E419.32461
G1 X106.099 Y112.587
G0 F7200 X106.099 Y112.812
G0 X107.764 Y112.74
G0 X107.664 Y112.007
G1 F3600 X117.61 Y121.953 E419.4128
G1 X117.68 Y122.023
G0 F7200 X117.681 Y121.625
G0 X119.09 Y117.926
G0 X119.24 Y117.926
G1 F3600 X118.554 Y117.24 E419.41889
G1 X118.416 Y117.24
G1 X106.416 Y129.24 E419.5253
G1 X106.346 Y129.31
G0 F7200 X106.346 Y129.09
G0 X107.926 Y129.09
G0 X107.926 Y129.24
G1 F3600 X100.76 Y122.074 E419.58884
G1 X100.69 Y122.004
G0 F7200 X100.91 Y122.004
G0 X100.91 Y123.582
G0 X100.761 Y123.582
G1 F3600 X111.914 Y112.429 E419.68774
G1 X111.984 Y112.359
G0 F7200 X111.539 Y112.359
G0 X113.974 Y112.812
G0 X113.974 Y112.66
G1 F3600 X117.313 Y115.999 E419.71735
G1 X117.383 Y116.069
G0 F7200 X117.165 Y116.068
G0 X117.237 Y113.905
G0 X119.09 Y112.269
G0 X119.24 Y112.269
G1 F3600 X117.731 Y110.76 E419.73073
G1 X117.661 Y110.69
G0 F7200 X117.661 Y110.91
G0 X119.12 Y110.88
G0 X119.239 Y110.76
G1 F3600 X100.761 Y129.239 E419.89458
G1 X100.691 Y129.309
G0 F7200 X100.88 Y129.12
G0 X100.91 Y127.73
G0 X100.76 Y127.73
G1 F3600 X102.27 Y129.24 E419.90797
G1 X102.34 Y129.31
G0 F7200 X102.34 Y129.09
G0 X100.91 Y112.268
G0 X100.761 Y112.268
G1 F3600 X102.269 Y110.76 E419.92134
G1 X102.339 Y110.69
G0 F7200 X102.339 Y110.91
G0 X104.437 Y112.74
G0 X107.764 Y112.74
G0 X107.837 Y111
G0 X107.687 Y110.999
G1 F3600 X107.926 Y110.76 E419.92346
G0 F7200 X107.926 Y110.91
G0 X117.233 Y125.091
G0 X117.858 Y124.815
;TYPE:WALL-INNER
G1 F3600 X117.722 Y124.743 E419.92443
G1 X117.542 Y124.542 E419.92612
G1 X117.468 Y124.311 E419.92764
G1 X117.474 Y122.478 E419.93913
G1 X117.558 Y122.224 E419.94081
G1 X117.818 Y121.992 E419.943
G1 X118.074 Y121.936 E419.94464
G1 X119.4 Y121.938 E419.95295
G1 X119.4 Y117.08 E419.98342
G1 X118.072 Y117.08 E419.99174
G1 X117.818 Y117.024 E419.99337
G1 X117.614 Y116.869 E419.99498
G1 X117.472 Y116.568 E419.99707
G1 X117.472 Y114.655 E420.00906
G1 X117.53 Y114.48 E420.01022
G1 X117.731 Y114.245 E420.01216
G1 X117.981 Y114.14 E420.01386
G1 X119.4 Y114.14 E420.02275
G1 X119.4 Y110.6 E420.04495
G1 X114.696 Y110.6 E420.07444
G1 X114.696 Y112.01 E420.08329
G1 X114.517 Y112.328 E420.08557
G1 X114.291 Y112.468 E420.08724
G1 X114.096 Y112.5 E420.08848
G1 X112.38 Y112.497 E420.09924
G1 X112.222 Y112.457 E420.10026
G1 X112.057 Y112.356 E420.10147
G1 X111.887 Y112.115 E420.10332
G1 X111.848 Y111.902 E420.10468
G1 X111.845 Y110.6 E420.11285
G1 X107.527 Y110.6 E420.13992
G1 X107.524 Y111.902 E420.14808
G1 X107.429 Y112.225 E420.15019
G1 X107.23 Y112.417 E420.15193
G1 X107.027 Y112.5 E420.1533
G1 X105.184 Y112.494 E420.16486
G1 X104.974 Y112.419 E420.16626
G1 X104.77 Y112.224 E420.16803
G1 X104.676 Y112.022 E420.16942
G1 X104.676 Y110.6 E420.17834
G1 X100.6 Y110.6 E420.2039
G1 X100.6 Y129.4 E420.32178
G1 X119.4 Y129.4 E420.43966
G1 X119.4 Y124.855 E420.46816
G1 X118.066 Y124.852 E420.47652
G1 X117.858 Y124.815 E420.47784
G0 F7200 X118.067 Y124.452
;TYPE:WALL-OUTER
G1 F1800 X117.952 Y124.416 E420.4786
G1 X117.868 Y124.322 E420.47939
G1 X117.872 Y122.516 E420.49071
G1 X117.919 Y122.406 E420.49146
G1 X118.011 Y122.336 E420.49219
G1 X119.8 Y122.339 E420.50341
G1 X119.8 Y116.68 E420.53889
G1 X118.007 Y116.68 E420.55013
G1 X117.9 Y116.584 E420.55103
G1 X117.872 Y116.48 E420.55171
G1 X117.876 Y114.699 E420.56288
G1 X117.92 Y114.609 E420.5635
G1 X118.033 Y114.543 E420.56432
G1 X119.8 Y114.54 E420.5754
G1 X119.8 Y110.2 E420.60262
G1 X114.296 Y110.2 E420.63713
G1 X114.296 Y111.937 E420.64802
G1 X114.237 Y112.043 E420.64878
G1 X114.145 Y112.1 E420.64946
G1 X112.408 Y112.097 E420.66035
G1 X112.317 Y112.052 E420.66099
G1 X112.248 Y111.954 E420.66174
G1 X112.244 Y110.2 E420.67274
G1 X107.128 Y110.2 E420.70481
G1 X107.124 Y111.957 E420.71583
G1 X107.004 Y112.099 E420.717
G1 X105.194 Y112.098 E420.72835
G1 X105.076 Y111.943 E420.72957
G1 X105.076 Y110.2 E420.7405
G1 X100.2 Y110.2 E420.77107
G1 X100.2 Y129.8 E420.89396
G1 X119.8 Y129.8 E421.01686
G1 X119.8 Y124.456 E421.05037
G1 X118.067 Y124.452 E421.06123
G0 F7200 X117.952 Y124.416
G0 X117.9 Y124.358
G0 X116.862 Y124.357
;MESH:NONMESH
G0 F600 X116.862 Y124.357 Z16.1
G0 F7200 X100.88 Y110.88
G0 X100.76 Y110.76
;TIME_ELAPSED:1688.516703
;LAYER:158
;TYPE:FILL
;MESH:xyzCalibration_cube.glb
G1 F3600 X119.24 Y129.24 E421.2251
G1 X119.31 Y129.31
G0 F7200 X119.12 Y129.12
G0 X117.73 Y129.09
G0 X117.73 Y129.24
G1 F3600 X119.24 Y127.73 E421.23849
G1 X119.31 Y127.66
G0 F7200 X119.09 Y127.66
G0 X117.233 Y125.148
G0 X117.162 Y124.003
G0 X117.309 Y124.004
G1 F3600 X112.073 Y129.24 E421.28492
G1 X112.003 Y129.31
G0 F7200 X112.003 Y129.09
G0 X113.583 Y129.09
G0 X113.583 Y129.24
G1 F3600 X100.76 Y116.417 E421.39863
G1 X100.69 Y116.347
G0 F7200 X100.91 Y116.347
G0 X100.91 Y117.925
G0 X100.761 Y117.925
G1 F3600 X106.024 Y112.662 E421.4453
G1 X106.094 Y112.592
G0 F7200 X108.08 Y112.423
G1 F3600 X117.635 Y121.978 E421.53003
G1 X117.705 Y122.048
G0 F7200 X117.706 Y121.681
G0 X118.004 Y117.652
G1 F3600 X106.416 Y129.24 E421.63278
G1 X106.346 Y129.31
G0 F7200 X106.346 Y129.09
G0 X107.926 Y129.09
G0 X107.926 Y129.24
G1 F3600 X100.76 Y122.074 E421.69633
G1 X100.69 Y122.004
G0 F7200 X100.91 Y122.004
G0 X100.91 Y123.582
G0 X100.761 Y123.582
G1 F3600 X111.68 Y112.662 E421.79315
G1 X111.75 Y112.592
G0 F7200 X113.976 Y112.662
G1 F3600 X117.315 Y116.001 E421.82276
G1 X117.385 Y116.071
G0 F7200 X118.965 Y117.651
G1 F3600 X119.24 Y117.926 E421.8252
G0 F7200 X119.09 Y117.926
G0 X119.09 Y112.269
G0 X119.24 Y112.269
G1 F3600 X117.731 Y110.76 E421.83858
G1 X117.661 Y110.69
G0 F7200 X117.661 Y110.91
G0 X119.12 Y110.88
G0 X119.239 Y110.76
G1 F3600 X100.761 Y129.239 E422.00244
G1 X100.691 Y129.309
G0 F7200 X100.88 Y129.12
G0 X100.91 Y127.73
G0 X100.76 Y127.73
G1 F3600 X102.27 Y129.24 E422.01583
G1 X102.34 Y129.31
G0 F7200 X102.34 Y129.09
G0 X100.91 Y112.268
G0 X100.761 Y112.268
G1 F3600 X102.269 Y110.76 E422.0292
G1 X102.339 Y110.69
G0 F7200 X102.339 Y110.91
G0 X117.233 Y125.148
G0 X117.863 Y124.876
;TYPE:WALL-INNER
G1 F3600 X117.725 Y124.805 E422.03017
G1 X117.543 Y124.603 E422.03188
G1 X117.468 Y124.372 E422.0334
G1 X117.474 Y122.532 E422.04494
G1 X117.509 Y122.382 E422.0459
G1 X117.625 Y122.191 E422.0473
G1 X117.876 Y122.024 E422.04919
G1 X118.074 Y121.992 E422.05045
G1 X119.4 Y121.994 E422.05876
G1 X119.4 Y110.6 E422.13021
G1 X100.6 Y110.6 E422.24809
G1 X100.6 Y129.4 E422.36597
G1 X119.4 Y129.4 E422.48385
G1 X119.4 Y124.915 E422.51197
G1 X118.066 Y124.912 E422.52033
G1 X117.863 Y124.876 E422.52162
G0 F7200 X118.017 Y124.512
;TYPE:WALL-OUTER
G1 F1800 X117.868 Y124.358 E422.52297
G1 X117.872 Y122.572 E422.53417
G1 X117.939 Y122.441 E422.53509
G1 X118.023 Y122.392 E422.5357
G1 X119.8 Y122.395 E422.54684
G1 X119.8 Y110.2 E422.62331
G1 X100.2 Y110.2 E422.7462
G1 X100.2 Y129.8 E422.8691
G1 X119.8 Y129.8 E422.99199
G1 X119.8 Y124.516 E423.02512
G1 X118.017 Y124.512 E423.0363
G0 F7200 X117.878 Y124.369
G0 X117.162 Y124.368
G0 X117.234 Y121.752
G0 X119.02 Y117.508
;TYPE:SKIN
G1 F1800 X117.452 Y117.511 E423.04614
G1 X117.452 Y114.124 E423.06737
G1 X119.02 Y114.121 E423.07721
G1 X119.02 Y117.508 E423.09844
G0 F7200 X117.876 Y117.31
G1 F1800 X117.652 Y117.086 E423.10043
G0 F7200 X117.652 Y116.521
G1 F1800 X118.44 Y117.309 E423.10742
G0 F7200 X118.82 Y117.123
G1 F1800 X117.652 Y115.955 E423.11777
G0 F7200 X117.652 Y115.389
G1 F1800 X118.82 Y116.557 E423.12813
G0 F7200 X118.82 Y115.992
G1 F1800 X117.652 Y114.824 E423.13849
G0 F7200 X117.718 Y114.324
G1 F1800 X118.82 Y115.426 E423.14826
G0 F7200 X118.82 Y114.86
G1 F1800 X118.283 Y114.323 E423.15302
G0 F7200 X114.719 Y112.52
G1 F1800 X111.388 Y112.52 E423.17391
G1 X111.385 Y110.98 E423.18356
G1 X114.716 Y110.98 E423.20445
G1 X114.719 Y112.52 E423.21411
G0 F7200 X114.009 Y111.181
G1 F1800 X114.517 Y111.689 E423.21861
G0 F7200 X114.519 Y112.256
G1 F1800 X113.443 Y111.181 E423.22815
G0 F7200 X112.878 Y111.181
G1 F1800 X114.017 Y112.32 E423.23825
G0 F7200 X113.451 Y112.32
G1 F1800 X112.312 Y111.181 E423.24835
G0 F7200 X111.746 Y111.181
G1 F1800 X112.885 Y112.32 E423.25845
G0 F7200 X112.32 Y112.32
G1 F1800 X111.586 Y111.586 E423.26496
G0 F7200 X111.587 Y112.153
G1 F1800 X111.754 Y112.32 E423.26644
G0 F7200 X107.94 Y112.52
G1 F1800 X104.653 Y112.52 E423.28705
G1 X104.656 Y110.98 E423.2967
G1 X107.94 Y110.98 E423.31729
G1 X107.94 Y112.52 E423.32695
G0 F7200 X107.74 Y111.7
G1 F1800 X107.221 Y111.181 E423.33155
G0 F7200 X106.655 Y111.181
G1 F1800 X107.74 Y112.266 E423.34117
G0 F7200 X107.229 Y112.32
G1 F1800 X106.089 Y111.181 E423.35128
G0 F7200 X105.524 Y111.181
G1 F1800 X106.664 Y112.32 E423.36138
G0 F7200 X106.098 Y112.32
G1 F1800 X104.958 Y111.181 E423.37149
G0 F7200 X104.855 Y111.643
G1 F1800 X105.532 Y112.32 E423.37749
G0 F7200 X104.966 Y112.32
G1 F1800 X104.853 Y112.207 E423.37849
;MESH:NONMESH
G0 F600 X104.853 Y112.207 Z16.2
G0 F7200 X100.88 Y110.88
G0 X100.76 Y110.76
;TIME_ELAPSED:1699.134688
;LAYER:159
;TYPE:FILL
;MESH:xyzCalibration_cube.glb
G1 F3600 X119.24 Y129.24 E423.54236
G1 X119.31 Y129.31
G0 F7200 X119.12 Y129.12
G0 X117.73 Y129.09
G0 X117.73 Y129.24
G1 F3600 X119.239 Y127.73 E423.55575
G1 X119.309 Y127.66
G0 F7200 X119.09 Y127.66
G0 X117.311 Y124.002
G1 F3600 X112.073 Y129.24 E423.60219
G1 X112.003 Y129.31
G0 F7200 X112.003 Y129.09
G0 X113.583 Y129.09
G0 X113.583 Y129.24
G1 F3600 X100.76 Y116.417 E423.7159
G1 X100.69 Y116.347
G0 F7200 X100.91 Y116.347
G0 X100.91 Y117.925
G0 X100.761 Y117.925
G1 F3600 X106.024 Y112.662 E423.76257
G1 X106.094 Y112.592
G0 F7200 X108.024 Y112.367
G1 F3600 X117.311 Y121.654 E423.84492
G1 X117.381 Y121.724
G0 F7200 X118.063 Y117.593
G1 F3600 X106.416 Y129.24 E423.9482
G1 X106.346 Y129.31
G0 F7200 X106.346 Y129.09
G0 X107.926 Y129.09
G0 X107.926 Y129.24
G1 F3600 X100.76 Y122.074 E424.01174
G1 X100.69 Y122.004
G0 F7200 X100.91 Y122.004
G0 X100.91 Y123.582
G0 X100.761 Y123.582
G1 F3600 X111.68 Y112.662 E424.10857
G1 X111.75 Y112.592
G0 F7200 X113.976 Y112.662
G1 F3600 X117.314 Y116 E424.13817
G1 X117.384 Y116.07
G0 F7200 X118.907 Y117.593
G1 F3600 X119.24 Y117.926 E424.14112
G0 F7200 X119.09 Y117.926
G0 X119.09 Y112.269
G0 X119.24 Y112.269
G1 F3600 X117.731 Y110.76 E424.1545
G1 X117.661 Y110.69
G0 F7200 X117.661 Y110.91
G0 X119.12 Y110.88
G0 X119.239 Y110.76
G1 F3600 X100.761 Y129.239 E424.31836
G1 X100.691 Y129.309
G0 F7200 X100.88 Y129.12
G0 X100.91 Y127.73
G0 X100.76 Y127.73
G1 F3600 X102.27 Y129.24 E424.33175
G1 X102.34 Y129.31
G0 F7200 X102.34 Y129.09
G0 X100.91 Y112.268
G0 X100.761 Y112.268
G1 F3600 X102.269 Y110.76 E424.34512
G1 X102.339 Y110.69
G0 F7200 X102.339 Y110.91
G0 X119.12 Y129.12
G0 X119.4 Y129.4
;TYPE:WALL-INNER
G1 F3600 X119.4 Y110.6 E424.463
G1 X100.6 Y110.6 E424.58088
G1 X100.6 Y129.4 E424.69876
G1 X119.4 Y129.4 E424.81664
G0 F7200 X119.8 Y129.8
;TYPE:WALL-OUTER
G1 F1800 X119.8 Y110.2 E424.93953
G1 X100.2 Y110.2 E425.06243
G1 X100.2 Y129.8 E425.18532
G1 X119.8 Y129.8 E425.30822
G0 F7200 X119.8 Y129.6
G0 X119.12 Y129.12
G0 X119.02 Y124.931
;TYPE:SKIN
G1 F1800 X117.448 Y124.928 E425.31808
G1 X117.448 Y121.581 E425.33906
G1 X119.02 Y121.584 E425.34892
G1 X119.02 Y124.931 E425.36991
G0 F7200 X118.514 Y124.731
G1 F1800 X118.82 Y124.425 E425.37262
G0 F7200 X118.82 Y123.859
G1 F1800 X117.95 Y124.729 E425.38033
G0 F7200 X117.648 Y124.465
G1 F1800 X118.82 Y123.293 E425.39073
G0 F7200 X118.82 Y122.728
G1 F1800 X117.648 Y123.899 E425.40112
G0 F7200 X117.648 Y123.334
G1 F1800 X118.82 Y122.162 E425.41151
G0 F7200 X118.633 Y121.784
G1 F1800 X117.648 Y122.768 E425.42024
G0 F7200 X117.648 Y122.202
G1 F1800 X118.069 Y121.781 E425.42397
G0 F7200 X119.02 Y117.452
G1 F1800 X117.452 Y117.452 E425.4338
G1 X117.452 Y114.124 E425.45467
G1 X119.02 Y114.121 E425.4645
G1 X119.02 Y117.452 E425.48539
G0 F7200 X118.639 Y117.252
G1 F1800 X118.82 Y117.071 E425.48699
G0 F7200 X118.82 Y116.505
G1 F1800 X118.073 Y117.252 E425.49362
G0 F7200 X117.652 Y117.107
G1 F1800 X118.82 Y115.939 E425.50397
G0 F7200 X118.82 Y115.374
G1 F1800 X117.652 Y116.542 E425.51433
G0 F7200 X117.652 Y115.976
G1 F1800 X118.82 Y114.808 E425.52469
G0 F7200 X118.741 Y114.321
G1 F1800 X117.652 Y115.41 E425.53434
G0 F7200 X117.652 Y114.845
G1 F1800 X118.174 Y114.323 E425.53897
G0 F7200 X114.719 Y112.52
G1 F1800 X111.452 Y112.52 E425.55946
G1 X111.449 Y110.98 E425.56911
G1 X114.716 Y110.98 E425.5896
G1 X114.719 Y112.52 E425.59925
G0 F7200 X113.955 Y112.32
G1 F1800 X114.517 Y111.757 E425.60424
G0 F7200 X114.516 Y111.193
G1 F1800 X113.389 Y112.32 E425.61424
G0 F7200 X112.823 Y112.32
G1 F1800 X113.963 Y111.18 E425.62435
G0 F7200 X113.397 Y111.18
G1 F1800 X112.257 Y112.32 E425.63445
G0 F7200 X111.692 Y112.32
G1 F1800 X112.832 Y111.18 E425.64456
G0 F7200 X112.266 Y111.18
G1 F1800 X111.651 Y111.794 E425.65001
G1 X111.581 Y111.864
G0 F7200 X107.884 Y112.52
G1 F1800 X104.653 Y112.52 E425.67027
G1 X104.656 Y110.98 E425.67993
G1 X107.884 Y110.98 E425.70017
G1 X107.884 Y112.52 E425.70982
G0 F7200 X107.166 Y112.32
G1 F1800 X107.684 Y111.802 E425.71442
G0 F7200 X107.684 Y111.236
G1 F1800 X106.6 Y112.32 E425.72403
G0 F7200 X106.034 Y112.32
G1 F1800 X107.175 Y111.18 E425.73414
G0 F7200 X106.609 Y111.18
G1 F1800 X105.469 Y112.32 E425.74425
G0 F7200 X104.903 Y112.32
G1 F1800 X106.043 Y111.18 E425.75436
G0 F7200 X105.478 Y111.18
G1 F1800 X104.855 Y111.803 E425.75988
G1 X104.785 Y111.873
;MESH:NONMESH
G0 F600 X104.785 Y111.873 Z16.3
G0 F7200 X100.88 Y110.88
G0 X100.76 Y110.76
;TIME_ELAPSED:1710.235678
;LAYER:160
;TYPE:FILL
;MESH:xyzCalibration_cube.glb
G1 F3600 X119.24 Y129.24 E425.92375
G1 X119.31 Y129.31
G0 F7200 X119.12 Y129.12
G0 X117.73 Y129.09
G0 X117.73 Y129.24
G1 F3600 X119.239 Y127.73 E425.93714
G1 X119.309 Y127.66
G0 F7200 X119.09 Y127.66
G0 X117.31 Y124.002
G1 F3600 X112.073 Y129.24 E425.98358
G1 X112.003 Y129.31
G0 F7200 X112.003 Y129.09
G0 X113.583 Y129.09
G0 X113.583 Y129.24
G1 F3600 X100.76 Y116.417 E426.09729
G1 X100.69 Y116.347
G0 F7200 X100.91 Y116.347
G0 X100.91 Y117.925
G0 X100.761 Y117.925
G1 F3600 X106.024 Y112.662 E426.14396
G1 X106.094 Y112.592
G0 F7200 X107.967 Y112.31
G1 F3600 X117.311 Y121.654 E426.22681
G1 X117.381 Y121.724
G0 F7200 X119.09 Y117.926
G0 X119.24 Y117.926
G1 F3600 X118.849 Y117.535 E426.23028
G0 F7200 X118.121 Y117.535
G1 F3600 X106.416 Y129.24 E426.33407
G1 X106.346 Y129.31
G0 F7200 X106.346 Y129.09
G0 X107.926 Y129.09
G0 X107.926 Y129.24
G1 F3600 X100.76 Y122.074 E426.39762
G1 X100.69 Y122.004
G0 F7200 X100.91 Y122.004
G0 X100.91 Y123.582
G0 X100.761 Y123.582
G1 F3600 X111.68 Y112.662 E426.49444
G1 X111.75 Y112.592
G0 F7200 X113.976 Y112.662
G1 F3600 X117.315 Y116.001 E426.52405
G1 X117.385 Y116.071
G0 F7200 X119.09 Y112.269
G0 X119.24 Y112.269
G1 F3600 X117.731 Y110.76 E426.53743
G1 X117.661 Y110.69
G0 F7200 X117.661 Y110.91
G0 X119.12 Y110.88
G0 X119.239 Y110.76
G1 F3600 X100.761 Y129.239 E426.70129
G1 X100.691 Y129.309
G0 F7200 X100.88 Y129.12
G0 X100.91 Y127.73
G0 X100.76 Y127.73
G1 F3600 X102.27 Y129.24 E426.71468
G1 X102.34 Y129.31
G0 F7200 X102.34 Y129.09
G0 X100.91 Y112.268
G0 X100.761 Y112.268
G1 F3600 X102.269 Y110.76 E426.72805
G1 X102.339 Y110.69
G0 F7200 X102.339 Y110.91
G0 X119.12 Y129.12
G0 X119.4 Y129.4
;TYPE:WALL-INNER
G1 F3600 X119.4 Y110.6 E426.84593
G1 X100.6 Y110.6 E426.96381
G1 X100.6 Y129.4 E427.08169
G1 X119.4 Y129.4 E427.19957
G0 F7200 X119.8 Y129.8
;TYPE:WALL-OUTER
G1 F1800 X119.8 Y110.2 E427.32246
G1 X100.2 Y110.2 E427.44536
G1 X100.2 Y129.8 E427.56826
G1 X119.8 Y129.8 E427.69115
G0 F7200 X119.8 Y129.6
G0 X119.12 Y129.12
G0 X119.02 Y124.931
;TYPE:SKIN
G1 F1800 X117.448 Y124.928 E427.70101
G1 X117.448 Y121.637 E427.72164
G1 X119.02 Y121.64 E427.7315
G1 X119.02 Y124.931 E427.75214
G0 F7200 X117.94 Y124.729
G1 F1800 X117.648 Y124.436 E427.75473
G0 F7200 X117.648 Y123.87
G1 F1800 X118.508 Y124.73 E427.76236
G0 F7200 X118.82 Y124.477
G1 F1800 X117.648 Y123.305 E427.77275
G0 F7200 X117.648 Y122.739
G1 F1800 X118.82 Y123.911 E427.78314
G0 F7200 X118.82 Y123.346
G1 F1800 X117.648 Y122.173 E427.79354
G0 F7200 X117.878 Y121.837
G1 F1800 X118.82 Y122.78 E427.80189
G0 F7200 X118.82 Y122.214
G1 F1800 X118.445 Y121.839 E427.80522
G0 F7200 X119.02 Y117.392
G1 F1800 X117.452 Y117.395 E427.81505
G1 X117.452 Y114.124 E427.83556
G1 X119.02 Y114.121 E427.84539
G1 X119.02 Y117.392 E427.8659
G0 F7200 X117.76 Y117.194
G1 F1800 X117.652 Y117.086 E427.86686
G0 F7200 X117.652 Y116.521
G1 F1800 X118.324 Y117.193 E427.87282
G0 F7200 X118.82 Y117.123
G1 F1800 X117.652 Y115.955 E427.88318
G0 F7200 X117.652 Y115.389
G1 F1800 X118.82 Y116.557 E427.89353
G0 F7200 X118.82 Y115.992
G1 F1800 X117.652 Y114.824 E427.90389
G0 F7200 X117.718 Y114.324
G1 F1800 X118.82 Y115.426 E427.91366
G0 F7200 X118.82 Y114.86
G1 F1800 X118.283 Y114.323 E427.91842
G0 F7200 X114.719 Y112.52
G1 F1800 X111.516 Y112.52 E427.93851
G1 X111.513 Y110.98 E427.94816
G1 X114.716 Y110.98 E427.96825
G1 X114.719 Y112.52 E427.9779
G0 F7200 X114.517 Y111.689
G1 F1800 X114.008 Y111.18 E427.98242
G0 F7200 X113.443 Y111.18
G1 F1800 X114.519 Y112.256 E427.99196
G0 F7200 X114.017 Y112.32
G1 F1800 X112.877 Y111.18 E428.00207
G0 F7200 X112.311 Y111.18
G1 F1800 X113.451 Y112.32 E428.01218
G0 F7200 X112.885 Y112.32
G1 F1800 X111.745 Y111.18 E428.02228
G0 F7200 X111.714 Y111.714
G1 F1800 X112.32 Y112.32 E428.02766
G1 X112.39 Y112.39
G0 F7200 X107.824 Y112.519
G1 F1800 X104.653 Y112.52 E428.04754
G1 X104.656 Y110.98 E428.0572
G1 X107.827 Y110.981 E428.07708
G1 X107.824 Y112.519 E428.08672
G0 F7200 X107.625 Y111.585
G1 F1800 X107.221 Y111.181 E428.09031
G0 F7200 X106.656 Y111.181
G1 F1800 X107.624 Y112.15 E428.09889
G0 F7200 X107.228 Y112.319
G1 F1800 X106.09 Y111.181 E428.10899
G0 F7200 X105.524 Y111.181
G1 F1800 X106.662 Y112.319 E428.11908
G0 F7200 X106.097 Y112.32
G1 F1800 X104.959 Y111.181 E428.12917
G0 F7200 X104.855 Y111.643
G1 F1800 X105.531 Y112.32 E428.13517
G0 F7200 X104.966 Y112.32
G1 F1800 X104.853 Y112.207 E428.13617
;MESH:NONMESH
G0 F600 X104.853 Y112.207 Z16.4
G0 F7200 X100.88 Y110.88
G0 X100.76 Y110.76
;TIME_ELAPSED:1721.326467
;LAYER:161
;TYPE:FILL
;MESH:xyzCalibration_cube.glb
G1 F3600 X119.24 Y129.24 E428.30004
G1 X119.31 Y129.31
G0 F7200 X119.12 Y129.12
G0 X117.73 Y129.09
G0 X117.73 Y129.24
G1 F3600 X119.239 Y127.73 E428.31343
G1 X119.309 Y127.66
G0 F7200 X119.09 Y127.66
G0 X117.311 Y124.002
G1 F3600 X112.073 Y129.24 E428.35987
G1 X112.003 Y129.31
G0 F7200 X112.003 Y129.09
G0 X113.583 Y129.09
G0 X113.583 Y129.24
G1 F3600 X100.76 Y116.417 E428.47358
G1 X100.69 Y116.347
G0 F7200 X100.91 Y116.347
G0 X100.91 Y117.925
G0 X100.761 Y117.925
G1 F3600 X106.024 Y112.662 E428.52025
G1 X106.094 Y112.592
G0 F7200 X107.912 Y112.255
G1 F3600 X117.311 Y121.654 E428.60359
G1 X117.381 Y121.724
G0 F7200 X119.09 Y117.926
G0 X119.239 Y117.926
G1 F3600 X118.79 Y117.477 E428.60758
G0 F7200 X118.179 Y117.477
G1 F3600 X106.416 Y129.24 E428.71188
G1 X106.346 Y129.31
G0 F7200 X106.346 Y129.09
G0 X107.926 Y129.09
G0 X107.926 Y129.24
G1 F3600 X100.76 Y122.074 E428.77543
G1 X100.69 Y122.004
G0 F7200 X100.91 Y122.004
G0 X100.91 Y123.582
G0 X100.761 Y123.582
G1 F3600 X111.68 Y112.662 E428.87225
G1 X111.75 Y112.592
G0 F7200 X113.976 Y112.662
G1 F3600 X117.314 Y116 E428.90185
G1 X117.384 Y116.07
G0 F7200 X119.09 Y112.269
G0 X119.24 Y112.269
G1 F3600 X117.731 Y110.76 E428.91523
G1 X117.661 Y110.69
G0 F7200 X117.661 Y110.91
G0 X119.12 Y110.88
G0 X119.239 Y110.76
G1 F3600 X100.761 Y129.239 E429.07909
G1 X100.691 Y129.309
G0 F7200 X100.88 Y129.12
G0 X100.91 Y127.73
G0 X100.76 Y127.73
G1 F3600 X102.27 Y129.24 E429.09248
G1 X102.34 Y129.31
G0 F7200 X102.34 Y129.09
G0 X100.91 Y112.268
G0 X100.761 Y112.268
G1 F3600 X102.269 Y110.76 E429.10585
G1 X102.339 Y110.69
G0 F7200 X102.339 Y110.91
G0 X119.12 Y129.12
G0 X119.4 Y129.4
;TYPE:WALL-INNER
G1 F3600 X119.4 Y110.6 E429.22373
G1 X100.6 Y110.6 E429.34161
G1 X100.6 Y129.4 E429.45949
G1 X119.4 Y129.4 E429.57737
G0 F7200 X119.8 Y129.8
;TYPE:WALL-OUTER
G1 F1800 X119.8 Y110.2 E429.70027
G1 X100.2 Y110.2 E429.82316
G1 X100.2 Y129.8 E429.94606
G1 X119.8 Y129.8 E430.06895
G0 F7200 X119.8 Y129.6
G0 X119.12 Y129.12
G0 X119.02 Y124.931
;TYPE:SKIN
G1 F1800 X117.448 Y124.928 E430.07881
G1 X117.448 Y121.693 E430.09909
G1 X119.02 Y121.696 E430.10895
G1 X119.02 Y124.931 E430.12923
G0 F7200 X118.514 Y124.731
G1 F1800 X118.82 Y124.425 E430.13195
G0 F7200 X118.82 Y123.859
G1 F1800 X117.95 Y124.729 E430.13966
G0 F7200 X117.648 Y124.465
G1 F1800 X118.82 Y123.293 E430.15005
G0 F7200 X118.82 Y122.728
G1 F1800 X117.648 Y123.899 E430.16044
G0 F7200 X117.648 Y123.334
G1 F1800 X118.82 Y122.162 E430.17084
G0 F7200 X118.522 Y121.895
G1 F1800 X117.648 Y122.768 E430.17858
G0 F7200 X117.648 Y122.202
G1 F1800 X117.957 Y121.894 E430.18132
G0 F7200 X119.02 Y117.336
G1 F1800 X117.452 Y117.336 E430.19115
G1 X117.452 Y114.124 E430.21129
G1 X119.02 Y114.121 E430.22112
G1 X119.02 Y117.336 E430.24128
G0 F7200 X118.755 Y117.136
G1 F1800 X118.82 Y117.071 E430.24185
G0 F7200 X118.82 Y116.505
G1 F1800 X118.189 Y117.136 E430.24745
G0 F7200 X117.652 Y117.107
G1 F1800 X118.82 Y115.939 E430.25781
G0 F7200 X118.82 Y115.374
G1 F1800 X117.652 Y116.542 E430.26816
G0 F7200 X117.652 Y115.976
G1 F1800 X118.82 Y114.808 E430.27852
G0 F7200 X118.741 Y114.321
G1 F1800 X117.652 Y115.41 E430.28818
G0 F7200 X117.652 Y114.845
G1 F1800 X118.174 Y114.323 E430.29281
G0 F7200 X114.719 Y112.52
G1 F1800 X111.576 Y112.52 E430.31251
G1 X111.576 Y110.98 E430.32217
G1 X114.716 Y110.98 E430.34186
G1 X114.719 Y112.52 E430.35151
G0 F7200 X114.517 Y111.757
G1 F1800 X113.954 Y112.32 E430.35651
G0 F7200 X113.388 Y112.32
G1 F1800 X114.516 Y111.193 E430.3665
G0 F7200 X113.963 Y111.18
G1 F1800 X112.822 Y112.32 E430.37662
G0 F7200 X112.257 Y112.32
G1 F1800 X113.397 Y111.18 E430.38673
G0 F7200 X112.832 Y111.18
G1 F1800 X111.776 Y112.236 E430.39609
G0 F7200 X111.776 Y111.67
G1 F1800 X112.266 Y111.18 E430.40044
G0 F7200 X107.768 Y112.519
G1 F1800 X104.653 Y112.52 E430.41997
G1 X104.656 Y110.98 E430.42962
G1 X107.771 Y110.981 E430.44916
G1 X107.768 Y112.519 E430.4588
G0 F7200 X107.166 Y112.32
G1 F1800 X107.569 Y111.917 E430.46237
G0 F7200 X107.569 Y111.351
G1 F1800 X106.601 Y112.32 E430.47096
G0 F7200 X106.034 Y112.32
G1 F1800 X107.174 Y111.181 E430.48106
G0 F7200 X106.608 Y111.181
G1 F1800 X105.469 Y112.32 E430.49116
G0 F7200 X104.903 Y112.32
G1 F1800 X106.043 Y111.181 E430.50127
G0 F7200 X105.477 Y111.181
G1 F1800 X104.855 Y111.803 E430.50678
G1 X104.785 Y111.873
;MESH:NONMESH
G0 F600 X104.785 Y111.873 Z16.5
G0 F7200 X100.88 Y110.88
G0 X100.76 Y110.76
;TIME_ELAPSED:1732.336942
;LAYER:162
;TYPE:FILL
;MESH:xyzCalibration_cube.glb
G1 F3600 X119.24 Y129.24 E430.67065
G1 X119.31 Y129.31
G0 F7200 X119.12 Y129.12
G0 X117.73 Y129.09
G0 X117.73 Y129.24
G1 F3600 X119.239 Y127.73 E430.68404
G1 X119.309 Y127.66
G0 F7200 X119.09 Y127.66
G0 X117.311 Y124.002
G1 F3600 X112.073 Y129.24 E430.73049
G1 X112.003 Y129.31
G0 F7200 X112.003 Y129.09
G0 X113.583 Y129.09
G0 X113.583 Y129.24
G1 F3600 X100.76 Y116.417 E430.84419
G1 X100.69 Y116.347
G0 F7200 X100.91 Y116.347
G0 X100.91 Y117.925
G0 X100.761 Y117.925
G1 F3600 X106.024 Y112.662 E430.89086
G1 X106.094 Y112.592
G0 F7200 X107.854 Y112.197
G1 F3600 X117.311 Y121.654 E430.97472
G1 X117.381 Y121.724
G0 F7200 X119.09 Y117.926
G0 X119.24 Y117.926
G1 F3600 X118.732 Y117.418 E430.97923
G0 F7200 X118.238 Y117.418
G1 F3600 X106.416 Y129.24 E431.08406
G1 X106.346 Y129.31
G0 F7200 X106.346 Y129.09
G0 X107.926 Y129.09
G0 X107.926 Y129.24
G1 F3600 X100.76 Y122.074 E431.1476
G1 X100.69 Y122.004
G0 F7200 X100.91 Y122.004
G0 X100.91 Y123.582
G0 X100.761 Y123.582
G1 F3600 X111.68 Y112.662 E431.24443
G1 X111.75 Y112.592
G0 F7200 X113.976 Y112.662
G1 F3600 X117.315 Y116.001 E431.27403
G1 X117.385 Y116.071
G0 F7200 X119.09 Y112.269
G0 X119.24 Y112.269
G1 F3600 X117.731 Y110.76 E431.28742
G1 X117.661 Y110.69
G0 F7200 X117.661 Y110.91
G0 X119.12 Y110.88
G0 X119.239 Y110.76
G1 F3600 X100.761 Y129.239 E431.45127
G1 X100.691 Y129.309
G0 F7200 X100.88 Y129.12
G0 X100.91 Y127.73
G0 X100.76 Y127.73
G1 F3600 X102.27 Y129.24 E431.46466
G1 X102.34 Y129.31
G0 F7200 X102.34 Y129.09
G0 X100.91 Y112.268
G0 X100.761 Y112.268
G1 F3600 X102.269 Y110.76 E431.47803
G1 X102.339 Y110.69
G0 F7200 X102.339 Y110.91
G0 X107.857 Y110.91
G0 X107.857 Y110.828
G1 F3600 X107.926 Y110.76 E431.47864
G0 F7200 X107.926 Y110.91
G0 X119.12 Y129.12
G0 X119.4 Y129.4
;TYPE:WALL-INNER
G1 F3600 X119.4 Y110.6 E431.59652
G1 X100.6 Y110.6 E431.7144
G1 X100.6 Y129.4 E431.83228
G1 X119.4 Y129.4 E431.95016
G0 F7200 X119.8 Y129.8
;TYPE:WALL-OUTER
G1 F1800 X119.8 Y110.2 E432.07305
G1 X100.2 Y110.2 E432.19595
G1 X100.2 Y129.8 E432.31885
G1 X119.8 Y129.8 E432.44174
G0 F7200 X119.8 Y129.6
G0 X119.12 Y129.12
G0 X119.02 Y124.931
;TYPE:SKIN
G1 F1800 X117.448 Y124.928 E432.4516
G1 X117.448 Y121.749 E432.47153
G1 X119.02 Y121.752 E432.48139
G1 X119.02 Y124.931 E432.50132
G0 F7200 X117.94 Y124.729
G1 F1800 X117.648 Y124.437 E432.50391
G0 F7200 X117.648 Y123.871
G1 F1800 X118.508 Y124.73 E432.51153
G0 F7200 X118.82 Y124.477
G1 F1800 X117.648 Y123.305 E432.52192
G0 F7200 X117.648 Y122.74
G1 F1800 X118.82 Y123.911 E432.53231
G0 F7200 X118.82 Y123.346
G1 F1800 X117.648 Y122.174 E432.5427
G0 F7200 X117.991 Y121.95
G1 F1800 X118.82 Y122.78 E432.55006
G0 F7200 X118.82 Y122.214
G1 F1800 X118.558 Y121.952 E432.55238
G0 F7200 X119.02 Y117.276
G1 F1800 X117.452 Y117.276 E432.56221
G1 X117.452 Y114.124 E432.58198
G1 X119.02 Y114.121 E432.59181
G1 X119.02 Y117.276 E432.61159
G0 F7200 X118.208 Y117.076
G1 F1800 X117.652 Y116.521 E432.61652
G0 F7200 X117.652 Y115.955
G1 F1800 X118.773 Y117.076 E432.62646
G0 F7200 X118.82 Y116.557
G1 F1800 X117.652 Y115.389 E432.63682
G0 F7200 X117.652 Y114.824
G1 F1800 X118.82 Y115.992 E432.64717
G0 F7200 X118.82 Y115.426
G1 F1800 X117.718 Y114.324 E432.65694
G0 F7200 X118.283 Y114.323
G1 F1800 X118.82 Y114.86 E432.66171
G0 F7200 X114.719 Y112.52
G1 F1800 X111.64 Y112.52 E432.68101
G1 X111.637 Y110.98 E432.69067
G1 X114.716 Y110.98 E432.70997
G1 X114.719 Y112.52 E432.71963
G0 F7200 X114.517 Y111.689
G1 F1800 X114.008 Y111.18 E432.72414
G0 F7200 X113.443 Y111.18
G1 F1800 X114.519 Y112.256 E432.73369
G0 F7200 X114.017 Y112.32
G1 F1800 X112.877 Y111.18 E432.74379
G0 F7200 X112.311 Y111.18
G1 F1800 X113.451 Y112.32 E432.7539
G0 F7200 X112.885 Y112.32
G1 F1800 X111.837 Y111.272 E432.7632
G0 F7200 X111.839 Y111.839
G1 F1800 X112.32 Y112.32 E432.76746
G0 F7200 X107.712 Y112.519
G1 F1800 X104.653 Y112.52 E432.78664
G1 X104.656 Y110.98 E432.7963
G1 X107.715 Y110.981 E432.81548
G1 X107.712 Y112.519 E432.82512
G0 F7200 X107.514 Y111.474
G1 F1800 X107.221 Y111.181 E432.82772
G0 F7200 X106.656 Y111.181
G1 F1800 X107.513 Y112.038 E432.83532
G0 F7200 X107.228 Y112.319
G1 F1800 X106.09 Y111.181 E432.84541
G0 F7200 X105.524 Y111.181
G1 F1800 X106.662 Y112.319 E432.8555
G0 F7200 X106.097 Y112.32
G1 F1800 X104.959 Y111.181 E432.8656
G0 F7200 X104.855 Y111.643
G1 F1800 X105.531 Y112.32 E432.8716
G0 F7200 X104.966 Y112.32
G1 F1800 X104.853 Y112.207 E432.8726
;MESH:NONMESH
G0 F600 X104.853 Y112.207 Z16.6
G0 F7200 X100.88 Y110.88
G0 X100.76 Y110.76
;TIME_ELAPSED:1743.395343
;LAYER:163
;TYPE:FILL
;MESH:xyzCalibration_cube.glb
G1 F3600 X119.24 Y129.24 E433.03647
G1 X119.31 Y129.31
G0 F7200 X119.12 Y129.12
G0 X117.73 Y129.09
G0 X117.73 Y129.24
G1 F3600 X119.239 Y127.73 E433.04985
G1 X119.309 Y127.66
G0 F7200 X119.09 Y127.66
G0 X117.311 Y124.002
G1 F3600 X112.073 Y129.24 E433.0963
G1 X112.003 Y129.31
G0 F7200 X112.003 Y129.09
G0 X113.583 Y129.09
G0 X113.583 Y129.24
G1 F3600 X100.76 Y116.417 E433.21001
G1 X100.69 Y116.347
G0 F7200 X100.91 Y116.347
G0 X100.91 Y117.925
G0 X100.761 Y117.925
G1 F3600 X106.024 Y112.662 E433.25668
G1 X106.094 Y112.592
G0 F7200 X107.799 Y112.142
G1 F3600 X117.322 Y121.665 E433.34112
G1 X117.392 Y121.735
G0 F7200 X119.09 Y117.926
G0 X119.24 Y117.926
G1 F3600 X118.674 Y117.36 E433.34614
G0 F7200 X118.296 Y117.36
G1 F3600 X106.416 Y129.24 E433.45148
G1 X106.346 Y129.31
G0 F7200 X106.346 Y129.09
G0 X107.926 Y129.09
G0 X107.926 Y129.24
G1 F3600 X100.76 Y122.074 E433.51503
G1 X100.69 Y122.004
G0 F7200 X100.91 Y122.004
G0 X100.91 Y123.582
G0 X100.761 Y123.582
G1 F3600 X111.68 Y112.662 E433.61185
G1 X111.75 Y112.592
G0 F7200 X113.976 Y112.662
G1 F3600 X117.314 Y116 E433.64145
G1 X117.384 Y116.07
G0 F7200 X119.09 Y112.269
G0 X119.24 Y112.269
G1 F3600 X117.731 Y110.76 E433.65483
G1 X117.661 Y110.69
G0 F7200 X117.661 Y110.91
G0 X119.12 Y110.88
G0 X119.239 Y110.76
G1 F3600 X100.761 Y129.239 E433.81869
G1 X100.691 Y129.309
G0 F7200 X100.88 Y129.12
G0 X100.91 Y127.73
G0 X100.76 Y127.73
G1 F3600 X102.27 Y129.24 E433.83208
G1 X102.34 Y129.31
G0 F7200 X102.34 Y129.09
G0 X100.91 Y112.268
G0 X100.761 Y112.268
G1 F3600 X102.269 Y110.76 E433.84545
G1 X102.339 Y110.69
G0 F7200 X102.339 Y110.91
G0 X107.801 Y110.91
G0 X107.801 Y110.884
G1 F3600 X107.926 Y110.76 E433.84656
G0 F7200 X107.926 Y110.91
G0 X119.12 Y129.12
G0 X119.4 Y129.4
;TYPE:WALL-INNER
G1 F3600 X119.4 Y110.6 E433.96444
G1 X100.6 Y110.6 E434.08231
G1 X100.6 Y129.4 E434.20019
G1 X119.4 Y129.4 E434.31807
G0 F7200 X119.8 Y129.8
;TYPE:WALL-OUTER
G1 F1800 X119.8 Y110.2 E434.44097
G1 X100.2 Y110.2 E434.56386
G1 X100.2 Y129.8 E434.68676
G1 X119.8 Y129.8 E434.80966
G0 F7200 X119.8 Y129.6
G0 X119.12 Y129.12
G0 X119.02 Y124.931
;TYPE:SKIN
G1 F1800 X117.448 Y124.928 E434.81951
G1 X117.448 Y121.804 E434.8391
G1 X119.02 Y121.804 E434.84896
G1 X119.02 Y124.931 E434.86856
G0 F7200 X118.514 Y124.731
G1 F1800 X118.82 Y124.425 E434.87128
G0 F7200 X118.82 Y123.859
G1 F1800 X117.95 Y124.729 E434.87899
G0 F7200 X117.648 Y124.465
G1 F1800 X118.82 Y123.293 E434.88939
G0 F7200 X118.82 Y122.728
G1 F1800 X117.648 Y123.899 E434.89977
G0 F7200 X117.648 Y123.334
G1 F1800 X118.82 Y122.162 E434.91017
G0 F7200 X118.413 Y122.003
G1 F1800 X117.648 Y122.768 E434.91695
G0 F7200 X117.648 Y122.202
G1 F1800 X117.847 Y122.003 E434.91871
G0 F7200 X119.02 Y117.216
G1 F1800 X117.452 Y117.219 E434.92855
G1 X117.452 Y114.124 E434.94795
G1 X119.02 Y114.121 E434.95778
G1 X119.02 Y117.216 E434.97719
G0 F7200 X118.308 Y117.017
G1 F1800 X118.82 Y116.505 E434.98173
G0 F7200 X118.82 Y115.939
G1 F1800 X117.741 Y117.018 E434.9913
G0 F7200 X117.652 Y116.542
G1 F1800 X118.82 Y115.374 E435.00165
G0 F7200 X118.82 Y114.808
G1 F1800 X117.652 Y115.976 E435.01201
G0 F7200 X117.652 Y115.41
G1 F1800 X118.741 Y114.321 E435.02167
G0 F7200 X118.174 Y114.323
G1 F1800 X117.652 Y114.845 E435.0263
G0 F7200 X114.719 Y112.52
G1 F1800 X111.704 Y112.52 E435.0452
G1 X111.701 Y110.98 E435.05486
G1 X114.716 Y110.98 E435.07376
G1 X114.719 Y112.52 E435.08342
G0 F7200 X113.955 Y112.32
G1 F1800 X114.517 Y111.757 E435.08841
G0 F7200 X114.516 Y111.193
G1 F1800 X113.389 Y112.32 E435.0984
G0 F7200 X112.823 Y112.32
G1 F1800 X113.963 Y111.18 E435.10851
G0 F7200 X113.397 Y111.18
G1 F1800 X112.257 Y112.32 E435.11862
G0 F7200 X111.904 Y112.108
G1 F1800 X112.832 Y111.18 E435.12685
G0 F7200 X112.266 Y111.18
G1 F1800 X111.902 Y111.543 E435.13007
G0 F7200 X107.656 Y112.519
G1 F1800 X104.653 Y112.52 E435.1489
G1 X104.656 Y110.98 E435.15856
G1 X107.659 Y110.981 E435.17738
G1 X107.656 Y112.519 E435.18703
G0 F7200 X107.166 Y112.32
G1 F1800 X107.455 Y112.03 E435.1896
G0 F7200 X107.457 Y111.463
G1 F1800 X106.601 Y112.32 E435.19719
G0 F7200 X106.034 Y112.32
G1 F1800 X107.174 Y111.181 E435.20729
G0 F7200 X106.608 Y111.181
G1 F1800 X105.469 Y112.32 E435.21739
G0 F7200 X104.903 Y112.32
G1 F1800 X106.043 Y111.181 E435.2275
G0 F7200 X105.477 Y111.181
G1 F1800 X104.855 Y111.803 E435.23301
G1 X104.785 Y111.873
;MESH:NONMESH
G0 F600 X104.785 Y111.873 Z16.7
G0 F7200 X100.88 Y110.88
G0 X100.76 Y110.76
;TIME_ELAPSED:1754.365767
;LAYER:164
;TYPE:FILL
;MESH:xyzCalibration_cube.glb
G1 F3600 X119.24 Y129.24 E435.39688
G1 X119.31 Y129.31
G0 F7200 X119.12 Y129.12
G0 X117.73 Y129.09
G0 X117.73 Y129.24
G1 F3600 X119.239 Y127.73 E435.41027
G1 X119.309 Y127.66
G0 F7200 X119.09 Y127.66
G0 X117.311 Y124.002
G1 F3600 X112.073 Y129.24 E435.45672
G1 X112.003 Y129.31
G0 F7200 X112.003 Y129.09
G0 X113.583 Y129.09
G0 X113.583 Y129.24
G1 F3600 X100.76 Y116.417 E435.57042
G1 X100.69 Y116.347
G0 F7200 X100.91 Y116.347
G0 X100.91 Y117.925
G0 X100.761 Y117.925
G1 F3600 X106.024 Y112.662 E435.61709
G1 X106.094 Y112.592
G0 F7200 X107.741 Y112.084
G1 F3600 X117.378 Y121.721 E435.70255
G1 X117.448 Y121.791
G0 F7200 X119.09 Y117.926
G0 X119.24 Y117.926
G1 F3600 X118.615 Y117.301 E435.70809
G0 F7200 X118.356 Y117.301
G1 F3600 X106.416 Y129.24 E435.81396
G1 X106.346 Y129.31
G0 F7200 X106.346 Y129.09
G0 X107.926 Y129.09
G0 X107.926 Y129.24
G1 F3600 X100.76 Y122.074 E435.8775
G1 X100.69 Y122.004
G0 F7200 X100.91 Y122.004
G0 X100.91 Y123.582
G0 X100.761 Y123.582
G1 F3600 X111.68 Y112.662 E435.97433
G1 X111.75 Y112.592
G0 F7200 X113.976 Y112.662
G1 F3600 X117.315 Y116.001 E436.00394
G1 X117.385 Y116.071
G0 F7200 X119.09 Y112.269
G0 X119.24 Y112.269
G1 F3600 X117.731 Y110.76 E436.01732
G1 X117.661 Y110.69
G0 F7200 X117.661 Y110.91
G0 X119.12 Y110.88
G0 X119.239 Y110.76
G1 F3600 X100.761 Y129.239 E436.18118
G1 X100.691 Y129.309
G0 F7200 X100.88 Y129.12
G0 X100.91 Y127.73
G0 X100.76 Y127.73
G1 F3600 X102.27 Y129.24 E436.19457
G1 X102.34 Y129.31
G0 F7200 X102.34 Y129.09
G0 X100.91 Y112.268
G0 X100.761 Y112.268
G1 F3600 X102.269 Y110.76 E436.20794
G1 X102.339 Y110.69
G0 F7200 X102.339 Y110.91
G0 X107.744 Y110.942
G1 F3600 X107.926 Y110.76 E436.20955
G0 F7200 X107.926 Y110.91
G0 X119.12 Y129.12
G0 X119.4 Y129.4
;TYPE:WALL-INNER
G1 F3600 X119.4 Y110.6 E436.32743
G1 X100.6 Y110.6 E436.44531
G1 X100.6 Y129.4 E436.56319
G1 X119.4 Y129.4 E436.68107
G0 F7200 X119.8 Y129.8
;TYPE:WALL-OUTER
G1 F1800 X119.8 Y110.2 E436.80397
G1 X100.2 Y110.2 E436.92686
G1 X100.2 Y129.8 E437.04976
G1 X119.8 Y129.8 E437.17265
G0 F7200 X119.8 Y129.6
G0 X119.12 Y129.12
G0 X119.02 Y124.931
;TYPE:SKIN
G1 F1800 X117.448 Y124.928 E437.18251
G1 X117.448 Y121.86 E437.20175
G1 X119.02 Y121.86 E437.2116
G1 X119.02 Y124.931 E437.23086
G0 F7200 X117.94 Y124.729
G1 F1800 X117.648 Y124.436 E437.23345
G0 F7200 X117.648 Y123.87
G1 F1800 X118.508 Y124.73 E437.24108
G0 F7200 X118.82 Y124.477
G1 F1800 X117.648 Y123.305 E437.25147
G0 F7200 X117.648 Y122.739
G1 F1800 X118.82 Y123.911 E437.26186
G0 F7200 X118.82 Y123.346
G1 F1800 X117.648 Y122.173 E437.27226
G0 F7200 X118.1 Y122.06
G1 F1800 X118.82 Y122.78 E437.27865
G0 F7200 X118.82 Y122.214
G1 F1800 X118.666 Y122.06 E437.28001
G0 F7200 X119.02 Y117.16
G1 F1800 X117.452 Y117.16 E437.28984
G1 X117.452 Y114.124 E437.30888
G1 X119.02 Y114.121 E437.31871
G1 X119.02 Y117.16 E437.33777
G0 F7200 X118.092 Y116.96
G1 F1800 X117.652 Y116.521 E437.34166
G0 F7200 X117.652 Y115.955
G1 F1800 X118.657 Y116.96 E437.35057
G0 F7200 X118.82 Y116.557
G1 F1800 X117.652 Y115.389 E437.36093
G0 F7200 X117.652 Y114.824
G1 F1800 X118.82 Y115.992 E437.37129
G0 F7200 X118.82 Y115.426
G1 F1800 X117.718 Y114.324 E437.38106
G0 F7200 X118.283 Y114.323
G1 F1800 X118.82 Y114.86 E437.38582
G0 F7200 X114.719 Y112.52
G1 F1800 X111.768 Y112.52 E437.40433
G1 X111.765 Y110.98 E437.41398
G1 X114.716 Y110.98 E437.43249
G1 X114.719 Y112.52 E437.44214
G0 F7200 X114.517 Y111.689
G1 F1800 X114.008 Y111.18 E437.44666
G0 F7200 X113.443 Y111.18
G1 F1800 X114.519 Y112.256 E437.4562
G0 F7200 X114.017 Y112.32
G1 F1800 X112.877 Y111.18 E437.46631
G0 F7200 X112.311 Y111.18
G1 F1800 X113.451 Y112.32 E437.47641
G0 F7200 X112.885 Y112.32
G1 F1800 X111.965 Y111.399 E437.48458
G0 F7200 X111.967 Y111.967
G1 F1800 X112.32 Y112.32 E437.48771
G0 F7200 X107.6 Y112.519
G1 F1800 X104.653 Y112.52 E437.50618
G1 X104.656 Y110.98 E437.51584
G1 X107.603 Y110.981 E437.53432
G1 X107.6 Y112.519 E437.54396
G0 F7200 X107.402 Y111.362
G1 F1800 X107.221 Y111.181 E437.54557
G0 F7200 X106.656 Y111.181
G1 F1800 X107.402 Y111.927 E437.55218
G0 F7200 X107.228 Y112.319
G1 F1800 X106.09 Y111.181 E437.56227
G0 F7200 X105.524 Y111.181
G1 F1800 X106.662 Y112.319 E437.57237
G0 F7200 X106.097 Y112.32
G1 F1800 X104.959 Y111.181 E437.58246
G0 F7200 X104.855 Y111.643
G1 F1800 X105.531 Y112.32 E437.58846
G0 F7200 X104.966 Y112.32
G1 F1800 X104.853 Y112.207 E437.58946
;MESH:NONMESH
G0 F600 X104.853 Y112.207 Z16.8
G0 F7200 X100.88 Y110.88
G0 X100.76 Y110.76
;TIME_ELAPSED:1765.359367
;LAYER:165
;TYPE:FILL
;MESH:xyzCalibration_cube.glb
G1 F3600 X119.24 Y129.24 E437.75333
G1 X119.31 Y129.31
G0 F7200 X119.12 Y129.12
G0 X117.73 Y129.09
G0 X117.73 Y129.24
G1 F3600 X119.239 Y127.73 E437.76672
G1 X119.309 Y127.66
G0 F7200 X119.09 Y127.66
G0 X117.311 Y124.002
G1 F3600 X112.073 Y129.24 E437.81316
G1 X112.003 Y129.31
G0 F7200 X112.003 Y129.09
G0 X113.583 Y129.09
G0 X113.583 Y129.24
G1 F3600 X100.76 Y116.417 E437.92687
G1 X100.69 Y116.347
G0 F7200 X100.91 Y116.347
G0 X100.91 Y117.925
G0 X100.761 Y117.925
G1 F3600 X106.024 Y112.662 E437.97354
G1 X106.094 Y112.592
G0 F7200 X107.686 Y112.029
G1 F3600 X117.433 Y121.777 E438.05997
G1 X117.503 Y121.847
G0 F7200 X119.09 Y117.926
G0 X119.24 Y117.926
G1 F3600 X118.557 Y117.243 E438.06603
G1 X118.414 Y117.243
G1 X106.416 Y129.24 E438.17242
G1 X106.346 Y129.31
G0 F7200 X106.346 Y129.09
G0 X107.926 Y129.09
G0 X107.926 Y129.24
G1 F3600 X100.76 Y122.074 E438.23596
G1 X100.69 Y122.004
G0 F7200 X100.91 Y122.004
G0 X100.91 Y123.582
G0 X100.761 Y123.582
G1 F3600 X111.69 Y112.652 E438.33288
G1 X111.76 Y112.582
G0 F7200 X113.976 Y112.663
G1 F3600 X117.315 Y116.001 E438.36248
G1 X117.385 Y116.071
G0 F7200 X119.09 Y112.269
G0 X119.24 Y112.269
G1 F3600 X117.731 Y110.76 E438.37586
G1 X117.661 Y110.69
G0 F7200 X117.661 Y110.91
G0 X119.12 Y110.88
G0 X119.239 Y110.76
G1 F3600 X100.761 Y129.239 E438.53972
G1 X100.691 Y129.309
G0 F7200 X100.88 Y129.12
G0 X100.91 Y127.73
G0 X100.76 Y127.73
G1 F3600 X102.27 Y129.24 E438.55311
G1 X102.34 Y129.31
G0 F7200 X102.34 Y129.09
G0 X100.91 Y112.268
G0 X100.761 Y112.268
G1 F3600 X102.269 Y110.76 E438.56648
G1 X102.339 Y110.69
G0 F7200 X102.339 Y110.91
G0 X107.688 Y110.997
G1 F3600 X107.926 Y110.76 E438.56858
G0 F7200 X107.926 Y110.91
G0 X119.12 Y129.12
G0 X119.4 Y129.4
;TYPE:WALL-INNER
G1 F3600 X119.4 Y110.6 E438.68646
G1 X100.6 Y110.6 E438.80434
G1 X100.6 Y129.4 E438.92222
G1 X119.4 Y129.4 E439.0401
G0 F7200 X119.8 Y129.8
;TYPE:WALL-OUTER
G1 F1800 X119.8 Y110.2 E439.163
G1 X100.2 Y110.2 E439.28589
G1 X100.2 Y129.8 E439.40879
G1 X119.8 Y129.8 E439.53168
G0 F7200 X119.8 Y129.6
G0 X119.12 Y129.12
G0 X119.02 Y124.931
;TYPE:SKIN
G1 F1800 X117.449 Y124.928 E439.54154
G1 X117.452 Y121.916 E439.56042
G1 X119.02 Y121.916 E439.57025
G1 X119.02 Y124.931 E439.58916
G0 F7200 X118.514 Y124.731
G1 F1800 X118.819 Y124.425 E439.59187
G0 F7200 X118.819 Y123.86
G1 F1800 X117.95 Y124.729 E439.59957
G0 F7200 X117.649 Y124.464
G1 F1800 X118.819 Y123.294 E439.60995
G0 F7200 X118.819 Y122.728
G1 F1800 X117.65 Y123.898 E439.62032
G0 F7200 X117.651 Y123.331
G1 F1800 X118.819 Y122.163 E439.63067
G0 F7200 X118.3 Y122.116
G1 F1800 X117.651 Y122.765 E439.63643
G0 F7200 X117.652 Y122.199
G1 F1800 X117.735 Y122.116 E439.63717
G0 F7200 X119.02 Y117.1
G1 F1800 X117.452 Y117.103 E439.647
G1 X117.452 Y114.124 E439.66568
G1 X119.02 Y114.121 E439.67551
G1 X119.02 Y117.1 E439.69419
G0 F7200 X118.424 Y116.901
G1 F1800 X118.82 Y116.505 E439.6977
G0 F7200 X118.82 Y115.939
G1 F1800 X117.857 Y116.902 E439.70624
G0 F7200 X117.652 Y116.542
G1 F1800 X118.82 Y115.374 E439.71659
G0 F7200 X118.82 Y114.808
G1 F1800 X117.652 Y115.976 E439.72695
G0 F7200 X117.652 Y115.41
G1 F1800 X118.741 Y114.321 E439.73661
G0 F7200 X118.174 Y114.323
G1 F1800 X117.652 Y114.845 E439.74124
G0 F7200 X114.719 Y112.52
G1 F1800 X111.828 Y112.52 E439.75936
G1 X111.828 Y110.98 E439.76902
G1 X114.716 Y110.98 E439.78713
G1 X114.719 Y112.52 E439.79678
G0 F7200 X113.955 Y112.32
G1 F1800 X114.517 Y111.757 E439.80177
G0 F7200 X114.516 Y111.193
G1 F1800 X113.389 Y112.32 E439.81177
G0 F7200 X112.823 Y112.32
G1 F1800 X113.963 Y111.18 E439.82187
G0 F7200 X113.397 Y111.18
G1 F1800 X112.257 Y112.32 E439.83198
G0 F7200 X112.028 Y111.983
G1 F1800 X112.832 Y111.18 E439.83911
G0 F7200 X112.266 Y111.18
G1 F1800 X112.028 Y111.417 E439.84121
G0 F7200 X107.544 Y112.519
G1 F1800 X104.653 Y112.52 E439.85934
G1 X104.656 Y110.98 E439.869
G1 X107.547 Y110.981 E439.88712
G1 X107.544 Y112.519 E439.89677
G0 F7200 X107.166 Y112.32
G1 F1800 X107.344 Y112.142 E439.89835
G0 F7200 X107.344 Y111.576
G1 F1800 X106.601 Y112.32 E439.90494
G0 F7200 X106.034 Y112.32
G1 F1800 X107.174 Y111.181 E439.91504
G0 F7200 X106.608 Y111.181
G1 F1800 X105.469 Y112.32 E439.92514
G0 F7200 X104.903 Y112.32
G1 F1800 X106.043 Y111.181 E439.93525
G0 F7200 X105.477 Y111.181
G1 F1800 X104.855 Y111.803 E439.94076
G1 X104.785 Y111.873
;MESH:NONMESH
G0 F600 X104.785 Y111.873 Z16.9
G0 F7200 X100.88 Y110.88
G0 X100.76 Y110.76
;TIME_ELAPSED:1776.257636
;LAYER:166
;TYPE:FILL
;MESH:xyzCalibration_cube.glb
G1 F3600 X119.24 Y129.24 E440.10463
G1 X119.31 Y129.31
G0 F7200 X119.12 Y129.12
G0 X117.73 Y129.09
G0 X117.73 Y129.24
G1 F3600 X119.239 Y127.73 E440.11802
G1 X119.309 Y127.66
G0 F7200 X119.09 Y127.66
G0 X117.311 Y124.002
G1 F3600 X112.073 Y129.24 E440.16447
G1 X112.003 Y129.31
G0 F7200 X112.003 Y129.09
G0 X113.583 Y129.09
G0 X113.583 Y129.24
G1 F3600 X100.76 Y116.417 E440.27817
G1 X100.69 Y116.347
G0 F7200 X100.91 Y116.347
G0 X100.91 Y117.925
G0 X100.761 Y117.925
G1 F3600 X107.926 Y110.76 E440.34171
G1 X107.996 Y110.69
G0 F7200 X107.996 Y110.91
G0 X106.417 Y110.91
G0 X106.417 Y110.76
G1 F3600 X117.489 Y121.832 E440.43989
G1 X117.559 Y121.902
G0 F7200 X119.09 Y117.926
G0 X119.24 Y117.926
G1 F3600 X112.074 Y110.76 E440.50343
G1 X112.004 Y110.69
G0 F7200 X112.004 Y110.91
G0 X113.583 Y110.91
G0 X113.583 Y110.76
G1 F3600 X100.761 Y123.582 E440.61713
G1 X100.691 Y123.652
G0 F7200 X100.91 Y123.652
G0 X100.91 Y122.074
G0 X100.76 Y122.074
G1 F3600 X107.926 Y129.24 E440.68067
G1 X107.996 Y129.31
G0 F7200 X107.996 Y129.09
G0 X106.416 Y129.09
G0 X106.416 Y129.24
G1 F3600 X119.24 Y116.416 E440.79439
G1 X119.31 Y116.346
G0 F7200 X119.09 Y116.346
G0 X119.09 Y112.269
G0 X119.24 Y112.269
G1 F3600 X117.731 Y110.76 E440.80777
G1 X117.661 Y110.69
G0 F7200 X117.661 Y110.91
G0 X119.12 Y110.88
G0 X119.239 Y110.76
G1 F3600 X100.761 Y129.239 E440.97162
G1 X100.691 Y129.309
G0 F7200 X100.88 Y129.12
G0 X100.91 Y127.73
G0 X100.76 Y127.73
G1 F3600 X102.27 Y129.24 E440.98501
G1 X102.34 Y129.31
G0 F7200 X102.34 Y129.09
G0 X100.91 Y112.268
G0 X100.761 Y112.268
G1 F3600 X102.269 Y110.76 E440.99839
G1 X102.339 Y110.69
G0 F7200 X102.339 Y110.91
G0 X119.12 Y129.12
G0 X119.4 Y129.4
;TYPE:WALL-INNER
G1 F3600 X119.4 Y110.6 E441.11626
G1 X100.6 Y110.6 E441.23414
G1 X100.6 Y129.4 E441.35202
G1 X119.4 Y129.4 E441.4699
G0 F7200 X119.8 Y129.8
;TYPE:WALL-OUTER
G1 F1800 X119.8 Y110.2 E441.5928
G1 X100.2 Y110.2 E441.71569
G1 X100.2 Y129.8 E441.83859
G1 X119.8 Y129.8 E441.96149
G0 F7200 X119.8 Y129.6
G0 X119.12 Y129.12
G0 X119.02 Y124.931
;TYPE:SKIN
G1 F1800 X117.449 Y124.928 E441.97134
G1 X117.452 Y121.972 E441.98987
G1 X119.02 Y121.972 E441.9997
G1 X119.02 Y124.931 E442.01826
G0 F7200 X117.94 Y124.729
G1 F1800 X117.648 Y124.437 E442.02085
G0 F7200 X117.649 Y123.872
G1 F1800 X118.508 Y124.73 E442.02846
G0 F7200 X118.82 Y124.477
G1 F1800 X117.65 Y123.307 E442.03883
G0 F7200 X117.651 Y122.742
G1 F1800 X118.82 Y123.911 E442.0492
G0 F7200 X118.82 Y123.346
G1 F1800 X117.651 Y122.177 E442.05956
G0 F7200 X118.212 Y122.172
G1 F1800 X118.82 Y122.78 E442.06496
G1 X118.89 Y122.85
G0 F7200 X118.79 Y122.85
;MESH:NONMESH
G0 F600 X118.79 Y122.85 Z17
G0 F7200 X100.88 Y110.88
G0 X100.76 Y110.76
;TIME_ELAPSED:1785.268246
;LAYER:167
;TYPE:FILL
;MESH:xyzCalibration_cube.glb
G1 F3600 X119.24 Y129.24 E442.22883
G1 X119.31 Y129.31
G0 F7200 X119.12 Y129.12
G0 X117.73 Y129.09
G0 X117.73 Y129.24
G1 F3600 X119.24 Y127.73 E442.24222
G1 X119.31 Y127.66
G0 F7200 X119.09 Y127.66
G0 X119.09 Y123.583
G0 X119.24 Y123.583
G1 F3600 X106.417 Y110.76 E442.35592
G1 X106.347 Y110.69
G0 F7200 X106.347 Y110.91
G0 X107.926 Y110.91
G0 X107.926 Y110.76
G1 F3600 X100.761 Y117.925 E442.41946
G1 X100.691 Y117.995
G0 F7200 X100.91 Y117.995
G0 X100.91 Y116.417
G0 X100.76 Y116.417
G1 F3600 X113.583 Y129.24 E442.53316
G1 X113.653 Y129.31
G0 F7200 X113.653 Y129.09
G0 X112.073 Y129.09
G0 X112.073 Y129.24
G1 F3600 X119.24 Y122.073 E442.59672
G1 X119.31 Y122.003
G0 F7200 X119.09 Y122.003
G0 X119.09 Y117.926
G0 X119.24 Y117.926
G1 F3600 X112.074 Y110.76 E442.66026
G1 X112.004 Y110.69
G0 F7200 X112.004 Y110.91
G0 X113.583 Y110.91
G0 X113.583 Y110.76
G1 F3600 X100.761 Y123.582 E442.77396
G1 X100.691 Y123.652
G0 F7200 X100.91 Y123.652
G0 X100.91 Y122.074
G0 X100.76 Y122.074
G1 F3600 X107.926 Y129.24 E442.8375
G1 X107.996 Y129.31
G0 F7200 X107.996 Y129.09
G0 X106.416 Y129.09
G0 X106.416 Y129.24
G1 F3600 X119.24 Y116.416 E442.95122
G1 X119.31 Y116.346
G0 F7200 X119.09 Y116.346
G0 X119.09 Y112.269
G0 X119.24 Y112.269
G1 F3600 X117.731 Y110.76 E442.9646
G1 X117.661 Y110.69
G0 F7200 X117.661 Y110.91
G0 X119.12 Y110.88
G0 X119.239 Y110.76
G1 F3600 X100.761 Y129.239 E443.12845
G1 X100.691 Y129.309
G0 F7200 X100.88 Y129.12
G0 X100.91 Y127.73
G0 X100.76 Y127.73
G1 F3600 X102.27 Y129.24 E443.14184
G1 X102.34 Y129.31
G0 F7200 X102.34 Y129.09
G0 X100.91 Y112.268
G0 X100.761 Y112.268
G1 F3600 X102.269 Y110.76 E443.15521
G1 X102.339 Y110.69
G0 F7200 X102.339 Y110.91
G0 X119.12 Y129.12
G0 X119.4 Y129.4
;TYPE:WALL-INNER
G1 F3600 X119.4 Y110.6 E443.27309
G1 X100.6 Y110.6 E443.39097
G1 X100.6 Y129.4 E443.50885
G1 X119.4 Y129.4 E443.62673
G0 F7200 X119.8 Y129.8
;TYPE:WALL-OUTER
G1 F1800 X119.8 Y110.2 E443.74963
G1 X100.2 Y110.2 E443.87252
G1 X100.2 Y129.8 E443.99542
G1 X119.8 Y129.8 E444.11831
G0 F7200 X119.8 Y129.6
G0 X118.79 Y128.908
;MESH:NONMESH
G0 F600 X118.79 Y128.908 Z17.1
G0 F7200 X100.88 Y110.88
G0 X100.76 Y110.76
;TIME_ELAPSED:1793.662272
;LAYER:168
;TYPE:FILL
;MESH:xyzCalibration_cube.glb
G1 F3600 X119.24 Y129.24 E444.28218
G1 X119.31 Y129.31
G0 F7200 X119.12 Y129.12
G0 X117.73 Y129.09
G0 X117.73 Y129.24
G1 F3600 X119.24 Y127.73 E444.29557
G1 X119.31 Y127.66
G0 F7200 X119.09 Y127.66
G0 X119.09 Y123.583
G0 X119.24 Y123.583
G1 F3600 X106.417 Y110.76 E444.40928
G1 X106.347 Y110.69
G0 F7200 X106.347 Y110.91
G0 X107.926 Y110.91
G0 X107.926 Y110.76
G1 F3600 X100.761 Y117.925 E444.47281
G1 X100.691 Y117.995
G0 F7200 X100.91 Y117.995
G0 X100.91 Y116.417
G0 X100.76 Y116.417
G1 F3600 X113.583 Y129.24 E444.58652
G1 X113.653 Y129.31
G0 F7200 X113.653 Y129.09
G0 X112.073 Y129.09
G0 X112.073 Y129.24
G1 F3600 X119.24 Y122.073 E444.65007
G1 X119.31 Y122.003
G0 F7200 X119.09 Y122.003
G0 X119.09 Y117.926
G0 X119.24 Y117.926
G1 F3600 X112.074 Y110.76 E444.71362
G1 X112.004 Y110.69
G0 F7200 X112.004 Y110.91
G0 X113.583 Y110.91
G0 X113.583 Y110.76
G1 F3600 X100.761 Y123.582 E444.82731
G1 X100.691 Y123.652
G0 F7200 X100.91 Y123.652
G0 X100.91 Y122.074
G0 X100.76 Y122.074
G1 F3600 X107.926 Y129.24 E444.89086
G1 X107.996 Y129.31
G0 F7200 X107.996 Y129.09
G0 X106.416 Y129.09
G0 X106.416 Y129.24
G1 F3600 X119.24 Y116.416 E445.00457
G1 X119.31 Y116.346
G0 F7200 X119.09 Y116.346
G0 X119.09 Y112.269
G0 X119.24 Y112.269
G1 F3600 X117.731 Y110.76 E445.01795
G1 X117.661 Y110.69
G0 F7200 X117.661 Y110.91
G0 X119.12 Y110.88
G0 X119.239 Y110.76
G1 F3600 X100.761 Y129.239 E445.18181
G1 X100.691 Y129.309
G0 F7200 X100.88 Y129.12
G0 X100.91 Y127.73
G0 X100.76 Y127.73
G1 F3600 X102.27 Y129.24 E445.1952
G1 X102.34 Y129.31
G0 F7200 X102.34 Y129.09
G0 X100.91 Y112.268
G0 X100.761 Y112.268
G1 F3600 X102.269 Y110.76 E445.20857
G1 X102.339 Y110.69
G0 F7200 X102.339 Y110.91
G0 X119.12 Y129.12
G0 X119.4 Y129.4
;TYPE:WALL-INNER
G1 F3600 X119.4 Y110.6 E445.32645
G1 X100.6 Y110.6 E445.44433
G1 X100.6 Y129.4 E445.56221
G1 X119.4 Y129.4 E445.68009
G0 F7200 X119.8 Y129.8
;TYPE:WALL-OUTER
G1 F1800 X119.8 Y110.2 E445.80299
G1 X100.2 Y110.2 E445.92588
G1 X100.2 Y129.8 E446.04878
G1 X119.8 Y129.8 E446.17167
G0 F7200 X119.8 Y129.6
G0 X118.79 Y128.908
;MESH:NONMESH
G0 F600 X118.79 Y128.908 Z17.2
G0 F7200 X100.88 Y110.88
G0 X100.76 Y110.76
;TIME_ELAPSED:1802.056298
;LAYER:169
;TYPE:FILL
;MESH:xyzCalibration_cube.glb
G1 F3600 X104.705 Y114.705 E446.20665
G0 F7200 X104.345 Y114.344
G1 F3600 X100.761 Y117.925 E446.23842
G1 X100.691 Y117.995
G0 F7200 X100.91 Y117.995
G0 X100.91 Y116.417
G0 X100.76 Y116.417
G1 F3600 X108.152 Y123.809 E446.30397
G0 F7200 X108.552 Y124.208
G1 F3600 X108.152 Y123.809 E446.30751
G1 X111.852 Y123.802 E446.33071
G1 X111.658 Y124 E446.33245
G0 F7200 X111.852 Y123.802
G1 F3600 X119.24 Y116.416 E446.39795
G1 X119.31 Y116.346
G0 F7200 X119.09 Y116.346
G0 X119.09 Y117.926
G0 X119.24 Y117.926
G1 F3600 X115.508 Y114.196 E446.43104
G0 F7200 X115.109 Y113.796
G1 F3600 X115.508 Y114.196 E446.43458
G1 X110.139 Y114.205 E446.46824
G1 X110.541 Y113.805 E446.4718
G1 X115.109 Y113.796 E446.50044
G1 X112.074 Y110.76 E446.52736
G1 X112.004 Y110.69
G0 F7200 X112.004 Y110.91
G0 X113.583 Y110.91
G0 X113.583 Y110.76
G1 F3600 X110.742 Y113.6 E446.55255
G1 X109.258 Y113.6 E446.56185
G1 X109.414 Y113.756 E446.56324
G1 X104.345 Y114.344 E446.59523
G1 X104.799 Y113.889 E446.59926
G1 X109.053 Y113.396 E446.62611
G1 X106.417 Y110.76 E446.64949
G1 X106.347 Y110.69
G0 F7200 X106.347 Y110.91
G0 X107.926 Y110.91
G0 X107.926 Y110.76
G1 F3600 X104.799 Y113.889 E446.67723
G1 X104.729 Y113.959
G0 F7200 X105.788 Y115.787
G1 F3600 X104.705 Y114.705 E446.68683
G1 X109.774 Y114.117 E446.71882
G1 X109.414 Y113.756 E446.72202
G0 F7200 X109.258 Y113.6
G1 F3600 X109.053 Y113.396 E446.72383
G0 F7200 X109.774 Y114.117
G1 F3600 X110.661 Y115.004 E446.7317
G1 X110.731 Y115.074
G0 F7200 X110.139 Y114.205
G1 F3600 X109.856 Y114.487 E446.7342
G0 F7200 X109.559 Y114.785
G1 F3600 X109.856 Y114.487 E446.73684
G1 X111.771 Y118.228 E446.76319
G1 X114.2 Y115.798 E446.78474
G1 X111.459 Y115.803 E446.80192
G1 X119.24 Y123.583 E446.87091
G1 X119.31 Y123.653
G0 F7200 X119.09 Y123.653
G0 X119.09 Y122.073
G0 X119.24 Y122.073
G1 F3600 X115.312 Y126 E446.90574
G1 X110.344 Y126 E446.93689
G1 X109.542 Y125.2 E446.94399
G1 X104.801 Y125.2 E446.97372
G1 X100.761 Y129.239 E447.00954
G1 X100.691 Y129.309
G0 F7200 X100.88 Y129.12
G0 X100.91 Y127.73
G0 X100.76 Y127.73
G1 F3600 X102.27 Y129.24 E447.02293
G1 X102.34 Y129.31
G0 F7200 X102.34 Y129.09
G0 X105.087 Y126.4
G1 F3600 X105.487 Y126.8 E447.02648
G1 X108.855 Y126.8 E447.0476
G1 X109.258 Y126.4 E447.05116
G1 X110.744 Y126.4 E447.06047
G1 X114.912 Y126.4 E447.08661
G1 X115.312 Y126 E447.09015
G0 F7200 X114.912 Y126.4
G1 F3600 X112.073 Y129.24 E447.11533
G1 X112.003 Y129.31
G0 F7200 X112.003 Y129.09
G0 X113.583 Y129.09
G0 X113.583 Y129.24
G1 F3600 X110.742 Y126.4 E447.14052
G1 X110.344 Y126 E447.14406
G0 F7200 X109.655 Y126
G1 F3600 X110.458 Y125.2 E447.15117
G1 X115.199 Y125.2 E447.18089
G1 X119.24 Y129.24 E447.21672
G1 X119.31 Y129.31
G0 F7200 X119.12 Y129.12
G0 X117.73 Y129.09
G0 X117.73 Y129.24
G1 F3600 X119.24 Y127.73 E447.23011
G1 X119.31 Y127.66
G0 F7200 X119.09 Y127.66
G0 X115.199 Y125.2
G1 F3600 X113.999 Y124 E447.24075
G1 X111.658 Y124 E447.25543
G1 X111.452 Y124.203 E447.25724
G0 F7200 X111.051 Y124.604
G1 F3600 X111.452 Y124.203 E447.2608
G1 X108.552 Y124.208 E447.27898
G1 X108.742 Y124.4 E447.28068
G0 F7200 X108.951 Y124.607
G1 F3600 X108.742 Y124.4 E447.28252
G1 X105.601 Y124.4 E447.30222
G1 X105.201 Y124.8 E447.30576
G0 F7200 X105.601 Y124.4
G1 F3600 X107.389 Y122.61 E447.32163
G1 X107.459 Y122.54
G0 F7200 X108.593 Y121.408
G1 F3600 X109.238 Y120.762 E447.32735
G1 X109.308 Y120.692
G0 F7200 X111.402 Y121.403
G1 F3600 X112.599 Y122.601 E447.33797
G1 X107.389 Y122.61 E447.37064
G1 X108.593 Y121.408 E447.38131
G1 X111.402 Y121.403 E447.39892
G1 X107.65 Y117.651 E447.43219
G1 X107.58 Y117.581
G0 F7200 X107.552 Y116.791
G1 F3600 X108.917 Y115.425 E447.4443
G1 X105.788 Y115.787 E447.46405
G1 X106.87 Y116.87 E447.47365
G1 X106.94 Y116.94
G0 F7200 X108.917 Y115.425
G1 F3600 X108.965 Y115.379 E447.47406
G1 X110.88 Y119.119 E447.50041
G1 X111.177 Y118.822 E447.50304
G0 F7200 X110.88 Y119.119
G1 F3600 X110.841 Y119.159 E447.50339
G0 F7200 X111.474 Y118.525
G1 F3600 X111.177 Y118.822 E447.50603
G1 X109.262 Y115.082 E447.53237
G1 X108.965 Y115.379 E447.53501
G0 F7200 X109.262 Y115.082
G1 F3600 X109.559 Y114.785 E447.53764
G1 X111.474 Y118.525 E447.56399
G1 X111.771 Y118.228 E447.56662
G1 X111.841 Y118.158
G0 F7200 X111.459 Y115.803
G1 F3600 X110.661 Y115.004 E447.5737
G1 X115.002 Y114.997 E447.60092
G1 X114.2 Y115.798 E447.60803
G1 X114.13 Y115.868
G0 F7200 X115.002 Y114.997
G1 F3600 X119.239 Y110.76 E447.6456
G1 X119.309 Y110.69
G0 F7200 X119.12 Y110.88
G0 X117.731 Y110.91
G0 X117.731 Y110.76
G1 F3600 X119.24 Y112.269 E447.65898
G1 X119.31 Y112.339
G0 F7200 X119.09 Y112.339
G0 X110.742 Y113.6
G1 F3600 X110.541 Y113.805 E447.66078
G0 F7200 X102.269 Y110.91
G0 X102.269 Y110.76
G1 F3600 X100.761 Y112.268 E447.67415
G1 X100.691 Y112.338
G0 F7200 X100.91 Y112.338
G0 X100.91 Y122.074
G0 X100.76 Y122.074
G1 F3600 X104.687 Y126 E447.70897
G1 X109.655 Y126 E447.74012
G1 X109.255 Y126.4 E447.74366
G1 X105.087 Y126.4 E447.7698
G1 X104.687 Y126 E447.77335
G1 X104.617 Y125.93
G0 F7200 X104.801 Y125.2
G1 F3600 X105.201 Y124.8 E447.77689
G1 X109.142 Y124.8 E447.8016
G1 X109.542 Y125.2 E447.80515
G0 F7200 X109.142 Y124.8
G1 F3600 X108.951 Y124.607 E447.80685
G1 X111.051 Y124.604 E447.82002
G1 X110.458 Y125.2 E447.82529
G1 X110.388 Y125.27
G0 F7200 X109.258 Y126.4
G0 X108.855 Y126.8
G1 F3600 X106.416 Y129.24 E447.84692
G1 X106.346 Y129.31
G0 F7200 X106.346 Y129.09
G0 X107.926 Y129.09
G0 X107.926 Y129.24
G1 F3600 X105.487 Y126.8 E447.86856
G1 X105.417 Y126.73
G0 F7200 X100.91 Y123.582
G0 X100.761 Y123.582
G1 F3600 X107.552 Y116.791 E447.92877
G1 X106.87 Y116.87 E447.93308
G1 X107.65 Y117.651 E447.94
G1 X109.238 Y120.762 E447.9619
G1 X110.841 Y119.159 E447.97612
G1 X112.603 Y122.601 E448.00036
G1 X113.999 Y124 E448.01275
G1 X114.069 Y124.07
G0 F7200 X112.603 Y122.601
G0 X119.12 Y129.12
G0 X119.4 Y129.4
;TYPE:WALL-INNER
G1 F3600 X119.4 Y110.6 E448.13063
G1 X100.6 Y110.6 E448.24851
G1 X100.6 Y129.4 E448.36639
G1 X119.4 Y129.4 E448.48427
G0 F7200 X119.8 Y129.8
;TYPE:WALL-OUTER
G1 F1800 X119.8 Y110.2 E448.60717
G1 X100.2 Y110.2 E448.73006
G1 X100.2 Y129.8 E448.85296
G1 X119.8 Y129.8 E448.97585
G0 F7200 X119.8 Y129.6
G0 X118.79 Y128.908
;MESH:NONMESH
G0 F600 X118.79 Y128.908 Z17.3
G0 F7200 X100.88 Y110.88
G0 X100.76 Y110.76
;TIME_ELAPSED:1813.757723
;LAYER:170
;TYPE:FILL
;MESH:xyzCalibration_cube.glb
G1 F3600 X106.554 Y116.554 E449.02723
G1 X106.624 Y116.624
G0 F7200 X106.97 Y117.372
G1 F3600 X100.761 Y123.582 E449.08229
G1 X100.691 Y123.652
G0 F7200 X100.91 Y123.652
G0 X100.91 Y122.074
G0 X100.76 Y122.074
G1 F3600 X105.646 Y126.96 E449.12562
G1 X105.765 Y127.078
G1 X107.926 Y129.24 E449.14479
G1 X107.996 Y129.31
G0 F7200 X107.996 Y129.09
G0 X106.416 Y129.09
G0 X106.416 Y129.24
G1 F3600 X108.578 Y127.078 E449.16396
G1 X108.648 Y127.008
G0 F7200 X111.422 Y127.078
G1 F3600 X113.583 Y129.24 E449.18312
G1 X113.653 Y129.31
G0 F7200 X113.653 Y129.09
G0 X112.073 Y129.09
G0 X112.073 Y129.24
G1 F3600 X114.235 Y127.078 E449.2023
G0 F7200 X114.687 Y126.626
G1 F3600 X119.24 Y122.073 E449.24267
G1 X119.31 Y122.003
G0 F7200 X119.09 Y122.003
G0 X119.09 Y123.583
G0 X119.24 Y123.583
G1 F3600 X111.937 Y116.28 E449.30743
G1 X111.867 Y116.21
G0 F7200 X113.72 Y116.279
G1 F3600 X111.166 Y118.833 E449.33007
G1 X111.096 Y118.903
G0 F7200 X108.881 Y121.118
G1 F3600 X105.954 Y124.045 E449.35603
G0 F7200 X105.646 Y124.353
G1 F3600 X100.761 Y129.239 E449.39935
G1 X100.691 Y129.309
G0 F7200 X100.88 Y129.12
G0 X100.91 Y127.73
G0 X100.76 Y127.73
G1 F3600 X102.27 Y129.24 E449.41274
G1 X102.34 Y129.31
G0 F7200 X102.34 Y129.09
G0 X108.388 Y124.045
G1 F3600 X100.76 Y116.417 E449.48038
G1 X100.69 Y116.347
G0 F7200 X100.91 Y116.347
G0 X100.91 Y117.925
G0 X100.761 Y117.925
G1 F3600 X107.926 Y110.76 E449.54392
G1 X107.996 Y110.69
G0 F7200 X107.996 Y110.91
G0 X106.417 Y110.91
G0 X106.417 Y110.76
G1 F3600 X108.904 Y113.247 E449.56597
G1 X108.974 Y113.317
G0 F7200 X111.096 Y113.247
G1 F3600 X113.583 Y110.76 E449.58802
G1 X113.653 Y110.69
G0 F7200 X113.653 Y110.91
G0 X112.074 Y110.91
G0 X112.074 Y110.76
G1 F3600 X114.56 Y113.247 E449.61007
G0 F7200 X114.872 Y113.558
G1 F3600 X119.24 Y117.926 E449.6488
G1 X119.31 Y117.996
G0 F7200 X119.09 Y117.996
G0 X119.09 Y116.416
G0 X119.24 Y116.416
G1 F3600 X113.081 Y122.575 E449.70342
G1 X113.011 Y122.645
G0 F7200 X113.609 Y123.609
G1 F3600 X119.24 Y129.24 E449.75335
G1 X119.31 Y129.31
G0 F7200 X119.12 Y129.12
G0 X117.73 Y129.09
G0 X117.73 Y129.24
G1 F3600 X119.24 Y127.73 E449.76674
G1 X119.31 Y127.66
G0 F7200 X119.09 Y127.66
G0 X114.872 Y115.128
G1 F3600 X119.239 Y110.76 E449.80547
G1 X119.309 Y110.69
G0 F7200 X119.12 Y110.88
G0 X117.731 Y110.91
G0 X117.731 Y110.76
G1 F3600 X119.24 Y112.269 E449.81885
G1 X119.31 Y112.339
G0 F7200 X119.09 Y112.339
G0 X102.269 Y110.91
G0 X102.269 Y110.76
G1 F3600 X100.761 Y112.268 E449.83222
G1 X100.691 Y112.338
G0 F7200 X100.91 Y112.338
G0 X119.12 Y129.12
G0 X119.4 Y129.4
;TYPE:WALL-INNER
G1 F3600 X119.4 Y110.6 E449.9501
G1 X100.6 Y110.6 E450.06798
G1 X100.6 Y129.4 E450.18586
G1 X119.4 Y129.4 E450.30374
G0 F7200 X119.8 Y129.8
;TYPE:WALL-OUTER
G1 F1800 X119.8 Y110.2 E450.42663
G1 X100.2 Y110.2 E450.54953
G1 X100.2 Y129.8 E450.67243
G1 X119.8 Y129.8 E450.79532
G0 F7200 X119.8 Y129.6
G0 X119.12 Y129.12
G0 X110.445 Y124.087
;TYPE:SKIN
G1 F1800 X110.451 Y123.893 E450.79654
G1 X105.7 Y114.575 E450.86212
G1 X105.7 Y113.384 E450.86959
G1 X114.732 Y113.384 E450.92622
G1 X114.732 Y116.14 E450.9435
G1 X109.921 Y116.143 E450.97367
G1 X109.784 Y116.237 E450.97471
G1 X109.777 Y116.432 E450.97593
G1 X114.544 Y125.749 E451.04155
G1 X114.544 Y126.936 E451.049
G1 X105.784 Y126.936 E451.10392
G1 X105.784 Y124.184 E451.12118
G1 X110.307 Y124.181 E451.14954
G1 X110.445 Y124.087 E451.15059
G0 F7200 X106.371 Y126.735
G1 F1800 X105.984 Y126.349 E451.15401
G0 F7200 X105.984 Y125.783
G1 F1800 X106.936 Y126.735 E451.16246
G0 F7200 X107.502 Y126.735
G1 F1800 X105.984 Y125.217 E451.17592
G0 F7200 X105.984 Y124.652
G1 F1800 X108.068 Y126.735 E451.19439
G0 F7200 X108.634 Y126.735
G1 F1800 X106.282 Y124.384 E451.21524
G0 F7200 X106.847 Y124.384
G1 F1800 X109.199 Y126.735 E451.23609
G0 F7200 X109.765 Y126.735
G1 F1800 X107.412 Y124.383 E451.25696
G0 F7200 X107.977 Y124.381
G1 F1800 X110.331 Y126.735 E451.27783
G0 F7200 X110.896 Y126.735
G1 F1800 X108.542 Y124.381 E451.2987
G0 F7200 X109.107 Y124.38
G1 F1800 X111.462 Y126.735 E451.31959
G0 F7200 X112.028 Y126.735
G1 F1800 X109.672 Y124.379 E451.34048
G0 F7200 X110.237 Y124.379
G1 F1800 X112.593 Y126.735 E451.36137
G0 F7200 X113.159 Y126.735
G1 F1800 X110.615 Y124.191 E451.38393
G0 F7200 X110.459 Y123.47
G1 F1800 X113.725 Y126.735 E451.41288
G0 F7200 X114.29 Y126.735
G1 F1800 X109.871 Y122.316 E451.45207
G1 X109.801 Y122.246
G0 F7200 X109.283 Y121.162
G1 F1800 X114.344 Y126.224 E451.49695
G0 F7200 X114.199 Y125.513
G1 F1800 X108.694 Y120.008 E451.54577
G1 X108.624 Y119.938
G0 F7200 X108.106 Y118.854
G1 F1800 X113.607 Y124.355 E451.59455
G1 X113.677 Y124.425
G0 F7200 X113.013 Y123.196
G1 F1800 X107.518 Y117.7 E451.64328
G1 X107.448 Y117.63
G0 F7200 X106.929 Y116.546
G1 F1800 X112.421 Y122.037 E451.69197
G1 X112.491 Y122.107
G0 F7200 X111.828 Y120.879
G1 F1800 X106.341 Y115.392 E451.74063
G1 X106.271 Y115.322
G0 F7200 X105.9 Y114.385
G1 F1800 X111.235 Y119.72 E451.78793
G1 X111.305 Y119.79
G0 F7200 X110.642 Y118.562
G1 F1800 X105.9 Y113.819 E451.82999
G0 F7200 X106.23 Y113.584
G1 F1800 X110.05 Y117.404 E451.86386
G1 X110.12 Y117.474
G0 F7200 X109.564 Y116.352
G1 F1800 X106.796 Y113.584 E451.88841
G0 F7200 X107.361 Y113.584
G1 F1800 X109.768 Y115.99 E451.90975
G0 F7200 X110.288 Y115.945
G1 F1800 X107.927 Y113.584 E451.93068
G0 F7200 X108.493 Y113.584
G1 F1800 X110.853 Y115.944 E451.95161
G0 F7200 X111.418 Y115.944
G1 F1800 X109.058 Y113.584 E451.97253
G0 F7200 X109.624 Y113.584
G1 F1800 X111.983 Y115.943 E451.99345
G0 F7200 X112.548 Y115.942
G1 F1800 X110.19 Y113.584 E452.01436
G0 F7200 X110.756 Y113.584
G1 F1800 X113.113 Y115.941 E452.03526
G0 F7200 X113.678 Y115.941
G1 F1800 X111.321 Y113.584 E452.05616
G0 F7200 X111.887 Y113.584
G1 F1800 X114.243 Y115.94 E452.07705
G0 F7200 X114.531 Y115.663
G1 F1800 X112.453 Y113.584 E452.09549
G0 F7200 X113.018 Y113.584
G1 F1800 X114.531 Y115.097 E452.1089
G0 F7200 X114.531 Y114.531
G1 F1800 X113.584 Y113.584 E452.1173
G0 F7200 X114.15 Y113.584
G1 F1800 X114.531 Y113.966 E452.12068
;MESH:NONMESH
G0 F600 X114.531 Y113.966 Z17.4
G0 F7200 X100.88 Y110.88
G0 X100.76 Y110.76
;TIME_ELAPSED:1830.003621
;LAYER:171
;TYPE:FILL
;MESH:xyzCalibration_cube.glb
G1 F3600 X106.554 Y116.554 E452.17206
G1 X106.624 Y116.624
G0 F7200 X106.97 Y117.372
G1 F3600 X100.761 Y123.582 E452.22712
G1 X100.691 Y123.652
G0 F7200 X100.91 Y123.652
G0 X100.91 Y122.074
G0 X100.76 Y122.074
G1 F3600 X105.646 Y126.96 E452.27045
G1 X105.765 Y127.078
G1 X107.926 Y129.24 E452.28961
G1 X107.996 Y129.31
G0 F7200 X107.996 Y129.09
G0 X106.416 Y129.09
G0 X106.416 Y129.24
G1 F3600 X108.578 Y127.078 E452.30879
G1 X108.648 Y127.008
G0 F7200 X111.422 Y127.078
G1 F3600 X113.583 Y129.24 E452.32795
G1 X113.653 Y129.31
G0 F7200 X113.653 Y129.09
G0 X112.073 Y129.09
G0 X112.073 Y129.24
G1 F3600 X114.235 Y127.078 E452.34712
G0 F7200 X114.687 Y126.626
G1 F3600 X119.24 Y122.073 E452.3875
G1 X119.31 Y122.003
G0 F7200 X119.09 Y122.003
G0 X119.09 Y123.583
G0 X119.24 Y123.583
G1 F3600 X111.937 Y116.28 E452.45226
G1 X111.867 Y116.21
G0 F7200 X113.72 Y116.279
G1 F3600 X111.166 Y118.833 E452.4749
G1 X111.096 Y118.903
G0 F7200 X108.881 Y121.118
G1 F3600 X105.954 Y124.045 E452.50086
G0 F7200 X105.646 Y124.353
G1 F3600 X100.761 Y129.239 E452.54418
G1 X100.691 Y129.309
G0 F7200 X100.88 Y129.12
G0 X100.91 Y127.73
G0 X100.76 Y127.73
G1 F3600 X102.27 Y129.24 E452.55757
G1 X102.34 Y129.31
G0 F7200 X102.34 Y129.09
G0 X108.388 Y124.045
G1 F3600 X100.76 Y116.417 E452.62521
G1 X100.69 Y116.347
G0 F7200 X100.91 Y116.347
G0 X100.91 Y117.925
G0 X100.761 Y117.925
G1 F3600 X107.926 Y110.76 E452.68874
G1 X107.996 Y110.69
G0 F7200 X107.996 Y110.91
G0 X106.417 Y110.91
G0 X106.417 Y110.76
G1 F3600 X108.904 Y113.247 E452.7108
G1 X108.974 Y113.317
G0 F7200 X111.096 Y113.247
G1 F3600 X113.583 Y110.76 E452.73285
G1 X113.653 Y110.69
G0 F7200 X113.653 Y110.91
G0 X112.074 Y110.91
G0 X112.074 Y110.76
G1 F3600 X114.56 Y113.247 E452.7549
G0 F7200 X114.872 Y113.558
G1 F3600 X119.24 Y117.926 E452.79363
G1 X119.31 Y117.996
G0 F7200 X119.09 Y117.996
G0 X119.09 Y116.416
G0 X119.24 Y116.416
G1 F3600 X113.081 Y122.575 E452.84825
G1 X113.011 Y122.645
G0 F7200 X113.609 Y123.609
G1 F3600 X119.24 Y129.24 E452.89818
G1 X119.31 Y129.31
G0 F7200 X119.12 Y129.12
G0 X117.73 Y129.09
G0 X117.73 Y129.24
G1 F3600 X119.24 Y127.73 E452.91157
G1 X119.31 Y127.66
G0 F7200 X119.09 Y127.66
G0 X114.872 Y115.128
G1 F3600 X119.239 Y110.76 E452.9503
G1 X119.309 Y110.69
G0 F7200 X119.12 Y110.88
G0 X117.731 Y110.91
G0 X117.731 Y110.76
G1 F3600 X119.24 Y112.269 E452.96368
G1 X119.31 Y112.339
G0 F7200 X119.09 Y112.339
G0 X102.269 Y110.91
G0 X102.269 Y110.76
G1 F3600 X100.761 Y112.268 E452.97705
G1 X100.691 Y112.338
G0 F7200 X100.91 Y112.338
G0 X119.12 Y129.12
G0 X119.4 Y129.4
;TYPE:WALL-INNER
G1 F3600 X119.4 Y110.6 E453.09493
G1 X100.6 Y110.6 E453.21281
G1 X100.6 Y129.4 E453.33069
G1 X119.4 Y129.4 E453.44857
G0 F7200 X119.8 Y129.8
;TYPE:WALL-OUTER
G1 F1800 X119.8 Y110.2 E453.57146
G1 X100.2 Y110.2 E453.69436
G1 X100.2 Y129.8 E453.81725
G1 X119.8 Y129.8 E453.94015
G0 F7200 X119.8 Y129.6
G0 X119.12 Y129.12
G0 X110.445 Y124.087
;TYPE:SKIN
G1 F1800 X110.451 Y123.893 E453.94137
G1 X105.7 Y114.575 E454.00695
G1 X105.7 Y113.384 E454.01442
G1 X114.732 Y113.384 E454.07105
G1 X114.732 Y116.14 E454.08833
G1 X109.921 Y116.143 E454.1185
G1 X109.784 Y116.237 E454.11954
G1 X109.777 Y116.432 E454.12076
G1 X114.544 Y125.749 E454.18638
G1 X114.544 Y126.936 E454.19383
G1 X105.784 Y126.936 E454.24875
G1 X105.784 Y124.184 E454.26601
G1 X110.307 Y124.181 E454.29437
G1 X110.445 Y124.087 E454.29541
G0 F7200 X114.344 Y126.638
G1 F1800 X114.246 Y126.736 E454.29628
G0 F7200 X113.68 Y126.736
G1 F1800 X114.344 Y126.072 E454.30217
G0 F7200 X114.246 Y125.605
G1 F1800 X113.114 Y126.736 E454.31221
G0 F7200 X112.549 Y126.736
G1 F1800 X114.054 Y125.231 E454.32555
G0 F7200 X113.863 Y124.857
G1 F1800 X111.983 Y126.736 E454.34222
G0 F7200 X111.417 Y126.736
G1 F1800 X113.671 Y124.483 E454.3622
G0 F7200 X113.48 Y124.108
G1 F1800 X110.852 Y126.736 E454.3855
G0 F7200 X110.286 Y126.736
G1 F1800 X113.288 Y123.734 E454.41212
G0 F7200 X113.097 Y123.36
G1 F1800 X109.72 Y126.736 E454.44206
G0 F7200 X109.155 Y126.736
G1 F1800 X112.905 Y122.986 E454.47532
G0 F7200 X112.714 Y122.612
G1 F1800 X108.589 Y126.736 E454.51189
G0 F7200 X108.023 Y126.736
G1 F1800 X110.406 Y124.353 E454.53302
G0 F7200 X110.638 Y124.121
G1 F1800 X112.523 Y122.237 E454.54973
G0 F7200 X112.331 Y121.863
G1 F1800 X110.549 Y123.645 E454.56553
G0 F7200 X110.358 Y123.27
G1 F1800 X112.139 Y121.489 E454.58133
G0 F7200 X111.948 Y121.115
G1 F1800 X110.167 Y122.895 E454.59711
G0 F7200 X109.976 Y122.52
G1 F1800 X111.756 Y120.741 E454.61289
G0 F7200 X111.565 Y120.366
G1 F1800 X109.785 Y122.146 E454.62868
G0 F7200 X109.594 Y121.772
G1 F1800 X111.374 Y119.992 E454.64446
G0 F7200 X111.182 Y119.618
G1 F1800 X109.403 Y121.397 E454.66024
G0 F7200 X109.212 Y121.022
G1 F1800 X110.99 Y119.244 E454.676
G0 F7200 X110.799 Y118.87
G1 F1800 X109.021 Y120.647 E454.69176
G0 F7200 X108.83 Y120.272
G1 F1800 X110.608 Y118.495 E454.70753
G0 F7200 X110.416 Y118.121
G1 F1800 X108.639 Y119.898 E454.72328
G0 F7200 X108.448 Y119.524
G1 F1800 X110.225 Y117.747 E454.73904
G0 F7200 X110.033 Y117.373
G1 F1800 X108.257 Y119.149 E454.75479
G0 F7200 X108.066 Y118.774
G1 F1800 X109.841 Y116.999 E454.77053
G0 F7200 X109.65 Y116.624
G1 F1800 X107.875 Y118.399 E454.78627
G0 F7200 X107.684 Y118.025
G1 F1800 X112.125 Y113.584 E454.82565
G0 F7200 X112.69 Y113.584
G1 F1800 X110.328 Y115.946 E454.84659
G0 F7200 X110.895 Y115.945
G1 F1800 X113.256 Y113.584 E454.86753
G0 F7200 X113.822 Y113.584
G1 F1800 X111.461 Y115.944 E454.88846
G0 F7200 X112.028 Y115.944
G1 F1800 X114.387 Y113.584 E454.90938
G0 F7200 X114.531 Y114.005
G1 F1800 X112.594 Y115.943 E454.92656
G0 F7200 X113.16 Y115.942
G1 F1800 X114.531 Y114.571 E454.93872
G0 F7200 X114.531 Y115.137
G1 F1800 X113.727 Y115.941 E454.94585
G0 F7200 X114.293 Y115.941
G1 F1800 X114.531 Y115.702 E454.94797
G0 F7200 X111.559 Y113.584
G1 F1800 X107.493 Y117.65 E454.98402
G0 F7200 X107.302 Y117.275
G1 F1800 X110.993 Y113.584 E455.01675
G0 F7200 X110.427 Y113.584
G1 F1800 X107.111 Y116.9 E455.04615
G0 F7200 X106.919 Y116.526
G1 F1800 X109.862 Y113.584 E455.07225
G0 F7200 X109.296 Y113.584
G1 F1800 X106.729 Y116.151 E455.09501
G0 F7200 X106.538 Y115.777
G1 F1800 X108.73 Y113.584 E455.11445
G0 F7200 X108.165 Y113.584
G1 F1800 X106.347 Y115.402 E455.13057
G0 F7200 X106.156 Y115.027
G1 F1800 X107.599 Y113.584 E455.14337
G0 F7200 X107.033 Y113.584
G1 F1800 X105.965 Y114.652 E455.15284
G0 F7200 X105.901 Y114.151
G1 F1800 X106.468 Y113.584 E455.15787
G1 X106.538 Y113.514
G0 F7200 X106.416 Y124.384
G1 F1800 X105.984 Y124.816 E455.1617
G0 F7200 X105.984 Y125.381
G1 F1800 X106.983 Y124.382 E455.17055
G0 F7200 X107.55 Y124.381
G1 F1800 X105.984 Y125.947 E455.18444
G0 F7200 X105.984 Y126.513
G1 F1800 X108.116 Y124.381 E455.20335
G0 F7200 X108.682 Y124.38
G1 F1800 X106.326 Y126.736 E455.22424
G0 F7200 X106.892 Y126.736
G1 F1800 X109.249 Y124.379 E455.24514
G0 F7200 X109.815 Y124.379
G1 F1800 X107.458 Y126.736 E455.26604
G1 X107.388 Y126.806
;MESH:NONMESH
G0 F600 X107.388 Y126.806 Z17.5
G0 F7200 X100.88 Y110.88
G0 X100.76 Y110.76
;TIME_ELAPSED:1846.564708
;LAYER:172
;TYPE:FILL
;MESH:xyzCalibration_cube.glb
G1 F3600 X106.554 Y116.554 E455.31742
G1 X106.624 Y116.624
G0 F7200 X106.97 Y117.372
G1 F3600 X100.761 Y123.582 E455.37248
G1 X100.691 Y123.652
G0 F7200 X100.91 Y123.652
G0 X100.91 Y122.074
G0 X100.76 Y122.074
G1 F3600 X105.646 Y126.96 E455.4158
G1 X105.765 Y127.078
G1 X107.926 Y129.24 E455.43497
G1 X107.996 Y129.31
G0 F7200 X107.996 Y129.09
G0 X106.416 Y129.09
G0 X106.416 Y129.24
G1 F3600 X108.578 Y127.078 E455.45414
G1 X108.648 Y127.008
G0 F7200 X111.422 Y127.078
G1 F3600 X113.583 Y129.24 E455.47331
G1 X113.653 Y129.31
G0 F7200 X113.653 Y129.09
G0 X112.073 Y129.09
G0 X112.073 Y129.24
G1 F3600 X114.235 Y127.078 E455.49248
G0 F7200 X114.687 Y126.626
G1 F3600 X119.24 Y122.073 E455.53285
G1 X119.31 Y122.003
G0 F7200 X119.09 Y122.003
G0 X119.09 Y123.583
G0 X119.24 Y123.583
G1 F3600 X111.937 Y116.28 E455.59761
G1 X111.867 Y116.21
G0 F7200 X113.72 Y116.279
G1 F3600 X111.166 Y118.833 E455.62026
G1 X111.096 Y118.903
G0 F7200 X108.881 Y121.118
G1 F3600 X105.954 Y124.045 E455.64621
G0 F7200 X105.646 Y124.353
G1 F3600 X100.761 Y129.239 E455.68954
G1 X100.691 Y129.309
G0 F7200 X100.88 Y129.12
G0 X100.91 Y127.73
G0 X100.76 Y127.73
G1 F3600 X102.27 Y129.24 E455.70293
G1 X102.34 Y129.31
G0 F7200 X102.34 Y129.09
G0 X108.388 Y124.045
G1 F3600 X100.76 Y116.417 E455.77057
G1 X100.69 Y116.347
G0 F7200 X100.91 Y116.347
G0 X100.91 Y117.925
G0 X100.761 Y117.925
G1 F3600 X107.926 Y110.76 E455.8341
G1 X107.996 Y110.69
G0 F7200 X107.996 Y110.91
G0 X106.417 Y110.91
G0 X106.417 Y110.76
G1 F3600 X108.904 Y113.247 E455.85615
G1 X108.974 Y113.317
G0 F7200 X111.096 Y113.247
G1 F3600 X113.583 Y110.76 E455.87821
G1 X113.653 Y110.69
G0 F7200 X113.653 Y110.91
G0 X112.074 Y110.91
G0 X112.074 Y110.76
G1 F3600 X114.56 Y113.247 E455.90026
G0 F7200 X114.872 Y113.558
G1 F3600 X119.24 Y117.926 E455.93899
G1 X119.31 Y117.996
G0 F7200 X119.09 Y117.996
G0 X119.09 Y116.416
G0 X119.24 Y116.416
G1 F3600 X113.081 Y122.575 E455.9936
G1 X113.011 Y122.645
G0 F7200 X113.609 Y123.609
G1 F3600 X119.24 Y129.24 E456.04353
G1 X119.31 Y129.31
G0 F7200 X119.12 Y129.12
G0 X117.73 Y129.09
G0 X117.73 Y129.24
G1 F3600 X119.24 Y127.73 E456.05692
G1 X119.31 Y127.66
G0 F7200 X119.09 Y127.66
G0 X114.872 Y115.128
G1 F3600 X119.239 Y110.76 E456.09565
G1 X119.309 Y110.69
G0 F7200 X119.12 Y110.88
G0 X117.731 Y110.91
G0 X117.731 Y110.76
G1 F3600 X119.24 Y112.269 E456.10903
G1 X119.31 Y112.339
G0 F7200 X119.09 Y112.339
G0 X102.269 Y110.91
G0 X102.269 Y110.76
G1 F3600 X100.761 Y112.268 E456.12241
G1 X100.691 Y112.338
G0 F7200 X100.91 Y112.338
G0 X119.12 Y129.12
G0 X119.4 Y129.4
;TYPE:WALL-INNER
G1 F3600 X119.4 Y110.6 E456.24029
G1 X100.6 Y110.6 E456.35816
G1 X100.6 Y129.4 E456.47604
G1 X119.4 Y129.4 E456.59392
G0 F7200 X119.8 Y129.8
;TYPE:WALL-OUTER
G1 F1800 X119.8 Y110.2 E456.71682
G1 X100.2 Y110.2 E456.83971
G1 X100.2 Y129.8 E456.96261
G1 X119.8 Y129.8 E457.08551
G0 F7200 X119.8 Y129.6
G0 X119.12 Y129.12
G0 X110.445 Y124.087
;TYPE:SKIN
G1 F1800 X110.451 Y123.893 E457.08672
G1 X105.7 Y114.575 E457.15231
G1 X105.7 Y113.384 E457.15977
G1 X114.732 Y113.384 E457.21641
G1 X114.732 Y116.14 E457.23369
G1 X109.921 Y116.143 E457.26385
G1 X109.784 Y116.237 E457.26489
G1 X109.777 Y116.432 E457.26612
G1 X114.544 Y125.749 E457.33174
G1 X114.544 Y126.936 E457.33918
G1 X105.784 Y126.936 E457.39411
G1 X105.784 Y124.184 E457.41136
G1 X110.307 Y124.181 E457.43972
G1 X110.445 Y124.087 E457.44077
G0 F7200 X106.371 Y126.735
G1 F1800 X105.984 Y126.349 E457.4442
G0 F7200 X105.984 Y125.783
G1 F1800 X106.936 Y126.735 E457.45264
G0 F7200 X107.502 Y126.735
G1 F1800 X105.984 Y125.217 E457.4661
G0 F7200 X105.984 Y124.652
G1 F1800 X108.068 Y126.735 E457.48458
G0 F7200 X108.634 Y126.735
G1 F1800 X106.282 Y124.384 E457.50543
G0 F7200 X106.847 Y124.384
G1 F1800 X109.199 Y126.735 E457.52628
G0 F7200 X109.765 Y126.735
G1 F1800 X107.412 Y124.383 E457.54714
G0 F7200 X107.977 Y124.381
G1 F1800 X110.331 Y126.735 E457.56801
G0 F7200 X110.896 Y126.735
G1 F1800 X108.542 Y124.381 E457.58889
G0 F7200 X109.107 Y124.38
G1 F1800 X111.462 Y126.735 E457.60977
G0 F7200 X112.028 Y126.735
G1 F1800 X109.672 Y124.379 E457.63066
G0 F7200 X110.237 Y124.379
G1 F1800 X112.593 Y126.735 E457.65155
G0 F7200 X113.159 Y126.735
G1 F1800 X110.615 Y124.191 E457.67411
G0 F7200 X110.459 Y123.47
G1 F1800 X113.725 Y126.735 E457.70307
G0 F7200 X114.29 Y126.735
G1 F1800 X109.871 Y122.316 E457.74225
G1 X109.801 Y122.246
G0 F7200 X109.283 Y121.162
G1 F1800 X114.344 Y126.224 E457.78714
G0 F7200 X114.199 Y125.513
G1 F1800 X108.694 Y120.008 E457.83595
G1 X108.624 Y119.938
G0 F7200 X108.106 Y118.854
G1 F1800 X113.607 Y124.355 E457.88473
G1 X113.677 Y124.425
G0 F7200 X113.013 Y123.196
G1 F1800 X107.518 Y117.7 E457.93346
G1 X107.448 Y117.63
G0 F7200 X106.929 Y116.546
G1 F1800 X112.421 Y122.037 E457.98216
G1 X112.491 Y122.107
G0 F7200 X111.828 Y120.879
G1 F1800 X106.341 Y115.392 E458.03081
G1 X106.271 Y115.322
G0 F7200 X105.9 Y114.385
G1 F1800 X111.235 Y119.72 E458.07812
G1 X111.305 Y119.79
G0 F7200 X110.642 Y118.562
G1 F1800 X105.9 Y113.819 E458.12017
G0 F7200 X106.23 Y113.584
G1 F1800 X110.05 Y117.404 E458.15405
G1 X110.12 Y117.474
G0 F7200 X109.564 Y116.352
G1 F1800 X106.796 Y113.584 E458.17859
G0 F7200 X107.361 Y113.584
G1 F1800 X109.768 Y115.99 E458.19993
G0 F7200 X110.288 Y115.945
G1 F1800 X107.927 Y113.584 E458.22087
G0 F7200 X108.493 Y113.584
G1 F1800 X110.853 Y115.944 E458.24179
G0 F7200 X111.418 Y115.944
G1 F1800 X109.058 Y113.584 E458.26272
G0 F7200 X109.624 Y113.584
G1 F1800 X111.983 Y115.943 E458.28364
G0 F7200 X112.548 Y115.942
G1 F1800 X110.19 Y113.584 E458.30455
G0 F7200 X110.756 Y113.584
G1 F1800 X113.113 Y115.941 E458.32545
G0 F7200 X113.678 Y115.941
G1 F1800 X111.321 Y113.584 E458.34635
G0 F7200 X111.887 Y113.584
G1 F1800 X114.243 Y115.94 E458.36724
G0 F7200 X114.531 Y115.663
G1 F1800 X112.453 Y113.584 E458.38567
G0 F7200 X113.018 Y113.584
G1 F1800 X114.531 Y115.097 E458.39909
G0 F7200 X114.531 Y114.531
G1 F1800 X113.584 Y113.584 E458.40748
G0 F7200 X114.15 Y113.584
G1 F1800 X114.531 Y113.966 E458.41087
;MESH:NONMESH
G0 F600 X114.531 Y113.966 Z17.6
G0 F7200 X100.88 Y110.88
G0 X100.76 Y110.76
;TIME_ELAPSED:1862.810605
;LAYER:173
;TYPE:FILL
;MESH:xyzCalibration_cube.glb
G1 F3600 X106.554 Y116.554 E458.46224
G1 X106.624 Y116.624
G0 F7200 X106.97 Y117.372
G1 F3600 X100.761 Y123.582 E458.51731
G1 X100.691 Y123.652
G0 F7200 X100.91 Y123.652
G0 X100.91 Y122.074
G0 X100.76 Y122.074
G1 F3600 X105.646 Y126.96 E458.56063
G1 X105.765 Y127.078
G1 X107.926 Y129.24 E458.5798
G1 X107.996 Y129.31
G0 F7200 X107.996 Y129.09
G0 X106.416 Y129.09
G0 X106.416 Y129.24
G1 F3600 X108.578 Y127.078 E458.59897
G1 X108.648 Y127.008
G0 F7200 X111.422 Y127.078
G1 F3600 X113.583 Y129.24 E458.61814
G1 X113.653 Y129.31
G0 F7200 X113.653 Y129.09
G0 X112.073 Y129.09
G0 X112.073 Y129.24
G1 F3600 X114.235 Y127.078 E458.63731
G0 F7200 X114.687 Y126.626
G1 F3600 X119.24 Y122.073 E458.67768
G1 X119.31 Y122.003
G0 F7200 X119.09 Y122.003
G0 X119.09 Y123.583
G0 X119.24 Y123.583
G1 F3600 X111.937 Y116.28 E458.74244
G1 X111.867 Y116.21
G0 F7200 X113.72 Y116.279
G1 F3600 X111.166 Y118.833 E458.76509
G1 X111.096 Y118.903
G0 F7200 X108.881 Y121.118
G1 F3600 X105.954 Y124.045 E458.79104
G0 F7200 X105.646 Y124.353
G1 F3600 X100.761 Y129.239 E458.83436
G1 X100.691 Y129.309
G0 F7200 X100.88 Y129.12
G0 X100.91 Y127.73
G0 X100.76 Y127.73
G1 F3600 X102.27 Y129.24 E458.84775
G1 X102.34 Y129.31
G0 F7200 X102.34 Y129.09
G0 X108.388 Y124.045
G1 F3600 X100.76 Y116.417 E458.91539
G1 X100.69 Y116.347
G0 F7200 X100.91 Y116.347
G0 X100.91 Y117.925
G0 X100.761 Y117.925
G1 F3600 X107.926 Y110.76 E458.97893
G1 X107.996 Y110.69
G0 F7200 X107.996 Y110.91
G0 X106.417 Y110.91
G0 X106.417 Y110.76
G1 F3600 X108.904 Y113.247 E459.00098
G1 X108.974 Y113.317
G0 F7200 X111.096 Y113.247
G1 F3600 X113.583 Y110.76 E459.02304
G1 X113.653 Y110.69
G0 F7200 X113.653 Y110.91
G0 X112.074 Y110.91
G0 X112.074 Y110.76
G1 F3600 X114.56 Y113.247 E459.04508
G0 F7200 X114.872 Y113.558
G1 F3600 X119.24 Y117.926 E459.08382
G1 X119.31 Y117.996
G0 F7200 X119.09 Y117.996
G0 X119.09 Y116.416
G0 X119.24 Y116.416
G1 F3600 X113.081 Y122.575 E459.13843
G1 X113.011 Y122.645
G0 F7200 X113.609 Y123.609
G1 F3600 X119.24 Y129.24 E459.18836
G1 X119.31 Y129.31
G0 F7200 X119.12 Y129.12
G0 X117.73 Y129.09
G0 X117.73 Y129.24
G1 F3600 X119.24 Y127.73 E459.20175
G1 X119.31 Y127.66
G0 F7200 X119.09 Y127.66
G0 X114.872 Y115.128
G1 F3600 X119.239 Y110.76 E459.24048
G1 X119.309 Y110.69
G0 F7200 X119.12 Y110.88
G0 X117.731 Y110.91
G0 X117.731 Y110.76
G1 F3600 X119.24 Y112.269 E459.25386
G1 X119.31 Y112.339
G0 F7200 X119.09 Y112.339
G0 X102.269 Y110.91
G0 X102.269 Y110.76
G1 F3600 X100.761 Y112.268 E459.26723
G1 X100.691 Y112.338
G0 F7200 X100.91 Y112.338
G0 X119.12 Y129.12
G0 X119.4 Y129.4
;TYPE:WALL-INNER
G1 F3600 X119.4 Y110.6 E459.38511
G1 X100.6 Y110.6 E459.50299
G1 X100.6 Y129.4 E459.62087
G1 X119.4 Y129.4 E459.73875
G0 F7200 X119.8 Y129.8
;TYPE:WALL-OUTER
G1 F1800 X119.8 Y110.2 E459.86165
G1 X100.2 Y110.2 E459.98454
G1 X100.2 Y129.8 E460.10744
G1 X119.8 Y129.8 E460.23033
G0 F7200 X119.8 Y129.6
G0 X119.12 Y129.12
G0 X110.445 Y124.087
;TYPE:SKIN
G1 F1800 X110.451 Y123.893 E460.23155
G1 X105.7 Y114.575 E460.29713
G1 X105.7 Y113.384 E460.3046
G1 X114.732 Y113.384 E460.36123
G1 X114.732 Y116.14 E460.37851
G1 X109.921 Y116.143 E460.40868
G1 X109.784 Y116.237 E460.40972
G1 X109.777 Y116.432 E460.41095
G1 X114.544 Y125.749 E460.47657
G1 X114.544 Y126.936 E460.48401
G1 X105.784 Y126.936 E460.53894
G1 X105.784 Y124.184 E460.55619
G1 X110.307 Y124.181 E460.58455
G1 X110.445 Y124.087 E460.5856
G0 F7200 X114.344 Y126.638
G1 F1800 X114.246 Y126.736 E460.58647
G0 F7200 X113.68 Y126.736
G1 F1800 X114.344 Y126.072 E460.59236
G0 F7200 X114.246 Y125.605
G1 F1800 X113.114 Y126.736 E460.60239
G0 F7200 X112.549 Y126.736
G1 F1800 X114.054 Y125.231 E460.61574
G0 F7200 X113.863 Y124.857
G1 F1800 X111.983 Y126.736 E460.6324
G0 F7200 X111.417 Y126.736
G1 F1800 X113.671 Y124.483 E460.65238
G0 F7200 X113.48 Y124.108
G1 F1800 X110.852 Y126.736 E460.67569
G0 F7200 X110.286 Y126.736
G1 F1800 X113.288 Y123.734 E460.70231
G0 F7200 X113.097 Y123.36
G1 F1800 X109.72 Y126.736 E460.73225
G0 F7200 X109.155 Y126.736
G1 F1800 X112.905 Y122.986 E460.7655
G0 F7200 X112.714 Y122.612
G1 F1800 X108.589 Y126.736 E460.80207
G0 F7200 X108.023 Y126.736
G1 F1800 X110.406 Y124.353 E460.82321
G0 F7200 X110.638 Y124.121
G1 F1800 X112.523 Y122.237 E460.83992
G0 F7200 X112.331 Y121.863
G1 F1800 X110.549 Y123.645 E460.85572
G0 F7200 X110.358 Y123.27
G1 F1800 X112.139 Y121.489 E460.87151
G0 F7200 X111.948 Y121.115
G1 F1800 X110.167 Y122.895 E460.8873
G0 F7200 X109.976 Y122.52
G1 F1800 X111.756 Y120.741 E460.90308
G0 F7200 X111.565 Y120.366
G1 F1800 X109.785 Y122.146 E460.91886
G0 F7200 X109.594 Y121.772
G1 F1800 X111.374 Y119.992 E460.93465
G0 F7200 X111.182 Y119.618
G1 F1800 X109.403 Y121.397 E460.95042
G0 F7200 X109.212 Y121.022
G1 F1800 X110.99 Y119.244 E460.96619
G0 F7200 X110.799 Y118.87
G1 F1800 X109.021 Y120.647 E460.98195
G0 F7200 X108.83 Y120.272
G1 F1800 X110.608 Y118.495 E460.99771
G0 F7200 X110.416 Y118.121
G1 F1800 X108.639 Y119.898 E461.01347
G0 F7200 X108.448 Y119.524
G1 F1800 X110.225 Y117.747 E461.02923
G0 F7200 X110.033 Y117.373
G1 F1800 X108.257 Y119.149 E461.04497
G0 F7200 X108.066 Y118.774
G1 F1800 X109.841 Y116.999 E461.06071
G0 F7200 X109.65 Y116.624
G1 F1800 X107.875 Y118.399 E461.07645
G0 F7200 X107.684 Y118.025
G1 F1800 X112.125 Y113.584 E461.11583
G0 F7200 X112.69 Y113.584
G1 F1800 X110.328 Y115.946 E461.13678
G0 F7200 X110.895 Y115.945
G1 F1800 X113.256 Y113.584 E461.15771
G0 F7200 X113.822 Y113.584
G1 F1800 X111.461 Y115.944 E461.17865
G0 F7200 X112.028 Y115.944
G1 F1800 X114.387 Y113.584 E461.19957
G0 F7200 X114.531 Y114.005
G1 F1800 X112.594 Y115.943 E461.21675
G0 F7200 X113.16 Y115.942
G1 F1800 X114.531 Y114.571 E461.22891
G0 F7200 X114.531 Y115.137
G1 F1800 X113.727 Y115.941 E461.23603
G0 F7200 X114.293 Y115.941
G1 F1800 X114.531 Y115.702 E461.23815
G0 F7200 X111.559 Y113.584
G1 F1800 X107.493 Y117.65 E461.2742
G0 F7200 X107.302 Y117.275
G1 F1800 X110.993 Y113.584 E461.30693
G0 F7200 X110.427 Y113.584
G1 F1800 X107.111 Y116.9 E461.33634
G0 F7200 X106.919 Y116.526
G1 F1800 X109.862 Y113.584 E461.36243
G0 F7200 X109.296 Y113.584
G1 F1800 X106.729 Y116.151 E461.38519
G0 F7200 X106.538 Y115.777
G1 F1800 X108.73 Y113.584 E461.40463
G0 F7200 X108.165 Y113.584
G1 F1800 X106.347 Y115.402 E461.42076
G0 F7200 X106.156 Y115.027
G1 F1800 X107.599 Y113.584 E461.43355
G0 F7200 X107.033 Y113.584
G1 F1800 X105.965 Y114.652 E461.44302
G0 F7200 X105.901 Y114.151
G1 F1800 X106.468 Y113.584 E461.44805
G1 X106.538 Y113.514
G0 F7200 X106.416 Y124.384
G1 F1800 X105.984 Y124.816 E461.45188
G0 F7200 X105.984 Y125.381
G1 F1800 X106.983 Y124.382 E461.46074
G0 F7200 X107.55 Y124.381
G1 F1800 X105.984 Y125.947 E461.47463
G0 F7200 X105.984 Y126.513
G1 F1800 X108.116 Y124.381 E461.49353
G0 F7200 X108.682 Y124.38
G1 F1800 X106.326 Y126.736 E461.51442
G0 F7200 X106.892 Y126.736
G1 F1800 X109.249 Y124.379 E461.53532
G0 F7200 X109.815 Y124.379
G1 F1800 X107.458 Y126.736 E461.55622
G1 X107.388 Y126.806
;MESH:NONMESH
G0 F600 X107.388 Y126.806 Z17.7
G0 F7200 X100.88 Y110.88
G0 X100.76 Y110.76
;TIME_ELAPSED:1879.371692
;LAYER:174
;TYPE:FILL
;MESH:xyzCalibration_cube.glb
G1 F3600 X106.554 Y116.554 E461.6076
G1 X106.624 Y116.624
G0 F7200 X106.97 Y117.372
G1 F3600 X100.761 Y123.582 E461.66266
G1 X100.691 Y123.652
G0 F7200 X100.91 Y123.652
G0 X100.91 Y122.074
G0 X100.76 Y122.074
G1 F3600 X105.646 Y126.96 E461.70599
G1 X105.765 Y127.078
G1 X107.926 Y129.24 E461.72516
G1 X107.996 Y129.31
G0 F7200 X107.996 Y129.09
G0 X106.416 Y129.09
G0 X106.416 Y129.24
G1 F3600 X108.578 Y127.078 E461.74433
G1 X108.648 Y127.008
G0 F7200 X111.422 Y127.078
G1 F3600 X113.583 Y129.24 E461.76349
G1 X113.653 Y129.31
G0 F7200 X113.653 Y129.09
G0 X112.073 Y129.09
G0 X112.073 Y129.24
G1 F3600 X114.235 Y127.078 E461.78266
G0 F7200 X114.687 Y126.626
G1 F3600 X119.24 Y122.073 E461.82304
G1 X119.31 Y122.003
G0 F7200 X119.09 Y122.003
G0 X119.09 Y123.583
G0 X119.24 Y123.583
G1 F3600 X111.937 Y116.28 E461.8878
G1 X111.867 Y116.21
G0 F7200 X113.72 Y116.279
G1 F3600 X111.166 Y118.833 E461.91044
G1 X111.096 Y118.903
G0 F7200 X108.881 Y121.118
G1 F3600 X105.954 Y124.045 E461.9364
G0 F7200 X105.646 Y124.353
G1 F3600 X100.761 Y129.239 E461.97972
G1 X100.691 Y129.309
G0 F7200 X100.88 Y129.12
G0 X100.91 Y127.73
G0 X100.76 Y127.73
G1 F3600 X102.27 Y129.24 E461.99311
G1 X102.34 Y129.31
G0 F7200 X102.34 Y129.09
G0 X108.388 Y124.045
G1 F3600 X100.76 Y116.417 E462.06075
G1 X100.69 Y116.347
G0 F7200 X100.91 Y116.347
G0 X100.91 Y117.925
G0 X100.761 Y117.925
G1 F3600 X107.926 Y110.76 E462.12429
G1 X107.996 Y110.69
G0 F7200 X107.996 Y110.91
G0 X106.417 Y110.91
G0 X106.417 Y110.76
G1 F3600 X108.904 Y113.247 E462.14634
G1 X108.974 Y113.317
G0 F7200 X111.096 Y113.247
G1 F3600 X113.583 Y110.76 E462.16839
G1 X113.653 Y110.69
G0 F7200 X113.653 Y110.91
G0 X112.074 Y110.91
G0 X112.074 Y110.76
G1 F3600 X114.56 Y113.247 E462.19044
G0 F7200 X114.872 Y113.558
G1 F3600 X119.24 Y117.926 E462.22917
G1 X119.31 Y117.996
G0 F7200 X119.09 Y117.996
G0 X119.09 Y116.416
G0 X119.24 Y116.416
G1 F3600 X113.081 Y122.575 E462.28379
G1 X113.011 Y122.645
G0 F7200 X113.609 Y123.609
G1 F3600 X119.24 Y129.24 E462.33372
G1 X119.31 Y129.31
G0 F7200 X119.12 Y129.12
G0 X117.73 Y129.09
G0 X117.73 Y129.24
G1 F3600 X119.24 Y127.73 E462.34711
G1 X119.31 Y127.66
G0 F7200 X119.09 Y127.66
G0 X114.872 Y115.128
G1 F3600 X119.239 Y110.76 E462.38584
G1 X119.309 Y110.69
G0 F7200 X119.12 Y110.88
G0 X117.731 Y110.91
G0 X117.731 Y110.76
G1 F3600 X119.24 Y112.269 E462.39922
G1 X119.31 Y112.339
G0 F7200 X119.09 Y112.339
G0 X102.269 Y110.91
G0 X102.269 Y110.76
G1 F3600 X100.761 Y112.268 E462.41259
G1 X100.691 Y112.338
G0 F7200 X100.91 Y112.338
G0 X119.12 Y129.12
G0 X119.4 Y129.4
;TYPE:WALL-INNER
G1 F3600 X119.4 Y110.6 E462.53047
G1 X100.6 Y110.6 E462.64835
G1 X100.6 Y129.4 E462.76623
G1 X119.4 Y129.4 E462.88411
G0 F7200 X119.8 Y129.8
;TYPE:WALL-OUTER
G1 F1800 X119.8 Y110.2 E463.007
G1 X100.2 Y110.2 E463.1299
G1 X100.2 Y129.8 E463.2528
G1 X119.8 Y129.8 E463.37569
G0 F7200 X119.8 Y129.6
G0 X119.12 Y129.12
G0 X110.445 Y124.087
;TYPE:SKIN
G1 F1800 X110.451 Y123.893 E463.37691
G1 X105.7 Y114.575 E463.44249
G1 X105.7 Y113.384 E463.44996
G1 X114.732 Y113.384 E463.50659
G1 X114.732 Y116.14 E463.52387
G1 X109.921 Y116.143 E463.55404
G1 X109.784 Y116.237 E463.55508
G1 X109.777 Y116.432 E463.5563
G1 X114.544 Y125.749 E463.62192
G1 X114.544 Y126.936 E463.62937
G1 X105.784 Y126.936 E463.68429
G1 X105.784 Y124.184 E463.70155
G1 X110.307 Y124.181 E463.72991
G1 X110.445 Y124.087 E463.73096
G0 F7200 X106.371 Y126.735
G1 F1800 X105.984 Y126.349 E463.73438
G0 F7200 X105.984 Y125.783
G1 F1800 X106.936 Y126.735 E463.74282
G0 F7200 X107.502 Y126.735
G1 F1800 X105.984 Y125.217 E463.75628
G0 F7200 X105.984 Y124.652
G1 F1800 X108.068 Y126.735 E463.77476
G0 F7200 X108.634 Y126.735
G1 F1800 X106.282 Y124.384 E463.79561
G0 F7200 X106.847 Y124.384
G1 F1800 X109.199 Y126.735 E463.81646
G0 F7200 X109.765 Y126.735
G1 F1800 X107.412 Y124.383 E463.83732
G0 F7200 X107.977 Y124.381
G1 F1800 X110.331 Y126.735 E463.8582
G0 F7200 X110.896 Y126.735
G1 F1800 X108.542 Y124.381 E463.87907
G0 F7200 X109.107 Y124.38
G1 F1800 X111.462 Y126.735 E463.89995
G0 F7200 X112.028 Y126.735
G1 F1800 X109.672 Y124.379 E463.92085
G0 F7200 X110.237 Y124.379
G1 F1800 X112.593 Y126.735 E463.94174
G0 F7200 X113.159 Y126.735
G1 F1800 X110.615 Y124.191 E463.9643
G0 F7200 X110.459 Y123.47
G1 F1800 X113.725 Y126.735 E463.99325
G0 F7200 X114.29 Y126.735
G1 F1800 X109.871 Y122.316 E464.03244
G1 X109.801 Y122.246
G0 F7200 X109.283 Y121.162
G1 F1800 X114.344 Y126.224 E464.07732
G0 F7200 X114.199 Y125.513
G1 F1800 X108.694 Y120.008 E464.12613
G1 X108.624 Y119.938
G0 F7200 X108.106 Y118.854
G1 F1800 X113.607 Y124.355 E464.17491
G1 X113.677 Y124.425
G0 F7200 X113.013 Y123.196
G1 F1800 X107.518 Y117.7 E464.22364
G1 X107.448 Y117.63
G0 F7200 X106.929 Y116.546
G1 F1800 X112.421 Y122.037 E464.27234
G1 X112.491 Y122.107
G0 F7200 X111.828 Y120.879
G1 F1800 X106.341 Y115.392 E464.321
G1 X106.271 Y115.322
G0 F7200 X105.9 Y114.385
G1 F1800 X111.235 Y119.72 E464.3683
G1 X111.305 Y119.79
G0 F7200 X110.642 Y118.562
G1 F1800 X105.9 Y113.819 E464.41036
G0 F7200 X106.23 Y113.584
G1 F1800 X110.05 Y117.404 E464.44423
G1 X110.12 Y117.474
G0 F7200 X109.564 Y116.352
G1 F1800 X106.796 Y113.584 E464.46877
G0 F7200 X107.361 Y113.584
G1 F1800 X109.768 Y115.99 E464.49011
G0 F7200 X110.288 Y115.945
G1 F1800 X107.927 Y113.584 E464.51105
G0 F7200 X108.493 Y113.584
G1 F1800 X110.853 Y115.944 E464.53198
G0 F7200 X111.418 Y115.944
G1 F1800 X109.058 Y113.584 E464.5529
G0 F7200 X109.624 Y113.584
G1 F1800 X111.983 Y115.943 E464.57382
G0 F7200 X112.548 Y115.942
G1 F1800 X110.19 Y113.584 E464.59473
G0 F7200 X110.756 Y113.584
G1 F1800 X113.113 Y115.941 E464.61563
G0 F7200 X113.678 Y115.941
G1 F1800 X111.321 Y113.584 E464.63653
G0 F7200 X111.887 Y113.584
G1 F1800 X114.243 Y115.94 E464.65742
G0 F7200 X114.531 Y115.663
G1 F1800 X112.453 Y113.584 E464.67585
G0 F7200 X113.018 Y113.584
G1 F1800 X114.531 Y115.097 E464.68927
G0 F7200 X114.531 Y114.531
G1 F1800 X113.584 Y113.584 E464.69767
G0 F7200 X114.15 Y113.584
G1 F1800 X114.531 Y113.966 E464.70105
;MESH:NONMESH
G0 F600 X114.531 Y113.966 Z17.8
G0 F7200 X100.88 Y110.88
G0 X100.76 Y110.76
;TIME_ELAPSED:1895.617589
;LAYER:175
;TYPE:FILL
;MESH:xyzCalibration_cube.glb
G1 F3600 X106.554 Y116.554 E464.75243
G1 X106.624 Y116.624
G0 F7200 X106.97 Y117.372
G1 F3600 X100.761 Y123.582 E464.80749
G1 X100.691 Y123.652
G0 F7200 X100.91 Y123.652
G0 X100.91 Y122.074
G0 X100.76 Y122.074
G1 F3600 X105.646 Y126.96 E464.85082
G1 X105.765 Y127.078
G1 X107.926 Y129.24 E464.86998
G1 X107.996 Y129.31
G0 F7200 X107.996 Y129.09
G0 X106.416 Y129.09
G0 X106.416 Y129.24
G1 F3600 X108.578 Y127.078 E464.88915
G1 X108.648 Y127.008
G0 F7200 X111.422 Y127.078
G1 F3600 X113.583 Y129.24 E464.90832
G1 X113.653 Y129.31
G0 F7200 X113.653 Y129.09
G0 X112.073 Y129.09
G0 X112.073 Y129.24
G1 F3600 X114.235 Y127.078 E464.92749
G0 F7200 X114.687 Y126.626
G1 F3600 X119.24 Y122.073 E464.96787
G1 X119.31 Y122.003
G0 F7200 X119.09 Y122.003
G0 X119.09 Y123.583
G0 X119.24 Y123.583
G1 F3600 X111.937 Y116.28 E465.03262
G1 X111.867 Y116.21
G0 F7200 X113.72 Y116.279
G1 F3600 X111.166 Y118.833 E465.05527
G1 X111.096 Y118.903
G0 F7200 X108.881 Y121.118
G1 F3600 X105.954 Y124.045 E465.08123
G0 F7200 X105.646 Y124.353
G1 F3600 X100.761 Y129.239 E465.12455
G1 X100.691 Y129.309
G0 F7200 X100.88 Y129.12
G0 X100.91 Y127.73
G0 X100.76 Y127.73
G1 F3600 X102.27 Y129.24 E465.13794
G1 X102.34 Y129.31
G0 F7200 X102.34 Y129.09
G0 X108.388 Y124.045
G1 F3600 X100.76 Y116.417 E465.20558
G1 X100.69 Y116.347
G0 F7200 X100.91 Y116.347
G0 X100.91 Y117.925
G0 X100.761 Y117.925
G1 F3600 X107.926 Y110.76 E465.26911
G1 X107.996 Y110.69
G0 F7200 X107.996 Y110.91
G0 X106.417 Y110.91
G0 X106.417 Y110.76
G1 F3600 X108.904 Y113.247 E465.29117
G1 X108.974 Y113.317
G0 F7200 X111.096 Y113.247
G1 F3600 X113.583 Y110.76 E465.31322
G1 X113.653 Y110.69
G0 F7200 X113.653 Y110.91
G0 X112.074 Y110.91
G0 X112.074 Y110.76
G1 F3600 X114.56 Y113.247 E465.33527
G0 F7200 X114.872 Y113.558
G1 F3600 X119.24 Y117.926 E465.374
G1 X119.31 Y117.996
G0 F7200 X119.09 Y117.996
G0 X119.09 Y116.416
G0 X119.24 Y116.416
G1 F3600 X113.081 Y122.575 E465.42862
G1 X113.011 Y122.645
G0 F7200 X113.609 Y123.609
G1 F3600 X119.24 Y129.24 E465.47855
G1 X119.31 Y129.31
G0 F7200 X119.12 Y129.12
G0 X117.73 Y129.09
G0 X117.73 Y129.24
G1 F3600 X119.24 Y127.73 E465.49194
G1 X119.31 Y127.66
G0 F7200 X119.09 Y127.66
G0 X114.872 Y115.128
G1 F3600 X119.239 Y110.76 E465.53067
G1 X119.309 Y110.69
G0 F7200 X119.12 Y110.88
G0 X117.731 Y110.91
G0 X117.731 Y110.76
G1 F3600 X119.24 Y112.269 E465.54405
G1 X119.31 Y112.339
G0 F7200 X119.09 Y112.339
G0 X102.269 Y110.91
G0 X102.269 Y110.76
G1 F3600 X100.761 Y112.268 E465.55742
G1 X100.691 Y112.338
G0 F7200 X100.91 Y112.338
G0 X119.12 Y129.12
G0 X119.4 Y129.4
;TYPE:WALL-INNER
G1 F3600 X119.4 Y110.6 E465.6753
G1 X100.6 Y110.6 E465.79318
G1 X100.6 Y129.4 E465.91106
G1 X119.4 Y129.4 E466.02894
G0 F7200 X119.8 Y129.8
;TYPE:WALL-OUTER
G1 F1800 X119.8 Y110.2 E466.15183
G1 X100.2 Y110.2 E466.27473
G1 X100.2 Y129.8 E466.39762
G1 X119.8 Y129.8 E466.52052
G0 F7200 X119.8 Y129.6
G0 X119.12 Y129.12
G0 X110.445 Y124.087
;TYPE:SKIN
G1 F1800 X110.451 Y123.893 E466.52174
G1 X105.7 Y114.575 E466.58732
G1 X105.7 Y113.384 E466.59479
G1 X114.732 Y113.384 E466.65142
G1 X114.732 Y116.14 E466.6687
G1 X109.921 Y116.143 E466.69886
G1 X109.784 Y116.237 E466.69991
G1 X109.777 Y116.432 E466.70113
G1 X114.544 Y125.749 E466.76675
G1 X114.544 Y126.936 E466.77419
G1 X105.784 Y126.936 E466.82912
G1 X105.784 Y124.184 E466.84638
G1 X110.307 Y124.181 E466.87474
G1 X110.445 Y124.087 E466.87578
G0 F7200 X114.344 Y126.638
G1 F1800 X114.246 Y126.736 E466.87665
G0 F7200 X113.68 Y126.736
G1 F1800 X114.344 Y126.072 E466.88254
G0 F7200 X114.246 Y125.605
G1 F1800 X113.114 Y126.736 E466.89257
G0 F7200 X112.549 Y126.736
G1 F1800 X114.054 Y125.231 E466.90592
G0 F7200 X113.863 Y124.857
G1 F1800 X111.983 Y126.736 E466.92259
G0 F7200 X111.417 Y126.736
G1 F1800 X113.671 Y124.483 E466.94257
G0 F7200 X113.48 Y124.108
G1 F1800 X110.852 Y126.736 E466.96587
G0 F7200 X110.286 Y126.736
G1 F1800 X113.288 Y123.734 E466.99249
G0 F7200 X113.097 Y123.36
G1 F1800 X109.72 Y126.736 E467.02243
G0 F7200 X109.155 Y126.736
G1 F1800 X112.905 Y122.986 E467.05569
G0 F7200 X112.714 Y122.612
G1 F1800 X108.589 Y126.736 E467.09226
G0 F7200 X108.023 Y126.736
G1 F1800 X110.406 Y124.353 E467.11339
G0 F7200 X110.638 Y124.121
G1 F1800 X112.523 Y122.237 E467.1301
G0 F7200 X112.331 Y121.863
G1 F1800 X110.549 Y123.645 E467.1459
G0 F7200 X110.358 Y123.27
G1 F1800 X112.139 Y121.489 E467.16169
G0 F7200 X111.948 Y121.115
G1 F1800 X110.167 Y122.895 E467.17748
G0 F7200 X109.976 Y122.52
G1 F1800 X111.756 Y120.741 E467.19326
G0 F7200 X111.565 Y120.366
G1 F1800 X109.785 Y122.146 E467.20905
G0 F7200 X109.594 Y121.772
G1 F1800 X111.374 Y119.992 E467.22483
G0 F7200 X111.182 Y119.618
G1 F1800 X109.403 Y121.397 E467.24061
G0 F7200 X109.212 Y121.022
G1 F1800 X110.99 Y119.244 E467.25637
G0 F7200 X110.799 Y118.87
G1 F1800 X109.021 Y120.647 E467.27213
G0 F7200 X108.83 Y120.272
G1 F1800 X110.608 Y118.495 E467.2879
G0 F7200 X110.416 Y118.121
G1 F1800 X108.639 Y119.898 E467.30365
G0 F7200 X108.448 Y119.524
G1 F1800 X110.225 Y117.747 E467.31941
G0 F7200 X110.033 Y117.373
G1 F1800 X108.257 Y119.149 E467.33516
G0 F7200 X108.066 Y118.774
G1 F1800 X109.841 Y116.999 E467.3509
G0 F7200 X109.65 Y116.624
G1 F1800 X107.875 Y118.399 E467.36664
G0 F7200 X107.684 Y118.025
G1 F1800 X112.125 Y113.584 E467.40602
G0 F7200 X112.69 Y113.584
G1 F1800 X110.328 Y115.946 E467.42696
G0 F7200 X110.895 Y115.945
G1 F1800 X113.256 Y113.584 E467.4479
G0 F7200 X113.822 Y113.584
G1 F1800 X111.461 Y115.944 E467.46883
G0 F7200 X112.028 Y115.944
G1 F1800 X114.387 Y113.584 E467.48975
G0 F7200 X114.531 Y114.005
G1 F1800 X112.594 Y115.943 E467.50693
G0 F7200 X113.16 Y115.942
G1 F1800 X114.531 Y114.571 E467.51909
G0 F7200 X114.531 Y115.137
G1 F1800 X113.727 Y115.941 E467.52622
G0 F7200 X114.293 Y115.941
G1 F1800 X114.531 Y115.702 E467.52833
G0 F7200 X111.559 Y113.584
G1 F1800 X107.493 Y117.65 E467.56439
G0 F7200 X107.302 Y117.275
G1 F1800 X110.993 Y113.584 E467.59712
G0 F7200 X110.427 Y113.584
G1 F1800 X107.111 Y116.9 E467.62652
G0 F7200 X106.919 Y116.526
G1 F1800 X109.862 Y113.584 E467.65262
G0 F7200 X109.296 Y113.584
G1 F1800 X106.729 Y116.151 E467.67538
G0 F7200 X106.538 Y115.777
G1 F1800 X108.73 Y113.584 E467.69482
G0 F7200 X108.165 Y113.584
G1 F1800 X106.347 Y115.402 E467.71094
G0 F7200 X106.156 Y115.027
G1 F1800 X107.599 Y113.584 E467.72374
G0 F7200 X107.033 Y113.584
G1 F1800 X105.965 Y114.652 E467.73321
G0 F7200 X105.901 Y114.151
G1 F1800 X106.468 Y113.584 E467.73823
G1 X106.538 Y113.514
G0 F7200 X106.416 Y124.384
G1 F1800 X105.984 Y124.816 E467.74206
G0 F7200 X105.984 Y125.381
G1 F1800 X106.983 Y124.382 E467.75092
G0 F7200 X107.55 Y124.381
G1 F1800 X105.984 Y125.947 E467.76481
G0 F7200 X105.984 Y126.513
G1 F1800 X108.116 Y124.381 E467.78371
G0 F7200 X108.682 Y124.38
G1 F1800 X106.326 Y126.736 E467.80461
G0 F7200 X106.892 Y126.736
G1 F1800 X109.249 Y124.379 E467.82551
G0 F7200 X109.815 Y124.379
G1 F1800 X107.458 Y126.736 E467.84641
G1 X107.388 Y126.806
;MESH:NONMESH
G0 F600 X107.388 Y126.806 Z17.9
G0 F7200 X100.88 Y110.88
G0 X100.76 Y110.76
;TIME_ELAPSED:1912.178676
;LAYER:176
;TYPE:FILL
;MESH:xyzCalibration_cube.glb
G1 F3600 X106.554 Y116.554 E467.89778
G1 X106.624 Y116.624
G0 F7200 X106.97 Y117.372
G1 F3600 X100.761 Y123.582 E467.95285
G1 X100.691 Y123.652
G0 F7200 X100.91 Y123.652
G0 X100.91 Y122.074
G0 X100.76 Y122.074
G1 F3600 X105.646 Y126.96 E467.99617
G1 X105.765 Y127.078
G1 X107.926 Y129.24 E468.01534
G1 X107.996 Y129.31
G0 F7200 X107.996 Y129.09
G0 X106.416 Y129.09
G0 X106.416 Y129.24
G1 F3600 X108.578 Y127.078 E468.03451
G1 X108.648 Y127.008
G0 F7200 X111.422 Y127.078
G1 F3600 X113.583 Y129.24 E468.05368
G1 X113.653 Y129.31
G0 F7200 X113.653 Y129.09
G0 X112.073 Y129.09
G0 X112.073 Y129.24
G1 F3600 X114.235 Y127.078 E468.07285
G0 F7200 X114.687 Y126.626
G1 F3600 X119.24 Y122.073 E468.11322
G1 X119.31 Y122.003
G0 F7200 X119.09 Y122.003
G0 X119.09 Y123.583
G0 X119.24 Y123.583
G1 F3600 X111.937 Y116.28 E468.17798
G1 X111.867 Y116.21
G0 F7200 X113.72 Y116.279
G1 F3600 X111.166 Y118.833 E468.20063
G1 X111.096 Y118.903
G0 F7200 X108.881 Y121.118
G1 F3600 X105.954 Y124.045 E468.22658
G0 F7200 X105.646 Y124.353
G1 F3600 X100.761 Y129.239 E468.2699
G1 X100.691 Y129.309
G0 F7200 X100.88 Y129.12
G0 X100.91 Y127.73
G0 X100.76 Y127.73
G1 F3600 X102.27 Y129.24 E468.28329
G1 X102.34 Y129.31
G0 F7200 X102.34 Y129.09
G0 X108.388 Y124.045
G1 F3600 X100.76 Y116.417 E468.35093
G1 X100.69 Y116.347
G0 F7200 X100.91 Y116.347
G0 X100.91 Y117.925
G0 X100.761 Y117.925
G1 F3600 X107.926 Y110.76 E468.41447
G1 X107.996 Y110.69
G0 F7200 X107.996 Y110.91
G0 X106.417 Y110.91
G0 X106.417 Y110.76
G1 F3600 X108.904 Y113.247 E468.43652
G1 X108.974 Y113.317
G0 F7200 X111.096 Y113.247
G1 F3600 X113.583 Y110.76 E468.45858
G1 X113.653 Y110.69
G0 F7200 X113.653 Y110.91
G0 X112.074 Y110.91
G0 X112.074 Y110.76
G1 F3600 X114.56 Y113.247 E468.48062
G0 F7200 X114.872 Y113.558
G1 F3600 X119.24 Y117.926 E468.51936
G1 X119.31 Y117.996
G0 F7200 X119.09 Y117.996
G0 X119.09 Y116.416
G0 X119.24 Y116.416
G1 F3600 X113.081 Y122.575 E468.57397
G1 X113.011 Y122.645
G0 F7200 X113.609 Y123.609
G1 F3600 X119.24 Y129.24 E468.6239
G1 X119.31 Y129.31
G0 F7200 X119.12 Y129.12
G0 X117.73 Y129.09
G0 X117.73 Y129.24
G1 F3600 X119.24 Y127.73 E468.63729
G1 X119.31 Y127.66
G0 F7200 X119.09 Y127.66
G0 X114.872 Y115.128
G1 F3600 X119.239 Y110.76 E468.67602
G1 X119.309 Y110.69
G0 F7200 X119.12 Y110.88
G0 X117.731 Y110.91
G0 X117.731 Y110.76
G1 F3600 X119.24 Y112.269 E468.6894
G1 X119.31 Y112.339
G0 F7200 X119.09 Y112.339
G0 X102.269 Y110.91
G0 X102.269 Y110.76
G1 F3600 X100.761 Y112.268 E468.70277
G1 X100.691 Y112.338
G0 F7200 X100.91 Y112.338
G0 X119.12 Y129.12
G0 X119.4 Y129.4
;TYPE:WALL-INNER
G1 F3600 X119.4 Y110.6 E468.82065
G1 X100.6 Y110.6 E468.93853
G1 X100.6 Y129.4 E469.05641
G1 X119.4 Y129.4 E469.17429
G0 F7200 X119.8 Y129.8
;TYPE:WALL-OUTER
G1 F1800 X119.8 Y110.2 E469.29719
G1 X100.2 Y110.2 E469.42008
G1 X100.2 Y129.8 E469.54298
G1 X119.8 Y129.8 E469.66588
G0 F7200 X119.8 Y129.6
G0 X119.12 Y129.12
G0 X110.445 Y124.087
;TYPE:SKIN
G1 F1800 X110.451 Y123.893 E469.66709
G1 X105.7 Y114.575 E469.73267
G1 X105.7 Y113.384 E469.74014
G1 X114.732 Y113.384 E469.79677
G1 X114.732 Y116.14 E469.81405
G1 X109.921 Y116.143 E469.84422
G1 X109.784 Y116.237 E469.84526
G1 X109.777 Y116.432 E469.84649
G1 X114.544 Y125.749 E469.91211
G1 X114.544 Y126.936 E469.91955
G1 X105.784 Y126.936 E469.97448
G1 X105.784 Y124.184 E469.99173
G1 X110.307 Y124.181 E470.02009
G1 X110.445 Y124.087 E470.02114
G0 F7200 X106.371 Y126.735
G1 F1800 X105.984 Y126.349 E470.02457
G0 F7200 X105.984 Y125.783
G1 F1800 X106.936 Y126.735 E470.03301
G0 F7200 X107.502 Y126.735
G1 F1800 X105.984 Y125.217 E470.04647
G0 F7200 X105.984 Y124.652
G1 F1800 X108.068 Y126.735 E470.06494
G0 F7200 X108.634 Y126.735
G1 F1800 X106.282 Y124.384 E470.0858
G0 F7200 X106.847 Y124.384
G1 F1800 X109.199 Y126.735 E470.10665
G0 F7200 X109.765 Y126.735
G1 F1800 X107.412 Y124.383 E470.12751
G0 F7200 X107.977 Y124.381
G1 F1800 X110.331 Y126.735 E470.14838
G0 F7200 X110.896 Y126.735
G1 F1800 X108.542 Y124.381 E470.16926
G0 F7200 X109.107 Y124.38
G1 F1800 X111.462 Y126.735 E470.19014
G0 F7200 X112.028 Y126.735
G1 F1800 X109.672 Y124.379 E470.21103
G0 F7200 X110.237 Y124.379
G1 F1800 X112.593 Y126.735 E470.23192
G0 F7200 X113.159 Y126.735
G1 F1800 X110.615 Y124.191 E470.25448
G0 F7200 X110.459 Y123.47
G1 F1800 X113.725 Y126.735 E470.28344
G0 F7200 X114.29 Y126.735
G1 F1800 X109.871 Y122.316 E470.32262
G1 X109.801 Y122.246
G0 F7200 X109.283 Y121.162
G1 F1800 X114.344 Y126.224 E470.3675
G0 F7200 X114.199 Y125.513
G1 F1800 X108.694 Y120.008 E470.41632
G1 X108.624 Y119.938
G0 F7200 X108.106 Y118.854
G1 F1800 X113.607 Y124.355 E470.4651
G1 X113.677 Y124.425
G0 F7200 X113.013 Y123.196
G1 F1800 X107.518 Y117.7 E470.51383
G1 X107.448 Y117.63
G0 F7200 X106.929 Y116.546
G1 F1800 X112.421 Y122.037 E470.56252
G1 X112.491 Y122.107
G0 F7200 X111.828 Y120.879
G1 F1800 X106.341 Y115.392 E470.61118
G1 X106.271 Y115.322
G0 F7200 X105.9 Y114.385
G1 F1800 X111.235 Y119.72 E470.65849
G1 X111.305 Y119.79
G0 F7200 X110.642 Y118.562
G1 F1800 X105.9 Y113.819 E470.70054
G0 F7200 X106.23 Y113.584
G1 F1800 X110.05 Y117.404 E470.73441
G1 X110.12 Y117.474
G0 F7200 X109.564 Y116.352
G1 F1800 X106.796 Y113.584 E470.75896
G0 F7200 X107.361 Y113.584
G1 F1800 X109.768 Y115.99 E470.7803
G0 F7200 X110.288 Y115.945
G1 F1800 X107.927 Y113.584 E470.80123
G0 F7200 X108.493 Y113.584
G1 F1800 X110.853 Y115.944 E470.82216
G0 F7200 X111.418 Y115.944
G1 F1800 X109.058 Y113.584 E470.84309
G0 F7200 X109.624 Y113.584
G1 F1800 X111.983 Y115.943 E470.86401
G0 F7200 X112.548 Y115.942
G1 F1800 X110.19 Y113.584 E470.88492
G0 F7200 X110.756 Y113.584
G1 F1800 X113.113 Y115.941 E470.90582
G0 F7200 X113.678 Y115.941
G1 F1800 X111.321 Y113.584 E470.92672
G0 F7200 X111.887 Y113.584
G1 F1800 X114.243 Y115.94 E470.94761
G0 F7200 X114.531 Y115.663
G1 F1800 X112.453 Y113.584 E470.96604
G0 F7200 X113.018 Y113.584
G1 F1800 X114.531 Y115.097 E470.97946
G0 F7200 X114.531 Y114.531
G1 F1800 X113.584 Y113.584 E470.98785
G0 F7200 X114.15 Y113.584
G1 F1800 X114.531 Y113.966 E470.99124
;MESH:NONMESH
G0 F600 X114.531 Y113.966 Z18
G0 F7200 X100.88 Y110.88
G0 X100.76 Y110.76
;TIME_ELAPSED:1928.424574
;LAYER:177
;TYPE:FILL
;MESH:xyzCalibration_cube.glb
G1 F3600 X106.554 Y116.554 E471.04261
G1 X106.624 Y116.624
G0 F7200 X106.97 Y117.372
G1 F3600 X100.761 Y123.582 E471.09768
G1 X100.691 Y123.652
G0 F7200 X100.91 Y123.652
G0 X100.91 Y122.074
G0 X100.76 Y122.074
G1 F3600 X105.646 Y126.96 E471.141
G1 X105.765 Y127.078
G1 X107.926 Y129.24 E471.16017
G1 X107.996 Y129.31
G0 F7200 X107.996 Y129.09
G0 X106.416 Y129.09
G0 X106.416 Y129.24
G1 F3600 X108.578 Y127.078 E471.17934
G1 X108.648 Y127.008
G0 F7200 X111.422 Y127.078
G1 F3600 X113.583 Y129.24 E471.19851
G1 X113.653 Y129.31
G0 F7200 X113.653 Y129.09
G0 X112.073 Y129.09
G0 X112.073 Y129.24
G1 F3600 X114.235 Y127.078 E471.21768
G0 F7200 X114.687 Y126.626
G1 F3600 X119.24 Y122.073 E471.25805
G1 X119.31 Y122.003
G0 F7200 X119.09 Y122.003
G0 X119.09 Y123.583
G0 X119.24 Y123.583
G1 F3600 X111.937 Y116.28 E471.32281
G1 X111.867 Y116.21
G0 F7200 X113.72 Y116.279
G1 F3600 X111.166 Y118.833 E471.34546
G1 X111.096 Y118.903
G0 F7200 X108.881 Y121.118
G1 F3600 X105.954 Y124.045 E471.37141
G0 F7200 X105.646 Y124.353
G1 F3600 X100.761 Y129.239 E471.41473
G1 X100.691 Y129.309
G0 F7200 X100.88 Y129.12
G0 X100.91 Y127.73
G0 X100.76 Y127.73
G1 F3600 X102.27 Y129.24 E471.42812
G1 X102.34 Y129.31
G0 F7200 X102.34 Y129.09
G0 X108.388 Y124.045
G1 F3600 X100.76 Y116.417 E471.49576
G1 X100.69 Y116.347
G0 F7200 X100.91 Y116.347
G0 X100.91 Y117.925
G0 X100.761 Y117.925
G1 F3600 X107.926 Y110.76 E471.5593
G1 X107.996 Y110.69
G0 F7200 X107.996 Y110.91
G0 X106.417 Y110.91
G0 X106.417 Y110.76
G1 F3600 X108.904 Y113.247 E471.58135
G1 X108.974 Y113.317
G0 F7200 X111.096 Y113.247
G1 F3600 X113.583 Y110.76 E471.6034
G1 X113.653 Y110.69
G0 F7200 X113.653 Y110.91
G0 X112.074 Y110.91
G0 X112.074 Y110.76
G1 F3600 X114.56 Y113.247 E471.62545
G0 F7200 X114.872 Y113.558
G1 F3600 X119.24 Y117.926 E471.66419
G1 X119.31 Y117.996
G0 F7200 X119.09 Y117.996
G0 X119.09 Y116.416
G0 X119.24 Y116.416
G1 F3600 X113.081 Y122.575 E471.7188
G1 X113.011 Y122.645
G0 F7200 X113.609 Y123.609
G1 F3600 X119.24 Y129.24 E471.76873
G1 X119.31 Y129.31
G0 F7200 X119.12 Y129.12
G0 X117.73 Y129.09
G0 X117.73 Y129.24
G1 F3600 X119.24 Y127.73 E471.78212
G1 X119.31 Y127.66
G0 F7200 X119.09 Y127.66
G0 X114.872 Y115.128
G1 F3600 X119.239 Y110.76 E471.82085
G1 X119.309 Y110.69
G0 F7200 X119.12 Y110.88
G0 X117.731 Y110.91
G0 X117.731 Y110.76
G1 F3600 X119.24 Y112.269 E471.83423
G1 X119.31 Y112.339
G0 F7200 X119.09 Y112.339
G0 X102.269 Y110.91
G0 X102.269 Y110.76
G1 F3600 X100.761 Y112.268 E471.8476
G1 X100.691 Y112.338
G0 F7200 X100.91 Y112.338
G0 X119.12 Y129.12
G0 X119.4 Y129.4
;TYPE:WALL-INNER
G1 F3600 X119.4 Y110.6 E471.96548
G1 X100.6 Y110.6 E472.08336
G1 X100.6 Y129.4 E472.20124
G1 X119.4 Y129.4 E472.31912
G0 F7200 X119.8 Y129.8
;TYPE:WALL-OUTER
G1 F1800 X119.8 Y110.2 E472.44202
G1 X100.2 Y110.2 E472.56491
G1 X100.2 Y129.8 E472.68781
G1 X119.8 Y129.8 E472.8107
G0 F7200 X119.8 Y129.6
G0 X119.12 Y129.12
G0 X110.445 Y124.087
;TYPE:SKIN
G1 F1800 X110.451 Y123.893 E472.81192
G1 X105.7 Y114.575 E472.8775
G1 X105.7 Y113.384 E472.88497
G1 X114.732 Y113.384 E472.9416
G1 X114.732 Y116.14 E472.95888
G1 X109.921 Y116.143 E472.98905
G1 X109.784 Y116.237 E472.99009
G1 X109.777 Y116.432 E472.99131
G1 X114.544 Y125.749 E473.05694
G1 X114.544 Y126.936 E473.06438
G1 X105.784 Y126.936 E473.11931
G1 X105.784 Y124.184 E473.13656
G1 X110.307 Y124.181 E473.16492
G1 X110.445 Y124.087 E473.16597
G0 F7200 X114.344 Y126.638
G1 F1800 X114.246 Y126.736 E473.16684
G0 F7200 X113.68 Y126.736
G1 F1800 X114.344 Y126.072 E473.17273
G0 F7200 X114.246 Y125.605
G1 F1800 X113.114 Y126.736 E473.18276
G0 F7200 X112.549 Y126.736
G1 F1800 X114.054 Y125.231 E473.1961
G0 F7200 X113.863 Y124.857
G1 F1800 X111.983 Y126.736 E473.21277
G0 F7200 X111.417 Y126.736
G1 F1800 X113.671 Y124.483 E473.23275
G0 F7200 X113.48 Y124.108
G1 F1800 X110.852 Y126.736 E473.25606
G0 F7200 X110.286 Y126.736
G1 F1800 X113.288 Y123.734 E473.28268
G0 F7200 X113.097 Y123.36
G1 F1800 X109.72 Y126.736 E473.31262
G0 F7200 X109.155 Y126.736
G1 F1800 X112.905 Y122.986 E473.34587
G0 F7200 X112.714 Y122.612
G1 F1800 X108.589 Y126.736 E473.38244
G0 F7200 X108.023 Y126.736
G1 F1800 X110.406 Y124.353 E473.40357
G0 F7200 X110.638 Y124.121
G1 F1800 X112.523 Y122.237 E473.42028
G0 F7200 X112.331 Y121.863
G1 F1800 X110.549 Y123.645 E473.43609
G0 F7200 X110.358 Y123.27
G1 F1800 X112.139 Y121.489 E473.45188
G0 F7200 X111.948 Y121.115
G1 F1800 X110.167 Y122.895 E473.46767
G0 F7200 X109.976 Y122.52
G1 F1800 X111.756 Y120.741 E473.48345
G0 F7200 X111.565 Y120.366
G1 F1800 X109.785 Y122.146 E473.49923
G0 F7200 X109.594 Y121.772
G1 F1800 X111.374 Y119.992 E473.51501
G0 F7200 X111.182 Y119.618
G1 F1800 X109.403 Y121.397 E473.53079
G0 F7200 X109.212 Y121.022
G1 F1800 X110.99 Y119.244 E473.54656
G0 F7200 X110.799 Y118.87
G1 F1800 X109.021 Y120.647 E473.56232
G0 F7200 X108.83 Y120.272
G1 F1800 X110.608 Y118.495 E473.57808
G0 F7200 X110.416 Y118.121
G1 F1800 X108.639 Y119.898 E473.59384
G0 F7200 X108.448 Y119.524
G1 F1800 X110.225 Y117.747 E473.60959
G0 F7200 X110.033 Y117.373
G1 F1800 X108.257 Y119.149 E473.62534
G0 F7200 X108.066 Y118.774
G1 F1800 X109.841 Y116.999 E473.64108
G0 F7200 X109.65 Y116.624
G1 F1800 X107.875 Y118.399 E473.65682
G0 F7200 X107.684 Y118.025
G1 F1800 X112.125 Y113.584 E473.6962
G0 F7200 X112.69 Y113.584
G1 F1800 X110.328 Y115.946 E473.71715
G0 F7200 X110.895 Y115.945
G1 F1800 X113.256 Y113.584 E473.73808
G0 F7200 X113.822 Y113.584
G1 F1800 X111.461 Y115.944 E473.75901
G0 F7200 X112.028 Y115.944
G1 F1800 X114.387 Y113.584 E473.77994
G0 F7200 X114.531 Y114.005
G1 F1800 X112.594 Y115.943 E473.79712
G0 F7200 X113.16 Y115.942
G1 F1800 X114.531 Y114.571 E473.80927
G0 F7200 X114.531 Y115.137
G1 F1800 X113.727 Y115.941 E473.8164
G0 F7200 X114.293 Y115.941
G1 F1800 X114.531 Y115.702 E473.81852
G0 F7200 X111.559 Y113.584
G1 F1800 X107.493 Y117.65 E473.85457
G0 F7200 X107.302 Y117.275
G1 F1800 X110.993 Y113.584 E473.8873
G0 F7200 X110.427 Y113.584
G1 F1800 X107.111 Y116.9 E473.91671
G0 F7200 X106.919 Y116.526
G1 F1800 X109.862 Y113.584 E473.9428
G0 F7200 X109.296 Y113.584
G1 F1800 X106.729 Y116.151 E473.96556
G0 F7200 X106.538 Y115.777
G1 F1800 X108.73 Y113.584 E473.985
G0 F7200 X108.165 Y113.584
G1 F1800 X106.347 Y115.402 E474.00112
G0 F7200 X106.156 Y115.027
G1 F1800 X107.599 Y113.584 E474.01392
G0 F7200 X107.033 Y113.584
G1 F1800 X105.965 Y114.652 E474.02339
G0 F7200 X105.901 Y114.151
G1 F1800 X106.468 Y113.584 E474.02842
G1 X106.538 Y113.514
G0 F7200 X106.416 Y124.384
G1 F1800 X105.984 Y124.816 E474.03225
G0 F7200 X105.984 Y125.381
G1 F1800 X106.983 Y124.382 E474.04111
G0 F7200 X107.55 Y124.381
G1 F1800 X105.984 Y125.947 E474.05499
G0 F7200 X105.984 Y126.513
G1 F1800 X108.116 Y124.381 E474.0739
G0 F7200 X108.682 Y124.38
G1 F1800 X106.326 Y126.736 E474.09479
G0 F7200 X106.892 Y126.736
G1 F1800 X109.249 Y124.379 E474.11569
G0 F7200 X109.815 Y124.379
G1 F1800 X107.458 Y126.736 E474.13659
G1 X107.388 Y126.806
;MESH:NONMESH
G0 F600 X107.388 Y126.806 Z18.1
G0 F7200 X100.88 Y110.88
G0 X100.76 Y110.76
;TIME_ELAPSED:1944.985660
;LAYER:178
;TYPE:FILL
;MESH:xyzCalibration_cube.glb
G1 F3600 X106.55 Y116.55 E474.18793
G1 X106.62 Y116.62
G0 F7200 X106.969 Y117.373
G1 F3600 X100.761 Y123.582 E474.24299
G1 X100.691 Y123.652
G0 F7200 X100.91 Y123.652
G0 X100.91 Y122.074
G0 X100.76 Y122.074
G1 F3600 X107.926 Y129.24 E474.30653
G1 X107.996 Y129.31
G0 F7200 X107.996 Y129.09
G0 X106.416 Y129.09
G0 X106.416 Y129.24
G1 F3600 X108.58 Y127.076 E474.32572
G1 X108.65 Y127.006
G0 F7200 X108.65 Y127.228
G0 X111.419 Y127.228
G0 X111.419 Y127.076
G1 F3600 X113.583 Y129.24 E474.34491
G1 X113.653 Y129.31
G0 F7200 X113.653 Y129.09
G0 X112.073 Y129.09
G0 X112.073 Y129.24
G1 F3600 X114.451 Y126.862 E474.366
G1 X114.459 Y126.854
G1 X119.24 Y122.073 E474.40839
G1 X119.31 Y122.003
G0 F7200 X119.09 Y122.003
G0 X119.09 Y123.583
G0 X119.24 Y123.583
G1 F3600 X111.937 Y116.28 E474.47315
G1 X111.867 Y116.21
G0 F7200 X111.867 Y116.43
G0 X113.72 Y116.43
G0 X113.72 Y116.279
G1 F3600 X111.166 Y118.833 E474.4958
G1 X111.096 Y118.903
G0 F7200 X111.313 Y118.793
G0 X114.95 Y116.358
G0 X114.95 Y113.169
G0 X105.484 Y113.169
G0 X105.474 Y114.631
G0 X108.747 Y121.185
G0 X108.881 Y121.118
G1 F3600 X100.761 Y129.239 E474.5678
G1 X100.691 Y129.309
G0 F7200 X100.88 Y129.12
G0 X100.91 Y127.73
G0 X100.76 Y127.73
G1 F3600 X102.27 Y129.24 E474.58119
G1 X102.34 Y129.31
G0 F7200 X102.34 Y129.09
G0 X105.568 Y123.967
G0 X108.387 Y123.895
G0 X108.387 Y124.044
G1 F3600 X100.76 Y116.417 E474.64882
G1 X100.69 Y116.347
G0 F7200 X100.91 Y116.347
G0 X100.91 Y117.925
G0 X100.761 Y117.925
G1 F3600 X107.926 Y110.76 E474.71236
G1 X107.996 Y110.69
G0 F7200 X107.996 Y110.91
G0 X106.417 Y110.91
G0 X106.417 Y110.76
G1 F3600 X108.901 Y113.244 E474.73439
G1 X108.971 Y113.314
G0 F7200 X108.971 Y113.097
G0 X111.098 Y113.097
G0 X111.098 Y113.245
G1 F3600 X113.583 Y110.76 E474.75642
G1 X113.653 Y110.69
G0 F7200 X113.653 Y110.91
G0 X112.074 Y110.91
G0 X112.074 Y110.76
G1 F3600 X119.24 Y117.926 E474.81997
G1 X119.31 Y117.996
G0 F7200 X119.09 Y117.996
G0 X119.09 Y116.416
G0 X119.24 Y116.416
G1 F3600 X113.081 Y122.576 E474.87458
G1 X113.011 Y122.646
G0 F7200 X113.228 Y122.536
G0 X113.743 Y123.542
G0 X113.609 Y123.609
G1 F3600 X119.24 Y129.24 E474.92452
G1 X119.31 Y129.31
G0 F7200 X119.12 Y129.12
G0 X117.73 Y129.09
G0 X117.73 Y129.24
G1 F3600 X119.24 Y127.73 E474.93791
G1 X119.31 Y127.66
G0 F7200 X119.09 Y127.66
G0 X115.022 Y115.127
G0 X114.872 Y115.127
G1 F3600 X119.239 Y110.76 E474.97663
G1 X119.309 Y110.69
G0 F7200 X119.12 Y110.88
G0 X117.731 Y110.91
G0 X117.731 Y110.76
G1 F3600 X119.24 Y112.269 E474.99001
G1 X119.31 Y112.339
G0 F7200 X119.09 Y112.339
G0 X102.269 Y110.91
G0 X102.269 Y110.76
G1 F3600 X100.761 Y112.268 E475.00338
G1 X100.691 Y112.338
G0 F7200 X100.91 Y112.338
G0 X105.568 Y127.156
G0 X114.344 Y127.228
G0 X114.344 Y126.745
;TYPE:WALL-INNER
G1 F3600 X114.159 Y126.869 E475.00478
G1 X113.997 Y126.916 E475.00584
G1 X106.404 Y126.916 E475.05345
G1 X106.155 Y126.863 E475.05504
G1 X105.966 Y126.727 E475.0565
G1 X105.856 Y126.561 E475.05775
G1 X105.81 Y126.403 E475.05878
G1 X105.804 Y124.687 E475.06954
G1 X105.956 Y124.404 E475.07156
G1 X106.148 Y124.26 E475.07306
G1 X106.404 Y124.204 E475.0747
G1 X110.635 Y124.204 E475.10123
G1 X105.738 Y114.609 E475.16878
G1 X105.717 Y113.907 E475.17318
G1 X105.798 Y113.707 E475.17454
G1 X105.915 Y113.561 E475.17571
G1 X106.244 Y113.404 E475.17799
G1 X114.112 Y113.404 E475.22733
G1 X114.32 Y113.441 E475.22865
G1 X114.493 Y113.54 E475.2299
G1 X114.68 Y113.809 E475.23196
G1 X114.712 Y114.004 E475.2332
G1 X114.712 Y115.633 E475.24341
G1 X114.626 Y115.831 E475.24476
G1 X114.428 Y116.031 E475.24653
G1 X114.199 Y116.12 E475.24807
G1 X109.597 Y116.12 E475.27692
G1 X114.526 Y125.752 E475.34477
G1 X114.516 Y126.42 E475.34896
G1 X114.459 Y126.589 E475.35007
G1 X114.344 Y126.745 E475.35129
G0 F7200 X114.344 Y127.228
G0 X119.12 Y129.12
G0 X119.4 Y129.4
G1 F3600 X119.4 Y110.6 E475.46917
G1 X100.6 Y110.6 E475.58705
G1 X100.6 Y129.4 E475.70493
G1 X119.4 Y129.4 E475.82281
G0 F7200 X119.8 Y129.8
;TYPE:WALL-OUTER
G1 F1800 X119.8 Y110.2 E475.9457
G1 X100.2 Y110.2 E476.0686
G1 X100.2 Y129.8 E476.19149
G1 X119.8 Y129.8 E476.31439
G0 F7200 X119.8 Y129.6
G0 X119.12 Y129.12
G0 X114.837 Y126.351
G0 X114.122 Y126.351
G1 F1800 X114.064 Y126.459 E476.31516
G1 X113.959 Y126.513 E476.3159
G1 X106.344 Y126.516 E476.36365
G1 X106.258 Y126.453 E476.36431
G1 X106.206 Y126.345 E476.36507
G1 X106.21 Y124.753 E476.37505
G1 X106.342 Y124.604 E476.3763
G1 X111.289 Y124.604 E476.40732
G1 X106.125 Y114.476 E476.4786
G1 X106.126 Y113.954 E476.48187
G1 X106.185 Y113.856 E476.48259
G1 X106.285 Y113.806 E476.48329
G1 X114.161 Y113.804 E476.53267
G1 X114.312 Y113.953 E476.534
G1 X114.31 Y115.555 E476.54405
G1 X114.2 Y115.717 E476.54528
G1 X108.943 Y115.72 E476.57824
G1 X114.119 Y125.848 E476.64956
G1 X114.122 Y126.351 E476.65271
G0 F7200 X114.064 Y126.459
G0 X113.996 Y126.494
G0 X113.996 Y127.528
;MESH:NONMESH
G0 F600 X113.996 Y127.528 Z18.2
G0 F7200 X105.568 Y127.156
G0 X100.88 Y110.88
G0 X100.76 Y110.76
;TIME_ELAPSED:1956.586757
;LAYER:179
;TYPE:FILL
;MESH:xyzCalibration_cube.glb
G1 F3600 X106.55 Y116.55 E476.70405
G1 X106.62 Y116.62
G0 F7200 X106.969 Y117.373
G1 F3600 X100.761 Y123.582 E476.7591
G1 X100.691 Y123.652
G0 F7200 X100.91 Y123.652
G0 X100.91 Y122.074
G0 X100.76 Y122.074
G1 F3600 X107.926 Y129.24 E476.82265
G1 X107.996 Y129.31
G0 F7200 X107.996 Y129.09
G0 X106.416 Y129.09
G0 X106.416 Y129.24
G1 F3600 X108.58 Y127.076 E476.84184
G1 X108.65 Y127.006
G0 F7200 X108.65 Y127.228
G0 X111.419 Y127.228
G0 X111.419 Y127.076
G1 F3600 X113.583 Y129.24 E476.86103
G1 X113.653 Y129.31
G0 F7200 X113.653 Y129.09
G0 X112.073 Y129.09
G0 X112.073 Y129.24
G1 F3600 X114.451 Y126.862 E476.88211
G1 X114.459 Y126.854
G1 X119.24 Y122.073 E476.92451
G1 X119.31 Y122.003
G0 F7200 X119.09 Y122.003
G0 X119.09 Y123.583
G0 X119.24 Y123.583
G1 F3600 X111.937 Y116.28 E476.98927
G1 X111.867 Y116.21
G0 F7200 X111.867 Y116.43
G0 X113.72 Y116.43
G0 X113.72 Y116.279
G1 F3600 X111.166 Y118.833 E477.01191
G1 X111.096 Y118.903
G0 F7200 X111.313 Y118.793
G0 X114.95 Y116.358
G0 X114.95 Y113.169
G0 X105.484 Y113.169
G0 X105.474 Y114.631
G0 X108.747 Y121.185
G0 X108.881 Y121.118
G1 F3600 X100.761 Y129.239 E477.08392
G1 X100.691 Y129.309
G0 F7200 X100.88 Y129.12
G0 X100.91 Y127.73
G0 X100.76 Y127.73
G1 F3600 X102.27 Y129.24 E477.09731
G1 X102.34 Y129.31
G0 F7200 X102.34 Y129.09
G0 X105.568 Y123.967
G0 X108.387 Y123.895
G0 X108.387 Y124.044
G1 F3600 X100.76 Y116.417 E477.16494
G1 X100.69 Y116.347
G0 F7200 X100.91 Y116.347
G0 X100.91 Y117.925
G0 X100.761 Y117.925
G1 F3600 X107.926 Y110.76 E477.22848
G1 X107.996 Y110.69
G0 F7200 X107.996 Y110.91
G0 X106.417 Y110.91
G0 X106.417 Y110.76
G1 F3600 X108.901 Y113.244 E477.2505
G1 X108.971 Y113.314
G0 F7200 X108.971 Y113.097
G0 X111.098 Y113.097
G0 X111.098 Y113.245
G1 F3600 X113.583 Y110.76 E477.27254
G1 X113.653 Y110.69
G0 F7200 X113.653 Y110.91
G0 X112.074 Y110.91
G0 X112.074 Y110.76
G1 F3600 X119.24 Y117.926 E477.33608
G1 X119.31 Y117.996
G0 F7200 X119.09 Y117.996
G0 X119.09 Y116.416
G0 X119.24 Y116.416
G1 F3600 X113.081 Y122.576 E477.3907
G1 X113.011 Y122.646
G0 F7200 X113.228 Y122.536
G0 X113.743 Y123.542
G0 X113.609 Y123.609
G1 F3600 X119.24 Y129.24 E477.44063
G1 X119.31 Y129.31
G0 F7200 X119.12 Y129.12
G0 X117.73 Y129.09
G0 X117.73 Y129.24
G1 F3600 X119.24 Y127.73 E477.45402
G1 X119.31 Y127.66
G0 F7200 X119.09 Y127.66
G0 X115.022 Y115.127
G0 X114.872 Y115.127
G1 F3600 X119.239 Y110.76 E477.49275
G1 X119.309 Y110.69
G0 F7200 X119.12 Y110.88
G0 X117.731 Y110.91
G0 X117.731 Y110.76
G1 F3600 X119.24 Y112.269 E477.50613
G1 X119.31 Y112.339
G0 F7200 X119.09 Y112.339
G0 X102.269 Y110.91
G0 X102.269 Y110.76
G1 F3600 X100.761 Y112.268 E477.5195
G1 X100.691 Y112.338
G0 F7200 X100.91 Y112.338
G0 X105.568 Y127.156
G0 X114.344 Y127.228
G0 X114.344 Y126.745
;TYPE:WALL-INNER
G1 F3600 X114.159 Y126.869 E477.5209
G1 X113.997 Y126.916 E477.52195
G1 X106.404 Y126.916 E477.56956
G1 X106.155 Y126.863 E477.57116
G1 X105.966 Y126.727 E477.57262
G1 X105.856 Y126.561 E477.57387
G1 X105.81 Y126.403 E477.5749
G1 X105.804 Y124.699 E477.58559
G1 X105.956 Y124.404 E477.58767
G1 X106.148 Y124.26 E477.58917
G1 X106.404 Y124.204 E477.59081
G1 X110.635 Y124.204 E477.61734
G1 X105.738 Y114.609 E477.68489
G1 X105.717 Y113.907 E477.68929
G1 X105.798 Y113.707 E477.69064
G1 X105.915 Y113.561 E477.69182
G1 X106.244 Y113.404 E477.6941
G1 X114.112 Y113.404 E477.74344
G1 X114.32 Y113.441 E477.74476
G1 X114.493 Y113.54 E477.74601
G1 X114.68 Y113.809 E477.74807
G1 X114.712 Y114.004 E477.74931
G1 X114.712 Y115.633 E477.75952
G1 X114.626 Y115.831 E477.76087
G1 X114.428 Y116.031 E477.76264
G1 X114.199 Y116.12 E477.76418
G1 X109.597 Y116.12 E477.79303
G1 X114.526 Y125.752 E477.86088
G1 X114.516 Y126.42 E477.86507
G1 X114.459 Y126.589 E477.86618
G1 X114.344 Y126.745 E477.8674
G0 F7200 X114.344 Y127.228
G0 X119.12 Y129.12
G0 X119.4 Y129.4
G1 F3600 X119.4 Y110.6 E477.98528
G1 X100.6 Y110.6 E478.10316
G1 X100.6 Y129.4 E478.22104
G1 X119.4 Y129.4 E478.33892
G0 F7200 X119.8 Y129.8
;TYPE:WALL-OUTER
G1 F1800 X119.8 Y110.2 E478.46181
G1 X100.2 Y110.2 E478.58471
G1 X100.2 Y129.8 E478.7076
G1 X119.8 Y129.8 E478.8305
G0 F7200 X119.8 Y129.6
G0 X119.12 Y129.12
G0 X114.837 Y126.351
G0 X114.122 Y126.351
G1 F1800 X114.064 Y126.459 E478.83127
G1 X113.959 Y126.513 E478.83201
G1 X106.344 Y126.516 E478.87976
G1 X106.258 Y126.453 E478.88042
G1 X106.206 Y126.345 E478.88118
G1 X106.21 Y124.753 E478.89116
G1 X106.342 Y124.604 E478.89241
G1 X111.289 Y124.604 E478.92342
G1 X106.125 Y114.476 E478.99471
G1 X106.126 Y113.954 E478.99798
G1 X106.185 Y113.856 E478.9987
G1 X106.285 Y113.806 E478.9994
G1 X114.161 Y113.804 E479.04878
G1 X114.312 Y113.953 E479.05011
G1 X114.31 Y115.555 E479.06016
G1 X114.2 Y115.717 E479.06139
G1 X108.943 Y115.72 E479.09435
G1 X114.119 Y125.848 E479.16566
G1 X114.122 Y126.351 E479.16882
G0 F7200 X114.064 Y126.459
G0 X113.996 Y126.494
G0 X113.996 Y127.528
;MESH:NONMESH
G0 F600 X113.996 Y127.528 Z18.3
G0 F7200 X105.568 Y127.156
G0 X100.88 Y110.88
G0 X100.76 Y110.76
;TIME_ELAPSED:1968.187799
;LAYER:180
;TYPE:FILL
;MESH:xyzCalibration_cube.glb
G1 F3600 X106.55 Y116.55 E479.22016
G1 X106.62 Y116.62
G0 F7200 X106.969 Y117.373
G1 F3600 X100.761 Y123.582 E479.27521
G1 X100.691 Y123.652
G0 F7200 X100.91 Y123.652
G0 X100.91 Y122.074
G0 X100.76 Y122.074
G1 F3600 X107.926 Y129.24 E479.33876
G1 X107.996 Y129.31
G0 F7200 X107.996 Y129.09
G0 X106.416 Y129.09
G0 X106.416 Y129.24
G1 F3600 X108.58 Y127.076 E479.35795
G1 X108.65 Y127.006
G0 F7200 X108.65 Y127.228
G0 X111.419 Y127.228
G0 X111.419 Y127.076
G1 F3600 X113.583 Y129.24 E479.37714
G1 X113.653 Y129.31
G0 F7200 X113.653 Y129.09
G0 X112.073 Y129.09
G0 X112.073 Y129.24
G1 F3600 X114.451 Y126.862 E479.39822
G1 X114.459 Y126.854
G1 X119.24 Y122.073 E479.44062
G1 X119.31 Y122.003
G0 F7200 X119.09 Y122.003
G0 X119.09 Y123.583
G0 X119.24 Y123.583
G1 F3600 X111.937 Y116.28 E479.50538
G1 X111.867 Y116.21
G0 F7200 X111.867 Y116.43
G0 X113.72 Y116.43
G0 X113.72 Y116.279
G1 F3600 X111.166 Y118.833 E479.52802
G1 X111.096 Y118.903
G0 F7200 X111.313 Y118.793
G0 X114.95 Y116.358
G0 X114.95 Y113.169
G0 X105.484 Y113.169
G0 X105.474 Y114.631
G0 X108.747 Y121.185
G0 X108.881 Y121.118
G1 F3600 X100.761 Y129.239 E479.60003
G1 X100.691 Y129.309
G0 F7200 X100.88 Y129.12
G0 X100.91 Y127.73
G0 X100.76 Y127.73
G1 F3600 X102.27 Y129.24 E479.61342
G1 X102.34 Y129.31
G0 F7200 X102.34 Y129.09
G0 X105.568 Y123.967
G0 X108.387 Y123.895
G0 X108.387 Y124.044
G1 F3600 X100.76 Y116.417 E479.68105
G1 X100.69 Y116.347
G0 F7200 X100.91 Y116.347
G0 X100.91 Y117.925
G0 X100.761 Y117.925
G1 F3600 X107.926 Y110.76 E479.74459
G1 X107.996 Y110.69
G0 F7200 X107.996 Y110.91
G0 X106.417 Y110.91
G0 X106.417 Y110.76
G1 F3600 X108.901 Y113.244 E479.76661
G1 X108.971 Y113.314
G0 F7200 X108.971 Y113.097
G0 X111.098 Y113.097
G0 X111.098 Y113.245
G1 F3600 X113.583 Y110.76 E479.78865
G1 X113.653 Y110.69
G0 F7200 X113.653 Y110.91
G0 X112.074 Y110.91
G0 X112.074 Y110.76
G1 F3600 X119.24 Y117.926 E479.85219
G1 X119.31 Y117.996
G0 F7200 X119.09 Y117.996
G0 X119.09 Y116.416
G0 X119.24 Y116.416
G1 F3600 X113.081 Y122.576 E479.90681
G1 X113.011 Y122.646
G0 F7200 X113.228 Y122.536
G0 X113.743 Y123.542
G0 X113.609 Y123.609
G1 F3600 X119.24 Y129.24 E479.95674
G1 X119.31 Y129.31
G0 F7200 X119.12 Y129.12
G0 X117.73 Y129.09
G0 X117.73 Y129.24
G1 F3600 X119.24 Y127.73 E479.97013
G1 X119.31 Y127.66
G0 F7200 X119.09 Y127.66
G0 X115.022 Y115.127
G0 X114.872 Y115.127
G1 F3600 X119.239 Y110.76 E480.00886
G1 X119.309 Y110.69
G0 F7200 X119.12 Y110.88
G0 X117.731 Y110.91
G0 X117.731 Y110.76
G1 F3600 X119.24 Y112.269 E480.02224
G1 X119.31 Y112.339
G0 F7200 X119.09 Y112.339
G0 X102.269 Y110.91
G0 X102.269 Y110.76
G1 F3600 X100.761 Y112.268 E480.03561
G1 X100.691 Y112.338
G0 F7200 X100.91 Y112.338
G0 X105.568 Y127.156
G0 X114.344 Y127.228
G0 X114.344 Y126.745
;TYPE:WALL-INNER
G1 F3600 X114.159 Y126.869 E480.03701
G1 X113.997 Y126.916 E480.03806
G1 X106.404 Y126.916 E480.08567
G1 X106.155 Y126.863 E480.08727
G1 X105.966 Y126.727 E480.08873
G1 X105.856 Y126.561 E480.08998
G1 X105.81 Y126.403 E480.09101
G1 X105.804 Y124.699 E480.10169
G1 X105.956 Y124.404 E480.10378
G1 X106.148 Y124.26 E480.10528
G1 X106.404 Y124.204 E480.10692
G1 X110.635 Y124.204 E480.13345
G1 X105.738 Y114.609 E480.201
G1 X105.717 Y113.907 E480.2054
G1 X105.798 Y113.707 E480.20675
G1 X105.915 Y113.561 E480.20793
G1 X106.244 Y113.404 E480.21021
G1 X114.112 Y113.404 E480.25955
G1 X114.32 Y113.441 E480.26087
G1 X114.493 Y113.54 E480.26212
G1 X114.68 Y113.809 E480.26418
G1 X114.712 Y114.004 E480.26541
G1 X114.712 Y115.633 E480.27563
G1 X114.626 Y115.831 E480.27698
G1 X114.428 Y116.031 E480.27875
G1 X114.19 Y116.12 E480.28034
G1 X109.597 Y116.12 E480.30914
G1 X114.526 Y125.752 E480.37698
G1 X114.516 Y126.42 E480.38117
G1 X114.459 Y126.589 E480.38229
G1 X114.344 Y126.745 E480.3835
G0 F7200 X114.344 Y127.228
G0 X119.12 Y129.12
G0 X119.4 Y129.4
G1 F3600 X119.4 Y110.6 E480.50138
G1 X100.6 Y110.6 E480.61926
G1 X100.6 Y129.4 E480.73714
G1 X119.4 Y129.4 E480.85502
G0 F7200 X119.8 Y129.8
;TYPE:WALL-OUTER
G1 F1800 X119.8 Y110.2 E480.97792
G1 X100.2 Y110.2 E481.10081
G1 X100.2 Y129.8 E481.22371
G1 X119.8 Y129.8 E481.3466
G0 F7200 X119.8 Y129.6
G0 X119.12 Y129.12
G0 X114.837 Y126.351
G0 X114.122 Y126.351
G1 F1800 X114.064 Y126.459 E481.34737
G1 X113.959 Y126.513 E481.34811
G1 X106.344 Y126.516 E481.39586
G1 X106.258 Y126.453 E481.39653
G1 X106.206 Y126.345 E481.39728
G1 X106.21 Y124.753 E481.40726
G1 X106.342 Y124.604 E481.40851
G1 X111.289 Y124.604 E481.43953
G1 X106.125 Y114.476 E481.51081
G1 X106.126 Y113.954 E481.51409
G1 X106.185 Y113.856 E481.5148
G1 X106.285 Y113.806 E481.5155
G1 X114.161 Y113.804 E481.56489
G1 X114.312 Y113.953 E481.56622
G1 X114.31 Y115.555 E481.57626
G1 X114.2 Y115.717 E481.57749
G1 X108.943 Y115.72 E481.61045
G1 X114.119 Y125.848 E481.68177
G1 X114.122 Y126.351 E481.68492
G0 F7200 X114.064 Y126.459
G0 X113.996 Y126.494
G0 X113.996 Y127.528
;MESH:NONMESH
G0 F600 X113.996 Y127.528 Z18.4
G0 F7200 X105.568 Y127.156
G0 X100.88 Y110.88
G0 X100.76 Y110.76
;TIME_ELAPSED:1979.788903
;LAYER:181
;TYPE:FILL
;MESH:xyzCalibration_cube.glb
G1 F3600 X106.55 Y116.55 E481.73627
G1 X106.62 Y116.62
G0 F7200 X106.969 Y117.373
G1 F3600 X100.761 Y123.582 E481.79132
G1 X100.691 Y123.652
G0 F7200 X100.91 Y123.652
G0 X100.91 Y122.074
G0 X100.76 Y122.074
G1 F3600 X107.926 Y129.24 E481.85486
G1 X107.996 Y129.31
G0 F7200 X107.996 Y129.09
G0 X106.416 Y129.09
G0 X106.416 Y129.24
G1 F3600 X108.58 Y127.076 E481.87405
G1 X108.65 Y127.006
G0 F7200 X108.65 Y127.228
G0 X111.419 Y127.228
G0 X111.419 Y127.076
G1 F3600 X113.583 Y129.24 E481.89324
G1 X113.653 Y129.31
G0 F7200 X113.653 Y129.09
G0 X112.073 Y129.09
G0 X112.073 Y129.24
G1 F3600 X114.451 Y126.862 E481.91433
G1 X114.459 Y126.854
G1 X119.24 Y122.073 E481.95672
G1 X119.31 Y122.003
G0 F7200 X119.09 Y122.003
G0 X119.09 Y123.583
G0 X119.24 Y123.583
G1 F3600 X111.937 Y116.28 E482.02148
G1 X111.867 Y116.21
G0 F7200 X111.867 Y116.43
G0 X113.72 Y116.43
G0 X113.72 Y116.279
G1 F3600 X111.166 Y118.833 E482.04413
G1 X111.096 Y118.903
G0 F7200 X111.313 Y118.793
G0 X114.95 Y116.358
G0 X114.95 Y113.169
G0 X105.484 Y113.169
G0 X105.474 Y114.631
G0 X108.747 Y121.185
G0 X108.881 Y121.118
G1 F3600 X100.761 Y129.239 E482.11614
G1 X100.691 Y129.309
G0 F7200 X100.88 Y129.12
G0 X100.91 Y127.73
G0 X100.76 Y127.73
G1 F3600 X102.27 Y129.24 E482.12953
G1 X102.34 Y129.31
G0 F7200 X102.34 Y129.09
G0 X105.568 Y123.967
G0 X108.387 Y123.895
G0 X108.387 Y124.044
G1 F3600 X100.76 Y116.417 E482.19716
G1 X100.69 Y116.347
G0 F7200 X100.91 Y116.347
G0 X100.91 Y117.925
G0 X100.761 Y117.925
G1 F3600 X107.926 Y110.76 E482.26069
G1 X107.996 Y110.69
G0 F7200 X107.996 Y110.91
G0 X106.417 Y110.91
G0 X106.417 Y110.76
G1 F3600 X108.901 Y113.244 E482.28272
G1 X108.971 Y113.314
G0 F7200 X108.971 Y113.097
G0 X111.098 Y113.097
G0 X111.098 Y113.245
G1 F3600 X113.583 Y110.76 E482.30475
G1 X113.653 Y110.69
G0 F7200 X113.653 Y110.91
G0 X112.074 Y110.91
G0 X112.074 Y110.76
G1 F3600 X119.24 Y117.926 E482.3683
G1 X119.31 Y117.996
G0 F7200 X119.09 Y117.996
G0 X119.09 Y116.416
G0 X119.24 Y116.416
G1 F3600 X113.081 Y122.576 E482.42292
G1 X113.011 Y122.646
G0 F7200 X113.228 Y122.536
G0 X113.743 Y123.542
G0 X113.609 Y123.609
G1 F3600 X119.24 Y129.24 E482.47285
G1 X119.31 Y129.31
G0 F7200 X119.12 Y129.12
G0 X117.73 Y129.09
G0 X117.73 Y129.24
G1 F3600 X119.24 Y127.73 E482.48624
G1 X119.31 Y127.66
G0 F7200 X119.09 Y127.66
G0 X115.022 Y115.127
G0 X114.872 Y115.127
G1 F3600 X119.239 Y110.76 E482.52496
G1 X119.309 Y110.69
G0 F7200 X119.12 Y110.88
G0 X117.731 Y110.91
G0 X117.731 Y110.76
G1 F3600 X119.24 Y112.269 E482.53834
G1 X119.31 Y112.339
G0 F7200 X119.09 Y112.339
G0 X102.269 Y110.91
G0 X102.269 Y110.76
G1 F3600 X100.761 Y112.268 E482.55172
G1 X100.691 Y112.338
G0 F7200 X100.91 Y112.338
G0 X105.568 Y127.156
G0 X114.344 Y127.228
G0 X114.344 Y126.745
;TYPE:WALL-INNER
G1 F3600 X114.159 Y126.869 E482.55311
G1 X113.997 Y126.916 E482.55417
G1 X106.404 Y126.916 E482.60178
G1 X106.155 Y126.863 E482.60337
G1 X105.966 Y126.727 E482.60483
G1 X105.856 Y126.561 E482.60608
G1 X105.81 Y126.403 E482.60712
G1 X105.804 Y124.699 E482.6178
G1 X105.956 Y124.404 E482.61988
G1 X106.148 Y124.26 E482.62139
G1 X106.404 Y124.204 E482.62303
G1 X110.635 Y124.204 E482.64956
G1 X105.738 Y114.609 E482.7171
G1 X105.717 Y113.907 E482.72151
G1 X105.798 Y113.707 E482.72286
G1 X105.915 Y113.561 E482.72403
G1 X106.244 Y113.404 E482.72632
G1 X114.112 Y113.404 E482.77565
G1 X114.32 Y113.441 E482.77698
G1 X114.493 Y113.54 E482.77823
G1 X114.68 Y113.809 E482.78028
G1 X114.712 Y114.004 E482.78152
G1 X114.712 Y115.633 E482.79173
G1 X114.626 Y115.831 E482.79309
G1 X114.428 Y116.031 E482.79485
G1 X114.199 Y116.12 E482.79639
G1 X109.597 Y116.12 E482.82525
G1 X114.526 Y125.752 E482.89309
G1 X114.516 Y126.42 E482.89728
G1 X114.459 Y126.589 E482.8984
G1 X114.344 Y126.745 E482.89961
G0 F7200 X114.344 Y127.228
G0 X119.12 Y129.12
G0 X119.4 Y129.4
G1 F3600 X119.4 Y110.6 E483.01749
G1 X100.6 Y110.6 E483.13537
G1 X100.6 Y129.4 E483.25325
G1 X119.4 Y129.4 E483.37113
G0 F7200 X119.8 Y129.8
;TYPE:WALL-OUTER
G1 F1800 X119.8 Y110.2 E483.49403
G1 X100.2 Y110.2 E483.61692
G1 X100.2 Y129.8 E483.73982
G1 X119.8 Y129.8 E483.86271
G0 F7200 X119.8 Y129.6
G0 X119.12 Y129.12
G0 X114.837 Y126.351
G0 X114.122 Y126.351
G1 F1800 X114.064 Y126.459 E483.86348
G1 X113.959 Y126.513 E483.86422
G1 X106.344 Y126.516 E483.91197
G1 X106.258 Y126.453 E483.91264
G1 X106.206 Y126.345 E483.91339
G1 X106.21 Y124.753 E483.92337
G1 X106.342 Y124.604 E483.92462
G1 X111.289 Y124.604 E483.95564
G1 X106.125 Y114.476 E484.02692
G1 X106.126 Y113.954 E484.03019
G1 X106.185 Y113.856 E484.03091
G1 X106.285 Y113.806 E484.03161
G1 X114.161 Y113.804 E484.081
G1 X114.312 Y113.953 E484.08233
G1 X114.31 Y115.555 E484.09237
G1 X114.2 Y115.717 E484.0936
G1 X108.943 Y115.72 E484.12656
G1 X114.119 Y125.848 E484.19788
G1 X114.122 Y126.351 E484.20103
G0 F7200 X114.064 Y126.459
G0 X113.996 Y126.494
G0 X113.996 Y127.528
;MESH:NONMESH
G0 F600 X113.996 Y127.528 Z18.5
G0 F7200 X105.568 Y127.156
G0 X100.88 Y110.88
G0 X100.76 Y110.76
;TIME_ELAPSED:1991.389945
;LAYER:182
;TYPE:FILL
;MESH:xyzCalibration_cube.glb
G1 F3600 X106.55 Y116.55 E484.25238
G1 X106.62 Y116.62
G0 F7200 X106.969 Y117.373
G1 F3600 X100.761 Y123.582 E484.30743
G1 X100.691 Y123.652
G0 F7200 X100.91 Y123.652
G0 X100.91 Y122.074
G0 X100.76 Y122.074
G1 F3600 X107.926 Y129.24 E484.37097
G1 X107.996 Y129.31
G0 F7200 X107.996 Y129.09
G0 X106.416 Y129.09
G0 X106.416 Y129.24
G1 F3600 X108.58 Y127.076 E484.39016
G1 X108.65 Y127.006
G0 F7200 X108.65 Y127.228
G0 X111.419 Y127.228
G0 X111.419 Y127.076
G1 F3600 X113.583 Y129.24 E484.40935
G1 X113.653 Y129.31
G0 F7200 X113.653 Y129.09
G0 X112.073 Y129.09
G0 X112.073 Y129.24
G1 F3600 X114.451 Y126.862 E484.43044
G1 X114.459 Y126.854
G1 X119.24 Y122.073 E484.47283
G1 X119.31 Y122.003
G0 F7200 X119.09 Y122.003
G0 X119.09 Y123.583
G0 X119.24 Y123.583
G1 F3600 X111.937 Y116.28 E484.53759
G1 X111.867 Y116.21
G0 F7200 X111.867 Y116.43
G0 X113.72 Y116.43
G0 X113.72 Y116.279
G1 F3600 X111.166 Y118.833 E484.56024
G1 X111.096 Y118.903
G0 F7200 X111.313 Y118.793
G0 X114.95 Y116.358
G0 X114.95 Y113.169
G0 X105.484 Y113.169
G0 X105.474 Y114.631
G0 X108.747 Y121.185
G0 X108.881 Y121.118
G1 F3600 X100.761 Y129.239 E484.63225
G1 X100.691 Y129.309
G0 F7200 X100.88 Y129.12
G0 X100.91 Y127.73
G0 X100.76 Y127.73
G1 F3600 X102.27 Y129.24 E484.64563
G1 X102.34 Y129.31
G0 F7200 X102.34 Y129.09
G0 X105.568 Y123.967
G0 X108.387 Y123.895
G0 X108.387 Y124.044
G1 F3600 X100.76 Y116.417 E484.71327
G1 X100.69 Y116.347
G0 F7200 X100.91 Y116.347
G0 X100.91 Y117.925
G0 X100.761 Y117.925
G1 F3600 X107.926 Y110.76 E484.7768
G1 X107.996 Y110.69
G0 F7200 X107.996 Y110.91
G0 X106.417 Y110.91
G0 X106.417 Y110.76
G1 F3600 X108.901 Y113.244 E484.79883
G1 X108.971 Y113.314
G0 F7200 X108.971 Y113.097
G0 X111.098 Y113.097
G0 X111.098 Y113.245
G1 F3600 X113.583 Y110.76 E484.82086
G1 X113.653 Y110.69
G0 F7200 X113.653 Y110.91
G0 X112.074 Y110.91
G0 X112.074 Y110.76
G1 F3600 X119.24 Y117.926 E484.88441
G1 X119.31 Y117.996
G0 F7200 X119.09 Y117.996
G0 X119.09 Y116.416
G0 X119.24 Y116.416
G1 F3600 X113.081 Y122.576 E484.93903
G1 X113.011 Y122.646
G0 F7200 X113.228 Y122.536
G0 X113.743 Y123.542
G0 X113.609 Y123.609
G1 F3600 X119.24 Y129.24 E484.98896
G1 X119.31 Y129.31
G0 F7200 X119.12 Y129.12
G0 X117.73 Y129.09
G0 X117.73 Y129.24
G1 F3600 X119.24 Y127.73 E485.00235
G1 X119.31 Y127.66
G0 F7200 X119.09 Y127.66
G0 X115.022 Y115.127
G0 X114.872 Y115.127
G1 F3600 X119.239 Y110.76 E485.04107
G1 X119.309 Y110.69
G0 F7200 X119.12 Y110.88
G0 X117.731 Y110.91
G0 X117.731 Y110.76
G1 F3600 X119.24 Y112.269 E485.05445
G1 X119.31 Y112.339
G0 F7200 X119.09 Y112.339
G0 X102.269 Y110.91
G0 X102.269 Y110.76
G1 F3600 X100.761 Y112.268 E485.06782
G1 X100.691 Y112.338
G0 F7200 X100.91 Y112.338
G0 X105.568 Y127.156
G0 X114.344 Y127.228
G0 X114.344 Y126.745
;TYPE:WALL-INNER
G1 F3600 X114.159 Y126.869 E485.06922
G1 X113.997 Y126.916 E485.07028
G1 X106.404 Y126.916 E485.11789
G1 X106.155 Y126.863 E485.11948
G1 X105.966 Y126.727 E485.12094
G1 X105.856 Y126.561 E485.12219
G1 X105.81 Y126.403 E485.12322
G1 X105.804 Y124.699 E485.13391
G1 X105.956 Y124.404 E485.13599
G1 X106.148 Y124.26 E485.13749
G1 X106.404 Y124.204 E485.13914
G1 X110.635 Y124.204 E485.16567
G1 X105.738 Y114.609 E485.23321
G1 X105.717 Y113.907 E485.23762
G1 X105.798 Y113.707 E485.23897
G1 X105.915 Y113.561 E485.24014
G1 X106.244 Y113.404 E485.24243
G1 X114.112 Y113.404 E485.29176
G1 X114.32 Y113.441 E485.29309
G1 X114.493 Y113.54 E485.29434
G1 X114.68 Y113.809 E485.29639
G1 X114.712 Y114.004 E485.29763
G1 X114.712 Y115.633 E485.30784
G1 X114.626 Y115.831 E485.3092
G1 X114.428 Y116.031 E485.31096
G1 X114.199 Y116.12 E485.3125
G1 X109.597 Y116.12 E485.34136
G1 X114.526 Y125.752 E485.4092
G1 X114.516 Y126.42 E485.41339
G1 X114.459 Y126.589 E485.41451
G1 X114.344 Y126.745 E485.41572
G0 F7200 X114.344 Y127.228
G0 X119.12 Y129.12
G0 X119.4 Y129.4
G1 F3600 X119.4 Y110.6 E485.5336
G1 X100.6 Y110.6 E485.65148
G1 X100.6 Y129.4 E485.76936
G1 X119.4 Y129.4 E485.88724
G0 F7200 X119.8 Y129.8
;TYPE:WALL-OUTER
G1 F1800 X119.8 Y110.2 E486.01014
G1 X100.2 Y110.2 E486.13303
G1 X100.2 Y129.8 E486.25593
G1 X119.8 Y129.8 E486.37882
G0 F7200 X119.8 Y129.6
G0 X119.12 Y129.12
G0 X114.837 Y126.351
G0 X114.122 Y126.351
G1 F1800 X114.064 Y126.459 E486.37959
G1 X113.959 Y126.513 E486.38033
G1 X106.344 Y126.516 E486.42808
G1 X106.258 Y126.453 E486.42875
G1 X106.206 Y126.345 E486.4295
G1 X106.21 Y124.753 E486.43948
G1 X106.342 Y124.604 E486.44073
G1 X111.289 Y124.604 E486.47175
G1 X106.125 Y114.476 E486.54303
G1 X106.126 Y113.954 E486.5463
G1 X106.185 Y113.856 E486.54702
G1 X106.285 Y113.806 E486.54772
G1 X114.161 Y113.804 E486.59711
G1 X114.312 Y113.953 E486.59844
G1 X114.31 Y115.555 E486.60848
G1 X114.2 Y115.717 E486.60971
G1 X108.943 Y115.72 E486.64267
G1 X114.119 Y125.848 E486.71399
G1 X114.122 Y126.351 E486.71714
G0 F7200 X114.064 Y126.459
G0 X113.996 Y126.494
G0 X113.996 Y127.528
;MESH:NONMESH
G0 F600 X113.996 Y127.528 Z18.6
G0 F7200 X105.568 Y127.156
G0 X100.88 Y110.88
G0 X100.76 Y110.76
;TIME_ELAPSED:2002.990987
;LAYER:183
;TYPE:FILL
;MESH:xyzCalibration_cube.glb
G1 F3600 X106.55 Y116.55 E486.76848
G1 X106.62 Y116.62
G0 F7200 X106.969 Y117.373
G1 F3600 X100.761 Y123.582 E486.82354
G1 X100.691 Y123.652
G0 F7200 X100.91 Y123.652
G0 X100.91 Y122.074
G0 X100.76 Y122.074
G1 F3600 X107.926 Y129.24 E486.88708
G1 X107.996 Y129.31
G0 F7200 X107.996 Y129.09
G0 X106.416 Y129.09
G0 X106.416 Y129.24
G1 F3600 X108.58 Y127.076 E486.90627
G1 X108.65 Y127.006
G0 F7200 X108.65 Y127.228
G0 X111.419 Y127.228
G0 X111.419 Y127.076
G1 F3600 X113.583 Y129.24 E486.92546
G1 X113.653 Y129.31
G0 F7200 X113.653 Y129.09
G0 X112.073 Y129.09
G0 X112.073 Y129.24
G1 F3600 X114.451 Y126.862 E486.94655
G1 X114.459 Y126.854
G1 X119.24 Y122.073 E486.98894
G1 X119.31 Y122.003
G0 F7200 X119.09 Y122.003
G0 X119.09 Y123.583
G0 X119.24 Y123.583
G1 F3600 X111.937 Y116.28 E487.0537
G1 X111.867 Y116.21
G0 F7200 X111.867 Y116.43
G0 X113.72 Y116.43
G0 X113.72 Y116.279
G1 F3600 X111.166 Y118.833 E487.07635
G1 X111.096 Y118.903
G0 F7200 X111.313 Y118.793
G0 X114.95 Y116.358
G0 X114.95 Y113.169
G0 X105.484 Y113.169
G0 X105.474 Y114.631
G0 X108.747 Y121.185
G0 X108.881 Y121.118
G1 F3600 X100.761 Y129.239 E487.14835
G1 X100.691 Y129.309
G0 F7200 X100.88 Y129.12
G0 X100.91 Y127.73
G0 X100.76 Y127.73
G1 F3600 X102.27 Y129.24 E487.16174
G1 X102.34 Y129.31
G0 F7200 X102.34 Y129.09
G0 X105.568 Y123.967
G0 X108.387 Y123.895
G0 X108.387 Y124.044
G1 F3600 X100.76 Y116.417 E487.22938
G1 X100.69 Y116.347
G0 F7200 X100.91 Y116.347
G0 X100.91 Y117.925
G0 X100.761 Y117.925
G1 F3600 X107.926 Y110.76 E487.29291
G1 X107.996 Y110.69
G0 F7200 X107.996 Y110.91
G0 X106.417 Y110.91
G0 X106.417 Y110.76
G1 F3600 X108.901 Y113.244 E487.31494
G1 X108.971 Y113.314
G0 F7200 X108.971 Y113.097
G0 X111.098 Y113.097
G0 X111.098 Y113.245
G1 F3600 X113.583 Y110.76 E487.33697
G1 X113.653 Y110.69
G0 F7200 X113.653 Y110.91
G0 X112.074 Y110.91
G0 X112.074 Y110.76
G1 F3600 X119.24 Y117.926 E487.40052
G1 X119.31 Y117.996
G0 F7200 X119.09 Y117.996
G0 X119.09 Y116.416
G0 X119.24 Y116.416
G1 F3600 X113.081 Y122.576 E487.45513
G1 X113.011 Y122.646
G0 F7200 X113.228 Y122.536
G0 X113.743 Y123.542
G0 X113.609 Y123.609
G1 F3600 X119.24 Y129.24 E487.50507
G1 X119.31 Y129.31
G0 F7200 X119.12 Y129.12
G0 X117.73 Y129.09
G0 X117.73 Y129.24
G1 F3600 X119.24 Y127.73 E487.51846
G1 X119.31 Y127.66
G0 F7200 X119.09 Y127.66
G0 X115.022 Y115.127
G0 X114.872 Y115.127
G1 F3600 X119.239 Y110.76 E487.55718
G1 X119.309 Y110.69
G0 F7200 X119.12 Y110.88
G0 X117.731 Y110.91
G0 X117.731 Y110.76
G1 F3600 X119.24 Y112.269 E487.57056
G1 X119.31 Y112.339
G0 F7200 X119.09 Y112.339
G0 X102.269 Y110.91
G0 X102.269 Y110.76
G1 F3600 X100.761 Y112.268 E487.58393
G1 X100.691 Y112.338
G0 F7200 X100.91 Y112.338
G0 X105.568 Y127.156
G0 X114.344 Y127.228
G0 X114.344 Y126.745
;TYPE:WALL-INNER
G1 F3600 X114.159 Y126.869 E487.58533
G1 X113.997 Y126.916 E487.58639
G1 X106.404 Y126.916 E487.634
G1 X106.155 Y126.863 E487.63559
G1 X105.966 Y126.727 E487.63705
G1 X105.856 Y126.561 E487.6383
G1 X105.81 Y126.403 E487.63933
G1 X105.804 Y124.699 E487.65002
G1 X105.956 Y124.404 E487.6521
G1 X106.148 Y124.26 E487.6536
G1 X106.404 Y124.204 E487.65525
G1 X110.635 Y124.204 E487.68178
G1 X105.738 Y114.609 E487.74932
G1 X105.717 Y113.907 E487.75372
G1 X105.798 Y113.707 E487.75508
G1 X105.915 Y113.561 E487.75625
G1 X106.244 Y113.404 E487.75854
G1 X114.112 Y113.404 E487.80787
G1 X114.32 Y113.441 E487.8092
G1 X114.493 Y113.54 E487.81044
G1 X114.68 Y113.809 E487.8125
G1 X114.712 Y114.004 E487.81374
G1 X114.712 Y115.633 E487.82395
G1 X114.626 Y115.831 E487.82531
G1 X114.428 Y116.031 E487.82707
G1 X114.19 Y116.12 E487.82866
G1 X109.597 Y116.12 E487.85746
G1 X114.526 Y125.752 E487.92531
G1 X114.516 Y126.42 E487.92949
G1 X114.459 Y126.589 E487.93061
G1 X114.344 Y126.745 E487.93183
G0 F7200 X114.344 Y127.228
G0 X119.12 Y129.12
G0 X119.4 Y129.4
G1 F3600 X119.4 Y110.6 E488.04971
G1 X100.6 Y110.6 E488.16759
G1 X100.6 Y129.4 E488.28547
G1 X119.4 Y129.4 E488.40335
G0 F7200 X119.8 Y129.8
;TYPE:WALL-OUTER
G1 F1800 X119.8 Y110.2 E488.52624
G1 X100.2 Y110.2 E488.64914
G1 X100.2 Y129.8 E488.77203
G1 X119.8 Y129.8 E488.89493
G0 F7200 X119.8 Y129.6
G0 X119.12 Y129.12
G0 X114.837 Y126.351
G0 X114.122 Y126.351
G1 F1800 X114.064 Y126.459 E488.8957
G1 X113.959 Y126.513 E488.89644
G1 X106.344 Y126.516 E488.94418
G1 X106.258 Y126.453 E488.94485
G1 X106.206 Y126.345 E488.9456
G1 X106.21 Y124.753 E488.95559
G1 X106.342 Y124.604 E488.95684
G1 X111.289 Y124.604 E488.98785
G1 X106.125 Y114.476 E489.05914
G1 X106.126 Y113.954 E489.06241
G1 X106.185 Y113.856 E489.06313
G1 X106.285 Y113.806 E489.06383
G1 X114.161 Y113.804 E489.11321
G1 X114.312 Y113.953 E489.11454
G1 X114.31 Y115.555 E489.12459
G1 X114.2 Y115.717 E489.12581
G1 X108.943 Y115.72 E489.15878
G1 X114.119 Y125.848 E489.23009
G1 X114.122 Y126.351 E489.23325
G0 F7200 X114.064 Y126.459
G0 X113.996 Y126.494
G0 X113.996 Y127.528
;MESH:NONMESH
G0 F600 X113.996 Y127.528 Z18.7
G0 F7200 X105.568 Y127.156
G0 X100.88 Y110.88
G0 X100.76 Y110.76
;TIME_ELAPSED:2014.592092
;LAYER:184
;TYPE:FILL
;MESH:xyzCalibration_cube.glb
G1 F3600 X106.55 Y116.55 E489.28459
G1 X106.62 Y116.62
G0 F7200 X106.969 Y117.373
G1 F3600 X100.761 Y123.582 E489.33964
G1 X100.691 Y123.652
G0 F7200 X100.91 Y123.652
G0 X100.91 Y122.074
G0 X100.76 Y122.074
G1 F3600 X107.926 Y129.24 E489.40319
G1 X107.996 Y129.31
G0 F7200 X107.996 Y129.09
G0 X106.416 Y129.09
G0 X106.416 Y129.24
G1 F3600 X108.58 Y127.076 E489.42238
G1 X108.65 Y127.006
G0 F7200 X108.65 Y127.228
G0 X111.419 Y127.228
G0 X111.419 Y127.076
G1 F3600 X113.583 Y129.24 E489.44156
G1 X113.653 Y129.31
G0 F7200 X113.653 Y129.09
G0 X112.073 Y129.09
G0 X112.073 Y129.24
G1 F3600 X114.451 Y126.862 E489.46265
G1 X114.459 Y126.854
G1 X119.24 Y122.073 E489.50505
G1 X119.31 Y122.003
G0 F7200 X119.09 Y122.003
G0 X119.09 Y123.583
G0 X119.24 Y123.583
G1 F3600 X111.937 Y116.28 E489.5698
G1 X111.867 Y116.21
G0 F7200 X111.867 Y116.43
G0 X113.72 Y116.43
G0 X113.72 Y116.279
G1 F3600 X111.166 Y118.833 E489.59245
G1 X111.096 Y118.903
G0 F7200 X111.313 Y118.793
G0 X114.95 Y116.358
G0 X114.95 Y113.169
G0 X105.484 Y113.169
G0 X105.474 Y114.631
G0 X108.747 Y121.185
G0 X108.881 Y121.118
G1 F3600 X100.761 Y129.239 E489.66446
G1 X100.691 Y129.309
G0 F7200 X100.88 Y129.12
G0 X100.91 Y127.73
G0 X100.76 Y127.73
G1 F3600 X102.27 Y129.24 E489.67785
G1 X102.34 Y129.31
G0 F7200 X102.34 Y129.09
G0 X105.568 Y123.967
G0 X108.387 Y123.895
G0 X108.387 Y124.044
G1 F3600 X100.76 Y116.417 E489.74548
G1 X100.69 Y116.347
G0 F7200 X100.91 Y116.347
G0 X100.91 Y117.925
G0 X100.761 Y117.925
G1 F3600 X107.926 Y110.76 E489.80902
G1 X107.996 Y110.69
G0 F7200 X107.996 Y110.91
G0 X106.417 Y110.91
G0 X106.417 Y110.76
G1 F3600 X108.901 Y113.244 E489.83104
G1 X108.971 Y113.314
G0 F7200 X108.971 Y113.097
G0 X111.098 Y113.097
G0 X111.098 Y113.245
G1 F3600 X113.583 Y110.76 E489.85308
G1 X113.653 Y110.69
G0 F7200 X113.653 Y110.91
G0 X112.074 Y110.91
G0 X112.074 Y110.76
G1 F3600 X119.24 Y117.926 E489.91662
G1 X119.31 Y117.996
G0 F7200 X119.09 Y117.996
G0 X119.09 Y116.416
G0 X119.24 Y116.416
G1 F3600 X113.081 Y122.576 E489.97124
G1 X113.011 Y122.646
G0 F7200 X113.228 Y122.536
G0 X113.743 Y123.542
G0 X113.609 Y123.609
G1 F3600 X119.24 Y129.24 E490.02117
G1 X119.31 Y129.31
G0 F7200 X119.12 Y129.12
G0 X117.73 Y129.09
G0 X117.73 Y129.24
G1 F3600 X119.24 Y127.73 E490.03456
G1 X119.31 Y127.66
G0 F7200 X119.09 Y127.66
G0 X115.022 Y115.127
G0 X114.872 Y115.127
G1 F3600 X119.239 Y110.76 E490.07329
G1 X119.309 Y110.69
G0 F7200 X119.12 Y110.88
G0 X117.731 Y110.91
G0 X117.731 Y110.76
G1 F3600 X119.24 Y112.269 E490.08667
G1 X119.31 Y112.339
G0 F7200 X119.09 Y112.339
G0 X102.269 Y110.91
G0 X102.269 Y110.76
G1 F3600 X100.761 Y112.268 E490.10004
G1 X100.691 Y112.338
G0 F7200 X100.91 Y112.338
G0 X105.568 Y127.156
G0 X114.344 Y127.228
G0 X114.344 Y126.745
;TYPE:WALL-INNER
G1 F3600 X114.159 Y126.869 E490.10144
G1 X113.997 Y126.916 E490.10249
G1 X106.404 Y126.916 E490.1501
G1 X106.155 Y126.863 E490.1517
G1 X105.966 Y126.727 E490.15316
G1 X105.856 Y126.561 E490.15441
G1 X105.81 Y126.403 E490.15544
G1 X105.804 Y124.699 E490.16612
G1 X105.956 Y124.404 E490.1682
G1 X106.148 Y124.26 E490.16971
G1 X106.404 Y124.204 E490.17135
G1 X110.635 Y124.204 E490.19788
G1 X105.738 Y114.609 E490.26543
G1 X105.717 Y113.907 E490.26983
G1 X105.798 Y113.707 E490.27118
G1 X105.915 Y113.561 E490.27236
G1 X106.244 Y113.404 E490.27464
G1 X114.112 Y113.404 E490.32398
G1 X114.32 Y113.441 E490.3253
G1 X114.493 Y113.54 E490.32655
G1 X114.68 Y113.809 E490.3286
G1 X114.712 Y114.004 E490.32984
G1 X114.712 Y115.633 E490.34006
G1 X114.626 Y115.831 E490.34141
G1 X114.428 Y116.031 E490.34318
G1 X114.19 Y116.12 E490.34477
G1 X109.597 Y116.12 E490.37357
G1 X114.526 Y125.752 E490.44141
G1 X114.516 Y126.42 E490.4456
G1 X114.459 Y126.589 E490.44672
G1 X114.344 Y126.745 E490.44793
G0 F7200 X114.344 Y127.228
G0 X119.12 Y129.12
G0 X119.4 Y129.4
G1 F3600 X119.4 Y110.6 E490.56581
G1 X100.6 Y110.6 E490.68369
G1 X100.6 Y129.4 E490.80157
G1 X119.4 Y129.4 E490.91945
G0 F7200 X119.8 Y129.8
;TYPE:WALL-OUTER
G1 F1800 X119.8 Y110.2 E491.04235
G1 X100.2 Y110.2 E491.16524
G1 X100.2 Y129.8 E491.28814
G1 X119.8 Y129.8 E491.41103
G0 F7200 X119.8 Y129.6
G0 X119.12 Y129.12
G0 X114.837 Y126.351
G0 X114.122 Y126.351
G1 F1800 X114.064 Y126.459 E491.4118
G1 X113.959 Y126.513 E491.41254
G1 X106.344 Y126.516 E491.46029
G1 X106.258 Y126.453 E491.46096
G1 X106.206 Y126.345 E491.46171
G1 X106.21 Y124.753 E491.47169
G1 X106.342 Y124.604 E491.47294
G1 X111.289 Y124.604 E491.50396
G1 X106.125 Y114.476 E491.57524
G1 X106.126 Y113.954 E491.57851
G1 X106.185 Y113.856 E491.57923
G1 X106.285 Y113.806 E491.57993
G1 X114.161 Y113.804 E491.62932
G1 X114.312 Y113.953 E491.63065
G1 X114.31 Y115.555 E491.64069
G1 X114.2 Y115.717 E491.64192
G1 X108.943 Y115.72 E491.67488
G1 X114.119 Y125.848 E491.7462
G1 X114.122 Y126.351 E491.74935
G0 F7200 X114.064 Y126.459
G0 X113.996 Y126.494
G0 X113.996 Y127.528
;MESH:NONMESH
G0 F600 X113.996 Y127.528 Z18.8
G0 F7200 X105.568 Y127.156
G0 X100.88 Y110.88
G0 X100.76 Y110.76
;TIME_ELAPSED:2026.193196
;LAYER:185
;TYPE:FILL
;MESH:xyzCalibration_cube.glb
G1 F3600 X106.55 Y116.55 E491.8007
G1 X106.62 Y116.62
G0 F7200 X106.969 Y117.373
G1 F3600 X100.761 Y123.582 E491.85575
G1 X100.691 Y123.652
G0 F7200 X100.91 Y123.652
G0 X100.91 Y122.074
G0 X100.76 Y122.074
G1 F3600 X107.926 Y129.24 E491.91929
G1 X107.996 Y129.31
G0 F7200 X107.996 Y129.09
G0 X106.416 Y129.09
G0 X106.416 Y129.24
G1 F3600 X108.58 Y127.076 E491.93848
G1 X108.65 Y127.006
G0 F7200 X108.65 Y127.228
G0 X111.419 Y127.228
G0 X111.419 Y127.076
G1 F3600 X113.583 Y129.24 E491.95767
G1 X113.653 Y129.31
G0 F7200 X113.653 Y129.09
G0 X112.073 Y129.09
G0 X112.073 Y129.24
G1 F3600 X114.451 Y126.862 E491.97876
G1 X114.459 Y126.854
G1 X119.24 Y122.073 E492.02115
G1 X119.31 Y122.003
G0 F7200 X119.09 Y122.003
G0 X119.09 Y123.583
G0 X119.24 Y123.583
G1 F3600 X111.937 Y116.28 E492.08591
G1 X111.867 Y116.21
G0 F7200 X111.867 Y116.43
G0 X113.72 Y116.43
G0 X113.72 Y116.279
G1 F3600 X111.166 Y118.833 E492.10856
G1 X111.096 Y118.903
G0 F7200 X111.313 Y118.793
G0 X114.95 Y116.358
G0 X114.95 Y113.169
G0 X105.484 Y113.169
G0 X105.474 Y114.631
G0 X108.747 Y121.185
G0 X108.881 Y121.118
G1 F3600 X100.761 Y129.239 E492.18057
G1 X100.691 Y129.309
G0 F7200 X100.88 Y129.12
G0 X100.91 Y127.73
G0 X100.76 Y127.73
G1 F3600 X102.27 Y129.24 E492.19395
G1 X102.34 Y129.31
G0 F7200 X102.34 Y129.09
G0 X105.568 Y123.967
G0 X108.387 Y123.895
G0 X108.387 Y124.044
G1 F3600 X100.76 Y116.417 E492.26159
G1 X100.69 Y116.347
G0 F7200 X100.91 Y116.347
G0 X100.91 Y117.925
G0 X100.761 Y117.925
G1 F3600 X107.926 Y110.76 E492.32512
G1 X107.996 Y110.69
G0 F7200 X107.996 Y110.91
G0 X106.417 Y110.91
G0 X106.417 Y110.76
G1 F3600 X108.901 Y113.244 E492.34715
G1 X108.971 Y113.314
G0 F7200 X108.971 Y113.097
G0 X111.098 Y113.097
G0 X111.098 Y113.245
G1 F3600 X113.583 Y110.76 E492.36918
G1 X113.653 Y110.69
G0 F7200 X113.653 Y110.91
G0 X112.074 Y110.91
G0 X112.074 Y110.76
G1 F3600 X119.24 Y117.926 E492.43273
G1 X119.31 Y117.996
G0 F7200 X119.09 Y117.996
G0 X119.09 Y116.416
G0 X119.24 Y116.416
G1 F3600 X113.081 Y122.576 E492.48735
G1 X113.011 Y122.646
G0 F7200 X113.228 Y122.536
G0 X113.743 Y123.542
G0 X113.609 Y123.609
G1 F3600 X119.24 Y129.24 E492.53728
G1 X119.31 Y129.31
G0 F7200 X119.12 Y129.12
G0 X117.73 Y129.09
G0 X117.73 Y129.24
G1 F3600 X119.24 Y127.73 E492.55067
G1 X119.31 Y127.66
G0 F7200 X119.09 Y127.66
G0 X115.022 Y115.127
G0 X114.872 Y115.127
G1 F3600 X119.239 Y110.76 E492.58939
G1 X119.309 Y110.69
G0 F7200 X119.12 Y110.88
G0 X117.731 Y110.91
G0 X117.731 Y110.76
G1 F3600 X119.24 Y112.269 E492.60277
G1 X119.31 Y112.339
G0 F7200 X119.09 Y112.339
G0 X102.269 Y110.91
G0 X102.269 Y110.76
G1 F3600 X100.761 Y112.268 E492.61614
G1 X100.691 Y112.338
G0 F7200 X100.91 Y112.338
G0 X105.568 Y127.156
G0 X114.344 Y127.228
G0 X114.344 Y126.745
;TYPE:WALL-INNER
G1 F3600 X114.159 Y126.869 E492.61754
G1 X113.997 Y126.916 E492.6186
G1 X106.404 Y126.916 E492.66621
G1 X106.155 Y126.863 E492.6678
G1 X105.966 Y126.727 E492.66926
G1 X105.856 Y126.561 E492.67051
G1 X105.81 Y126.403 E492.67154
G1 X105.804 Y124.699 E492.68223
G1 X105.956 Y124.404 E492.68431
G1 X106.148 Y124.26 E492.68581
G1 X106.404 Y124.204 E492.68746
G1 X110.635 Y124.204 E492.71399
G1 X105.738 Y114.609 E492.78153
G1 X105.717 Y113.907 E492.78594
G1 X105.798 Y113.707 E492.78729
G1 X105.915 Y113.561 E492.78846
G1 X106.244 Y113.404 E492.79075
G1 X114.112 Y113.404 E492.84008
G1 X114.32 Y113.441 E492.84141
G1 X114.493 Y113.54 E492.84266
G1 X114.68 Y113.809 E492.84471
G1 X114.712 Y114.004 E492.84595
G1 X114.712 Y115.633 E492.85616
G1 X114.626 Y115.831 E492.85752
G1 X114.428 Y116.031 E492.85928
G1 X114.199 Y116.12 E492.86082
G1 X109.597 Y116.12 E492.88968
G1 X114.526 Y125.752 E492.95752
G1 X114.516 Y126.42 E492.96171
G1 X114.459 Y126.589 E492.96283
G1 X114.344 Y126.745 E492.96404
G0 F7200 X114.344 Y127.228
G0 X119.12 Y129.12
G0 X119.4 Y129.4
G1 F3600 X119.4 Y110.6 E493.08192
G1 X100.6 Y110.6 E493.1998
G1 X100.6 Y129.4 E493.31768
G1 X119.4 Y129.4 E493.43556
G0 F7200 X119.8 Y129.8
;TYPE:WALL-OUTER
G1 F1800 X119.8 Y110.2 E493.55846
G1 X100.2 Y110.2 E493.68135
G1 X100.2 Y129.8 E493.80425
G1 X119.8 Y129.8 E493.92714
G0 F7200 X119.8 Y129.6
G0 X119.12 Y129.12
G0 X114.837 Y126.351
G0 X114.122 Y126.351
G1 F1800 X114.064 Y126.459 E493.92791
G1 X113.959 Y126.513 E493.92865
G1 X106.344 Y126.516 E493.9764
G1 X106.258 Y126.453 E493.97707
G1 X106.206 Y126.345 E493.97782
G1 X106.21 Y124.753 E493.9878
G1 X106.342 Y124.604 E493.98905
G1 X111.289 Y124.604 E494.02007
G1 X106.125 Y114.476 E494.09135
G1 X106.126 Y113.954 E494.09462
G1 X106.185 Y113.856 E494.09534
G1 X106.285 Y113.806 E494.09604
G1 X114.161 Y113.804 E494.14543
G1 X114.312 Y113.953 E494.14676
G1 X114.31 Y115.555 E494.1568
G1 X114.2 Y115.717 E494.15803
G1 X108.943 Y115.72 E494.19099
G1 X114.119 Y125.848 E494.26231
G1 X114.122 Y126.351 E494.26546
G0 F7200 X114.064 Y126.459
G0 X113.996 Y126.494
G0 X113.996 Y127.528
;MESH:NONMESH
G0 F600 X113.996 Y127.528 Z18.9
G0 F7200 X105.568 Y127.156
G0 X100.88 Y110.88
G0 X100.76 Y110.76
;TIME_ELAPSED:2037.794238
;LAYER:186
;TYPE:FILL
;MESH:xyzCalibration_cube.glb
G1 F3600 X106.55 Y116.55 E494.3168
G1 X106.62 Y116.62
G0 F7200 X106.969 Y117.373
G1 F3600 X100.761 Y123.582 E494.37186
G1 X100.691 Y123.652
G0 F7200 X100.91 Y123.652
G0 X100.91 Y122.074
G0 X100.76 Y122.074
G1 F3600 X107.926 Y129.24 E494.4354
G1 X107.996 Y129.31
G0 F7200 X107.996 Y129.09
G0 X106.416 Y129.09
G0 X106.416 Y129.24
G1 F3600 X108.58 Y127.076 E494.45459
G1 X108.65 Y127.006
G0 F7200 X108.65 Y127.228
G0 X111.419 Y127.228
G0 X111.419 Y127.076
G1 F3600 X113.583 Y129.24 E494.47378
G1 X113.653 Y129.31
G0 F7200 X113.653 Y129.09
G0 X112.073 Y129.09
G0 X112.073 Y129.24
G1 F3600 X114.451 Y126.862 E494.49487
G1 X114.459 Y126.854
G1 X119.24 Y122.073 E494.53726
G1 X119.31 Y122.003
G0 F7200 X119.09 Y122.003
G0 X119.09 Y123.583
G0 X119.24 Y123.583
G1 F3600 X111.937 Y116.28 E494.60202
G1 X111.867 Y116.21
G0 F7200 X111.867 Y116.43
G0 X113.72 Y116.43
G0 X113.72 Y116.279
G1 F3600 X111.166 Y118.833 E494.62467
G1 X111.096 Y118.903
G0 F7200 X111.313 Y118.793
G0 X114.95 Y116.358
G0 X114.95 Y113.169
G0 X105.484 Y113.169
G0 X105.474 Y114.631
G0 X108.747 Y121.185
G0 X108.881 Y121.118
G1 F3600 X100.761 Y129.239 E494.69667
G1 X100.691 Y129.309
G0 F7200 X100.88 Y129.12
G0 X100.91 Y127.73
G0 X100.76 Y127.73
G1 F3600 X102.27 Y129.24 E494.71006
G1 X102.34 Y129.31
G0 F7200 X102.34 Y129.09
G0 X105.568 Y123.967
G0 X108.387 Y123.895
G0 X108.387 Y124.044
G1 F3600 X100.76 Y116.417 E494.7777
G1 X100.69 Y116.347
G0 F7200 X100.91 Y116.347
G0 X100.91 Y117.925
G0 X100.761 Y117.925
G1 F3600 X107.926 Y110.76 E494.84123
G1 X107.996 Y110.69
G0 F7200 X107.996 Y110.91
G0 X106.417 Y110.91
G0 X106.417 Y110.76
G1 F3600 X108.901 Y113.244 E494.86326
G1 X108.971 Y113.314
G0 F7200 X108.971 Y113.097
G0 X111.098 Y113.097
G0 X111.098 Y113.245
G1 F3600 X113.583 Y110.76 E494.88529
G1 X113.653 Y110.69
G0 F7200 X113.653 Y110.91
G0 X112.074 Y110.91
G0 X112.074 Y110.76
G1 F3600 X119.24 Y117.926 E494.94884
G1 X119.31 Y117.996
G0 F7200 X119.09 Y117.996
G0 X119.09 Y116.416
G0 X119.24 Y116.416
G1 F3600 X113.081 Y122.576 E495.00345
G1 X113.011 Y122.646
G0 F7200 X113.228 Y122.536
G0 X113.743 Y123.542
G0 X113.609 Y123.609
G1 F3600 X119.24 Y129.24 E495.05339
G1 X119.31 Y129.31
G0 F7200 X119.12 Y129.12
G0 X117.73 Y129.09
G0 X117.73 Y129.24
G1 F3600 X119.24 Y127.73 E495.06678
G1 X119.31 Y127.66
G0 F7200 X119.09 Y127.66
G0 X115.022 Y115.127
G0 X114.872 Y115.127
G1 F3600 X119.239 Y110.76 E495.1055
G1 X119.309 Y110.69
G0 F7200 X119.12 Y110.88
G0 X117.731 Y110.91
G0 X117.731 Y110.76
G1 F3600 X119.24 Y112.269 E495.11888
G1 X119.31 Y112.339
G0 F7200 X119.09 Y112.339
G0 X102.269 Y110.91
G0 X102.269 Y110.76
G1 F3600 X100.761 Y112.268 E495.13225
G1 X100.691 Y112.338
G0 F7200 X100.91 Y112.338
G0 X105.568 Y127.156
G0 X114.344 Y127.228
G0 X114.344 Y126.745
;TYPE:WALL-INNER
G1 F3600 X114.159 Y126.869 E495.13365
G1 X113.997 Y126.916 E495.13471
G1 X106.404 Y126.916 E495.18232
G1 X106.155 Y126.863 E495.18391
G1 X105.966 Y126.727 E495.18537
G1 X105.856 Y126.561 E495.18662
G1 X105.81 Y126.403 E495.18765
G1 X105.804 Y124.699 E495.19834
G1 X105.956 Y124.404 E495.20042
G1 X106.148 Y124.26 E495.20192
G1 X106.404 Y124.204 E495.20357
G1 X110.635 Y124.204 E495.2301
G1 X105.738 Y114.609 E495.29764
G1 X105.717 Y113.907 E495.30204
G1 X105.798 Y113.707 E495.3034
G1 X105.915 Y113.561 E495.30457
G1 X106.244 Y113.404 E495.30686
G1 X114.112 Y113.404 E495.35619
G1 X114.32 Y113.441 E495.35752
G1 X114.493 Y113.54 E495.35876
G1 X114.68 Y113.809 E495.36082
G1 X114.712 Y114.004 E495.36206
G1 X114.712 Y115.633 E495.37227
G1 X114.626 Y115.831 E495.37363
G1 X114.428 Y116.031 E495.37539
G1 X114.199 Y116.12 E495.37693
G1 X109.597 Y116.12 E495.40579
G1 X114.526 Y125.752 E495.47363
G1 X114.516 Y126.42 E495.47782
G1 X114.459 Y126.589 E495.47894
G1 X114.344 Y126.745 E495.48015
G0 F7200 X114.344 Y127.228
G0 X119.12 Y129.12
G0 X119.4 Y129.4
G1 F3600 X119.4 Y110.6 E495.59803
G1 X100.6 Y110.6 E495.71591
G1 X100.6 Y129.4 E495.83379
G1 X119.4 Y129.4 E495.95167
G0 F7200 X119.8 Y129.8
;TYPE:WALL-OUTER
G1 F1800 X119.8 Y110.2 E496.07457
G1 X100.2 Y110.2 E496.19746
G1 X100.2 Y129.8 E496.32036
G1 X119.8 Y129.8 E496.44325
G0 F7200 X119.8 Y129.6
G0 X119.12 Y129.12
G0 X114.837 Y126.351
G0 X114.122 Y126.351
G1 F1800 X114.064 Y126.459 E496.44402
G1 X113.959 Y126.513 E496.44476
G1 X106.344 Y126.516 E496.49251
G1 X106.258 Y126.453 E496.49318
G1 X106.206 Y126.345 E496.49393
G1 X106.21 Y124.753 E496.50391
G1 X106.342 Y124.604 E496.50516
G1 X111.289 Y124.604 E496.53618
G1 X106.125 Y114.476 E496.60746
G1 X106.126 Y113.954 E496.61073
G1 X106.185 Y113.856 E496.61145
G1 X106.285 Y113.806 E496.61215
G1 X114.161 Y113.804 E496.66154
G1 X114.312 Y113.953 E496.66287
G1 X114.31 Y115.555 E496.67291
G1 X114.2 Y115.717 E496.67414
G1 X108.943 Y115.72 E496.7071
G1 X114.119 Y125.848 E496.77842
G1 X114.122 Y126.351 E496.78157
G0 F7200 X114.064 Y126.459
G0 X113.996 Y126.494
G0 X113.996 Y127.528
;MESH:NONMESH
G0 F600 X113.996 Y127.528 Z19
G0 F7200 X105.568 Y127.156
G0 X100.88 Y110.88
G0 X100.76 Y110.76
;TIME_ELAPSED:2049.395280
;LAYER:187
;TYPE:FILL
;MESH:xyzCalibration_cube.glb
G1 F3600 X106.55 Y116.55 E496.83291
G1 X106.62 Y116.62
G0 F7200 X106.969 Y117.373
G1 F3600 X100.761 Y123.582 E496.88797
G1 X100.691 Y123.652
G0 F7200 X100.91 Y123.652
G0 X100.91 Y122.074
G0 X100.76 Y122.074
G1 F3600 X107.926 Y129.24 E496.95151
G1 X107.996 Y129.31
G0 F7200 X107.996 Y129.09
G0 X106.416 Y129.09
G0 X106.416 Y129.24
G1 F3600 X108.58 Y127.076 E496.9707
G1 X108.65 Y127.006
G0 F7200 X108.65 Y127.228
G0 X111.419 Y127.228
G0 X111.419 Y127.076
G1 F3600 X113.583 Y129.24 E496.98989
G1 X113.653 Y129.31
G0 F7200 X113.653 Y129.09
G0 X112.073 Y129.09
G0 X112.073 Y129.24
G1 F3600 X114.451 Y126.862 E497.01098
G1 X114.459 Y126.854
G1 X119.24 Y122.073 E497.05337
G1 X119.31 Y122.003
G0 F7200 X119.09 Y122.003
G0 X119.09 Y123.583
G0 X119.24 Y123.583
G1 F3600 X111.937 Y116.28 E497.11813
G1 X111.867 Y116.21
G0 F7200 X111.867 Y116.43
G0 X113.72 Y116.43
G0 X113.72 Y116.279
G1 F3600 X111.166 Y118.833 E497.14078
G1 X111.096 Y118.903
G0 F7200 X111.313 Y118.793
G0 X114.95 Y116.358
G0 X114.95 Y113.169
G0 X105.484 Y113.169
G0 X105.474 Y114.631
G0 X108.747 Y121.185
G0 X108.881 Y121.118
G1 F3600 X100.761 Y129.239 E497.21278
G1 X100.691 Y129.309
G0 F7200 X100.88 Y129.12
G0 X100.91 Y127.73
G0 X100.76 Y127.73
G1 F3600 X102.27 Y129.24 E497.22617
G1 X102.34 Y129.31
G0 F7200 X102.34 Y129.09
G0 X105.568 Y123.967
G0 X108.387 Y123.895
G0 X108.387 Y124.044
G1 F3600 X100.76 Y116.417 E497.2938
G1 X100.69 Y116.347
G0 F7200 X100.91 Y116.347
G0 X100.91 Y117.925
G0 X100.761 Y117.925
G1 F3600 X107.926 Y110.76 E497.35734
G1 X107.996 Y110.69
G0 F7200 X107.996 Y110.91
G0 X106.417 Y110.91
G0 X106.417 Y110.76
G1 F3600 X108.901 Y113.244 E497.37937
G1 X108.971 Y113.314
G0 F7200 X108.971 Y113.097
G0 X111.098 Y113.097
G0 X111.098 Y113.245
G1 F3600 X113.583 Y110.76 E497.4014
G1 X113.653 Y110.69
G0 F7200 X113.653 Y110.91
G0 X112.074 Y110.91
G0 X112.074 Y110.76
G1 F3600 X119.24 Y117.926 E497.46495
G1 X119.31 Y117.996
G0 F7200 X119.09 Y117.996
G0 X119.09 Y116.416
G0 X119.24 Y116.416
G1 F3600 X113.081 Y122.576 E497.51956
G1 X113.011 Y122.646
G0 F7200 X113.228 Y122.536
G0 X113.743 Y123.542
G0 X113.609 Y123.609
G1 F3600 X119.24 Y129.24 E497.5695
G1 X119.31 Y129.31
G0 F7200 X119.12 Y129.12
G0 X117.73 Y129.09
G0 X117.73 Y129.24
G1 F3600 X119.24 Y127.73 E497.58289
G1 X119.31 Y127.66
G0 F7200 X119.09 Y127.66
G0 X115.022 Y115.127
G0 X114.872 Y115.127
G1 F3600 X119.239 Y110.76 E497.62161
G1 X119.309 Y110.69
G0 F7200 X119.12 Y110.88
G0 X117.731 Y110.91
G0 X117.731 Y110.76
G1 F3600 X119.24 Y112.269 E497.63499
G1 X119.31 Y112.339
G0 F7200 X119.09 Y112.339
G0 X102.269 Y110.91
G0 X102.269 Y110.76
G1 F3600 X100.761 Y112.268 E497.64836
G1 X100.691 Y112.338
G0 F7200 X100.91 Y112.338
G0 X105.568 Y127.156
G0 X114.344 Y127.228
G0 X114.344 Y126.745
;TYPE:WALL-INNER
G1 F3600 X114.159 Y126.869 E497.64976
G1 X113.997 Y126.916 E497.65082
G1 X106.404 Y126.916 E497.69843
G1 X106.155 Y126.863 E497.70002
G1 X105.966 Y126.727 E497.70148
G1 X105.856 Y126.561 E497.70273
G1 X105.81 Y126.403 E497.70376
G1 X105.804 Y124.699 E497.71445
G1 X105.956 Y124.404 E497.71653
G1 X106.148 Y124.26 E497.71803
G1 X106.404 Y124.204 E497.71968
G1 X110.635 Y124.204 E497.74621
G1 X105.738 Y114.609 E497.81375
G1 X105.717 Y113.907 E497.81815
G1 X105.798 Y113.707 E497.81951
G1 X105.915 Y113.561 E497.82068
G1 X106.244 Y113.404 E497.82297
G1 X114.112 Y113.404 E497.8723
G1 X114.32 Y113.441 E497.87362
G1 X114.493 Y113.54 E497.87487
G1 X114.68 Y113.809 E497.87693
G1 X114.712 Y114.004 E497.87817
G1 X114.712 Y115.633 E497.88838
G1 X114.626 Y115.831 E497.88973
G1 X114.428 Y116.031 E497.8915
G1 X114.19 Y116.12 E497.89309
G1 X109.597 Y116.12 E497.92189
G1 X114.526 Y125.752 E497.98973
G1 X114.516 Y126.42 E497.99392
G1 X114.459 Y126.589 E497.99504
G1 X114.344 Y126.745 E497.99626
G0 F7200 X114.344 Y127.228
G0 X119.12 Y129.12
G0 X119.4 Y129.4
G1 F3600 X119.4 Y110.6 E498.11414
G1 X100.6 Y110.6 E498.23202
G1 X100.6 Y129.4 E498.3499
G1 X119.4 Y129.4 E498.46778
G0 F7200 X119.8 Y129.8
;TYPE:WALL-OUTER
G1 F1800 X119.8 Y110.2 E498.59067
G1 X100.2 Y110.2 E498.71357
G1 X100.2 Y129.8 E498.83646
G1 X119.8 Y129.8 E498.95936
G0 F7200 X119.8 Y129.6
G0 X119.12 Y129.12
G0 X114.837 Y126.351
G0 X114.122 Y126.351
G1 F1800 X114.064 Y126.459 E498.96013
G1 X113.959 Y126.513 E498.96087
G1 X106.344 Y126.516 E499.00861
G1 X106.258 Y126.453 E499.00928
G1 X106.206 Y126.345 E499.01003
G1 X106.21 Y124.753 E499.02002
G1 X106.342 Y124.604 E499.02126
G1 X111.289 Y124.604 E499.05228
G1 X106.125 Y114.476 E499.12357
G1 X106.126 Y113.954 E499.12684
G1 X106.185 Y113.856 E499.12756
G1 X106.285 Y113.806 E499.12826
G1 X114.161 Y113.804 E499.17764
G1 X114.312 Y113.953 E499.17897
G1 X114.31 Y115.555 E499.18902
G1 X114.2 Y115.717 E499.19024
G1 X108.943 Y115.72 E499.22321
G1 X114.119 Y125.848 E499.29452
G1 X114.122 Y126.351 E499.29768
G0 F7200 X114.064 Y126.459
G0 X113.996 Y126.494
G0 X113.996 Y127.528
;MESH:NONMESH
G0 F600 X113.996 Y127.528 Z19.1
G0 F7200 X105.568 Y127.156
G0 X100.88 Y110.88
G0 X100.76 Y110.76
;TIME_ELAPSED:2060.996384
;LAYER:188
;TYPE:FILL
;MESH:xyzCalibration_cube.glb
G1 F3600 X106.55 Y116.55 E499.34902
G1 X106.62 Y116.62
G0 F7200 X106.969 Y117.373
G1 F3600 X100.761 Y123.582 E499.40407
G1 X100.691 Y123.652
G0 F7200 X100.91 Y123.652
G0 X100.91 Y122.074
G0 X100.76 Y122.074
G1 F3600 X107.926 Y129.24 E499.46762
G1 X107.996 Y129.31
G0 F7200 X107.996 Y129.09
G0 X106.416 Y129.09
G0 X106.416 Y129.24
G1 F3600 X108.58 Y127.076 E499.48681
G1 X108.65 Y127.006
G0 F7200 X108.65 Y127.228
G0 X111.419 Y127.228
G0 X111.419 Y127.076
G1 F3600 X113.583 Y129.24 E499.50599
G1 X113.653 Y129.31
G0 F7200 X113.653 Y129.09
G0 X112.073 Y129.09
G0 X112.073 Y129.24
G1 F3600 X114.451 Y126.862 E499.52708
G1 X114.459 Y126.854
G1 X119.24 Y122.073 E499.56948
G1 X119.31 Y122.003
G0 F7200 X119.09 Y122.003
G0 X119.09 Y123.583
G0 X119.24 Y123.583
G1 F3600 X111.937 Y116.28 E499.63423
G1 X111.867 Y116.21
G0 F7200 X111.867 Y116.43
G0 X113.72 Y116.43
G0 X113.72 Y116.279
G1 F3600 X111.166 Y118.833 E499.65688
G1 X111.096 Y118.903
G0 F7200 X111.313 Y118.793
G0 X114.95 Y116.358
G0 X114.95 Y113.169
G0 X105.484 Y113.169
G0 X105.474 Y114.631
G0 X108.747 Y121.185
G0 X108.881 Y121.118
G1 F3600 X100.761 Y129.239 E499.72889
G1 X100.691 Y129.309
G0 F7200 X100.88 Y129.12
G0 X100.91 Y127.73
G0 X100.76 Y127.73
G1 F3600 X102.27 Y129.24 E499.74228
G1 X102.34 Y129.31
G0 F7200 X102.34 Y129.09
G0 X105.568 Y123.967
G0 X108.387 Y123.895
G0 X108.387 Y124.044
G1 F3600 X100.76 Y116.417 E499.80991
G1 X100.69 Y116.347
G0 F7200 X100.91 Y116.347
G0 X100.91 Y117.925
G0 X100.761 Y117.925
G1 F3600 X107.926 Y110.76 E499.87345
G1 X107.996 Y110.69
G0 F7200 X107.996 Y110.91
G0 X106.417 Y110.91
G0 X106.417 Y110.76
G1 F3600 X108.901 Y113.244 E499.89547
G1 X108.971 Y113.314
G0 F7200 X108.971 Y113.097
G0 X111.098 Y113.097
G0 X111.098 Y113.245
G1 F3600 X113.583 Y110.76 E499.91751
G1 X113.653 Y110.69
G0 F7200 X113.653 Y110.91
G0 X112.074 Y110.91
G0 X112.074 Y110.76
G1 F3600 X119.24 Y117.926 E499.98105
G1 X119.31 Y117.996
G0 F7200 X119.09 Y117.996
G0 X119.09 Y116.416
G0 X119.24 Y116.416
G1 F3600 X113.081 Y122.576 E500.03567
G1 X113.011 Y122.646
G0 F7200 X113.228 Y122.536
G0 X113.743 Y123.542
G0 X113.609 Y123.609
G1 F3600 X119.24 Y129.24 E500.0856
G1 X119.31 Y129.31
G0 F7200 X119.12 Y129.12
G0 X117.73 Y129.09
G0 X117.73 Y129.24
G1 F3600 X119.24 Y127.73 E500.09899
G1 X119.31 Y127.66
G0 F7200 X119.09 Y127.66
G0 X115.022 Y115.127
G0 X114.872 Y115.127
G1 F3600 X119.239 Y110.76 E500.13772
G1 X119.309 Y110.69
G0 F7200 X119.12 Y110.88
G0 X117.731 Y110.91
G0 X117.731 Y110.76
G1 F3600 X119.24 Y112.269 E500.1511
G1 X119.31 Y112.339
G0 F7200 X119.09 Y112.339
G0 X102.269 Y110.91
G0 X102.269 Y110.76
G1 F3600 X100.761 Y112.268 E500.16447
G1 X100.691 Y112.338
G0 F7200 X100.91 Y112.338
G0 X105.568 Y127.156
G0 X114.344 Y127.228
G0 X114.344 Y126.745
;TYPE:WALL-INNER
G1 F3600 X114.159 Y126.869 E500.16586
G1 X113.997 Y126.916 E500.16692
G1 X106.404 Y126.916 E500.21453
G1 X106.155 Y126.863 E500.21613
G1 X105.966 Y126.727 E500.21759
G1 X105.856 Y126.561 E500.21884
G1 X105.81 Y126.403 E500.21987
G1 X105.804 Y124.699 E500.23055
G1 X105.956 Y124.404 E500.23263
G1 X106.148 Y124.26 E500.23414
G1 X106.404 Y124.204 E500.23578
G1 X110.635 Y124.204 E500.26231
G1 X105.738 Y114.609 E500.32986
G1 X105.717 Y113.907 E500.33426
G1 X105.798 Y113.707 E500.33561
G1 X105.915 Y113.561 E500.33679
G1 X106.244 Y113.404 E500.33907
G1 X114.112 Y113.404 E500.3884
G1 X114.32 Y113.441 E500.38973
G1 X114.493 Y113.54 E500.39098
G1 X114.68 Y113.809 E500.39303
G1 X114.712 Y114.004 E500.39427
G1 X114.712 Y115.633 E500.40449
G1 X114.626 Y115.831 E500.40584
G1 X114.428 Y116.031 E500.40761
G1 X114.199 Y116.12 E500.40915
G1 X109.597 Y116.12 E500.438
G1 X114.526 Y125.752 E500.50584
G1 X114.516 Y126.42 E500.51003
G1 X114.459 Y126.589 E500.51115
G1 X114.344 Y126.745 E500.51237
G0 F7200 X114.344 Y127.228
G0 X119.12 Y129.12
G0 X119.4 Y129.4
G1 F3600 X119.4 Y110.6 E500.63025
G1 X100.6 Y110.6 E500.74813
G1 X100.6 Y129.4 E500.866
G1 X119.4 Y129.4 E500.98388
G0 F7200 X119.8 Y129.8
;TYPE:WALL-OUTER
G1 F1800 X119.8 Y110.2 E501.10678
G1 X100.2 Y110.2 E501.22968
G1 X100.2 Y129.8 E501.35257
G1 X119.8 Y129.8 E501.47547
G0 F7200 X119.8 Y129.6
G0 X119.12 Y129.12
G0 X114.837 Y126.351
G0 X114.122 Y126.351
G1 F1800 X114.064 Y126.459 E501.47624
G1 X113.959 Y126.513 E501.47698
G1 X106.344 Y126.516 E501.52472
G1 X106.258 Y126.453 E501.52539
G1 X106.206 Y126.345 E501.52614
G1 X106.21 Y124.753 E501.53613
G1 X106.342 Y124.604 E501.53737
G1 X111.289 Y124.604 E501.56839
G1 X106.125 Y114.476 E501.63967
G1 X106.126 Y113.954 E501.64295
G1 X106.185 Y113.856 E501.64367
G1 X106.285 Y113.806 E501.64437
G1 X114.161 Y113.804 E501.69375
G1 X114.312 Y113.953 E501.69508
G1 X114.31 Y115.555 E501.70513
G1 X114.2 Y115.717 E501.70635
G1 X108.943 Y115.72 E501.73932
G1 X114.119 Y125.848 E501.81063
G1 X114.122 Y126.351 E501.81379
G0 F7200 X114.064 Y126.459
G0 X113.996 Y126.494
G0 X113.996 Y127.528
;MESH:NONMESH
G0 F600 X113.996 Y127.528 Z19.2
G0 F7200 X105.568 Y127.156
G0 X100.88 Y110.88
G0 X100.76 Y110.76
;TIME_ELAPSED:2072.597427
;LAYER:189
;TYPE:FILL
;MESH:xyzCalibration_cube.glb
G1 F3600 X104.985 Y114.984 E501.85125
G1 X105.055 Y115.054
G0 F7200 X104.941 Y113.746
G1 F3600 X105.888 Y112.8 E501.85964
G1 X108.456 Y112.8 E501.87574
G1 X108.901 Y113.244 E501.87968
G0 F7200 X108.458 Y112.8
G0 X107.488 Y111.2
G1 F3600 X107.926 Y110.76 E501.88358
G0 F7200 X107.926 Y110.91
G0 X106.856 Y111.2
G1 F3600 X106.417 Y110.76 E501.88747
G0 F7200 X106.417 Y110.91
G0 X105.888 Y112.8
G1 F3600 X107.488 Y111.2 E501.90166
G1 X112.513 Y111.2 E501.93317
G1 X114.113 Y112.8 E501.94736
G1 X111.545 Y112.8 E501.96346
G1 X113.145 Y111.2 E501.97765
G1 X118.17 Y111.2 E502.00915
G1 X118.8 Y111.83 E502.01474
G1 X118.8 Y116.855 E502.04625
G1 X119.24 Y116.416 E502.05014
G0 F7200 X118.8 Y116.855
G1 F3600 X113.392 Y122.265 E502.09811
G1 X113.35 Y122.306
G1 X113.081 Y122.576 E502.1005
G0 F7200 X113.215 Y122.509
G0 X113.743 Y123.542
G0 X113.609 Y123.609
G1 F3600 X114.574 Y124.573 E502.10905
G1 X114.644 Y124.643
G0 F7200 X114.915 Y126.4
G1 F3600 X118.8 Y122.512 E502.14351
G0 F7200 X119.24 Y122.073
G1 F3600 X118.8 Y122.512 E502.14741
G1 X118.8 Y117.487 E502.17892
G1 X116.565 Y115.252 E502.19874
G0 F7200 X116.279 Y114.965
G1 F3600 X116.565 Y115.252 E502.20128
G1 X113.272 Y117.616 E502.2267
G1 X118.8 Y123.144 E502.27571
G1 X118.8 Y128.169 E502.30722
G1 X119.24 Y127.73 E502.31112
G0 F7200 X118.8 Y128.169
G1 F3600 X118.169 Y128.8 E502.31671
G1 X113.144 Y128.8 E502.34822
G1 X112.144 Y127.802 E502.35708
G1 X113.511 Y127.799 E502.36565
G1 X112.512 Y128.8 E502.37452
G1 X107.487 Y128.8 E502.40603
G1 X106.287 Y127.6 E502.41667
G1 X106.217 Y127.53
G0 F7200 X106.855 Y128.8
G1 F3600 X108.057 Y127.6 E502.42732
G1 X111.942 Y127.6 E502.45168
G1 X112.144 Y127.802 E502.45347
G0 F7200 X111.942 Y127.6
G1 F3600 X111.419 Y127.076 E502.45811
G0 F7200 X111.419 Y127.228
G0 X112.512 Y128.8
G1 F3600 X112.073 Y129.24 E502.46201
G0 F7200 X112.073 Y129.09
G0 X113.144 Y128.8
G1 F3600 X113.583 Y129.24 E502.4659
G0 F7200 X113.583 Y129.09
G0 X113.511 Y127.799
G1 F3600 X113.714 Y127.6 E502.46769
G1 X117.599 Y127.6 E502.49205
G1 X119.24 Y129.24 E502.50659
G1 X119.31 Y129.31
G0 F7200 X119.12 Y129.12
G0 X118.169 Y128.8
G1 F3600 X117.73 Y129.24 E502.51049
G0 F7200 X117.73 Y129.09
G0 X117.599 Y127.6
G1 F3600 X117.199 Y127.2 E502.51404
G1 X114.114 Y127.2 E502.53338
G1 X113.714 Y127.6 E502.53693
G0 F7200 X114.114 Y127.2
G1 F3600 X114.451 Y126.862 E502.53992
G1 X114.459 Y126.854
G1 X114.915 Y126.4 E502.54396
G1 X116.399 Y126.4 E502.55326
G1 X117.199 Y127.2 E502.56035
G0 F7200 X116.799 Y126.8
G1 F3600 X114.55 Y126.8 E502.57446
G1 X114.45 Y126.8
G0 F7200 X114.837 Y126.8
G0 X116.399 Y126.4
G1 F3600 X114.574 Y124.573 E502.59065
G1 X113.392 Y122.265 E502.60691
G1 X113.35 Y122.306 E502.60728
G1 X111.436 Y118.564 E502.63363
G1 X111.166 Y118.833 E502.63602
G0 F7200 X111.436 Y118.564
G1 F3600 X113.72 Y116.279 E502.65628
G1 X113.79 Y116.209
G0 F7200 X113.79 Y116.43
G0 X112.986 Y117.329
G1 F3600 X111.937 Y116.28 E502.66558
G0 F7200 X112.187 Y116.531
G1 F3600 X110.394 Y117.239 E502.67767
G1 X110.302 Y117.275
G0 F7200 X110.488 Y117.181
G0 X111.042 Y118.263
G0 X110.943 Y118.312
G1 F3600 X112.171 Y117.827 E502.68594
G1 X112.264 Y117.791
G0 F7200 X113.272 Y117.616
G1 F3600 X112.986 Y117.329 E502.68849
G1 X116.279 Y114.965 E502.7139
G1 X114.915 Y113.6 E502.726
G1 X114.115 Y112.8 E502.7331
G1 X117.198 Y112.8 E502.75243
G1 X116.398 Y113.6 E502.75952
G1 X114.915 Y113.6 E502.76882
G1 X114.013 Y112.8
G0 F7200 X116.398 Y113.6
G1 F3600 X114.872 Y115.127 E502.78236
G0 F7200 X114.912 Y115.454
G1 F3600 X115.992 Y114.679 E502.79069
G1 X116.073 Y114.621
G0 F7200 X117.198 Y112.8
G1 F3600 X119.239 Y110.76 E502.80878
G1 X119.309 Y110.69
G0 F7200 X119.12 Y110.88
G0 X118.17 Y111.2
G1 F3600 X117.731 Y110.76 E502.81268
G0 F7200 X117.731 Y110.91
G0 X118.8 Y111.83
G1 F3600 X119.24 Y112.269 E502.81658
G0 F7200 X119.09 Y112.269
G0 X118.8 Y117.487
G1 F3600 X119.24 Y117.926 E502.82048
G0 F7200 X119.09 Y117.926
G0 X118.8 Y123.144
G1 F3600 X119.24 Y123.583 E502.82437
G0 F7200 X119.09 Y123.583
G0 X114.765 Y127.156
G0 X105.568 Y127.156
G0 X105.568 Y123.967
G0 X110.004 Y123.649
G0 X110.103 Y123.6
G1 F3600 X107.944 Y123.6 E502.83791
G0 F7200 X108.387 Y124.044
G1 F3600 X106.896 Y122.553 E502.85113
G0 F7200 X107.2 Y122.8
G1 F3600 X109.694 Y122.8 E502.86677
G1 X109.794 Y122.8
G0 F7200 X109.617 Y122.889
G0 X108.426 Y121.573
G1 F3600 X105.021 Y124.98 E502.89697
G1 X104.951 Y125.05
G0 F7200 X104.022 Y125.337
G1 F3600 X101.2 Y122.513 E502.922
G1 X101.2 Y117.487 E502.95352
G1 X100.761 Y117.925 E502.95741
G0 F7200 X101.2 Y117.487
G1 F3600 X104.941 Y113.746 E502.99058
G1 X104.985 Y114.984 E502.99835
G1 X106 Y116.001 E503.00736
G0 F7200 X106.55 Y116.55
G1 F3600 X106 Y116.001 E503.01223
G1 X106 Y118.342 E503.02691
G1 X101.2 Y123.143 E503.06948
G0 F7200 X100.761 Y123.582
G1 F3600 X101.2 Y123.143 E503.07337
G1 X101.2 Y128.169 E503.10488
G1 X101.831 Y128.8 E503.11048
G0 F7200 X102.27 Y129.24
G1 F3600 X101.831 Y128.8 E503.11437
G1 X106.855 Y128.8 E503.14588
G1 X106.416 Y129.24 E503.14977
G1 X106.346 Y129.31
G0 F7200 X106.346 Y129.09
G0 X107.487 Y128.8
G1 F3600 X107.926 Y129.24 E503.15367
G0 F7200 X107.926 Y129.09
G0 X108.055 Y127.6
G0 X108.58 Y127.076
G1 F3600 X108.055 Y127.6 E503.15832
G1 X106.287 Y127.6 E503.16941
G1 X105.023 Y126.336 E503.18062
G1 X105.021 Y124.98 E503.18912
G1 X100.761 Y129.239 E503.22689
G1 X100.691 Y129.309
G0 F7200 X100.88 Y129.12
G0 X101.2 Y128.169
G1 F3600 X100.76 Y127.73 E503.23079
G0 F7200 X100.91 Y127.73
G0 X105.023 Y126.336
G1 F3600 X104.022 Y125.337 E503.23965
G1 X106.896 Y122.553 E503.26474
G1 X101.2 Y116.856 E503.31526
G1 X101.2 Y111.83 E503.34677
G1 X100.761 Y112.268 E503.35066
G0 F7200 X101.2 Y111.83
G1 F3600 X101.831 Y111.2 E503.35625
G1 X106.856 Y111.2 E503.38776
G1 X108.458 Y112.8 E503.40195
G1 X111.542 Y112.8 E503.42129
G1 X111.098 Y113.245 E503.42523
G0 F7200 X111.098 Y113.097
G0 X112.513 Y111.2
G1 F3600 X112.074 Y110.76 E503.42913
G0 F7200 X112.074 Y110.91
G0 X113.145 Y111.2
G1 F3600 X113.583 Y110.76 E503.43302
G0 F7200 X113.583 Y110.91
G0 X105.484 Y113.169
G0 X105.474 Y114.631
G0 X106.837 Y117.439
G0 X106.969 Y117.373
G1 F3600 X106.513 Y117.831 E503.43707
G0 F7200 X106 Y118.342
G1 F3600 X106.513 Y117.831 E503.44161
G1 X108.426 Y121.573 E503.46797
G1 X108.881 Y121.118 E503.472
G1 X108.951 Y121.048
G0 F7200 X108.734 Y121.158
G0 X107.2 Y122.858
G1 F3600 X107.2 Y124.004 E503.47919
G1 X107.2 Y124.104
G0 F7200 X107.2 Y123.895
G0 X101.2 Y122.513
G1 F3600 X100.76 Y122.074 E503.48308
G0 F7200 X100.91 Y122.074
G0 X101.2 Y116.856
G1 F3600 X100.76 Y116.417 E503.48698
G0 F7200 X100.91 Y116.417
G0 X101.831 Y111.2
G1 F3600 X102.269 Y110.76 E503.49087
G0 F7200 X102.269 Y110.91
G0 X105.568 Y127.156
G0 X114.344 Y127.228
G0 X114.344 Y126.745
;TYPE:WALL-INNER
G1 F3600 X114.159 Y126.869 E503.49227
G1 X113.997 Y126.916 E503.49333
G1 X106.404 Y126.916 E503.54094
G1 X106.155 Y126.863 E503.54253
G1 X105.966 Y126.727 E503.54399
G1 X105.856 Y126.561 E503.54524
G1 X105.81 Y126.403 E503.54627
G1 X105.804 Y124.699 E503.55696
G1 X105.956 Y124.404 E503.55904
G1 X106.148 Y124.26 E503.56054
G1 X106.404 Y124.204 E503.56219
G1 X110.635 Y124.204 E503.58872
G1 X105.738 Y114.609 E503.65626
G1 X105.717 Y113.907 E503.66066
G1 X105.798 Y113.707 E503.66202
G1 X105.915 Y113.561 E503.66319
G1 X106.244 Y113.404 E503.66548
G1 X114.112 Y113.404 E503.71481
G1 X114.32 Y113.441 E503.71613
G1 X114.493 Y113.54 E503.71738
G1 X114.68 Y113.809 E503.71944
G1 X114.712 Y114.004 E503.72068
G1 X114.712 Y115.633 E503.73089
G1 X114.626 Y115.831 E503.73225
G1 X114.428 Y116.031 E503.73401
G1 X114.199 Y116.12 E503.73555
G1 X109.597 Y116.12 E503.76441
G1 X114.526 Y125.752 E503.83225
G1 X114.516 Y126.42 E503.83644
G1 X114.459 Y126.589 E503.83756
G1 X114.344 Y126.745 E503.83877
G0 F7200 X114.344 Y127.228
G0 X119.12 Y129.12
G0 X119.4 Y129.4
G1 F3600 X119.4 Y110.6 E503.95665
G1 X100.6 Y110.6 E504.07453
G1 X100.6 Y129.4 E504.19241
G1 X119.4 Y129.4 E504.31029
G0 F7200 X119.8 Y129.8
;TYPE:WALL-OUTER
G1 F1800 X119.8 Y110.2 E504.43318
G1 X100.2 Y110.2 E504.55608
G1 X100.2 Y129.8 E504.67898
G1 X119.8 Y129.8 E504.80187
G0 F7200 X119.8 Y129.6
G0 X119.12 Y129.12
G0 X114.837 Y126.351
G0 X114.122 Y126.351
G1 F1800 X114.064 Y126.459 E504.80264
G1 X113.959 Y126.513 E504.80338
G1 X106.344 Y126.516 E504.85113
G1 X106.258 Y126.453 E504.8518
G1 X106.206 Y126.345 E504.85255
G1 X106.21 Y124.753 E504.86253
G1 X106.342 Y124.604 E504.86378
G1 X111.289 Y124.604 E504.8948
G1 X106.125 Y114.476 E504.96608
G1 X106.126 Y113.954 E504.96935
G1 X106.185 Y113.856 E504.97007
G1 X106.285 Y113.806 E504.97077
G1 X114.161 Y113.804 E505.02015
G1 X114.312 Y113.953 E505.02149
G1 X114.31 Y115.555 E505.03153
G1 X114.2 Y115.717 E505.03276
G1 X108.943 Y115.72 E505.06572
G1 X114.119 Y125.848 E505.13704
G1 X114.122 Y126.351 E505.14019
G0 F7200 X114.064 Y126.459
G0 X113.996 Y126.494
G0 X113.996 Y127.528
;MESH:NONMESH
G0 F600 X113.996 Y127.528 Z19.3
G0 F7200 X114.344 Y126.745
;TIME_ELAPSED:2087.481625
;LAYER:190
;TYPE:WALL-INNER
;MESH:xyzCalibration_cube.glb
G1 F3600 X114.159 Y126.869 E505.14159
G1 X113.997 Y126.916 E505.14265
G1 X106.404 Y126.916 E505.19025
G1 X106.155 Y126.863 E505.19185
G1 X105.966 Y126.727 E505.19331
G1 X105.856 Y126.561 E505.19456
G1 X105.81 Y126.403 E505.19559
G1 X105.804 Y124.699 E505.20628
G1 X105.956 Y124.404 E505.20836
G1 X106.148 Y124.26 E505.20986
G1 X106.404 Y124.204 E505.2115
G1 X110.635 Y124.204 E505.23803
G1 X105.738 Y114.609 E505.30558
G1 X105.717 Y113.907 E505.30998
G1 X105.798 Y113.707 E505.31134
G1 X105.915 Y113.561 E505.31251
G1 X106.244 Y113.404 E505.31479
G1 X114.112 Y113.404 E505.36413
G1 X114.32 Y113.441 E505.36545
G1 X114.493 Y113.54 E505.3667
G1 X114.68 Y113.809 E505.36876
G1 X114.712 Y114.004 E505.37
G1 X114.712 Y115.633 E505.38021
G1 X114.626 Y115.831 E505.38156
G1 X114.428 Y116.031 E505.38333
G1 X114.199 Y116.12 E505.38487
G1 X109.597 Y116.12 E505.41372
G1 X114.526 Y125.752 E505.48157
G1 X114.516 Y126.42 E505.48576
G1 X114.459 Y126.589 E505.48687
G1 X114.344 Y126.745 E505.48809
G0 F7200 X114.344 Y127.228
G0 X119.12 Y129.12
G0 X119.4 Y129.4
G1 F3600 X119.4 Y110.6 E505.60597
G1 X100.6 Y110.6 E505.72385
G1 X100.6 Y129.4 E505.84173
G1 X119.4 Y129.4 E505.95961
G0 F7200 X119.8 Y129.8
;TYPE:WALL-OUTER
G1 F1800 X119.8 Y110.2 E506.0825
G1 X100.2 Y110.2 E506.2054
G1 X100.2 Y129.8 E506.32829
G1 X119.8 Y129.8 E506.45119
G0 F7200 X119.8 Y129.6
G0 X119.12 Y129.12
G0 X114.837 Y126.351
G0 X114.122 Y126.351
G1 F1800 X114.064 Y126.459 E506.45196
G1 X113.959 Y126.513 E506.4527
G1 X106.344 Y126.516 E506.50045
G1 X106.258 Y126.453 E506.50111
G1 X106.206 Y126.345 E506.50187
G1 X106.21 Y124.753 E506.51185
G1 X106.342 Y124.604 E506.5131
G1 X111.289 Y124.604 E506.54412
G1 X106.125 Y114.476 E506.6154
G1 X106.126 Y113.954 E506.61867
G1 X106.185 Y113.856 E506.61939
G1 X106.285 Y113.806 E506.62009
G1 X114.161 Y113.804 E506.66947
G1 X114.312 Y113.953 E506.6708
G1 X114.31 Y115.555 E506.68085
G1 X114.2 Y115.717 E506.68208
G1 X108.943 Y115.72 E506.71504
G1 X114.119 Y125.848 E506.78636
G1 X114.122 Y126.351 E506.78951
G0 F7200 X114.064 Y126.459
G0 X113.996 Y126.494
G0 X113.996 Y127.228
G0 X119.02 Y129.02
;TYPE:SKIN
G1 F1800 X100.98 Y129.02 E506.90262
G1 X100.98 Y110.98 E507.01574
G1 X119.02 Y110.98 E507.12885
G1 X119.02 Y129.02 E507.24197
G0 F7200 X114.578 Y127.228
G0 X114.578 Y127.04
G1 F1800 X114.778 Y126.786 E507.24399
G1 X114.886 Y126.507 E507.24587
G1 X114.904 Y125.777 E507.25045
G1 X114.809 Y125.471 E507.25246
G1 X110.216 Y116.5 E507.31565
G1 X114.143 Y116.498 E507.34027
G1 X114.419 Y116.45 E507.34203
G1 X114.799 Y116.217 E507.34482
G1 X115.033 Y115.835 E507.34763
G1 X115.09 Y115.546 E507.34948
G1 X115.09 Y113.97 E507.35936
G1 X115.038 Y113.683 E507.36119
G1 X114.939 Y113.482 E507.3626
G1 X114.754 Y113.263 E507.36439
G1 X114.483 Y113.097 E507.36639
G1 X114.138 Y113.026 E507.36859
G1 X106.185 Y113.026 E507.41846
G1 X105.921 Y113.11 E507.4202
G1 X105.636 Y113.302 E507.42235
G1 X105.453 Y113.542 E507.42425
G1 X105.335 Y113.845 E507.42628
G1 X105.363 Y114.719 E507.43177
G1 X110.013 Y123.824 E507.49587
G1 X106.366 Y123.828 E507.51874
G1 X105.983 Y123.914 E507.5212
G1 X105.668 Y124.152 E507.52368
G1 X105.43 Y124.602 E507.52687
G1 X105.426 Y126.432 E507.53834
G1 X105.495 Y126.682 E507.53997
G1 X105.67 Y126.96 E507.54203
G1 X105.963 Y127.187 E507.54435
G1 X106.365 Y127.292 E507.54696
G1 X114.051 Y127.294 E507.59515
G1 X114.283 Y127.224 E507.59667
G1 X114.578 Y127.04 E507.59885
G0 F7200 X114.578 Y127.228
G0 X101.18 Y128.333
G1 F1800 X101.667 Y128.82 E507.60317
G0 F7200 X102.233 Y128.82
G1 F1800 X101.18 Y127.767 E507.61251
G0 F7200 X101.18 Y127.201
G1 F1800 X102.798 Y128.82 E507.62686
G0 F7200 X103.364 Y128.82
G1 F1800 X101.18 Y126.636 E507.64622
G0 F7200 X101.18 Y126.07
G1 F1800 X103.93 Y128.82 E507.67061
G0 F7200 X104.496 Y128.82
G1 F1800 X101.18 Y125.504 E507.70001
G0 F7200 X101.18 Y124.939
G1 F1800 X105.061 Y128.82 E507.73443
G0 F7200 X105.627 Y128.82
G1 F1800 X101.18 Y124.373 E507.77386
G0 F7200 X101.18 Y123.807
G1 F1800 X106.193 Y128.82 E507.81831
G0 F7200 X106.758 Y128.82
G1 F1800 X101.18 Y123.242 E507.86777
G0 F7200 X101.18 Y122.676
G1 F1800 X105.396 Y126.892 E507.90516
G0 F7200 X105.859 Y127.355
G1 F1800 X107.324 Y128.82 E507.91815
G0 F7200 X107.89 Y128.82
G1 F1800 X106.566 Y127.496 E507.92989
G0 F7200 X107.132 Y127.496
G1 F1800 X108.455 Y128.82 E507.94163
G0 F7200 X109.021 Y128.82
G1 F1800 X107.697 Y127.496 E507.95337
G0 F7200 X108.262 Y127.496
G1 F1800 X109.587 Y128.82 E507.96511
G0 F7200 X110.152 Y128.82
G1 F1800 X108.827 Y127.495 E507.97686
G0 F7200 X109.392 Y127.494
G1 F1800 X110.718 Y128.82 E507.98862
G0 F7200 X111.284 Y128.82
G1 F1800 X109.958 Y127.494 E508.00038
G0 F7200 X110.523 Y127.493
G1 F1800 X111.849 Y128.82 E508.01214
G0 F7200 X112.415 Y128.82
G1 F1800 X111.089 Y127.493 E508.0239
G0 F7200 X111.654 Y127.493
G1 F1800 X112.981 Y128.82 E508.03567
G0 F7200 X113.546 Y128.82
G1 F1800 X112.219 Y127.492 E508.04744
G0 F7200 X112.784 Y127.492
G1 F1800 X114.112 Y128.82 E508.05922
G0 F7200 X114.678 Y128.82
G1 F1800 X113.349 Y127.491 E508.071
G0 F7200 X113.915 Y127.491
G1 F1800 X115.244 Y128.82 E508.08279
G0 F7200 X115.809 Y128.82
G1 F1800 X114.381 Y127.392 E508.09545
G0 F7200 X114.72 Y127.165
G1 F1800 X116.375 Y128.82 E508.11012
G0 F7200 X116.941 Y128.82
G1 F1800 X114.964 Y126.843 E508.12766
G0 F7200 X115.087 Y126.4
G1 F1800 X117.506 Y128.82 E508.14911
G0 F7200 X118.072 Y128.82
G1 F1800 X115.101 Y125.849 E508.17546
G1 X115.031 Y125.779
G0 F7200 X114.762 Y124.944
G1 F1800 X118.638 Y128.82 E508.20983
G0 F7200 X118.82 Y128.437
G1 F1800 X114.169 Y123.785 E508.25107
G1 X114.099 Y123.715
G0 F7200 X113.576 Y122.627
G1 F1800 X118.82 Y127.871 E508.29757
G0 F7200 X118.82 Y127.305
G1 F1800 X112.983 Y121.468 E508.34933
G1 X112.913 Y121.398
G0 F7200 X112.39 Y120.309
G1 F1800 X118.82 Y126.74 E508.40635
G0 F7200 X118.82 Y126.174
G1 F1800 X111.796 Y119.15 E508.46864
G1 X111.726 Y119.08
G0 F7200 X111.204 Y117.992
G1 F1800 X118.82 Y125.608 E508.53617
G0 F7200 X118.82 Y125.043
G1 F1800 X110.611 Y116.833 E508.60897
G0 F7200 X111.043 Y116.699
G1 F1800 X118.82 Y124.477 E508.67793
G0 F7200 X118.82 Y123.911
G1 F1800 X111.608 Y116.699 E508.74189
G0 F7200 X112.173 Y116.698
G1 F1800 X118.82 Y123.346 E508.80083
G0 F7200 X118.82 Y122.78
G1 F1800 X112.738 Y116.697 E508.85477
G0 F7200 X113.302 Y116.696
G1 F1800 X118.82 Y122.214 E508.9037
G0 F7200 X118.82 Y121.649
G1 F1800 X113.867 Y116.695 E508.94762
G0 F7200 X114.391 Y116.654
G1 F1800 X118.82 Y121.083 E508.9869
G0 F7200 X118.82 Y120.517
G1 F1800 X114.771 Y116.468 E509.0228
G0 F7200 X115.051 Y116.182
G1 F1800 X118.82 Y119.951 E509.05622
G0 F7200 X118.82 Y119.386
G1 F1800 X115.236 Y115.801 E509.08801
G0 F7200 X115.287 Y115.287
G1 F1800 X118.82 Y118.82 E509.11933
G0 F7200 X118.82 Y118.254
G1 F1800 X115.287 Y114.721 E509.15066
G0 F7200 X115.287 Y114.155
G1 F1800 X118.82 Y117.689 E509.182
G0 F7200 X118.82 Y117.123
G1 F1800 X115.145 Y113.448 E509.21458
G0 F7200 X114.691 Y112.994
G1 F1800 X112.878 Y111.181 E509.23066
G0 F7200 X113.443 Y111.181
G1 F1800 X118.82 Y116.557 E509.27834
G0 F7200 X118.82 Y115.992
G1 F1800 X114.009 Y111.181 E509.321
G0 F7200 X114.575 Y111.181
G1 F1800 X118.82 Y115.426 E509.35864
G0 F7200 X118.82 Y114.86
G1 F1800 X115.14 Y111.181 E509.39127
G0 F7200 X115.706 Y111.181
G1 F1800 X118.82 Y114.295 E509.41888
G0 F7200 X118.82 Y113.729
G1 F1800 X116.272 Y111.181 E509.44147
G0 F7200 X116.837 Y111.181
G1 F1800 X118.82 Y113.163 E509.45905
G0 F7200 X118.82 Y112.598
G1 F1800 X117.403 Y111.181 E509.47162
G0 F7200 X117.969 Y111.181
G1 F1800 X118.82 Y112.032 E509.47916
G0 F7200 X118.82 Y111.466
G1 F1800 X118.534 Y111.181 E509.4817
G0 F7200 X113.96 Y112.829
G1 F1800 X112.312 Y111.181 E509.49631
G0 F7200 X111.746 Y111.181
G1 F1800 X113.394 Y112.829 E509.51092
G0 F7200 X112.829 Y112.829
G1 F1800 X111.181 Y111.181 E509.52554
G0 F7200 X110.615 Y111.181
G1 F1800 X112.263 Y112.829 E509.54015
G0 F7200 X111.697 Y112.829
G1 F1800 X110.049 Y111.181 E509.55476
G0 F7200 X109.483 Y111.181
G1 F1800 X111.132 Y112.829 E509.56938
G0 F7200 X110.566 Y112.829
G1 F1800 X108.918 Y111.181 E509.58399
G0 F7200 X108.352 Y111.181
G1 F1800 X110 Y112.829 E509.59861
G0 F7200 X109.435 Y112.829
G1 F1800 X107.786 Y111.181 E509.61323
G0 F7200 X107.221 Y111.181
G1 F1800 X108.869 Y112.829 E509.62784
G0 F7200 X108.303 Y112.829
G1 F1800 X106.655 Y111.181 E509.64245
G0 F7200 X106.089 Y111.181
G1 F1800 X107.738 Y112.829 E509.65707
G0 F7200 X107.172 Y112.829
G1 F1800 X105.524 Y111.181 E509.67168
G0 F7200 X104.958 Y111.181
G1 F1800 X106.606 Y112.829 E509.6863
G0 F7200 X106.068 Y112.856
G1 F1800 X104.392 Y111.181 E509.70115
G0 F7200 X103.827 Y111.181
G1 F1800 X105.681 Y113.035 E509.71759
G0 F7200 X105.386 Y113.306
G1 F1800 X103.261 Y111.181 E509.73644
G0 F7200 X102.695 Y111.181
G1 F1800 X105.188 Y113.674 E509.75854
G0 F7200 X105.147 Y114.198
G1 F1800 X102.13 Y111.181 E509.7853
G0 F7200 X101.564 Y111.181
G1 F1800 X105.175 Y114.792 E509.81732
G1 X105.245 Y114.862
G0 F7200 X105.765 Y115.948
G1 F1800 X101.18 Y111.362 E509.85798
G0 F7200 X101.18 Y111.928
G1 F1800 X106.356 Y117.104 E509.90388
G1 X106.426 Y117.174
G0 F7200 X106.946 Y118.26
G1 F1800 X101.18 Y112.494 E509.95501
G0 F7200 X101.18 Y113.059
G1 F1800 X107.537 Y119.416 E510.01138
G1 X107.607 Y119.486
G0 F7200 X108.127 Y120.572
G1 F1800 X101.18 Y113.625 E510.07298
G0 F7200 X101.18 Y114.191
G1 F1800 X108.718 Y121.728 E510.13982
G1 X108.788 Y121.798
G0 F7200 X109.308 Y122.885
G1 F1800 X101.18 Y114.756 E510.21189
G0 F7200 X101.18 Y115.322
G1 F1800 X109.482 Y123.624 E510.28551
G0 F7200 X108.916 Y123.624
G1 F1800 X101.18 Y115.888 E510.35411
G0 F7200 X101.18 Y116.453
G1 F1800 X108.351 Y123.624 E510.4177
G0 F7200 X107.785 Y123.624
G1 F1800 X101.18 Y117.019 E510.47627
G0 F7200 X101.18 Y117.585
G1 F1800 X107.219 Y123.624 E510.52982
G0 F7200 X106.654 Y123.624
G1 F1800 X101.18 Y118.15 E510.57836
G0 F7200 X101.18 Y118.716
G1 F1800 X106.144 Y123.68 E510.62237
G0 F7200 X105.746 Y123.848
G1 F1800 X101.18 Y119.282 E510.66286
G0 F7200 X101.18 Y119.848
G1 F1800 X105.459 Y124.126 E510.7008
G0 F7200 X105.256 Y124.489
G1 F1800 X101.18 Y120.413 E510.73694
G0 F7200 X101.18 Y120.979
G1 F1800 X105.225 Y125.024 E510.77281
G0 F7200 X105.227 Y125.591
G1 F1800 X101.18 Y121.545 E510.8087
G0 F7200 X101.18 Y122.11
G1 F1800 X105.228 Y126.158 E510.84459
G1 X105.298 Y126.228
G0 F7200 X105.196 Y126.228
;MESH:NONMESH
G0 F600 X105.196 Y126.228 Z19.4
G0 F7200 X105.568 Y127.156
G0 X114.344 Y127.228
G0 X114.344 Y126.745
;TIME_ELAPSED:2118.796047
;LAYER:191
;TYPE:WALL-INNER
;MESH:xyzCalibration_cube.glb
G1 F3600 X114.159 Y126.869 E510.84599
G1 X113.997 Y126.916 E510.84704
G1 X106.404 Y126.916 E510.89465
G1 X106.155 Y126.863 E510.89625
G1 X105.966 Y126.727 E510.89771
G1 X105.856 Y126.561 E510.89896
G1 X105.81 Y126.403 E510.89999
G1 X105.804 Y124.699 E510.91068
G1 X105.956 Y124.404 E510.91276
G1 X106.148 Y124.26 E510.91426
G1 X106.404 Y124.204 E510.9159
G1 X110.635 Y124.204 E510.94243
G1 X105.738 Y114.609 E511.00998
G1 X105.717 Y113.907 E511.01438
G1 X105.798 Y113.707 E511.01573
G1 X105.915 Y113.561 E511.01691
G1 X106.244 Y113.404 E511.01919
G1 X114.112 Y113.404 E511.06853
G1 X114.32 Y113.441 E511.06985
G1 X114.493 Y113.54 E511.0711
G1 X114.68 Y113.809 E511.07316
G1 X114.712 Y114.004 E511.07439
G1 X114.712 Y115.633 E511.08461
G1 X114.626 Y115.831 E511.08596
G1 X114.428 Y116.031 E511.08773
G1 X114.199 Y116.12 E511.08927
G1 X109.597 Y116.12 E511.11812
G1 X114.526 Y125.752 E511.18597
G1 X114.516 Y126.42 E511.19015
G1 X114.459 Y126.589 E511.19127
G1 X114.344 Y126.745 E511.19249
G0 F7200 X114.344 Y127.228
G0 X119.12 Y129.12
G0 X119.4 Y129.4
G1 F3600 X119.4 Y110.6 E511.31037
G1 X100.6 Y110.6 E511.42825
G1 X100.6 Y129.4 E511.54613
G1 X119.4 Y129.4 E511.66401
G0 F7200 X119.8 Y129.8
;TYPE:WALL-OUTER
G1 F1800 X119.8 Y110.2 E511.7869
G1 X100.2 Y110.2 E511.9098
G1 X100.2 Y129.8 E512.03269
G1 X119.8 Y129.8 E512.15559
G0 F7200 X119.8 Y129.6
G0 X119.12 Y129.12
G0 X114.837 Y126.351
G0 X114.122 Y126.351
G1 F1800 X114.064 Y126.459 E512.15636
G1 X113.959 Y126.513 E512.1571
G1 X106.344 Y126.516 E512.20485
G1 X106.258 Y126.453 E512.20551
G1 X106.206 Y126.345 E512.20627
G1 X106.21 Y124.753 E512.21625
G1 X106.342 Y124.604 E512.2175
G1 X111.289 Y124.604 E512.24851
G1 X106.125 Y114.476 E512.3198
G1 X106.126 Y113.954 E512.32307
G1 X106.185 Y113.856 E512.32379
G1 X106.285 Y113.806 E512.32449
G1 X114.161 Y113.804 E512.37387
G1 X114.312 Y113.953 E512.3752
G1 X114.31 Y115.555 E512.38525
G1 X114.2 Y115.717 E512.38648
G1 X108.943 Y115.72 E512.41944
G1 X114.119 Y125.848 E512.49075
G1 X114.122 Y126.351 E512.49391
G0 F7200 X114.064 Y126.459
G0 X113.996 Y126.494
G0 X113.996 Y127.228
G0 X119.02 Y129.02
;TYPE:SKIN
G1 F1800 X100.98 Y129.02 E512.60702
G1 X100.98 Y110.98 E512.72014
G1 X119.02 Y110.98 E512.83325
G1 X119.02 Y129.02 E512.94637
G0 F7200 X114.578 Y127.228
G0 X114.578 Y127.04
G1 F1800 X114.778 Y126.786 E512.94839
G1 X114.886 Y126.507 E512.95027
G1 X114.904 Y125.777 E512.95485
G1 X114.809 Y125.471 E512.95686
G1 X110.216 Y116.5 E513.02005
G1 X114.143 Y116.498 E513.04467
G1 X114.419 Y116.45 E513.04643
G1 X114.799 Y116.217 E513.04922
G1 X115.033 Y115.835 E513.05203
G1 X115.09 Y115.546 E513.05388
G1 X115.09 Y113.97 E513.06376
G1 X115.038 Y113.683 E513.06559
G1 X114.939 Y113.482 E513.067
G1 X114.754 Y113.263 E513.06879
G1 X114.483 Y113.097 E513.07079
G1 X114.138 Y113.026 E513.07299
G1 X106.185 Y113.026 E513.12286
G1 X105.921 Y113.11 E513.1246
G1 X105.636 Y113.302 E513.12675
G1 X105.453 Y113.542 E513.12864
G1 X105.335 Y113.845 E513.13068
G1 X105.363 Y114.719 E513.13617
G1 X110.013 Y123.824 E513.20027
G1 X106.366 Y123.828 E513.22314
G1 X105.983 Y123.914 E513.2256
G1 X105.668 Y124.152 E513.22808
G1 X105.43 Y124.602 E513.23127
G1 X105.426 Y126.432 E513.24274
G1 X105.495 Y126.682 E513.24437
G1 X105.67 Y126.96 E513.24643
G1 X105.963 Y127.187 E513.24875
G1 X106.365 Y127.292 E513.25136
G1 X114.051 Y127.294 E513.29955
G1 X114.283 Y127.224 E513.30107
G1 X114.578 Y127.04 E513.30325
G0 F7200 X114.578 Y127.228
G0 X118.385 Y128.82
G1 F1800 X118.82 Y128.384 E513.30711
G0 F7200 X118.82 Y127.819
G1 F1800 X117.819 Y128.82 E513.31599
G0 F7200 X117.253 Y128.82
G1 F1800 X118.82 Y127.253 E513.32988
G0 F7200 X118.82 Y126.687
G1 F1800 X116.687 Y128.82 E513.3488
G0 F7200 X116.122 Y128.82
G1 F1800 X118.82 Y126.122 E513.37272
G0 F7200 X118.82 Y125.556
G1 F1800 X115.556 Y128.82 E513.40166
G0 F7200 X114.99 Y128.82
G1 F1800 X118.82 Y124.99 E513.43563
G0 F7200 X118.82 Y124.425
G1 F1800 X114.425 Y128.82 E513.4746
G0 F7200 X113.859 Y128.82
G1 F1800 X118.82 Y123.859 E513.51859
G0 F7200 X118.82 Y123.293
G1 F1800 X113.293 Y128.82 E513.5676
G0 F7200 X112.728 Y128.82
G1 F1800 X114.057 Y127.491 E513.57938
G0 F7200 X113.491 Y127.491
G1 F1800 X112.162 Y128.82 E513.59117
G0 F7200 X111.596 Y128.82
G1 F1800 X112.925 Y127.491 E513.60295
G0 F7200 X112.359 Y127.491
G1 F1800 X111.031 Y128.82 E513.61473
G0 F7200 X110.465 Y128.82
G1 F1800 X111.793 Y127.492 E513.62651
G0 F7200 X111.227 Y127.492
G1 F1800 X109.899 Y128.82 E513.63828
G0 F7200 X109.334 Y128.82
G1 F1800 X110.661 Y127.493 E513.65005
G0 F7200 X110.094 Y127.493
G1 F1800 X108.768 Y128.82 E513.66181
G0 F7200 X108.202 Y128.82
G1 F1800 X109.529 Y127.493 E513.67358
G0 F7200 X108.962 Y127.494
G1 F1800 X107.637 Y128.82 E513.68534
G0 F7200 X107.071 Y128.82
G1 F1800 X108.397 Y127.494 E513.69709
G0 F7200 X107.83 Y127.495
G1 F1800 X106.505 Y128.82 E513.70884
G0 F7200 X105.939 Y128.82
G1 F1800 X107.264 Y127.496 E513.72059
G0 F7200 X106.698 Y127.496
G1 F1800 X105.374 Y128.82 E513.73233
G0 F7200 X104.808 Y128.82
G1 F1800 X106.178 Y127.45 E513.74448
G0 F7200 X105.773 Y127.289
G1 F1800 X104.242 Y128.82 E513.75805
G0 F7200 X103.677 Y128.82
G1 F1800 X105.474 Y127.023 E513.77399
G0 F7200 X105.279 Y126.652
G1 F1800 X103.111 Y128.82 E513.79321
G0 F7200 X102.545 Y128.82
G1 F1800 X105.227 Y126.139 E513.81699
G0 F7200 X105.226 Y125.574
G1 F1800 X101.98 Y128.82 E513.84577
G0 F7200 X101.414 Y128.82
G1 F1800 X105.225 Y125.009 E513.87957
G0 F7200 X105.351 Y124.317
G1 F1800 X101.181 Y128.488 E513.91655
G0 F7200 X101.181 Y127.922
G1 F1800 X108.263 Y120.84 E513.97935
G0 F7200 X108.455 Y121.214
G1 F1800 X105.945 Y123.723 E514.0016
G0 F7200 X106.61 Y123.624
G1 F1800 X108.646 Y121.588 E514.01965
G0 F7200 X108.836 Y121.963
G1 F1800 X107.175 Y123.624 E514.03438
G0 F7200 X107.741 Y123.624
G1 F1800 X109.028 Y122.337 E514.04579
G0 F7200 X109.219 Y122.712
G1 F1800 X108.307 Y123.624 E514.05388
G0 F7200 X108.873 Y123.624
G1 F1800 X109.411 Y123.086 E514.05865
G0 F7200 X109.602 Y123.461
G1 F1800 X109.438 Y123.624 E514.0601
G0 F7200 X108.072 Y120.465
G1 F1800 X101.181 Y127.356 E514.12121
G0 F7200 X101.181 Y126.791
G1 F1800 X107.88 Y120.091 E514.18061
G0 F7200 X107.69 Y119.716
G1 F1800 X101.181 Y126.225 E514.23833
G0 F7200 X101.181 Y125.659
G1 F1800 X107.498 Y119.342 E514.29435
G0 F7200 X107.307 Y118.967
G1 F1800 X101.181 Y125.094 E514.34867
G0 F7200 X101.181 Y124.528
G1 F1800 X107.115 Y118.593 E514.4013
G0 F7200 X106.924 Y118.218
G1 F1800 X101.181 Y123.962 E514.45223
G0 F7200 X101.181 Y123.396
G1 F1800 X106.733 Y117.844 E514.50146
G0 F7200 X106.542 Y117.47
G1 F1800 X101.181 Y122.831 E514.549
G0 F7200 X101.181 Y122.265
G1 F1800 X106.351 Y117.095 E514.59484
G0 F7200 X106.159 Y116.721
G1 F1800 X101.181 Y121.699 E514.63898
G0 F7200 X101.181 Y121.134
G1 F1800 X105.968 Y116.346 E514.68143
G0 F7200 X105.777 Y115.972
G1 F1800 X101.181 Y120.568 E514.72219
G0 F7200 X101.181 Y120.002
G1 F1800 X105.586 Y115.597 E514.76125
G0 F7200 X105.394 Y115.223
G1 F1800 X101.181 Y119.437 E514.79861
G0 F7200 X101.181 Y118.871
G1 F1800 X105.203 Y114.848 E514.83428
G0 F7200 X105.151 Y114.335
G1 F1800 X101.181 Y118.305 E514.86949
G0 F7200 X101.181 Y117.74
G1 F1800 X105.15 Y113.77 E514.90468
G1 X105.22 Y113.7
G0 F7200 X106.061 Y112.859
G1 F1800 X107.74 Y111.18 E514.91957
G0 F7200 X107.175 Y111.18
G1 F1800 X101.181 Y117.174 E514.97272
G0 F7200 X101.181 Y116.608
G1 F1800 X106.609 Y111.18 E515.02086
G0 F7200 X106.043 Y111.18
G1 F1800 X101.181 Y116.043 E515.06397
G0 F7200 X101.181 Y115.477
G1 F1800 X105.478 Y111.18 E515.10208
G0 F7200 X104.912 Y111.18
G1 F1800 X101.181 Y114.911 E515.13516
G0 F7200 X101.181 Y114.346
G1 F1800 X104.346 Y111.18 E515.16323
G0 F7200 X103.781 Y111.18
G1 F1800 X101.181 Y113.78 E515.18629
G0 F7200 X101.181 Y113.214
G1 F1800 X103.215 Y111.18 E515.20432
G0 F7200 X102.649 Y111.18
G1 F1800 X101.181 Y112.648 E515.21734
G0 F7200 X101.181 Y112.083
G1 F1800 X102.084 Y111.18 E515.22535
G0 F7200 X101.518 Y111.18
G1 F1800 X101.181 Y111.517 E515.22833
G0 F7200 X106.657 Y112.829
G1 F1800 X108.306 Y111.18 E515.24296
G0 F7200 X108.872 Y111.18
G1 F1800 X107.223 Y112.829 E515.25758
G0 F7200 X107.789 Y112.829
G1 F1800 X109.438 Y111.18 E515.2722
G0 F7200 X110.003 Y111.18
G1 F1800 X108.354 Y112.829 E515.28682
G0 F7200 X108.92 Y112.829
G1 F1800 X110.569 Y111.18 E515.30145
G0 F7200 X111.135 Y111.18
G1 F1800 X109.486 Y112.829 E515.31607
G0 F7200 X110.051 Y112.829
G1 F1800 X111.7 Y111.18 E515.33069
G0 F7200 X112.266 Y111.18
G1 F1800 X110.617 Y112.829 E515.34531
G0 F7200 X111.183 Y112.829
G1 F1800 X112.832 Y111.18 E515.35994
G0 F7200 X113.397 Y111.18
G1 F1800 X111.748 Y112.829 E515.37456
G0 F7200 X112.314 Y112.829
G1 F1800 X113.963 Y111.18 E515.38918
G0 F7200 X114.529 Y111.18
G1 F1800 X112.88 Y112.829 E515.4038
G0 F7200 X113.445 Y112.829
G1 F1800 X115.094 Y111.18 E515.41843
G0 F7200 X115.66 Y111.18
G1 F1800 X114.011 Y112.829 E515.43305
G0 F7200 X114.5 Y112.905
G1 F1800 X116.226 Y111.18 E515.44835
G0 F7200 X116.791 Y111.18
G1 F1800 X114.865 Y113.106 E515.46543
G0 F7200 X115.127 Y113.41
G1 F1800 X117.357 Y111.18 E515.4852
G0 F7200 X117.923 Y111.18
G1 F1800 X115.268 Y113.834 E515.50874
G0 F7200 X115.287 Y114.381
G1 F1800 X118.488 Y111.18 E515.53712
G0 F7200 X118.82 Y111.414
G1 F1800 X115.288 Y114.946 E515.56844
G0 F7200 X115.288 Y115.512
G1 F1800 X118.82 Y111.98 E515.59976
G0 F7200 X118.82 Y112.545
G1 F1800 X111.939 Y119.427 E515.66078
G0 F7200 X112.13 Y119.801
G1 F1800 X118.82 Y113.111 E515.72011
G0 F7200 X118.82 Y113.677
G1 F1800 X112.322 Y120.175 E515.77773
G0 F7200 X112.513 Y120.549
G1 F1800 X118.82 Y114.242 E515.83365
G0 F7200 X118.82 Y114.808
G1 F1800 X112.705 Y120.923 E515.88788
G0 F7200 X112.896 Y121.298
G1 F1800 X118.82 Y115.374 E515.94041
G0 F7200 X118.82 Y115.939
G1 F1800 X113.088 Y121.672 E515.99124
G0 F7200 X113.279 Y122.046
G1 F1800 X118.82 Y116.505 E516.04037
G0 F7200 X118.82 Y117.071
G1 F1800 X113.471 Y122.42 E516.08781
G0 F7200 X113.662 Y122.794
G1 F1800 X118.82 Y117.636 E516.13354
G0 F7200 X118.82 Y118.202
G1 F1800 X113.854 Y123.168 E516.17758
G0 F7200 X114.045 Y123.543
G1 F1800 X118.82 Y118.768 E516.21992
G0 F7200 X118.82 Y119.333
G1 F1800 X114.237 Y123.917 E516.26056
G0 F7200 X114.428 Y124.291
G1 F1800 X118.82 Y119.899 E516.29951
G0 F7200 X118.82 Y120.465
G1 F1800 X114.62 Y124.665 E516.33675
G0 F7200 X114.812 Y125.039
G1 F1800 X118.82 Y121.031 E516.37229
G0 F7200 X118.82 Y121.596
G1 F1800 X115.001 Y125.415 E516.40616
G0 F7200 X115.101 Y125.881
G1 F1800 X118.82 Y122.162 E516.43914
G0 F7200 X118.82 Y122.728
G1 F1800 X115.086 Y126.462 E516.47225
G1 X115.016 Y126.532
G0 F7200 X111.747 Y119.053
G1 F1800 X114.105 Y116.695 E516.49316
G0 F7200 X113.539 Y116.695
G1 F1800 X111.556 Y118.678 E516.51074
G0 F7200 X111.364 Y118.304
G1 F1800 X112.972 Y116.696 E516.525
G0 F7200 X112.406 Y116.697
G1 F1800 X111.173 Y117.93 E516.53593
G0 F7200 X110.981 Y117.556
G1 F1800 X111.839 Y116.698 E516.54354
G0 F7200 X111.272 Y116.699
G1 F1800 X110.789 Y117.182 E516.54782
G0 F7200 X110.598 Y116.808
G1 F1800 X110.706 Y116.699 E516.54879
G0 F7200 X110.706 Y116.73
;MESH:NONMESH
G0 F600 X110.706 Y116.73 Z19.5
G0 F7200 X114.775 Y125.694
G0 X114.765 Y127.156
G0 X114.344 Y126.745
;TIME_ELAPSED:2150.294998
;LAYER:192
;TYPE:WALL-INNER
;MESH:xyzCalibration_cube.glb
G1 F3600 X114.159 Y126.869 E516.55018
G1 X113.997 Y126.916 E516.55124
G1 X106.404 Y126.916 E516.59885
G1 X106.155 Y126.863 E516.60045
G1 X105.966 Y126.727 E516.60191
G1 X105.856 Y126.561 E516.60315
G1 X105.81 Y126.403 E516.60419
G1 X105.804 Y124.687 E516.61495
G1 X105.956 Y124.404 E516.61696
G1 X106.148 Y124.26 E516.61846
G1 X106.404 Y124.204 E516.62011
G1 X110.635 Y124.204 E516.64664
G1 X105.738 Y114.609 E516.71418
G1 X105.717 Y113.907 E516.71859
G1 X105.798 Y113.707 E516.71994
G1 X105.915 Y113.561 E516.72111
G1 X106.244 Y113.404 E516.7234
G1 X114.112 Y113.404 E516.77273
G1 X114.32 Y113.441 E516.77406
G1 X114.493 Y113.54 E516.77531
G1 X114.68 Y113.809 E516.77736
G1 X114.712 Y114.004 E516.7786
G1 X114.712 Y115.633 E516.78881
G1 X114.626 Y115.831 E516.79017
G1 X114.428 Y116.031 E516.79193
G1 X114.199 Y116.12 E516.79347
G1 X109.597 Y116.12 E516.82233
G1 X114.526 Y125.752 E516.89017
G1 X114.516 Y126.42 E516.89436
G1 X114.459 Y126.589 E516.89548
G1 X114.344 Y126.745 E516.89669
G0 F7200 X114.344 Y127.228
G0 X119.12 Y129.12
G0 X119.4 Y129.4
G1 F3600 X119.4 Y110.6 E517.01457
G1 X100.6 Y110.6 E517.13245
G1 X100.6 Y129.4 E517.25033
G1 X119.4 Y129.4 E517.36821
G0 F7200 X119.8 Y129.8
;TYPE:WALL-OUTER
G1 F1800 X119.8 Y110.2 E517.49111
G1 X100.2 Y110.2 E517.614
G1 X100.2 Y129.8 E517.7369
G1 X119.8 Y129.8 E517.85979
G0 F7200 X119.8 Y129.6
G0 X119.12 Y129.12
G0 X114.837 Y126.351
G0 X114.122 Y126.351
G1 F1800 X114.064 Y126.459 E517.86056
G1 X113.959 Y126.513 E517.8613
G1 X106.344 Y126.516 E517.90905
G1 X106.258 Y126.453 E517.90972
G1 X106.206 Y126.345 E517.91047
G1 X106.21 Y124.753 E517.92045
G1 X106.342 Y124.604 E517.9217
G1 X111.289 Y124.604 E517.95272
G1 X106.125 Y114.476 E518.024
G1 X106.126 Y113.954 E518.02727
G1 X106.185 Y113.856 E518.02799
G1 X106.285 Y113.806 E518.02869
G1 X114.161 Y113.804 E518.07808
G1 X114.312 Y113.953 E518.07941
G1 X114.31 Y115.555 E518.08945
G1 X114.2 Y115.717 E518.09068
G1 X108.943 Y115.72 E518.12364
G1 X114.119 Y125.848 E518.19496
G1 X114.122 Y126.351 E518.19811
G0 F7200 X114.064 Y126.459
G0 X113.996 Y126.494
G0 X113.996 Y127.228
G0 X119.02 Y129.02
;TYPE:SKIN
G1 F1800 X100.98 Y129.02 E518.31123
G1 X100.98 Y110.98 E518.42434
G1 X119.02 Y110.98 E518.53745
G1 X119.02 Y129.02 E518.65057
G0 F7200 X114.283 Y127.228
G0 X114.283 Y127.224
G1 F1800 X114.578 Y127.04 E518.65275
G1 X114.778 Y126.786 E518.65478
G1 X114.886 Y126.507 E518.65665
G1 X114.904 Y125.777 E518.66123
G1 X114.809 Y125.471 E518.66324
G1 X110.216 Y116.5 E518.72643
G1 X114.143 Y116.498 E518.75106
G1 X114.419 Y116.45 E518.75281
G1 X114.799 Y116.217 E518.75561
G1 X115.033 Y115.835 E518.75842
G1 X115.09 Y115.546 E518.76026
G1 X115.09 Y113.97 E518.77015
G1 X115.038 Y113.683 E518.77197
G1 X114.939 Y113.482 E518.77338
G1 X114.754 Y113.263 E518.77518
G1 X114.483 Y113.097 E518.77717
G1 X114.138 Y113.026 E518.77938
G1 X106.185 Y113.026 E518.82924
G1 X105.921 Y113.11 E518.83098
G1 X105.636 Y113.302 E518.83314
G1 X105.453 Y113.542 E518.83503
G1 X105.335 Y113.845 E518.83707
G1 X105.363 Y114.719 E518.84255
G1 X110.013 Y123.824 E518.90665
G1 X106.366 Y123.828 E518.92952
G1 X105.983 Y123.914 E518.93198
G1 X105.668 Y124.152 E518.93446
G1 X105.43 Y124.602 E518.93765
G1 X105.426 Y126.432 E518.94913
G1 X105.495 Y126.682 E518.95075
G1 X105.67 Y126.96 E518.95281
G1 X105.963 Y127.187 E518.95514
G1 X106.365 Y127.292 E518.95774
G1 X114.051 Y127.294 E519.00593
G1 X114.283 Y127.224 E519.00745
G0 F7200 X114.283 Y127.228
G0 X101.18 Y128.333
G1 F1800 X101.667 Y128.82 E519.01177
G0 F7200 X102.233 Y128.82
G1 F1800 X101.18 Y127.767 E519.02111
G0 F7200 X101.18 Y127.201
G1 F1800 X102.798 Y128.82 E519.03546
G0 F7200 X103.364 Y128.82
G1 F1800 X101.18 Y126.636 E519.05483
G0 F7200 X101.18 Y126.07
G1 F1800 X103.93 Y128.82 E519.07921
G0 F7200 X104.496 Y128.82
G1 F1800 X101.18 Y125.504 E519.10862
G0 F7200 X101.18 Y124.939
G1 F1800 X105.061 Y128.82 E519.14303
G0 F7200 X105.627 Y128.82
G1 F1800 X101.18 Y124.373 E519.18246
G0 F7200 X101.18 Y123.807
G1 F1800 X106.193 Y128.82 E519.22692
G0 F7200 X106.758 Y128.82
G1 F1800 X101.18 Y123.242 E519.27638
G0 F7200 X101.18 Y122.676
G1 F1800 X105.396 Y126.892 E519.31376
G0 F7200 X105.859 Y127.355
G1 F1800 X107.324 Y128.82 E519.32675
G0 F7200 X107.89 Y128.82
G1 F1800 X106.566 Y127.496 E519.33849
G0 F7200 X107.132 Y127.496
G1 F1800 X108.455 Y128.82 E519.35023
G0 F7200 X109.021 Y128.82
G1 F1800 X107.697 Y127.496 E519.36197
G0 F7200 X108.262 Y127.496
G1 F1800 X109.587 Y128.82 E519.37372
G0 F7200 X110.152 Y128.82
G1 F1800 X108.827 Y127.495 E519.38546
G0 F7200 X109.392 Y127.494
G1 F1800 X110.718 Y128.82 E519.39722
G0 F7200 X111.284 Y128.82
G1 F1800 X109.958 Y127.494 E519.40898
G0 F7200 X110.523 Y127.493
G1 F1800 X111.849 Y128.82 E519.42074
G0 F7200 X112.415 Y128.82
G1 F1800 X111.089 Y127.493 E519.43251
G0 F7200 X111.654 Y127.493
G1 F1800 X112.981 Y128.82 E519.44427
G0 F7200 X113.546 Y128.82
G1 F1800 X112.219 Y127.492 E519.45604
G0 F7200 X112.784 Y127.492
G1 F1800 X114.112 Y128.82 E519.46782
G0 F7200 X114.678 Y128.82
G1 F1800 X113.349 Y127.491 E519.47961
G0 F7200 X113.915 Y127.491
G1 F1800 X115.244 Y128.82 E519.49139
G0 F7200 X115.809 Y128.82
G1 F1800 X114.381 Y127.392 E519.50405
G0 F7200 X114.72 Y127.165
G1 F1800 X116.375 Y128.82 E519.51873
G0 F7200 X116.941 Y128.82
G1 F1800 X114.964 Y126.843 E519.53626
G0 F7200 X115.087 Y126.4
G1 F1800 X117.506 Y128.82 E519.55771
G0 F7200 X118.072 Y128.82
G1 F1800 X115.101 Y125.849 E519.58406
G1 X115.031 Y125.779
G0 F7200 X114.762 Y124.944
G1 F1800 X118.638 Y128.82 E519.61843
G0 F7200 X118.82 Y128.437
G1 F1800 X114.169 Y123.785 E519.65968
G1 X114.099 Y123.715
G0 F7200 X113.576 Y122.627
G1 F1800 X118.82 Y127.871 E519.70618
G0 F7200 X118.82 Y127.305
G1 F1800 X112.983 Y121.468 E519.75793
G1 X112.913 Y121.398
G0 F7200 X112.39 Y120.309
G1 F1800 X118.82 Y126.74 E519.81496
G0 F7200 X118.82 Y126.174
G1 F1800 X111.796 Y119.15 E519.87724
G1 X111.726 Y119.08
G0 F7200 X111.204 Y117.992
G1 F1800 X118.82 Y125.608 E519.94477
G0 F7200 X118.82 Y125.043
G1 F1800 X110.611 Y116.833 E520.01757
G0 F7200 X111.043 Y116.699
G1 F1800 X118.82 Y124.477 E520.08654
G0 F7200 X118.82 Y123.911
G1 F1800 X111.608 Y116.699 E520.15049
G0 F7200 X112.173 Y116.698
G1 F1800 X118.82 Y123.346 E520.20944
G0 F7200 X118.82 Y122.78
G1 F1800 X112.738 Y116.697 E520.26337
G0 F7200 X113.302 Y116.696
G1 F1800 X118.82 Y122.214 E520.3123
G0 F7200 X118.82 Y121.649
G1 F1800 X113.867 Y116.695 E520.35623
G0 F7200 X114.391 Y116.654
G1 F1800 X118.82 Y121.083 E520.3955
G0 F7200 X118.82 Y120.517
G1 F1800 X114.771 Y116.468 E520.4314
G0 F7200 X115.051 Y116.182
G1 F1800 X118.82 Y119.951 E520.46482
G0 F7200 X118.82 Y119.386
G1 F1800 X115.236 Y115.801 E520.49661
G0 F7200 X115.287 Y115.287
G1 F1800 X118.82 Y118.82 E520.52794
G0 F7200 X118.82 Y118.254
G1 F1800 X115.287 Y114.721 E520.55927
G0 F7200 X115.287 Y114.155
G1 F1800 X118.82 Y117.689 E520.5906
G0 F7200 X118.82 Y117.123
G1 F1800 X115.145 Y113.448 E520.62319
G0 F7200 X114.691 Y112.994
G1 F1800 X112.878 Y111.181 E520.63926
G0 F7200 X113.443 Y111.181
G1 F1800 X118.82 Y116.557 E520.68694
G0 F7200 X118.82 Y115.992
G1 F1800 X114.009 Y111.181 E520.7296
G0 F7200 X114.575 Y111.181
G1 F1800 X118.82 Y115.426 E520.76724
G0 F7200 X118.82 Y114.86
G1 F1800 X115.14 Y111.181 E520.79987
G0 F7200 X115.706 Y111.181
G1 F1800 X118.82 Y114.295 E520.82748
G0 F7200 X118.82 Y113.729
G1 F1800 X116.272 Y111.181 E520.85008
G0 F7200 X116.837 Y111.181
G1 F1800 X118.82 Y113.163 E520.86766
G0 F7200 X118.82 Y112.598
G1 F1800 X117.403 Y111.181 E520.88022
G0 F7200 X117.969 Y111.181
G1 F1800 X118.82 Y112.032 E520.88777
G0 F7200 X118.82 Y111.466
G1 F1800 X118.534 Y111.181 E520.8903
G0 F7200 X113.96 Y112.829
G1 F1800 X112.312 Y111.181 E520.90491
G0 F7200 X111.746 Y111.181
G1 F1800 X113.394 Y112.829 E520.91953
G0 F7200 X112.829 Y112.829
G1 F1800 X111.181 Y111.181 E520.93414
G0 F7200 X110.615 Y111.181
G1 F1800 X112.263 Y112.829 E520.94875
G0 F7200 X111.697 Y112.829
G1 F1800 X110.049 Y111.181 E520.96337
G0 F7200 X109.483 Y111.181
G1 F1800 X111.132 Y112.829 E520.97798
G0 F7200 X110.566 Y112.829
G1 F1800 X108.918 Y111.181 E520.9926
G0 F7200 X108.352 Y111.181
G1 F1800 X110 Y112.829 E521.00721
G0 F7200 X109.435 Y112.829
G1 F1800 X107.786 Y111.181 E521.02183
G0 F7200 X107.221 Y111.181
G1 F1800 X108.869 Y112.829 E521.03644
G0 F7200 X108.303 Y112.829
G1 F1800 X106.655 Y111.181 E521.05106
G0 F7200 X106.089 Y111.181
G1 F1800 X107.738 Y112.829 E521.06567
G0 F7200 X107.172 Y112.829
G1 F1800 X105.524 Y111.181 E521.08029
G0 F7200 X104.958 Y111.181
G1 F1800 X106.606 Y112.829 E521.0949
G0 F7200 X106.068 Y112.856
G1 F1800 X104.392 Y111.181 E521.10976
G0 F7200 X103.827 Y111.181
G1 F1800 X105.681 Y113.035 E521.1262
G0 F7200 X105.386 Y113.306
G1 F1800 X103.261 Y111.181 E521.14504
G0 F7200 X102.695 Y111.181
G1 F1800 X105.188 Y113.674 E521.16715
G0 F7200 X105.147 Y114.198
G1 F1800 X102.13 Y111.181 E521.1939
G0 F7200 X101.564 Y111.181
G1 F1800 X105.175 Y114.792 E521.22592
G1 X105.245 Y114.862
G0 F7200 X105.765 Y115.948
G1 F1800 X101.18 Y111.362 E521.26658
G0 F7200 X101.18 Y111.928
G1 F1800 X106.356 Y117.104 E521.31248
G1 X106.426 Y117.174
G0 F7200 X106.946 Y118.26
G1 F1800 X101.18 Y112.494 E521.36361
G0 F7200 X101.18 Y113.059
G1 F1800 X107.537 Y119.416 E521.41998
G1 X107.607 Y119.486
G0 F7200 X108.127 Y120.572
G1 F1800 X101.18 Y113.625 E521.48158
G0 F7200 X101.18 Y114.191
G1 F1800 X108.718 Y121.728 E521.54842
G1 X108.788 Y121.798
G0 F7200 X109.308 Y122.885
G1 F1800 X101.18 Y114.756 E521.6205
G0 F7200 X101.18 Y115.322
G1 F1800 X109.482 Y123.624 E521.69411
G0 F7200 X108.916 Y123.624
G1 F1800 X101.18 Y115.888 E521.76271
G0 F7200 X101.18 Y116.453
G1 F1800 X108.351 Y123.624 E521.8263
G0 F7200 X107.785 Y123.624
G1 F1800 X101.18 Y117.019 E521.88487
G0 F7200 X101.18 Y117.585
G1 F1800 X107.219 Y123.624 E521.93842
G0 F7200 X106.654 Y123.624
G1 F1800 X101.18 Y118.15 E521.98696
G0 F7200 X101.18 Y118.716
G1 F1800 X106.144 Y123.68 E522.03098
G0 F7200 X105.746 Y123.848
G1 F1800 X101.18 Y119.282 E522.07147
G0 F7200 X101.18 Y119.848
G1 F1800 X105.459 Y124.126 E522.1094
G0 F7200 X105.256 Y124.489
G1 F1800 X101.18 Y120.413 E522.14555
G0 F7200 X101.18 Y120.979
G1 F1800 X105.225 Y125.024 E522.18142
G0 F7200 X105.227 Y125.591
G1 F1800 X101.18 Y121.545 E522.2173
G0 F7200 X101.18 Y122.11
G1 F1800 X105.228 Y126.158 E522.25319
G1 X105.298 Y126.228
G0 F7200 X105.196 Y126.228
;MESH:NONMESH
G0 F600 X105.196 Y126.228 Z19.6
G0 F7200 X105.568 Y127.156
G0 X114.344 Y127.228
G0 X114.344 Y126.745
;TIME_ELAPSED:2181.595499
;LAYER:193
;TYPE:WALL-INNER
;MESH:xyzCalibration_cube.glb
G1 F3600 X114.159 Y126.869 E522.25459
G1 X113.997 Y126.916 E522.25565
G1 X106.404 Y126.916 E522.30326
G1 X106.155 Y126.863 E522.30485
G1 X105.966 Y126.727 E522.30631
G1 X105.856 Y126.561 E522.30756
G1 X105.81 Y126.403 E522.30859
G1 X105.804 Y124.699 E522.31928
G1 X105.956 Y124.404 E522.32136
G1 X106.148 Y124.26 E522.32286
G1 X106.404 Y124.204 E522.32451
G1 X110.635 Y124.204 E522.35104
G1 X105.738 Y114.609 E522.41858
G1 X105.717 Y113.907 E522.42298
G1 X105.798 Y113.707 E522.42434
G1 X105.915 Y113.561 E522.42551
G1 X106.244 Y113.404 E522.4278
G1 X114.112 Y113.404 E522.47713
G1 X114.32 Y113.441 E522.47846
G1 X114.493 Y113.54 E522.47971
G1 X114.68 Y113.809 E522.48176
G1 X114.712 Y114.004 E522.483
G1 X114.712 Y115.633 E522.49321
G1 X114.626 Y115.831 E522.49457
G1 X114.428 Y116.031 E522.49633
G1 X114.199 Y116.12 E522.49787
G1 X109.597 Y116.12 E522.52673
G1 X114.526 Y125.752 E522.59457
G1 X114.516 Y126.42 E522.59876
G1 X114.459 Y126.589 E522.59988
G1 X114.344 Y126.745 E522.60109
G0 F7200 X114.344 Y127.228
G0 X119.12 Y129.12
G0 X119.4 Y129.4
G1 F3600 X119.4 Y110.6 E522.71897
G1 X100.6 Y110.6 E522.83685
G1 X100.6 Y129.4 E522.95473
G1 X119.4 Y129.4 E523.07261
G0 F7200 X119.8 Y129.8
;TYPE:WALL-OUTER
G1 F1800 X119.8 Y110.2 E523.19551
G1 X100.2 Y110.2 E523.3184
G1 X100.2 Y129.8 E523.4413
G1 X119.8 Y129.8 E523.56419
G0 F7200 X119.8 Y129.6
G0 X119.12 Y129.12
G0 X114.837 Y126.351
G0 X114.122 Y126.351
G1 F1800 X114.064 Y126.459 E523.56496
G1 X113.959 Y126.513 E523.5657
G1 X106.344 Y126.516 E523.61345
G1 X106.258 Y126.453 E523.61412
G1 X106.206 Y126.345 E523.61487
G1 X106.21 Y124.753 E523.62485
G1 X106.342 Y124.604 E523.6261
G1 X111.289 Y124.604 E523.65712
G1 X106.125 Y114.476 E523.7284
G1 X106.126 Y113.954 E523.73167
G1 X106.185 Y113.856 E523.73239
G1 X106.285 Y113.806 E523.73309
G1 X114.161 Y113.804 E523.78248
G1 X114.312 Y113.953 E523.78381
G1 X114.31 Y115.555 E523.79385
G1 X114.2 Y115.717 E523.79508
G1 X108.943 Y115.72 E523.82804
G1 X114.119 Y125.848 E523.89936
G1 X114.122 Y126.351 E523.90251
G0 F7200 X114.064 Y126.459
G0 X113.996 Y126.494
G0 X113.996 Y127.228
G0 X119.02 Y129.02
;TYPE:SKIN
G1 F1800 X100.98 Y129.02 E524.01563
G1 X100.98 Y110.98 E524.12874
G1 X119.02 Y110.98 E524.24185
G1 X119.02 Y129.02 E524.35497
G0 F7200 X114.283 Y127.228
G0 X114.283 Y127.224
G1 F1800 X114.578 Y127.04 E524.35715
G1 X114.778 Y126.786 E524.35918
G1 X114.886 Y126.507 E524.36105
G1 X114.904 Y125.777 E524.36563
G1 X114.809 Y125.471 E524.36764
G1 X110.216 Y116.5 E524.43083
G1 X114.143 Y116.498 E524.45546
G1 X114.419 Y116.45 E524.45721
G1 X114.799 Y116.217 E524.46001
G1 X115.033 Y115.835 E524.46282
G1 X115.09 Y115.546 E524.46466
G1 X115.09 Y113.97 E524.47454
G1 X115.038 Y113.683 E524.47637
G1 X114.939 Y113.482 E524.47778
G1 X114.754 Y113.263 E524.47958
G1 X114.483 Y113.097 E524.48157
G1 X114.138 Y113.026 E524.48378
G1 X106.185 Y113.026 E524.53364
G1 X105.921 Y113.11 E524.53538
G1 X105.636 Y113.302 E524.53754
G1 X105.453 Y113.542 E524.53943
G1 X105.335 Y113.845 E524.54147
G1 X105.363 Y114.719 E524.54695
G1 X110.013 Y123.824 E524.61105
G1 X106.366 Y123.828 E524.63392
G1 X105.983 Y123.914 E524.63638
G1 X105.668 Y124.152 E524.63886
G1 X105.43 Y124.602 E524.64205
G1 X105.426 Y126.432 E524.65352
G1 X105.495 Y126.682 E524.65515
G1 X105.67 Y126.96 E524.65721
G1 X105.963 Y127.187 E524.65953
G1 X106.365 Y127.292 E524.66214
G1 X114.051 Y127.294 E524.71033
G1 X114.283 Y127.224 E524.71185
G0 F7200 X114.283 Y127.228
G0 X118.385 Y128.82
G1 F1800 X118.82 Y128.384 E524.71571
G0 F7200 X118.82 Y127.819
G1 F1800 X117.819 Y128.82 E524.72459
G0 F7200 X117.253 Y128.82
G1 F1800 X118.82 Y127.253 E524.73849
G0 F7200 X118.82 Y126.687
G1 F1800 X116.687 Y128.82 E524.7574
G0 F7200 X116.122 Y128.82
G1 F1800 X118.82 Y126.122 E524.78132
G0 F7200 X118.82 Y125.556
G1 F1800 X115.556 Y128.82 E524.81027
G0 F7200 X114.99 Y128.82
G1 F1800 X118.82 Y124.99 E524.84423
G0 F7200 X118.82 Y124.425
G1 F1800 X114.425 Y128.82 E524.8832
G0 F7200 X113.859 Y128.82
G1 F1800 X118.82 Y123.859 E524.92719
G0 F7200 X118.82 Y123.293
G1 F1800 X113.293 Y128.82 E524.9762
G0 F7200 X112.728 Y128.82
G1 F1800 X114.057 Y127.491 E524.98799
G0 F7200 X113.491 Y127.491
G1 F1800 X112.162 Y128.82 E524.99977
G0 F7200 X111.596 Y128.82
G1 F1800 X112.925 Y127.491 E525.01156
G0 F7200 X112.359 Y127.491
G1 F1800 X111.031 Y128.82 E525.02334
G0 F7200 X110.465 Y128.82
G1 F1800 X111.793 Y127.492 E525.03511
G0 F7200 X111.227 Y127.492
G1 F1800 X109.899 Y128.82 E525.04689
G0 F7200 X109.334 Y128.82
G1 F1800 X110.661 Y127.493 E525.05866
G0 F7200 X110.094 Y127.493
G1 F1800 X108.768 Y128.82 E525.07042
G0 F7200 X108.202 Y128.82
G1 F1800 X109.529 Y127.493 E525.08218
G0 F7200 X108.962 Y127.494
G1 F1800 X107.637 Y128.82 E525.09394
G0 F7200 X107.071 Y128.82
G1 F1800 X108.397 Y127.494 E525.1057
G0 F7200 X107.83 Y127.495
G1 F1800 X106.505 Y128.82 E525.11745
G0 F7200 X105.939 Y128.82
G1 F1800 X107.264 Y127.496 E525.12919
G0 F7200 X106.698 Y127.496
G1 F1800 X105.374 Y128.82 E525.14093
G0 F7200 X104.808 Y128.82
G1 F1800 X106.178 Y127.45 E525.15308
G0 F7200 X105.773 Y127.289
G1 F1800 X104.242 Y128.82 E525.16666
G0 F7200 X103.677 Y128.82
G1 F1800 X105.474 Y127.023 E525.18259
G0 F7200 X105.279 Y126.652
G1 F1800 X103.111 Y128.82 E525.20181
G0 F7200 X102.545 Y128.82
G1 F1800 X105.227 Y126.139 E525.22559
G0 F7200 X105.226 Y125.574
G1 F1800 X101.98 Y128.82 E525.25438
G0 F7200 X101.414 Y128.82
G1 F1800 X105.225 Y125.009 E525.28817
G0 F7200 X105.351 Y124.317
G1 F1800 X101.181 Y128.488 E525.32515
G0 F7200 X101.181 Y127.922
G1 F1800 X108.263 Y120.84 E525.38795
G0 F7200 X108.455 Y121.214
G1 F1800 X105.945 Y123.723 E525.4102
G0 F7200 X106.61 Y123.624
G1 F1800 X108.646 Y121.588 E525.42826
G0 F7200 X108.836 Y121.963
G1 F1800 X107.175 Y123.624 E525.44299
G0 F7200 X107.741 Y123.624
G1 F1800 X109.028 Y122.337 E525.4544
G0 F7200 X109.219 Y122.712
G1 F1800 X108.307 Y123.624 E525.46248
G0 F7200 X108.873 Y123.624
G1 F1800 X109.411 Y123.086 E525.46726
G0 F7200 X109.602 Y123.461
G1 F1800 X109.438 Y123.624 E525.46871
G0 F7200 X108.072 Y120.465
G1 F1800 X101.181 Y127.356 E525.52981
G0 F7200 X101.181 Y126.791
G1 F1800 X107.88 Y120.091 E525.58922
G0 F7200 X107.69 Y119.716
G1 F1800 X101.181 Y126.225 E525.64694
G0 F7200 X101.181 Y125.659
G1 F1800 X107.498 Y119.342 E525.70295
G0 F7200 X107.307 Y118.967
G1 F1800 X101.181 Y125.094 E525.75728
G0 F7200 X101.181 Y124.528
G1 F1800 X107.115 Y118.593 E525.8099
G0 F7200 X106.924 Y118.218
G1 F1800 X101.181 Y123.962 E525.86083
G0 F7200 X101.181 Y123.396
G1 F1800 X106.733 Y117.844 E525.91006
G0 F7200 X106.542 Y117.47
G1 F1800 X101.181 Y122.831 E525.9576
G0 F7200 X101.181 Y122.265
G1 F1800 X106.351 Y117.095 E526.00344
G0 F7200 X106.159 Y116.721
G1 F1800 X101.181 Y121.699 E526.04759
G0 F7200 X101.181 Y121.134
G1 F1800 X105.968 Y116.346 E526.09004
G0 F7200 X105.777 Y115.972
G1 F1800 X101.181 Y120.568 E526.13079
G0 F7200 X101.181 Y120.002
G1 F1800 X105.586 Y115.597 E526.16985
G0 F7200 X105.394 Y115.223
G1 F1800 X101.181 Y119.437 E526.20722
G0 F7200 X101.181 Y118.871
G1 F1800 X105.203 Y114.848 E526.24289
G0 F7200 X105.151 Y114.335
G1 F1800 X101.181 Y118.305 E526.27809
G0 F7200 X101.181 Y117.74
G1 F1800 X105.15 Y113.77 E526.31329
G1 X105.22 Y113.7
G0 F7200 X106.061 Y112.859
G1 F1800 X107.74 Y111.18 E526.32818
G0 F7200 X107.175 Y111.18
G1 F1800 X101.181 Y117.174 E526.38133
G0 F7200 X101.181 Y116.608
G1 F1800 X106.609 Y111.18 E526.42946
G0 F7200 X106.043 Y111.18
G1 F1800 X101.181 Y116.043 E526.47258
G0 F7200 X101.181 Y115.477
G1 F1800 X105.478 Y111.18 E526.51068
G0 F7200 X104.912 Y111.18
G1 F1800 X101.181 Y114.911 E526.54376
G0 F7200 X101.181 Y114.346
G1 F1800 X104.346 Y111.18 E526.57183
G0 F7200 X103.781 Y111.18
G1 F1800 X101.181 Y113.78 E526.59489
G0 F7200 X101.181 Y113.214
G1 F1800 X103.215 Y111.18 E526.61293
G0 F7200 X102.649 Y111.18
G1 F1800 X101.181 Y112.648 E526.62594
G0 F7200 X101.181 Y112.083
G1 F1800 X102.084 Y111.18 E526.63395
G0 F7200 X101.518 Y111.18
G1 F1800 X101.181 Y111.517 E526.63694
G0 F7200 X106.657 Y112.829
G1 F1800 X108.306 Y111.18 E526.65156
G0 F7200 X108.872 Y111.18
G1 F1800 X107.223 Y112.829 E526.66618
G0 F7200 X107.789 Y112.829
G1 F1800 X109.438 Y111.18 E526.68081
G0 F7200 X110.003 Y111.18
G1 F1800 X108.354 Y112.829 E526.69543
G0 F7200 X108.92 Y112.829
G1 F1800 X110.569 Y111.18 E526.71005
G0 F7200 X111.135 Y111.18
G1 F1800 X109.486 Y112.829 E526.72467
G0 F7200 X110.051 Y112.829
G1 F1800 X111.7 Y111.18 E526.73929
G0 F7200 X112.266 Y111.18
G1 F1800 X110.617 Y112.829 E526.75392
G0 F7200 X111.183 Y112.829
G1 F1800 X112.832 Y111.18 E526.76854
G0 F7200 X113.397 Y111.18
G1 F1800 X111.748 Y112.829 E526.78316
G0 F7200 X112.314 Y112.829
G1 F1800 X113.963 Y111.18 E526.79778
G0 F7200 X114.529 Y111.18
G1 F1800 X112.88 Y112.829 E526.81241
G0 F7200 X113.445 Y112.829
G1 F1800 X115.094 Y111.18 E526.82703
G0 F7200 X115.66 Y111.18
G1 F1800 X114.011 Y112.829 E526.84165
G0 F7200 X114.5 Y112.905
G1 F1800 X116.226 Y111.18 E526.85695
G0 F7200 X116.791 Y111.18
G1 F1800 X114.865 Y113.106 E526.87403
G0 F7200 X115.127 Y113.41
G1 F1800 X117.357 Y111.18 E526.8938
G0 F7200 X117.923 Y111.18
G1 F1800 X115.268 Y113.834 E526.91734
G0 F7200 X115.287 Y114.381
G1 F1800 X118.488 Y111.18 E526.94573
G0 F7200 X118.82 Y111.414
G1 F1800 X115.288 Y114.946 E526.97705
G0 F7200 X115.288 Y115.512
G1 F1800 X118.82 Y111.98 E527.00837
G0 F7200 X118.82 Y112.545
G1 F1800 X111.939 Y119.427 E527.06939
G0 F7200 X112.13 Y119.801
G1 F1800 X118.82 Y113.111 E527.12871
G0 F7200 X118.82 Y113.677
G1 F1800 X112.322 Y120.175 E527.18633
G0 F7200 X112.513 Y120.549
G1 F1800 X118.82 Y114.242 E527.24226
G0 F7200 X118.82 Y114.808
G1 F1800 X112.705 Y120.923 E527.29648
G0 F7200 X112.896 Y121.298
G1 F1800 X118.82 Y115.374 E527.34901
G0 F7200 X118.82 Y115.939
G1 F1800 X113.088 Y121.672 E527.39984
G0 F7200 X113.279 Y122.046
G1 F1800 X118.82 Y116.505 E527.44898
G0 F7200 X118.82 Y117.071
G1 F1800 X113.471 Y122.42 E527.49641
G0 F7200 X113.662 Y122.794
G1 F1800 X118.82 Y117.636 E527.54215
G0 F7200 X118.82 Y118.202
G1 F1800 X113.854 Y123.168 E527.58618
G0 F7200 X114.045 Y123.543
G1 F1800 X118.82 Y118.768 E527.62852
G0 F7200 X118.82 Y119.333
G1 F1800 X114.237 Y123.917 E527.66917
G0 F7200 X114.428 Y124.291
G1 F1800 X118.82 Y119.899 E527.70811
G0 F7200 X118.82 Y120.465
G1 F1800 X114.62 Y124.665 E527.74536
G0 F7200 X114.812 Y125.039
G1 F1800 X118.82 Y121.031 E527.7809
G0 F7200 X118.82 Y121.596
G1 F1800 X115.001 Y125.415 E527.81476
G0 F7200 X115.101 Y125.881
G1 F1800 X118.82 Y122.162 E527.84774
G0 F7200 X118.82 Y122.728
G1 F1800 X115.086 Y126.462 E527.88085
G1 X115.016 Y126.532
G0 F7200 X111.747 Y119.053
G1 F1800 X114.105 Y116.695 E527.90176
G0 F7200 X113.539 Y116.695
G1 F1800 X111.556 Y118.678 E527.91934
G0 F7200 X111.364 Y118.304
G1 F1800 X112.972 Y116.696 E527.9336
G0 F7200 X112.406 Y116.697
G1 F1800 X111.173 Y117.93 E527.94454
G0 F7200 X110.981 Y117.556
G1 F1800 X111.839 Y116.698 E527.95214
G0 F7200 X111.272 Y116.699
G1 F1800 X110.789 Y117.182 E527.95643
G0 F7200 X110.598 Y116.808
G1 F1800 X110.706 Y116.699 E527.95739
G0 F7200 X110.706 Y116.73
;MESH:NONMESH
G0 F600 X110.706 Y116.73 Z19.7
G0 F7200 X114.775 Y125.694
G0 X114.765 Y127.156
G0 X114.344 Y126.745
;TIME_ELAPSED:2213.085369
;LAYER:194
;TYPE:WALL-INNER
;MESH:xyzCalibration_cube.glb
G1 F3600 X114.159 Y126.869 E527.95879
G1 X113.997 Y126.916 E527.95984
G1 X106.404 Y126.916 E528.00745
G1 X106.155 Y126.863 E528.00905
G1 X105.966 Y126.727 E528.01051
G1 X105.856 Y126.561 E528.01176
G1 X105.81 Y126.403 E528.01279
G1 X105.804 Y124.699 E528.02347
G1 X105.956 Y124.404 E528.02555
G1 X106.148 Y124.26 E528.02706
G1 X106.404 Y124.204 E528.0287
G1 X110.635 Y124.204 E528.05523
G1 X105.738 Y114.609 E528.12278
G1 X105.717 Y113.907 E528.12718
G1 X105.798 Y113.707 E528.12853
G1 X105.915 Y113.561 E528.12971
G1 X106.244 Y113.404 E528.13199
G1 X114.112 Y113.404 E528.18133
G1 X114.32 Y113.441 E528.18265
G1 X114.493 Y113.54 E528.1839
G1 X114.68 Y113.809 E528.18595
G1 X114.712 Y114.004 E528.18719
G1 X114.712 Y115.633 E528.19741
G1 X114.626 Y115.831 E528.19876
G1 X114.428 Y116.031 E528.20053
G1 X114.199 Y116.12 E528.20207
G1 X109.597 Y116.12 E528.23092
G1 X114.526 Y125.752 E528.29876
G1 X114.516 Y126.42 E528.30295
G1 X114.459 Y126.589 E528.30407
G1 X114.344 Y126.745 E528.30529
G0 F7200 X114.344 Y127.228
G0 X119.12 Y129.12
G0 X119.4 Y129.4
G1 F3600 X119.4 Y110.6 E528.42317
G1 X100.6 Y110.6 E528.54105
G1 X100.6 Y129.4 E528.65893
G1 X119.4 Y129.4 E528.77681
G0 F7200 X119.8 Y129.8
;TYPE:WALL-OUTER
G1 F1800 X119.8 Y110.2 E528.8997
G1 X100.2 Y110.2 E529.0226
G1 X100.2 Y129.8 E529.14549
G1 X119.8 Y129.8 E529.26839
G0 F7200 X119.8 Y129.6
G0 X119.12 Y129.12
G0 X114.837 Y126.351
G0 X114.122 Y126.351
G1 F1800 X114.064 Y126.459 E529.26916
G1 X113.959 Y126.513 E529.2699
G1 X106.344 Y126.516 E529.31764
G1 X106.258 Y126.453 E529.31831
G1 X106.206 Y126.345 E529.31906
G1 X106.21 Y124.753 E529.32905
G1 X106.254 Y124.67 E529.32964
G1 X106.356 Y124.609 E529.33038
G1 X111.289 Y124.604 E529.36131
G1 X106.125 Y114.476 E529.43259
G1 X106.126 Y113.954 E529.43587
G1 X106.185 Y113.856 E529.43658
G1 X106.285 Y113.806 E529.43729
G1 X114.161 Y113.804 E529.48667
G1 X114.312 Y113.953 E529.488
G1 X114.31 Y115.555 E529.49804
G1 X114.2 Y115.717 E529.49927
G1 X108.943 Y115.72 E529.53223
G1 X114.119 Y125.848 E529.60355
G1 X114.122 Y126.351 E529.60671
G0 F7200 X114.064 Y126.459
G0 X113.996 Y126.494
G0 X113.996 Y127.228
G0 X119.02 Y129.02
;TYPE:SKIN
G1 F1800 X100.98 Y129.02 E529.71982
G1 X100.98 Y110.98 E529.83293
G1 X119.02 Y110.98 E529.94605
G1 X119.02 Y129.02 E530.05916
G0 F7200 X114.578 Y127.228
G0 X114.578 Y127.04
G1 F1800 X114.778 Y126.786 E530.06119
G1 X114.886 Y126.507 E530.06307
G1 X114.904 Y125.777 E530.06764
G1 X114.809 Y125.471 E530.06965
G1 X110.216 Y116.5 E530.13285
G1 X114.143 Y116.498 E530.15747
G1 X114.419 Y116.45 E530.15923
G1 X114.799 Y116.217 E530.16202
G1 X115.033 Y115.835 E530.16483
G1 X115.092 Y115.516 E530.16686
G1 X115.09 Y113.97 E530.17656
G1 X115.038 Y113.683 E530.17839
G1 X114.939 Y113.482 E530.17979
G1 X114.754 Y113.263 E530.18159
G1 X114.483 Y113.097 E530.18358
G1 X114.138 Y113.026 E530.18579
G1 X106.185 Y113.026 E530.23566
G1 X105.921 Y113.11 E530.23739
G1 X105.636 Y113.302 E530.23955
G1 X105.453 Y113.542 E530.24144
G1 X105.335 Y113.845 E530.24348
G1 X105.363 Y114.719 E530.24896
G1 X110.013 Y123.824 E530.31307
G1 X106.366 Y123.828 E530.33593
G1 X105.983 Y123.914 E530.3384
G1 X105.668 Y124.152 E530.34087
G1 X105.43 Y124.602 E530.34406
G1 X105.426 Y126.432 E530.35554
G1 X105.495 Y126.682 E530.35716
G1 X105.67 Y126.96 E530.35922
G1 X105.963 Y127.187 E530.36155
G1 X106.365 Y127.292 E530.36415
G1 X114.051 Y127.294 E530.41235
G1 X114.283 Y127.224 E530.41386
G1 X114.578 Y127.04 E530.41604
G0 F7200 X114.578 Y127.228
G0 X101.18 Y128.333
G1 F1800 X101.667 Y128.82 E530.42036
G0 F7200 X102.233 Y128.82
G1 F1800 X101.18 Y127.767 E530.4297
G0 F7200 X101.18 Y127.201
G1 F1800 X102.798 Y128.82 E530.44405
G0 F7200 X103.364 Y128.82
G1 F1800 X101.18 Y126.636 E530.46342
G0 F7200 X101.18 Y126.07
G1 F1800 X103.93 Y128.82 E530.4878
G0 F7200 X104.496 Y128.82
G1 F1800 X101.18 Y125.504 E530.51721
G0 F7200 X101.18 Y124.939
G1 F1800 X105.061 Y128.82 E530.55162
G0 F7200 X105.627 Y128.82
G1 F1800 X101.18 Y124.373 E530.59106
G0 F7200 X101.18 Y123.807
G1 F1800 X106.193 Y128.82 E530.63551
G0 F7200 X106.758 Y128.82
G1 F1800 X101.18 Y123.242 E530.68497
G0 F7200 X101.18 Y122.676
G1 F1800 X105.396 Y126.892 E530.72236
G0 F7200 X105.859 Y127.355
G1 F1800 X107.324 Y128.82 E530.73535
G0 F7200 X107.89 Y128.82
G1 F1800 X106.566 Y127.496 E530.74709
G0 F7200 X107.132 Y127.496
G1 F1800 X108.455 Y128.82 E530.75882
G0 F7200 X109.021 Y128.82
G1 F1800 X107.697 Y127.496 E530.77056
G0 F7200 X108.262 Y127.496
G1 F1800 X109.587 Y128.82 E530.78231
G0 F7200 X110.152 Y128.82
G1 F1800 X108.827 Y127.495 E530.79406
G0 F7200 X109.392 Y127.494
G1 F1800 X110.718 Y128.82 E530.80581
G0 F7200 X111.284 Y128.82
G1 F1800 X109.958 Y127.494 E530.81757
G0 F7200 X110.523 Y127.493
G1 F1800 X111.849 Y128.82 E530.82934
G0 F7200 X112.415 Y128.82
G1 F1800 X111.089 Y127.493 E530.8411
G0 F7200 X111.654 Y127.493
G1 F1800 X112.981 Y128.82 E530.85287
G0 F7200 X113.546 Y128.82
G1 F1800 X112.219 Y127.492 E530.86464
G0 F7200 X112.784 Y127.492
G1 F1800 X114.112 Y128.82 E530.87641
G0 F7200 X114.678 Y128.82
G1 F1800 X113.349 Y127.491 E530.8882
G0 F7200 X113.915 Y127.491
G1 F1800 X115.244 Y128.82 E530.89998
G0 F7200 X115.809 Y128.82
G1 F1800 X114.381 Y127.392 E530.91264
G0 F7200 X114.72 Y127.165
G1 F1800 X116.375 Y128.82 E530.92732
G0 F7200 X116.941 Y128.82
G1 F1800 X114.964 Y126.843 E530.94485
G0 F7200 X115.087 Y126.4
G1 F1800 X117.506 Y128.82 E530.96631
G0 F7200 X118.072 Y128.82
G1 F1800 X115.101 Y125.849 E530.99265
G1 X115.031 Y125.779
G0 F7200 X114.762 Y124.944
G1 F1800 X118.638 Y128.82 E531.02702
G0 F7200 X118.82 Y128.437
G1 F1800 X114.169 Y123.785 E531.06827
G1 X114.099 Y123.715
G0 F7200 X113.576 Y122.627
G1 F1800 X118.82 Y127.871 E531.11477
G0 F7200 X118.82 Y127.305
G1 F1800 X112.983 Y121.468 E531.16653
G1 X112.913 Y121.398
G0 F7200 X112.39 Y120.309
G1 F1800 X118.82 Y126.74 E531.22355
G0 F7200 X118.82 Y126.174
G1 F1800 X111.796 Y119.15 E531.28583
G1 X111.726 Y119.08
G0 F7200 X111.204 Y117.992
G1 F1800 X118.82 Y125.608 E531.35337
G0 F7200 X118.82 Y125.043
G1 F1800 X110.611 Y116.833 E531.42616
G0 F7200 X111.043 Y116.699
G1 F1800 X118.82 Y124.477 E531.49513
G0 F7200 X118.82 Y123.911
G1 F1800 X111.608 Y116.699 E531.55908
G0 F7200 X112.173 Y116.698
G1 F1800 X118.82 Y123.346 E531.61803
G0 F7200 X118.82 Y122.78
G1 F1800 X112.738 Y116.697 E531.67196
G0 F7200 X113.302 Y116.696
G1 F1800 X118.82 Y122.214 E531.72089
G0 F7200 X118.82 Y121.649
G1 F1800 X113.867 Y116.695 E531.76482
G0 F7200 X114.391 Y116.654
G1 F1800 X118.82 Y121.083 E531.80409
G0 F7200 X118.82 Y120.517
G1 F1800 X114.771 Y116.468 E531.84
G0 F7200 X115.051 Y116.182
G1 F1800 X118.82 Y119.951 E531.87342
G0 F7200 X118.82 Y119.386
G1 F1800 X115.233 Y115.799 E531.90522
G0 F7200 X115.291 Y115.291
G1 F1800 X118.82 Y118.82 E531.93652
G0 F7200 X118.82 Y118.254
G1 F1800 X115.289 Y114.723 E531.96783
G0 F7200 X115.287 Y114.156
G1 F1800 X118.82 Y117.689 E531.99916
G0 F7200 X118.82 Y117.123
G1 F1800 X115.145 Y113.448 E532.03174
G0 F7200 X114.691 Y112.994
G1 F1800 X112.878 Y111.181 E532.04782
G0 F7200 X113.443 Y111.181
G1 F1800 X118.82 Y116.557 E532.0955
G0 F7200 X118.82 Y115.992
G1 F1800 X114.009 Y111.181 E532.13816
G0 F7200 X114.575 Y111.181
G1 F1800 X118.82 Y115.426 E532.1758
G0 F7200 X118.82 Y114.86
G1 F1800 X115.14 Y111.181 E532.20843
G0 F7200 X115.706 Y111.181
G1 F1800 X118.82 Y114.295 E532.23604
G0 F7200 X118.82 Y113.729
G1 F1800 X116.272 Y111.181 E532.25863
G0 F7200 X116.837 Y111.181
G1 F1800 X118.82 Y113.163 E532.27621
G0 F7200 X118.82 Y112.598
G1 F1800 X117.403 Y111.181 E532.28878
G0 F7200 X117.969 Y111.181
G1 F1800 X118.82 Y112.032 E532.29632
G0 F7200 X118.82 Y111.466
G1 F1800 X118.534 Y111.181 E532.29886
G0 F7200 X113.96 Y112.829
G1 F1800 X112.312 Y111.181 E532.31347
G0 F7200 X111.746 Y111.181
G1 F1800 X113.394 Y112.829 E532.32808
G0 F7200 X112.829 Y112.829
G1 F1800 X111.181 Y111.181 E532.3427
G0 F7200 X110.615 Y111.181
G1 F1800 X112.263 Y112.829 E532.35731
G0 F7200 X111.697 Y112.829
G1 F1800 X110.049 Y111.181 E532.37192
G0 F7200 X109.483 Y111.181
G1 F1800 X111.132 Y112.829 E532.38654
G0 F7200 X110.566 Y112.829
G1 F1800 X108.918 Y111.181 E532.40115
G0 F7200 X108.352 Y111.181
G1 F1800 X110 Y112.829 E532.41577
G0 F7200 X109.435 Y112.829
G1 F1800 X107.786 Y111.181 E532.43039
G0 F7200 X107.221 Y111.181
G1 F1800 X108.869 Y112.829 E532.445
G0 F7200 X108.303 Y112.829
G1 F1800 X106.655 Y111.181 E532.45961
G0 F7200 X106.089 Y111.181
G1 F1800 X107.738 Y112.829 E532.47423
G0 F7200 X107.172 Y112.829
G1 F1800 X105.524 Y111.181 E532.48884
G0 F7200 X104.958 Y111.181
G1 F1800 X106.606 Y112.829 E532.50346
G0 F7200 X106.068 Y112.856
G1 F1800 X104.392 Y111.181 E532.51831
G0 F7200 X103.827 Y111.181
G1 F1800 X105.681 Y113.035 E532.53475
G0 F7200 X105.386 Y113.306
G1 F1800 X103.261 Y111.181 E532.5536
G0 F7200 X102.695 Y111.181
G1 F1800 X105.188 Y113.674 E532.5757
G0 F7200 X105.147 Y114.198
G1 F1800 X102.13 Y111.181 E532.60246
G0 F7200 X101.564 Y111.181
G1 F1800 X105.175 Y114.792 E532.63448
G1 X105.245 Y114.862
G0 F7200 X105.765 Y115.948
G1 F1800 X101.18 Y111.362 E532.67514
G0 F7200 X101.18 Y111.928
G1 F1800 X106.356 Y117.104 E532.72104
G1 X106.426 Y117.174
G0 F7200 X106.946 Y118.26
G1 F1800 X101.18 Y112.494 E532.77217
G0 F7200 X101.18 Y113.059
G1 F1800 X107.537 Y119.416 E532.82854
G1 X107.607 Y119.486
G0 F7200 X108.127 Y120.572
G1 F1800 X101.18 Y113.625 E532.89014
G0 F7200 X101.18 Y114.191
G1 F1800 X108.718 Y121.728 E532.95698
G1 X108.788 Y121.798
G0 F7200 X109.308 Y122.885
G1 F1800 X101.18 Y114.756 E533.02905
G0 F7200 X101.18 Y115.322
G1 F1800 X109.482 Y123.624 E533.10267
G0 F7200 X108.916 Y123.624
G1 F1800 X101.18 Y115.888 E533.17127
G0 F7200 X101.18 Y116.453
G1 F1800 X108.351 Y123.624 E533.23486
G0 F7200 X107.785 Y123.624
G1 F1800 X101.18 Y117.019 E533.29343
G0 F7200 X101.18 Y117.585
G1 F1800 X107.219 Y123.624 E533.34698
G0 F7200 X106.654 Y123.624
G1 F1800 X101.18 Y118.15 E533.39552
G0 F7200 X101.18 Y118.716
G1 F1800 X106.144 Y123.68 E533.43953
G0 F7200 X105.746 Y123.848
G1 F1800 X101.18 Y119.282 E533.48002
G0 F7200 X101.18 Y119.848
G1 F1800 X105.459 Y124.126 E533.51796
G0 F7200 X105.256 Y124.489
G1 F1800 X101.18 Y120.413 E533.5541
G0 F7200 X101.18 Y120.979
G1 F1800 X105.225 Y125.024 E533.58997
G0 F7200 X105.227 Y125.591
G1 F1800 X101.18 Y121.545 E533.62586
G0 F7200 X101.18 Y122.11
G1 F1800 X105.228 Y126.158 E533.66175
G1 X105.298 Y126.228
G0 F7200 X105.196 Y126.228
;MESH:NONMESH
G0 F600 X105.196 Y126.228 Z19.8
G0 F7200 X105.568 Y127.156
G0 X114.344 Y127.228
G0 X114.344 Y126.745
;TIME_ELAPSED:2244.399220
;LAYER:195
;TYPE:WALL-INNER
;MESH:xyzCalibration_cube.glb
G1 F3600 X114.159 Y126.869 E533.66315
G1 X113.997 Y126.916 E533.6642
G1 X106.404 Y126.916 E533.71181
G1 X106.155 Y126.863 E533.71341
G1 X105.966 Y126.727 E533.71487
G1 X105.856 Y126.561 E533.71612
G1 X105.81 Y126.403 E533.71715
G1 X105.804 Y124.699 E533.72783
G1 X105.956 Y124.404 E533.72992
G1 X106.148 Y124.26 E533.73142
G1 X106.404 Y124.204 E533.73306
G1 X110.635 Y124.204 E533.75959
G1 X105.738 Y114.609 E533.82714
G1 X105.717 Y113.907 E533.83154
G1 X105.798 Y113.707 E533.83289
G1 X105.915 Y113.561 E533.83407
G1 X106.244 Y113.404 E533.83635
G1 X114.112 Y113.404 E533.88569
G1 X114.32 Y113.441 E533.88701
G1 X114.493 Y113.54 E533.88826
G1 X114.68 Y113.809 E533.89032
G1 X114.712 Y114.004 E533.89155
G1 X114.712 Y115.633 E533.90177
G1 X114.626 Y115.831 E533.90312
G1 X114.428 Y116.031 E533.90489
G1 X114.199 Y116.12 E533.90643
G1 X109.597 Y116.12 E533.93528
G1 X114.526 Y125.752 E534.00313
G1 X114.516 Y126.42 E534.00731
G1 X114.459 Y126.589 E534.00843
G1 X114.344 Y126.745 E534.00965
G0 F7200 X114.344 Y127.228
G0 X119.12 Y129.12
G0 X119.4 Y129.4
G1 F3600 X119.4 Y110.6 E534.12753
G1 X100.6 Y110.6 E534.24541
G1 X100.6 Y129.4 E534.36329
G1 X119.4 Y129.4 E534.48117
G0 F7200 X119.8 Y129.8
;TYPE:WALL-OUTER
G1 F1800 X119.8 Y110.2 E534.60406
G1 X100.2 Y110.2 E534.72696
G1 X100.2 Y129.8 E534.84985
G1 X119.8 Y129.8 E534.97275
G0 F7200 X119.8 Y129.6
G0 X119.12 Y129.12
G0 X114.837 Y126.351
G0 X114.122 Y126.351
G1 F1800 X114.064 Y126.459 E534.97352
G1 X113.959 Y126.513 E534.97426
G1 X106.344 Y126.516 E535.02201
G1 X106.258 Y126.453 E535.02267
G1 X106.206 Y126.345 E535.02343
G1 X106.21 Y124.753 E535.03341
G1 X106.342 Y124.604 E535.03466
G1 X111.289 Y124.604 E535.06567
G1 X106.125 Y114.476 E535.13696
G1 X106.126 Y113.954 E535.14023
G1 X106.185 Y113.856 E535.14095
G1 X106.285 Y113.806 E535.14165
G1 X114.161 Y113.804 E535.19103
G1 X114.312 Y113.953 E535.19236
G1 X114.31 Y115.555 E535.20241
G1 X114.2 Y115.717 E535.20364
G1 X108.943 Y115.72 E535.2366
G1 X114.119 Y125.848 E535.30791
G1 X114.122 Y126.351 E535.31107
G0 F7200 X114.064 Y126.459
G0 X113.996 Y126.494
G0 X113.996 Y127.228
G0 X119.02 Y129.02
;TYPE:SKIN
G1 F1800 X100.98 Y129.02 E535.42418
G1 X100.98 Y110.98 E535.5373
G1 X119.02 Y110.98 E535.65041
G1 X119.02 Y129.02 E535.76352
G0 F7200 X114.578 Y127.228
G0 X114.578 Y127.04
G1 F1800 X114.778 Y126.786 E535.76555
G1 X114.886 Y126.507 E535.76743
G1 X114.904 Y125.777 E535.77201
G1 X114.809 Y125.471 E535.77402
G1 X110.216 Y116.5 E535.83721
G1 X114.143 Y116.498 E535.86183
G1 X114.419 Y116.45 E535.86359
G1 X114.799 Y116.217 E535.86638
G1 X115.033 Y115.835 E535.86919
G1 X115.092 Y115.516 E535.87123
G1 X115.09 Y113.97 E535.88092
G1 X115.038 Y113.683 E535.88275
G1 X114.939 Y113.482 E535.88415
G1 X114.754 Y113.263 E535.88595
G1 X114.483 Y113.097 E535.88794
G1 X114.138 Y113.026 E535.89015
G1 X106.185 Y113.026 E535.94002
G1 X105.921 Y113.11 E535.94176
G1 X105.636 Y113.302 E535.94391
G1 X105.453 Y113.542 E535.9458
G1 X105.335 Y113.845 E535.94784
G1 X105.363 Y114.719 E535.95333
G1 X110.013 Y123.824 E536.01743
G1 X106.366 Y123.828 E536.0403
G1 X105.983 Y123.914 E536.04276
G1 X105.668 Y124.152 E536.04523
G1 X105.43 Y124.602 E536.04843
G1 X105.426 Y126.432 E536.0599
G1 X105.495 Y126.682 E536.06153
G1 X105.67 Y126.96 E536.06359
G1 X105.963 Y127.187 E536.06591
G1 X106.365 Y127.292 E536.06852
G1 X114.051 Y127.294 E536.11671
G1 X114.283 Y127.224 E536.11823
G1 X114.578 Y127.04 E536.12041
G0 F7200 X114.578 Y127.228
G0 X118.385 Y128.82
G1 F1800 X118.82 Y128.384 E536.12427
G0 F7200 X118.82 Y127.819
G1 F1800 X117.819 Y128.82 E536.13315
G0 F7200 X117.253 Y128.82
G1 F1800 X118.82 Y127.253 E536.14704
G0 F7200 X118.82 Y126.687
G1 F1800 X116.687 Y128.82 E536.16595
G0 F7200 X116.122 Y128.82
G1 F1800 X118.82 Y126.122 E536.18988
G0 F7200 X118.82 Y125.556
G1 F1800 X115.556 Y128.82 E536.21882
G0 F7200 X114.99 Y128.82
G1 F1800 X118.82 Y124.99 E536.25278
G0 F7200 X118.82 Y124.425
G1 F1800 X114.425 Y128.82 E536.29176
G0 F7200 X113.859 Y128.82
G1 F1800 X118.82 Y123.859 E536.33575
G0 F7200 X118.82 Y123.293
G1 F1800 X113.293 Y128.82 E536.38476
G0 F7200 X112.728 Y128.82
G1 F1800 X114.057 Y127.491 E536.39654
G0 F7200 X113.491 Y127.491
G1 F1800 X112.162 Y128.82 E536.40833
G0 F7200 X111.596 Y128.82
G1 F1800 X112.925 Y127.491 E536.42011
G0 F7200 X112.359 Y127.491
G1 F1800 X111.031 Y128.82 E536.43189
G0 F7200 X110.465 Y128.82
G1 F1800 X111.793 Y127.492 E536.44367
G0 F7200 X111.227 Y127.492
G1 F1800 X109.899 Y128.82 E536.45544
G0 F7200 X109.334 Y128.82
G1 F1800 X110.661 Y127.493 E536.46721
G0 F7200 X110.094 Y127.493
G1 F1800 X108.768 Y128.82 E536.47897
G0 F7200 X108.202 Y128.82
G1 F1800 X109.529 Y127.493 E536.49074
G0 F7200 X108.962 Y127.494
G1 F1800 X107.637 Y128.82 E536.50249
G0 F7200 X107.071 Y128.82
G1 F1800 X108.397 Y127.494 E536.51425
G0 F7200 X107.83 Y127.495
G1 F1800 X106.505 Y128.82 E536.526
G0 F7200 X105.939 Y128.82
G1 F1800 X107.264 Y127.496 E536.53775
G0 F7200 X106.698 Y127.496
G1 F1800 X105.374 Y128.82 E536.54949
G0 F7200 X104.808 Y128.82
G1 F1800 X106.178 Y127.45 E536.56164
G0 F7200 X105.773 Y127.289
G1 F1800 X104.242 Y128.82 E536.57521
G0 F7200 X103.677 Y128.82
G1 F1800 X105.474 Y127.023 E536.59115
G0 F7200 X105.279 Y126.652
G1 F1800 X103.111 Y128.82 E536.61037
G0 F7200 X102.545 Y128.82
G1 F1800 X105.227 Y126.139 E536.63415
G0 F7200 X105.226 Y125.574
G1 F1800 X101.98 Y128.82 E536.66293
G0 F7200 X101.414 Y128.82
G1 F1800 X105.225 Y125.009 E536.69673
G0 F7200 X105.351 Y124.317
G1 F1800 X101.181 Y128.488 E536.73371
G0 F7200 X101.181 Y127.922
G1 F1800 X108.263 Y120.84 E536.79651
G0 F7200 X108.455 Y121.214
G1 F1800 X105.945 Y123.723 E536.81876
G0 F7200 X106.61 Y123.624
G1 F1800 X108.646 Y121.588 E536.83681
G0 F7200 X108.836 Y121.963
G1 F1800 X107.175 Y123.624 E536.85154
G0 F7200 X107.741 Y123.624
G1 F1800 X109.028 Y122.337 E536.86295
G0 F7200 X109.219 Y122.712
G1 F1800 X108.307 Y123.624 E536.87104
G0 F7200 X108.873 Y123.624
G1 F1800 X109.411 Y123.086 E536.87581
G0 F7200 X109.602 Y123.461
G1 F1800 X109.438 Y123.624 E536.87726
G0 F7200 X108.072 Y120.465
G1 F1800 X101.181 Y127.356 E536.93837
G0 F7200 X101.181 Y126.791
G1 F1800 X107.88 Y120.091 E536.99777
G0 F7200 X107.69 Y119.716
G1 F1800 X101.181 Y126.225 E537.05549
G0 F7200 X101.181 Y125.659
G1 F1800 X107.498 Y119.342 E537.11151
G0 F7200 X107.307 Y118.967
G1 F1800 X101.181 Y125.094 E537.16583
G0 F7200 X101.181 Y124.528
G1 F1800 X107.115 Y118.593 E537.21846
G0 F7200 X106.924 Y118.218
G1 F1800 X101.181 Y123.962 E537.26939
G0 F7200 X101.181 Y123.396
G1 F1800 X106.733 Y117.844 E537.31862
G0 F7200 X106.542 Y117.47
G1 F1800 X101.181 Y122.831 E537.36615
G0 F7200 X101.181 Y122.265
G1 F1800 X106.351 Y117.095 E537.412
G0 F7200 X106.159 Y116.721
G1 F1800 X101.181 Y121.699 E537.45614
G0 F7200 X101.181 Y121.134
G1 F1800 X105.968 Y116.346 E537.49859
G0 F7200 X105.777 Y115.972
G1 F1800 X101.181 Y120.568 E537.53935
G0 F7200 X101.181 Y120.002
G1 F1800 X105.586 Y115.597 E537.57841
G0 F7200 X105.394 Y115.223
G1 F1800 X101.181 Y119.437 E537.61577
G0 F7200 X101.181 Y118.871
G1 F1800 X105.203 Y114.848 E537.65144
G0 F7200 X105.151 Y114.335
G1 F1800 X101.181 Y118.305 E537.68664
G0 F7200 X101.181 Y117.74
G1 F1800 X105.15 Y113.77 E537.72184
G1 X105.22 Y113.7
G0 F7200 X106.061 Y112.859
G1 F1800 X107.74 Y111.18 E537.73673
G0 F7200 X107.175 Y111.18
G1 F1800 X101.181 Y117.174 E537.78988
G0 F7200 X101.181 Y116.608
G1 F1800 X106.609 Y111.18 E537.83801
G0 F7200 X106.043 Y111.18
G1 F1800 X101.181 Y116.043 E537.88113
G0 F7200 X101.181 Y115.477
G1 F1800 X105.478 Y111.18 E537.91924
G0 F7200 X104.912 Y111.18
G1 F1800 X101.181 Y114.911 E537.95232
G0 F7200 X101.181 Y114.346
G1 F1800 X104.346 Y111.18 E537.98039
G0 F7200 X103.781 Y111.18
G1 F1800 X101.181 Y113.78 E538.00344
G0 F7200 X101.181 Y113.214
G1 F1800 X103.215 Y111.18 E538.02148
G0 F7200 X102.649 Y111.18
G1 F1800 X101.181 Y112.648 E538.0345
G0 F7200 X101.181 Y112.083
G1 F1800 X102.084 Y111.18 E538.04251
G0 F7200 X101.518 Y111.18
G1 F1800 X101.181 Y111.517 E538.04549
G0 F7200 X106.657 Y112.829
G1 F1800 X108.306 Y111.18 E538.06012
G0 F7200 X108.872 Y111.18
G1 F1800 X107.223 Y112.829 E538.07474
G0 F7200 X107.789 Y112.829
G1 F1800 X109.438 Y111.18 E538.08936
G0 F7200 X110.003 Y111.18
G1 F1800 X108.354 Y112.829 E538.10398
G0 F7200 X108.92 Y112.829
G1 F1800 X110.569 Y111.18 E538.11861
G0 F7200 X111.135 Y111.18
G1 F1800 X109.486 Y112.829 E538.13323
G0 F7200 X110.051 Y112.829
G1 F1800 X111.7 Y111.18 E538.14785
G0 F7200 X112.266 Y111.18
G1 F1800 X110.617 Y112.829 E538.16247
G0 F7200 X111.183 Y112.829
G1 F1800 X112.832 Y111.18 E538.17709
G0 F7200 X113.397 Y111.18
G1 F1800 X111.748 Y112.829 E538.19172
G0 F7200 X112.314 Y112.829
G1 F1800 X113.963 Y111.18 E538.20634
G0 F7200 X114.529 Y111.18
G1 F1800 X112.88 Y112.829 E538.22096
G0 F7200 X113.445 Y112.829
G1 F1800 X115.094 Y111.18 E538.23558
G0 F7200 X115.66 Y111.18
G1 F1800 X114.011 Y112.829 E538.25021
G0 F7200 X114.5 Y112.905
G1 F1800 X116.226 Y111.18 E538.26551
G0 F7200 X116.791 Y111.18
G1 F1800 X114.865 Y113.106 E538.28259
G0 F7200 X115.127 Y113.41
G1 F1800 X117.357 Y111.18 E538.30236
G0 F7200 X117.923 Y111.18
G1 F1800 X115.268 Y113.834 E538.3259
G0 F7200 X115.289 Y114.379
G1 F1800 X118.488 Y111.18 E538.35427
G0 F7200 X118.82 Y111.414
G1 F1800 X115.291 Y114.943 E538.38556
G0 F7200 X115.292 Y115.507
G1 F1800 X118.82 Y111.98 E538.41684
G0 F7200 X118.82 Y112.545
G1 F1800 X111.939 Y119.427 E538.47786
G0 F7200 X112.13 Y119.801
G1 F1800 X118.82 Y113.111 E538.53718
G0 F7200 X118.82 Y113.677
G1 F1800 X112.322 Y120.175 E538.5948
G0 F7200 X112.513 Y120.549
G1 F1800 X118.82 Y114.242 E538.65073
G0 F7200 X118.82 Y114.808
G1 F1800 X112.705 Y120.923 E538.70495
G0 F7200 X112.896 Y121.298
G1 F1800 X118.82 Y115.374 E538.75748
G0 F7200 X118.82 Y115.939
G1 F1800 X113.088 Y121.672 E538.80831
G0 F7200 X113.279 Y122.046
G1 F1800 X118.82 Y116.505 E538.85745
G0 F7200 X118.82 Y117.071
G1 F1800 X113.471 Y122.42 E538.90488
G0 F7200 X113.662 Y122.794
G1 F1800 X118.82 Y117.636 E538.95062
G0 F7200 X118.82 Y118.202
G1 F1800 X113.854 Y123.168 E538.99465
G0 F7200 X114.045 Y123.543
G1 F1800 X118.82 Y118.768 E539.037
G0 F7200 X118.82 Y119.333
G1 F1800 X114.237 Y123.917 E539.07764
G0 F7200 X114.428 Y124.291
G1 F1800 X118.82 Y119.899 E539.11658
G0 F7200 X118.82 Y120.465
G1 F1800 X114.62 Y124.665 E539.15383
G0 F7200 X114.812 Y125.039
G1 F1800 X118.82 Y121.031 E539.18937
G0 F7200 X118.82 Y121.596
G1 F1800 X115.001 Y125.415 E539.22323
G0 F7200 X115.101 Y125.881
G1 F1800 X118.82 Y122.162 E539.25621
G0 F7200 X118.82 Y122.728
G1 F1800 X115.086 Y126.462 E539.28932
G1 X115.016 Y126.532
G0 F7200 X111.747 Y119.053
G1 F1800 X114.105 Y116.695 E539.31023
G0 F7200 X113.539 Y116.695
G1 F1800 X111.556 Y118.678 E539.32781
G0 F7200 X111.364 Y118.304
G1 F1800 X112.972 Y116.696 E539.34207
G0 F7200 X112.406 Y116.697
G1 F1800 X111.173 Y117.93 E539.35301
G0 F7200 X110.981 Y117.556
G1 F1800 X111.839 Y116.698 E539.36062
G0 F7200 X111.272 Y116.699
G1 F1800 X110.789 Y117.182 E539.3649
G0 F7200 X110.598 Y116.808
G1 F1800 X110.706 Y116.699 E539.36586
G0 F7200 X110.706 Y116.73
;MESH:NONMESH
G0 F600 X110.706 Y116.73 Z19.9
G0 F7200 X114.775 Y125.694
G0 X114.765 Y127.156
G0 X114.344 Y126.745
;TIME_ELAPSED:2275.897645
;LAYER:196
;TYPE:WALL-INNER
;MESH:xyzCalibration_cube.glb
G1 F3600 X114.159 Y126.869 E539.36726
G1 X113.997 Y126.916 E539.36831
G1 X106.404 Y126.916 E539.41592
G1 X106.155 Y126.863 E539.41752
G1 X105.966 Y126.727 E539.41898
G1 X105.856 Y126.561 E539.42023
G1 X105.81 Y126.403 E539.42126
G1 X105.804 Y124.699 E539.43195
G1 X105.956 Y124.404 E539.43403
G1 X106.148 Y124.26 E539.43553
G1 X106.404 Y124.204 E539.43717
G1 X110.635 Y124.204 E539.4637
G1 X105.738 Y114.609 E539.53125
G1 X105.717 Y113.907 E539.53565
G1 X105.798 Y113.707 E539.537
G1 X105.915 Y113.561 E539.53818
G1 X106.244 Y113.404 E539.54046
G1 X114.112 Y113.404 E539.5898
G1 X114.32 Y113.441 E539.59112
G1 X114.493 Y113.54 E539.59237
G1 X114.68 Y113.809 E539.59443
G1 X114.712 Y114.004 E539.59567
G1 X114.712 Y115.633 E539.60588
G1 X114.626 Y115.831 E539.60723
G1 X114.428 Y116.031 E539.609
G1 X114.199 Y116.12 E539.61054
G1 X109.597 Y116.12 E539.63939
G1 X114.526 Y125.752 E539.70724
G1 X114.516 Y126.42 E539.71143
G1 X114.459 Y126.589 E539.71254
G1 X114.344 Y126.745 E539.71376
G0 F7200 X114.344 Y127.228
G0 X119.12 Y129.12
G0 X119.4 Y129.4
G1 F3600 X119.4 Y110.6 E539.83164
G1 X100.6 Y110.6 E539.94952
G1 X100.6 Y129.4 E540.0674
G1 X119.4 Y129.4 E540.18528
G0 F7200 X119.8 Y129.8
;TYPE:WALL-OUTER
G1 F1800 X119.8 Y110.2 E540.30817
G1 X100.2 Y110.2 E540.43107
G1 X100.2 Y129.8 E540.55396
G1 X119.8 Y129.8 E540.67686
G0 F7200 X119.8 Y129.6
G0 X119.12 Y129.12
G0 X114.837 Y126.351
G0 X114.122 Y126.351
G1 F1800 X114.064 Y126.459 E540.67763
G1 X113.959 Y126.513 E540.67837
G1 X106.344 Y126.516 E540.72612
G1 X106.258 Y126.453 E540.72678
G1 X106.206 Y126.345 E540.72754
G1 X106.21 Y124.753 E540.73752
G1 X106.342 Y124.604 E540.73877
G1 X111.289 Y124.604 E540.76978
G1 X106.125 Y114.476 E540.84107
G1 X106.126 Y113.954 E540.84434
G1 X106.185 Y113.856 E540.84506
G1 X106.285 Y113.806 E540.84576
G1 X114.161 Y113.804 E540.89514
G1 X114.312 Y113.953 E540.89647
G1 X114.31 Y115.555 E540.90652
G1 X114.2 Y115.717 E540.90775
G1 X108.943 Y115.72 E540.94071
G1 X114.119 Y125.848 E541.01202
G1 X114.122 Y126.351 E541.01518
G0 F7200 X114.064 Y126.459
G0 X113.996 Y126.494
G0 X113.996 Y127.228
G0 X119.02 Y129.02
;TYPE:SKIN
G1 F1800 X100.98 Y129.02 E541.12829
G1 X100.98 Y110.98 E541.24141
G1 X119.02 Y110.98 E541.35452
G1 X119.02 Y129.02 E541.46764
G0 F7200 X114.578 Y127.228
G0 X114.578 Y127.04
G1 F1800 X114.778 Y126.786 E541.46966
G1 X114.886 Y126.507 E541.47154
G1 X114.904 Y125.777 E541.47612
G1 X114.809 Y125.471 E541.47813
G1 X110.216 Y116.5 E541.54132
G1 X114.143 Y116.498 E541.56594
G1 X114.419 Y116.45 E541.5677
G1 X114.799 Y116.217 E541.57049
G1 X115.033 Y115.835 E541.5733
G1 X115.09 Y115.546 E541.57515
G1 X115.09 Y113.97 E541.58503
G1 X115.038 Y113.683 E541.58686
G1 X114.939 Y113.482 E541.58827
G1 X114.754 Y113.263 E541.59006
G1 X114.483 Y113.097 E541.59206
G1 X114.138 Y113.026 E541.59426
G1 X106.185 Y113.026 E541.64413
G1 X105.921 Y113.11 E541.64587
G1 X105.636 Y113.302 E541.64802
G1 X105.453 Y113.542 E541.64991
G1 X105.335 Y113.845 E541.65195
G1 X105.363 Y114.719 E541.65744
G1 X110.013 Y123.824 E541.72154
G1 X106.366 Y123.828 E541.74441
G1 X105.983 Y123.914 E541.74687
G1 X105.668 Y124.152 E541.74935
G1 X105.43 Y124.602 E541.75254
G1 X105.426 Y126.432 E541.76401
G1 X105.495 Y126.682 E541.76564
G1 X105.67 Y126.96 E541.7677
G1 X105.963 Y127.187 E541.77002
G1 X106.365 Y127.292 E541.77263
G1 X114.051 Y127.294 E541.82082
G1 X114.283 Y127.224 E541.82234
G1 X114.578 Y127.04 E541.82452
G0 F7200 X114.578 Y127.228
G0 X101.18 Y128.333
G1 F1800 X101.667 Y128.82 E541.82884
G0 F7200 X102.233 Y128.82
G1 F1800 X101.18 Y127.767 E541.83817
G0 F7200 X101.18 Y127.201
G1 F1800 X102.798 Y128.82 E541.85253
G0 F7200 X103.364 Y128.82
G1 F1800 X101.18 Y126.636 E541.87189
G0 F7200 X101.18 Y126.07
G1 F1800 X103.93 Y128.82 E541.89628
G0 F7200 X104.496 Y128.82
G1 F1800 X101.18 Y125.504 E541.92568
G0 F7200 X101.18 Y124.939
G1 F1800 X105.061 Y128.82 E541.9601
G0 F7200 X105.627 Y128.82
G1 F1800 X101.18 Y124.373 E541.99953
G0 F7200 X101.18 Y123.807
G1 F1800 X106.193 Y128.82 E542.04398
G0 F7200 X106.758 Y128.82
G1 F1800 X101.18 Y123.242 E542.09344
G0 F7200 X101.18 Y122.676
G1 F1800 X105.396 Y126.892 E542.13083
G0 F7200 X105.859 Y127.355
G1 F1800 X107.324 Y128.82 E542.14382
G0 F7200 X107.89 Y128.82
G1 F1800 X106.566 Y127.496 E542.15556
G0 F7200 X107.132 Y127.496
G1 F1800 X108.455 Y128.82 E542.1673
G0 F7200 X109.021 Y128.82
G1 F1800 X107.697 Y127.496 E542.17904
G0 F7200 X108.262 Y127.496
G1 F1800 X109.587 Y128.82 E542.19078
G0 F7200 X110.152 Y128.82
G1 F1800 X108.827 Y127.495 E542.20253
G0 F7200 X109.392 Y127.494
G1 F1800 X110.718 Y128.82 E542.21429
G0 F7200 X111.284 Y128.82
G1 F1800 X109.958 Y127.494 E542.22605
G0 F7200 X110.523 Y127.493
G1 F1800 X111.849 Y128.82 E542.23781
G0 F7200 X112.415 Y128.82
G1 F1800 X111.089 Y127.493 E542.24957
G0 F7200 X111.654 Y127.493
G1 F1800 X112.981 Y128.82 E542.26134
G0 F7200 X113.546 Y128.82
G1 F1800 X112.219 Y127.492 E542.27311
G0 F7200 X112.784 Y127.492
G1 F1800 X114.112 Y128.82 E542.28489
G0 F7200 X114.678 Y128.82
G1 F1800 X113.349 Y127.491 E542.29667
G0 F7200 X113.915 Y127.491
G1 F1800 X115.244 Y128.82 E542.30846
G0 F7200 X115.809 Y128.82
G1 F1800 X114.381 Y127.392 E542.32112
G0 F7200 X114.72 Y127.165
G1 F1800 X116.375 Y128.82 E542.33579
G0 F7200 X116.941 Y128.82
G1 F1800 X114.964 Y126.843 E542.35333
G0 F7200 X115.087 Y126.4
G1 F1800 X117.506 Y128.82 E542.37478
G0 F7200 X118.072 Y128.82
G1 F1800 X115.101 Y125.849 E542.40112
G1 X115.031 Y125.779
G0 F7200 X114.762 Y124.944
G1 F1800 X118.638 Y128.82 E542.43549
G0 F7200 X118.82 Y128.437
G1 F1800 X114.169 Y123.785 E542.47674
G1 X114.099 Y123.715
G0 F7200 X113.576 Y122.627
G1 F1800 X118.82 Y127.871 E542.52324
G0 F7200 X118.82 Y127.305
G1 F1800 X112.983 Y121.468 E542.575
G1 X112.913 Y121.398
G0 F7200 X112.39 Y120.309
G1 F1800 X118.82 Y126.74 E542.63202
G0 F7200 X118.82 Y126.174
G1 F1800 X111.796 Y119.15 E542.69431
G1 X111.726 Y119.08
G0 F7200 X111.204 Y117.992
G1 F1800 X118.82 Y125.608 E542.76184
G0 F7200 X118.82 Y125.043
G1 F1800 X110.611 Y116.833 E542.83464
G0 F7200 X111.043 Y116.699
G1 F1800 X118.82 Y124.477 E542.9036
G0 F7200 X118.82 Y123.911
G1 F1800 X111.608 Y116.699 E542.96756
G0 F7200 X112.173 Y116.698
G1 F1800 X118.82 Y123.346 E543.0265
G0 F7200 X118.82 Y122.78
G1 F1800 X112.738 Y116.697 E543.08044
G0 F7200 X113.302 Y116.696
G1 F1800 X118.82 Y122.214 E543.12937
G0 F7200 X118.82 Y121.649
G1 F1800 X113.867 Y116.695 E543.17329
G0 F7200 X114.391 Y116.654
G1 F1800 X118.82 Y121.083 E543.21257
G0 F7200 X118.82 Y120.517
G1 F1800 X114.771 Y116.468 E543.24847
G0 F7200 X115.051 Y116.182
G1 F1800 X118.82 Y119.951 E543.28189
G0 F7200 X118.82 Y119.386
G1 F1800 X115.236 Y115.801 E543.31368
G0 F7200 X115.287 Y115.287
G1 F1800 X118.82 Y118.82 E543.345
G0 F7200 X118.82 Y118.254
G1 F1800 X115.287 Y114.721 E543.37633
G0 F7200 X115.287 Y114.155
G1 F1800 X118.82 Y117.689 E543.40767
G0 F7200 X118.82 Y117.123
G1 F1800 X115.145 Y113.448 E543.44025
G0 F7200 X114.691 Y112.994
G1 F1800 X112.878 Y111.181 E543.45633
G0 F7200 X113.443 Y111.181
G1 F1800 X118.82 Y116.557 E543.50401
G0 F7200 X118.82 Y115.992
G1 F1800 X114.009 Y111.181 E543.54667
G0 F7200 X114.575 Y111.181
G1 F1800 X118.82 Y115.426 E543.58431
G0 F7200 X118.82 Y114.86
G1 F1800 X115.14 Y111.181 E543.61694
G0 F7200 X115.706 Y111.181
G1 F1800 X118.82 Y114.295 E543.64455
G0 F7200 X118.82 Y113.729
G1 F1800 X116.272 Y111.181 E543.66714
G0 F7200 X116.837 Y111.181
G1 F1800 X118.82 Y113.163 E543.68472
G0 F7200 X118.82 Y112.598
G1 F1800 X117.403 Y111.181 E543.69729
G0 F7200 X117.969 Y111.181
G1 F1800 X118.82 Y112.032 E543.70483
G0 F7200 X118.82 Y111.466
G1 F1800 X118.534 Y111.181 E543.70737
G0 F7200 X113.96 Y112.829
G1 F1800 X112.312 Y111.181 E543.72198
G0 F7200 X111.746 Y111.181
G1 F1800 X113.394 Y112.829 E543.73659
G0 F7200 X112.829 Y112.829
G1 F1800 X111.181 Y111.181 E543.75121
G0 F7200 X110.615 Y111.181
G1 F1800 X112.263 Y112.829 E543.76582
G0 F7200 X111.697 Y112.829
G1 F1800 X110.049 Y111.181 E543.78043
G0 F7200 X109.483 Y111.181
G1 F1800 X111.132 Y112.829 E543.79505
G0 F7200 X110.566 Y112.829
G1 F1800 X108.918 Y111.181 E543.80966
G0 F7200 X108.352 Y111.181
G1 F1800 X110 Y112.829 E543.82428
G0 F7200 X109.435 Y112.829
G1 F1800 X107.786 Y111.181 E543.8389
G0 F7200 X107.221 Y111.181
G1 F1800 X108.869 Y112.829 E543.85351
G0 F7200 X108.303 Y112.829
G1 F1800 X106.655 Y111.181 E543.86812
G0 F7200 X106.089 Y111.181
G1 F1800 X107.738 Y112.829 E543.88274
G0 F7200 X107.172 Y112.829
G1 F1800 X105.524 Y111.181 E543.89735
G0 F7200 X104.958 Y111.181
G1 F1800 X106.606 Y112.829 E543.91197
G0 F7200 X106.068 Y112.856
G1 F1800 X104.392 Y111.181 E543.92682
G0 F7200 X103.827 Y111.181
G1 F1800 X105.681 Y113.035 E543.94326
G0 F7200 X105.386 Y113.306
G1 F1800 X103.261 Y111.181 E543.96211
G0 F7200 X102.695 Y111.181
G1 F1800 X105.188 Y113.674 E543.98421
G0 F7200 X105.147 Y114.198
G1 F1800 X102.13 Y111.181 E544.01097
G0 F7200 X101.564 Y111.181
G1 F1800 X105.175 Y114.792 E544.04299
G1 X105.245 Y114.862
G0 F7200 X105.765 Y115.948
G1 F1800 X101.18 Y111.362 E544.08365
G0 F7200 X101.18 Y111.928
G1 F1800 X106.356 Y117.104 E544.12955
G1 X106.426 Y117.174
G0 F7200 X106.946 Y118.26
G1 F1800 X101.18 Y112.494 E544.18068
G0 F7200 X101.18 Y113.059
G1 F1800 X107.537 Y119.416 E544.23705
G1 X107.607 Y119.486
G0 F7200 X108.127 Y120.572
G1 F1800 X101.18 Y113.625 E544.29865
G0 F7200 X101.18 Y114.191
G1 F1800 X108.718 Y121.728 E544.36548
G1 X108.788 Y121.798
G0 F7200 X109.308 Y122.885
G1 F1800 X101.18 Y114.756 E544.43756
G0 F7200 X101.18 Y115.322
G1 F1800 X109.482 Y123.624 E544.51118
G0 F7200 X108.916 Y123.624
G1 F1800 X101.18 Y115.888 E544.57978
G0 F7200 X101.18 Y116.453
G1 F1800 X108.351 Y123.624 E544.64337
G0 F7200 X107.785 Y123.624
G1 F1800 X101.18 Y117.019 E544.70194
G0 F7200 X101.18 Y117.585
G1 F1800 X107.219 Y123.624 E544.75549
G0 F7200 X106.654 Y123.624
G1 F1800 X101.18 Y118.15 E544.80403
G0 F7200 X101.18 Y118.716
G1 F1800 X106.144 Y123.68 E544.84804
G0 F7200 X105.746 Y123.848
G1 F1800 X101.18 Y119.282 E544.88853
G0 F7200 X101.18 Y119.848
G1 F1800 X105.459 Y124.126 E544.92647
G0 F7200 X105.256 Y124.489
G1 F1800 X101.18 Y120.413 E544.96261
G0 F7200 X101.18 Y120.979
G1 F1800 X105.225 Y125.024 E544.99848
G0 F7200 X105.227 Y125.591
G1 F1800 X101.18 Y121.545 E545.03436
G0 F7200 X101.18 Y122.11
G1 F1800 X105.228 Y126.158 E545.07026
G1 X105.298 Y126.228
G0 F7200 X105.196 Y126.228
;MESH:NONMESH
G0 F600 X105.196 Y126.228 Z20
G0 F7200 X105.568 Y127.156
G0 X114.344 Y127.228
G0 X114.344 Y126.745
;TIME_ELAPSED:2307.212066
;LAYER:197
;TYPE:WALL-INNER
;MESH:xyzCalibration_cube.glb
G1 F3600 X114.159 Y126.869 E545.07166
G1 X113.997 Y126.916 E545.07271
G1 X106.404 Y126.916 E545.12032
G1 X106.155 Y126.863 E545.12192
G1 X105.966 Y126.727 E545.12338
G1 X105.856 Y126.561 E545.12463
G1 X105.81 Y126.403 E545.12566
G1 X105.804 Y124.699 E545.13634
G1 X105.956 Y124.404 E545.13843
G1 X106.148 Y124.26 E545.13993
G1 X106.404 Y124.204 E545.14157
G1 X110.635 Y124.204 E545.1681
G1 X105.738 Y114.609 E545.23565
G1 X105.717 Y113.907 E545.24005
G1 X105.798 Y113.707 E545.2414
G1 X105.915 Y113.561 E545.24258
G1 X106.244 Y113.404 E545.24486
G1 X114.112 Y113.404 E545.2942
G1 X114.32 Y113.441 E545.29552
G1 X114.493 Y113.54 E545.29677
G1 X114.68 Y113.809 E545.29883
G1 X114.712 Y114.004 E545.30006
G1 X114.712 Y115.633 E545.31028
G1 X114.626 Y115.831 E545.31163
G1 X114.428 Y116.031 E545.3134
G1 X114.199 Y116.12 E545.31494
G1 X109.597 Y116.12 E545.34379
G1 X114.526 Y125.752 E545.41164
G1 X114.516 Y126.42 E545.41582
G1 X114.459 Y126.589 E545.41694
G1 X114.344 Y126.745 E545.41816
G0 F7200 X114.344 Y127.228
G0 X119.12 Y129.12
G0 X119.4 Y129.4
G1 F3600 X119.4 Y110.6 E545.53604
G1 X100.6 Y110.6 E545.65392
G1 X100.6 Y129.4 E545.7718
G1 X119.4 Y129.4 E545.88968
G0 F7200 X119.8 Y129.8
;TYPE:WALL-OUTER
G1 F1800 X119.8 Y110.2 E546.01257
G1 X100.2 Y110.2 E546.13547
G1 X100.2 Y129.8 E546.25836
G1 X119.8 Y129.8 E546.38126
G0 F7200 X119.8 Y129.6
G0 X119.12 Y129.12
G0 X114.837 Y126.351
G0 X114.122 Y126.351
G1 F1800 X114.064 Y126.459 E546.38203
G1 X113.959 Y126.513 E546.38277
G1 X106.344 Y126.516 E546.43051
G1 X106.258 Y126.453 E546.43118
G1 X106.206 Y126.345 E546.43193
G1 X106.21 Y124.753 E546.44192
G1 X106.342 Y124.604 E546.44317
G1 X111.289 Y124.604 E546.47418
G1 X106.125 Y114.476 E546.54547
G1 X106.126 Y113.954 E546.54874
G1 X106.185 Y113.856 E546.54946
G1 X106.285 Y113.806 E546.55016
G1 X114.161 Y113.804 E546.59954
G1 X114.312 Y113.953 E546.60087
G1 X114.31 Y115.555 E546.61092
G1 X114.2 Y115.717 E546.61214
G1 X108.943 Y115.72 E546.64511
G1 X114.119 Y125.848 E546.71642
G1 X114.122 Y126.351 E546.71958
G0 F7200 X114.064 Y126.459
G0 X113.996 Y126.494
G0 X113.996 Y127.228
G0 X119.02 Y129.02
;TYPE:SKIN
G1 F1800 X100.98 Y129.02 E546.83269
G1 X100.98 Y110.98 E546.94581
G1 X119.02 Y110.98 E547.05892
G1 X119.02 Y129.02 E547.17203
G0 F7200 X114.578 Y127.228
G0 X114.578 Y127.04
G1 F1800 X114.778 Y126.786 E547.17406
G1 X114.886 Y126.507 E547.17594
G1 X114.904 Y125.777 E547.18052
G1 X114.809 Y125.471 E547.18253
G1 X110.216 Y116.5 E547.24572
G1 X114.143 Y116.498 E547.27034
G1 X114.419 Y116.45 E547.2721
G1 X114.799 Y116.217 E547.27489
G1 X115.033 Y115.835 E547.2777
G1 X115.09 Y115.546 E547.27955
G1 X115.09 Y113.97 E547.28943
G1 X115.038 Y113.683 E547.29126
G1 X114.939 Y113.482 E547.29266
G1 X114.754 Y113.263 E547.29446
G1 X114.483 Y113.097 E547.29645
G1 X114.138 Y113.026 E547.29866
G1 X106.185 Y113.026 E547.34853
G1 X105.921 Y113.11 E547.35027
G1 X105.636 Y113.302 E547.35242
G1 X105.453 Y113.542 E547.35431
G1 X105.335 Y113.845 E547.35635
G1 X105.363 Y114.719 E547.36184
G1 X110.013 Y123.824 E547.42594
G1 X106.366 Y123.828 E547.44881
G1 X105.983 Y123.914 E547.45127
G1 X105.668 Y124.152 E547.45374
G1 X105.43 Y124.602 E547.45694
G1 X105.426 Y126.432 E547.46841
G1 X105.495 Y126.682 E547.47004
G1 X105.67 Y126.96 E547.4721
G1 X105.963 Y127.187 E547.47442
G1 X106.365 Y127.292 E547.47703
G1 X114.051 Y127.294 E547.52522
G1 X114.283 Y127.224 E547.52674
G1 X114.578 Y127.04 E547.52892
G0 F7200 X114.578 Y127.228
G0 X118.385 Y128.82
G1 F1800 X118.82 Y128.384 E547.53278
G0 F7200 X118.82 Y127.819
G1 F1800 X117.819 Y128.82 E547.54166
G0 F7200 X117.253 Y128.82
G1 F1800 X118.82 Y127.253 E547.55555
G0 F7200 X118.82 Y126.687
G1 F1800 X116.687 Y128.82 E547.57447
G0 F7200 X116.122 Y128.82
G1 F1800 X118.82 Y126.122 E547.59839
G0 F7200 X118.82 Y125.556
G1 F1800 X115.556 Y128.82 E547.62733
G0 F7200 X114.99 Y128.82
G1 F1800 X118.82 Y124.99 E547.66129
G0 F7200 X118.82 Y124.425
G1 F1800 X114.425 Y128.82 E547.70027
G0 F7200 X113.859 Y128.82
G1 F1800 X118.82 Y123.859 E547.74426
G0 F7200 X118.82 Y123.293
G1 F1800 X113.293 Y128.82 E547.79327
G0 F7200 X112.728 Y128.82
G1 F1800 X114.057 Y127.491 E547.80505
G0 F7200 X113.491 Y127.491
G1 F1800 X112.162 Y128.82 E547.81684
G0 F7200 X111.596 Y128.82
G1 F1800 X112.925 Y127.491 E547.82862
G0 F7200 X112.359 Y127.491
G1 F1800 X111.031 Y128.82 E547.8404
G0 F7200 X110.465 Y128.82
G1 F1800 X111.793 Y127.492 E547.85218
G0 F7200 X111.227 Y127.492
G1 F1800 X109.899 Y128.82 E547.86395
G0 F7200 X109.334 Y128.82
G1 F1800 X110.661 Y127.493 E547.87572
G0 F7200 X110.095 Y127.493
G1 F1800 X108.768 Y128.82 E547.88749
G0 F7200 X108.202 Y128.82
G1 F1800 X109.529 Y127.493 E547.89926
G0 F7200 X108.963 Y127.493
G1 F1800 X107.637 Y128.82 E547.91102
G0 F7200 X107.071 Y128.82
G1 F1800 X108.397 Y127.494 E547.92278
G0 F7200 X107.831 Y127.494
G1 F1800 X106.505 Y128.82 E547.93453
G0 F7200 X105.939 Y128.82
G1 F1800 X107.265 Y127.495 E547.94629
G0 F7200 X106.699 Y127.495
G1 F1800 X105.374 Y128.82 E547.95804
G0 F7200 X104.808 Y128.82
G1 F1800 X106.178 Y127.45 E547.97019
G0 F7200 X105.773 Y127.289
G1 F1800 X104.242 Y128.82 E547.98376
G0 F7200 X103.677 Y128.82
G1 F1800 X105.474 Y127.023 E547.9997
G0 F7200 X105.279 Y126.652
G1 F1800 X103.111 Y128.82 E548.01892
G0 F7200 X102.545 Y128.82
G1 F1800 X105.227 Y126.139 E548.0427
G0 F7200 X105.226 Y125.574
G1 F1800 X101.98 Y128.82 E548.07148
G0 F7200 X101.414 Y128.82
G1 F1800 X105.225 Y125.009 E548.10528
G0 F7200 X105.351 Y124.317
G1 F1800 X101.181 Y128.488 E548.14226
G0 F7200 X101.181 Y127.922
G1 F1800 X108.263 Y120.84 E548.20506
G0 F7200 X108.455 Y121.214
G1 F1800 X105.945 Y123.723 E548.22731
G0 F7200 X106.61 Y123.624
G1 F1800 X108.646 Y121.588 E548.24536
G0 F7200 X108.836 Y121.963
G1 F1800 X107.175 Y123.624 E548.26009
G0 F7200 X107.741 Y123.624
G1 F1800 X109.028 Y122.337 E548.2715
G0 F7200 X109.219 Y122.712
G1 F1800 X108.307 Y123.624 E548.27959
G0 F7200 X108.873 Y123.624
G1 F1800 X109.411 Y123.086 E548.28436
G0 F7200 X109.602 Y123.461
G1 F1800 X109.438 Y123.624 E548.28581
G0 F7200 X108.072 Y120.465
G1 F1800 X101.181 Y127.356 E548.34692
G0 F7200 X101.181 Y126.791
G1 F1800 X107.88 Y120.091 E548.40632
G0 F7200 X107.69 Y119.716
G1 F1800 X101.181 Y126.225 E548.46404
G0 F7200 X101.181 Y125.659
G1 F1800 X107.498 Y119.342 E548.52006
G0 F7200 X107.307 Y118.967
G1 F1800 X101.181 Y125.094 E548.57438
G0 F7200 X101.181 Y124.528
G1 F1800 X107.115 Y118.593 E548.62701
G0 F7200 X106.924 Y118.218
G1 F1800 X101.181 Y123.962 E548.67794
G0 F7200 X101.181 Y123.396
G1 F1800 X106.733 Y117.844 E548.72717
G0 F7200 X106.542 Y117.47
G1 F1800 X101.181 Y122.831 E548.77471
G0 F7200 X101.181 Y122.265
G1 F1800 X106.351 Y117.095 E548.82055
G0 F7200 X106.159 Y116.721
G1 F1800 X101.181 Y121.699 E548.86469
G0 F7200 X101.181 Y121.134
G1 F1800 X105.968 Y116.346 E548.90714
G0 F7200 X105.777 Y115.972
G1 F1800 X101.181 Y120.568 E548.9479
G0 F7200 X101.181 Y120.002
G1 F1800 X105.586 Y115.597 E548.98696
G0 F7200 X105.394 Y115.223
G1 F1800 X101.181 Y119.437 E549.02432
G0 F7200 X101.181 Y118.871
G1 F1800 X105.203 Y114.848 E549.05999
G0 F7200 X105.151 Y114.335
G1 F1800 X101.181 Y118.305 E549.09519
G0 F7200 X101.181 Y117.74
G1 F1800 X105.15 Y113.77 E549.13039
G1 X105.22 Y113.7
G0 F7200 X106.061 Y112.859
G1 F1800 X107.74 Y111.18 E549.14528
G0 F7200 X107.175 Y111.18
G1 F1800 X101.181 Y117.174 E549.19843
G0 F7200 X101.181 Y116.608
G1 F1800 X106.609 Y111.18 E549.24657
G0 F7200 X106.043 Y111.18
G1 F1800 X101.181 Y116.043 E549.28968
G0 F7200 X101.181 Y115.477
G1 F1800 X105.478 Y111.18 E549.32779
G0 F7200 X104.912 Y111.18
G1 F1800 X101.181 Y114.911 E549.36087
G0 F7200 X101.181 Y114.346
G1 F1800 X104.346 Y111.18 E549.38894
G0 F7200 X103.781 Y111.18
G1 F1800 X101.181 Y113.78 E549.412
G0 F7200 X101.181 Y113.214
G1 F1800 X103.215 Y111.18 E549.43003
G0 F7200 X102.649 Y111.18
G1 F1800 X101.181 Y112.648 E549.44305
G0 F7200 X101.181 Y112.083
G1 F1800 X102.084 Y111.18 E549.45106
G0 F7200 X101.518 Y111.18
G1 F1800 X101.181 Y111.517 E549.45404
G0 F7200 X106.657 Y112.829
G1 F1800 X108.306 Y111.18 E549.46867
G0 F7200 X108.872 Y111.18
G1 F1800 X107.223 Y112.829 E549.48329
G0 F7200 X107.789 Y112.829
G1 F1800 X109.438 Y111.18 E549.49791
G0 F7200 X110.003 Y111.18
G1 F1800 X108.354 Y112.829 E549.51253
G0 F7200 X108.92 Y112.829
G1 F1800 X110.569 Y111.18 E549.52716
G0 F7200 X111.135 Y111.18
G1 F1800 X109.486 Y112.829 E549.54178
G0 F7200 X110.051 Y112.829
G1 F1800 X111.7 Y111.18 E549.5564
G0 F7200 X112.266 Y111.18
G1 F1800 X110.617 Y112.829 E549.57102
G0 F7200 X111.183 Y112.829
G1 F1800 X112.832 Y111.18 E549.58565
G0 F7200 X113.397 Y111.18
G1 F1800 X111.748 Y112.829 E549.60027
G0 F7200 X112.314 Y112.829
G1 F1800 X113.963 Y111.18 E549.61489
G0 F7200 X114.529 Y111.18
G1 F1800 X112.88 Y112.829 E549.62951
G0 F7200 X113.445 Y112.829
G1 F1800 X115.094 Y111.18 E549.64413
G0 F7200 X115.66 Y111.18
G1 F1800 X114.011 Y112.829 E549.65876
G0 F7200 X114.5 Y112.905
G1 F1800 X116.226 Y111.18 E549.67406
G0 F7200 X116.791 Y111.18
G1 F1800 X114.865 Y113.106 E549.69114
G0 F7200 X115.127 Y113.41
G1 F1800 X117.357 Y111.18 E549.71091
G0 F7200 X117.923 Y111.18
G1 F1800 X115.268 Y113.834 E549.73445
G0 F7200 X115.287 Y114.381
G1 F1800 X118.488 Y111.18 E549.76283
G0 F7200 X118.82 Y111.414
G1 F1800 X115.288 Y114.946 E549.79415
G0 F7200 X115.288 Y115.512
G1 F1800 X118.82 Y111.98 E549.82547
G0 F7200 X118.82 Y112.545
G1 F1800 X111.939 Y119.427 E549.88649
G0 F7200 X112.13 Y119.801
G1 F1800 X118.82 Y113.111 E549.94582
G0 F7200 X118.82 Y113.677
G1 F1800 X112.322 Y120.175 E550.00344
G0 F7200 X112.513 Y120.549
G1 F1800 X118.82 Y114.242 E550.05936
G0 F7200 X118.82 Y114.808
G1 F1800 X112.705 Y120.923 E550.11359
G0 F7200 X112.896 Y121.298
G1 F1800 X118.82 Y115.374 E550.16612
G0 F7200 X118.82 Y115.939
G1 F1800 X113.088 Y121.672 E550.21695
G0 F7200 X113.279 Y122.046
G1 F1800 X118.82 Y116.505 E550.26608
G0 F7200 X118.82 Y117.071
G1 F1800 X113.471 Y122.42 E550.31352
G0 F7200 X113.662 Y122.794
G1 F1800 X118.82 Y117.636 E550.35925
G0 F7200 X118.82 Y118.202
G1 F1800 X113.854 Y123.168 E550.40329
G0 F7200 X114.045 Y123.543
G1 F1800 X118.82 Y118.768 E550.44563
G0 F7200 X118.82 Y119.333
G1 F1800 X114.237 Y123.917 E550.48627
G0 F7200 X114.428 Y124.291
G1 F1800 X118.82 Y119.899 E550.52522
G0 F7200 X118.82 Y120.465
G1 F1800 X114.62 Y124.665 E550.56246
G0 F7200 X114.812 Y125.039
G1 F1800 X118.82 Y121.031 E550.598
G0 F7200 X118.82 Y121.596
G1 F1800 X115.001 Y125.415 E550.63187
G0 F7200 X115.101 Y125.881
G1 F1800 X118.82 Y122.162 E550.66485
G0 F7200 X118.82 Y122.728
G1 F1800 X115.086 Y126.462 E550.69796
G1 X115.016 Y126.532
G0 F7200 X111.747 Y119.053
G1 F1800 X114.105 Y116.695 E550.71887
G0 F7200 X113.539 Y116.695
G1 F1800 X111.556 Y118.678 E550.73645
G0 F7200 X111.364 Y118.304
G1 F1800 X112.972 Y116.696 E550.75071
G0 F7200 X112.406 Y116.697
G1 F1800 X111.173 Y117.93 E550.76164
G0 F7200 X110.981 Y117.556
G1 F1800 X111.839 Y116.698 E550.76925
G0 F7200 X111.272 Y116.699
G1 F1800 X110.789 Y117.182 E550.77353
G0 F7200 X110.598 Y116.808
G1 F1800 X110.706 Y116.699 E550.77449
G0 F7200 X110.706 Y116.73
;TIME_ELAPSED:2338.519523
G1 F2100 E548.77449
M140 S0
M107
M104 S0
M140 S0
;Retract the filament
G92 E1
G1 E-1 F300
G28 X0 Y0
M84
M82 ;absolute extrusion mode
M104 S0
;End of Gcode
