;FLAVOR:Marlin
;TIME:1411
;Filament used: 0.546447m
;Layer height: 0.2
;MINX:92.2
;MINY:102.2
;MINZ:0.3
;MAXX:127.8
;MAXY:137.8
;MAXZ:19.9
;TARGET_MACHINE.NAME:Unknown
;Generated with Cura_SteamEngine 5.10.1
M140 S60
M105
M190 S60
M104 S200
M105
M109 S200
G28 ;Home
G1 Z15.0 F6000 ;Move the platform down 15mm
;Prime the extruder
G92 E0
G1 F200 E3
G92 E0
M82 ;absolute extrusion mode
G92 E0
G92 E0
G1 F1500 E-6.5
;LAYER_COUNT:99
;LAYER:0
M107
G0 F3600 X94.39 Y104.552 Z0.3
;TYPE:SKIRT
G1 F1500 E0
G1 X95.743 Y103.46 E0.03271
G1 X97.722 Y102.474 E0.0743
G1 X99.246 Y102.252 E0.10327
G1 X120.622 Y102.2 E0.50536
G1 X122.679 Y102.622 E0.54486
G1 X124.45 Y103.617 E0.58307
G1 X125.448 Y104.39 E0.60682
G1 X126.54 Y105.743 E0.63952
G1 X127.526 Y107.722 E0.68111
G1 X127.748 Y109.246 E0.71008
G1 X127.8 Y130.622 E1.11218
G1 X127.378 Y132.679 E1.15168
G1 X126.383 Y134.45 E1.18989
G1 X125.61 Y135.448 E1.21364
G1 X124.257 Y136.54 E1.24634
G1 X122.278 Y137.526 E1.28793
G1 X120.754 Y137.748 E1.3169
G1 X99.284 Y137.8 E1.72077
G1 X97.282 Y137.361 E1.75932
G1 X95.496 Y136.361 E1.79782
G1 X94.553 Y135.622 E1.82036
G1 X93.472 Y134.276 E1.85283
G1 X92.474 Y132.26 E1.89515
G1 X92.252 Y130.754 E1.92378
G1 X92.2 Y109.378 E2.32588
G1 X92.622 Y107.321 E2.36538
G1 X93.617 Y105.55 E2.40359
G1 X94.39 Y104.552 E2.42733
G0 F3600 X94.678 Y104.833
G1 F1500 X95.96 Y103.799 E2.45832
G1 X97.842 Y102.861 E2.49787
G1 X99.304 Y102.648 E2.52566
G1 X120.581 Y102.6 E2.92589
G1 X122.538 Y103.002 E2.96348
G1 X124.205 Y103.933 E2.99939
G1 X125.167 Y104.678 E3.02228
G1 X126.201 Y105.96 E3.05326
G1 X127.139 Y107.842 E3.09282
G1 X127.352 Y109.304 E3.12061
G1 X127.4 Y130.581 E3.52084
G1 X126.998 Y132.538 E3.55842
G1 X126.067 Y134.205 E3.59434
G1 X125.322 Y135.167 E3.61722
G1 X124.04 Y136.201 E3.64821
G1 X122.158 Y137.139 E3.68776
G1 X120.696 Y137.352 E3.71555
G1 X99.328 Y137.4 E4.1175
G1 X97.424 Y136.982 E4.15417
G1 X95.743 Y136.046 E4.19036
G1 X94.837 Y135.336 E4.21201
G1 X93.808 Y134.055 E4.24292
G1 X92.861 Y132.142 E4.28307
G1 X92.648 Y130.696 E4.31056
G1 X92.6 Y109.419 E4.7108
G1 X93.002 Y107.462 E4.74838
G1 X93.933 Y105.795 E4.78429
G1 X94.678 Y104.833 E4.80718
G0 F3600 X94.966 Y105.114
G1 F1500 X96.177 Y104.138 E4.83644
G1 X97.962 Y103.248 E4.87396
G1 X99.362 Y103.044 E4.90057
G1 X120.539 Y103 E5.29892
G1 X122.397 Y103.382 E5.3346
G1 X123.96 Y104.249 E5.36822
G1 X124.886 Y104.966 E5.39025
G1 X125.862 Y106.177 E5.41951
G1 X126.752 Y107.962 E5.45703
G1 X126.956 Y109.362 E5.48364
G1 X127 Y130.539 E5.88199
G1 X126.618 Y132.397 E5.91768
G1 X125.751 Y133.96 E5.9513
G1 X125.034 Y134.886 E5.97333
G1 X123.823 Y135.862 E6.00258
G1 X122.038 Y136.752 E6.0401
G1 X120.638 Y136.956 E6.06672
G1 X99.373 Y137 E6.46672
G1 X97.567 Y136.603 E6.50151
G1 X95.99 Y135.731 E6.5354
G1 X95.121 Y135.05 E6.55617
G1 X94.144 Y133.834 E6.58551
G1 X93.248 Y132.024 E6.6235
G1 X93.044 Y130.638 E6.64986
G1 X93 Y109.461 E7.04821
G1 X93.382 Y107.603 E7.08389
G1 X94.249 Y106.04 E7.11751
G1 X94.966 Y105.114 E7.13954
G0 F3600 X95.251 Y105.398
G1 F1500 X96.397 Y104.475 E7.16722
G1 X98.082 Y103.635 E7.20263
G1 X99.42 Y103.44 E7.22807
G1 X120.497 Y103.4 E7.62454
G1 X122.257 Y103.762 E7.65834
G1 X123.766 Y104.599 E7.6908
G1 X124.602 Y105.251 E7.71074
G1 X125.525 Y106.397 E7.73842
G1 X126.365 Y108.082 E7.77384
G1 X126.56 Y109.42 E7.79927
G1 X126.6 Y130.497 E8.19574
G1 X126.238 Y132.257 E8.22954
G1 X125.401 Y133.766 E8.262
G1 X124.749 Y134.602 E8.28194
G1 X123.603 Y135.525 E8.30962
G1 X121.918 Y136.365 E8.34504
G1 X120.58 Y136.56 E8.37047
G1 X99.418 Y136.6 E8.76854
G1 X97.709 Y136.224 E8.80146
G1 X96.237 Y135.416 E8.83305
G1 X95.405 Y134.764 E8.85293
G1 X94.483 Y133.617 E8.88061
G1 X93.635 Y131.903 E8.91658
G1 X93.44 Y130.58 E8.94174
G1 X93.4 Y109.503 E9.33821
G1 X93.762 Y107.743 E9.37201
G1 X94.599 Y106.234 E9.40447
G1 X95.251 Y105.398 E9.42441
G0 F3600 X95.535 Y105.683
G1 F1500 X96.617 Y104.812 E9.45054
G1 X98.202 Y104.022 E9.48385
G1 X99.478 Y103.836 E9.50811
G1 X120.455 Y103.8 E9.9027
G1 X122.117 Y104.142 E9.93462
G1 X123.572 Y104.949 E9.96591
G1 X124.317 Y105.535 E9.98374
G1 X125.188 Y106.617 E10.00987
G1 X125.978 Y108.202 E10.04318
G1 X126.164 Y109.478 E10.06744
G1 X126.2 Y130.455 E10.46203
G1 X125.858 Y132.117 E10.49395
G1 X125.051 Y133.572 E10.52524
G1 X124.465 Y134.317 E10.54307
G1 X123.383 Y135.188 E10.5692
G1 X121.798 Y135.978 E10.60251
G1 X120.522 Y136.164 E10.62677
G1 X99.463 Y136.2 E11.0229
G1 X97.849 Y135.845 E11.05399
G1 X96.484 Y135.101 E11.08323
G1 X95.686 Y134.476 E11.1023
G1 X94.821 Y133.399 E11.12828
G1 X94.022 Y131.785 E11.16216
G1 X93.836 Y130.522 E11.18617
G1 X93.8 Y109.545 E11.58076
G1 X94.142 Y107.883 E11.61268
G1 X94.949 Y106.428 E11.64398
G1 X95.535 Y105.683 E11.66181
G0 F3600 X95.82 Y105.968
G1 F1500 X96.835 Y105.151 E11.68632
G1 X98.323 Y104.409 E11.71759
G1 X99.536 Y104.232 E11.74065
G1 X120.413 Y104.2 E12.13336
G1 X121.977 Y104.522 E12.1634
G1 X123.378 Y105.299 E12.19353
G1 X124.032 Y105.82 E12.20926
G1 X124.849 Y106.835 E12.23377
G1 X125.591 Y108.323 E12.26505
G1 X125.768 Y109.536 E12.28811
G1 X125.8 Y130.413 E12.68082
G1 X125.478 Y131.977 E12.71085
G1 X124.701 Y133.378 E12.74099
G1 X124.18 Y134.032 E12.75672
G1 X123.165 Y134.849 E12.78123
G1 X121.677 Y135.591 E12.8125
G1 X120.464 Y135.768 E12.83556
G1 X99.508 Y135.8 E13.22976
G1 X97.989 Y135.466 E13.25901
G1 X96.731 Y134.786 E13.28591
G1 X95.97 Y134.19 E13.30409
G1 X95.157 Y133.178 E13.32851
G1 X94.409 Y131.667 E13.36023
G1 X94.232 Y130.464 E13.3831
G1 X94.2 Y109.587 E13.77581
G1 X94.522 Y108.023 E13.80585
G1 X95.299 Y106.622 E13.83598
G1 X95.82 Y105.968 E13.85171
G0 F3600 X96.104 Y106.254
G1 F1500 X97.055 Y105.488 E13.87468
G1 X98.443 Y104.796 E13.90385
G1 X99.594 Y104.628 E13.92573
G1 X120.371 Y104.6 E14.31656
G1 X121.838 Y104.902 E14.34473
G1 X123.129 Y105.612 E14.37245
G1 X123.746 Y106.104 E14.38729
G1 X124.512 Y107.055 E14.41026
G1 X125.204 Y108.443 E14.43944
G1 X125.372 Y109.594 E14.46132
G1 X125.4 Y130.371 E14.85215
G1 X125.098 Y131.838 E14.88032
G1 X124.388 Y133.129 E14.90803
G1 X123.896 Y133.746 E14.92288
G1 X122.945 Y134.512 E14.94585
G1 X121.557 Y135.204 E14.97502
G1 X120.406 Y135.372 E14.9969
G1 X99.553 Y135.4 E15.38916
G1 X98.13 Y135.087 E15.41657
G1 X96.978 Y134.471 E15.44114
G1 X96.254 Y133.904 E15.45844
G1 X95.493 Y132.957 E15.48129
G1 X94.796 Y131.549 E15.51084
G1 X94.628 Y130.406 E15.53258
G1 X94.6 Y109.629 E15.9234
G1 X94.902 Y108.162 E15.95158
G1 X95.612 Y106.871 E15.97929
G1 X96.104 Y106.254 E15.99414
G0 F3600 X96.39 Y106.537
G1 F1500 X97.271 Y105.827 E16.01542
G1 X98.563 Y105.183 E16.04257
G1 X99.652 Y105.024 E16.06328
G1 X120.329 Y105 E16.45222
G1 X121.7 Y105.282 E16.47855
G1 X122.88 Y105.925 E16.50383
G1 X123.463 Y106.39 E16.51786
G1 X124.173 Y107.271 E16.53914
G1 X124.817 Y108.563 E16.5663
G1 X124.976 Y109.652 E16.587
G1 X125 Y130.329 E16.97594
G1 X124.718 Y131.7 E17.00227
G1 X124.075 Y132.88 E17.02755
G1 X123.61 Y133.463 E17.04158
G1 X122.729 Y134.173 E17.06286
G1 X121.437 Y134.817 E17.09002
G1 X120.348 Y134.976 E17.11072
G1 X99.598 Y135 E17.50104
G1 X98.27 Y134.708 E17.52662
G1 X97.167 Y134.118 E17.55015
G1 X96.539 Y133.619 E17.56523
G1 X95.829 Y132.736 E17.58655
G1 X95.183 Y131.431 E17.61394
G1 X95.024 Y130.348 E17.63453
G1 X95 Y109.671 E18.02347
G1 X95.282 Y108.3 E18.0498
G1 X95.925 Y107.12 E18.07508
G1 X96.39 Y106.537 E18.08911
G0 F3600 X96.674 Y106.822
G1 F1500 X97.491 Y106.164 E18.10884
G1 X98.683 Y105.57 E18.13389
G1 X99.71 Y105.42 E18.15342
G1 X120.287 Y105.4 E18.54048
G1 X121.562 Y105.662 E18.56497
G1 X122.631 Y106.238 E18.58781
G1 X123.178 Y106.674 E18.60097
G1 X123.836 Y107.491 E18.6207
G1 X124.43 Y108.683 E18.64575
G1 X124.58 Y109.71 E18.66527
G1 X124.6 Y130.287 E19.05234
G1 X124.338 Y131.562 E19.07682
G1 X123.762 Y132.631 E19.09967
G1 X123.326 Y133.178 E19.11282
G1 X122.509 Y133.836 E19.13256
G1 X121.317 Y134.43 E19.15761
G1 X120.29 Y134.58 E19.17713
G1 X99.643 Y134.6 E19.56551
G1 X98.41 Y134.329 E19.58926
G1 X97.356 Y133.765 E19.61175
G1 X96.825 Y133.336 E19.62459
G1 X96.165 Y132.515 E19.6444
G1 X95.57 Y131.313 E19.66963
G1 X95.42 Y130.29 E19.68908
G1 X95.4 Y109.713 E20.07615
G1 X95.662 Y108.438 E20.10063
G1 X96.238 Y107.369 E20.12347
G1 X96.674 Y106.822 E20.13663
G0 F3600 X96.956 Y107.109
G1 F1500 X97.711 Y106.501 E20.15486
G1 X98.803 Y105.957 E20.17781
G1 X99.768 Y105.816 E20.19616
G1 X120.246 Y105.8 E20.58136
G1 X121.424 Y106.042 E20.60398
G1 X122.441 Y106.59 E20.62571
G1 X122.891 Y106.956 E20.63662
G1 X123.499 Y107.711 E20.65486
G1 X124.043 Y108.803 E20.67781
G1 X124.184 Y109.768 E20.69615
G1 X124.2 Y130.246 E21.08136
G1 X123.958 Y131.424 E21.10398
G1 X123.41 Y132.441 E21.12571
G1 X123.044 Y132.891 E21.13662
G1 X122.289 Y133.499 E21.15485
G1 X121.197 Y134.043 E21.1778
G1 X120.232 Y134.184 E21.19615
G1 X99.688 Y134.2 E21.58259
G1 X98.55 Y133.95 E21.60451
G1 X97.578 Y133.43 E21.62524
G1 X97.111 Y133.052 E21.63655
G1 X96.501 Y132.294 E21.65485
G1 X95.957 Y131.195 E21.67791
G1 X95.816 Y130.232 E21.69622
G1 X95.8 Y109.754 E22.08143
G1 X96.042 Y108.576 E22.10405
G1 X96.59 Y107.559 E22.12578
G1 X96.956 Y107.109 E22.13669
G0 F3600 X97.207 Y107.421
G1 F1500 X97.931 Y106.838 E22.15417
G1 X98.923 Y106.344 E22.17502
G1 X99.826 Y106.212 E22.19219
G1 X120.205 Y106.2 E22.57553
G1 X121.286 Y106.422 E22.59629
G1 X122.194 Y106.905 E22.61563
G1 X122.579 Y107.207 E22.62484
G1 X123.162 Y107.931 E22.64232
G1 X123.656 Y108.923 E22.66317
G1 X123.788 Y109.826 E22.68033
G1 X123.8 Y130.205 E23.06367
G1 X123.578 Y131.286 E23.08443
G1 X123.095 Y132.194 E23.10378
G1 X122.793 Y132.579 E23.11298
G1 X122.069 Y133.162 E23.13047
G1 X121.077 Y133.656 E23.15131
G1 X120.174 Y133.788 E23.16848
G1 X99.733 Y133.8 E23.55299
G1 X98.69 Y133.571 E23.57307
G1 X97.767 Y133.077 E23.59277
G1 X97.398 Y132.77 E23.6018
G1 X96.839 Y132.075 E23.61857
G1 X96.344 Y131.076 E23.63954
G1 X96.212 Y130.174 E23.65669
G1 X96.2 Y109.795 E24.04003
G1 X96.422 Y108.714 E24.06079
G1 X96.905 Y107.806 E24.08014
G1 X97.207 Y107.421 E24.08934
G0 F3600 X97.458 Y107.733
G1 F1500 X98.151 Y107.175 E24.10608
G1 X99.043 Y106.731 E24.12482
G1 X99.884 Y106.608 E24.14081
G1 X120.164 Y106.6 E24.52229
G1 X121.15 Y106.802 E24.54122
G1 X121.955 Y107.226 E24.55833
G1 X122.267 Y107.458 E24.56565
G1 X122.825 Y108.151 E24.58238
G1 X123.269 Y109.043 E24.60113
G1 X123.392 Y109.884 E24.61711
G1 X123.4 Y130.164 E24.99859
G1 X123.198 Y131.15 E25.01752
G1 X122.774 Y131.955 E25.03464
G1 X122.542 Y132.267 E25.04195
G1 X121.849 Y132.825 E25.05869
G1 X120.957 Y133.269 E25.07743
G1 X120.116 Y133.392 E25.09342
G1 X99.778 Y133.4 E25.47599
G1 X98.83 Y133.192 E25.49425
G1 X97.956 Y132.724 E25.51289
G1 X97.71 Y132.519 E25.51892
G1 X97.177 Y131.856 E25.53492
G1 X96.731 Y130.957 E25.5538
G1 X96.608 Y130.116 E25.56979
G1 X96.6 Y109.836 E25.95126
G1 X96.802 Y108.85 E25.9702
G1 X97.226 Y108.045 E25.98731
G1 X97.458 Y107.733 E25.99462
G0 F3600 X97.749 Y108.012
G1 F1500 X98.367 Y107.514 E26.00955
G1 X99.163 Y107.118 E26.02628
G1 X99.942 Y107.004 E26.04109
G1 X120.123 Y107 E26.4207
G1 X121.013 Y107.182 E26.43779
G1 X121.768 Y107.58 E26.45385
G1 X121.988 Y107.749 E26.45906
G1 X122.486 Y108.367 E26.47399
G1 X122.882 Y109.163 E26.49072
G1 X122.996 Y109.942 E26.50553
G1 X123 Y130.123 E26.88514
G1 X122.818 Y131.013 E26.90223
G1 X122.42 Y131.768 E26.91828
G1 X122.251 Y131.988 E26.9235
G1 X121.633 Y132.486 E26.93843
G1 X120.837 Y132.882 E26.95516
G1 X120.058 Y132.996 E26.96997
G1 X99.823 Y133 E27.3506
G1 X98.97 Y132.813 E27.36702
G1 X98.145 Y132.371 E27.38463
G1 X98.022 Y132.268 E27.38765
G1 X97.515 Y131.637 E27.40287
G1 X97.118 Y130.837 E27.41967
G1 X97.004 Y130.058 E27.43448
G1 X97 Y109.877 E27.8141
G1 X97.182 Y108.987 E27.83119
G1 X97.58 Y108.232 E27.84724
G1 X97.749 Y108.012 E27.85246
G0 F3600 X98.037 Y108.293
G1 F1500 X98.583 Y107.853 E27.86565
G1 X99.283 Y107.505 E27.88035
G1 X100 Y107.4 E27.89399
G1 X120.082 Y107.4 E28.27174
G1 X120.878 Y107.563 E28.28702
G1 X121.582 Y107.934 E28.30199
G1 X121.707 Y108.037 E28.30504
G1 X122.147 Y108.583 E28.31823
G1 X122.495 Y109.283 E28.33293
G1 X122.6 Y110 E28.34656
G1 X122.6 Y130.082 E28.72432
G1 X122.437 Y130.878 E28.7396
G1 X122.066 Y131.582 E28.75457
G1 X121.963 Y131.707 E28.75762
G1 X121.417 Y132.147 E28.77081
G1 X120.717 Y132.495 E28.78551
G1 X120 Y132.6 E28.79914
G1 X99.868 Y132.6 E29.17784
G1 X99.11 Y132.434 E29.19243
G1 X98.334 Y132.018 E29.209
G1 X97.854 Y131.42 E29.22342
G1 X97.505 Y130.717 E29.23818
G1 X97.4 Y130 E29.25182
G1 X97.4 Y109.918 E29.62957
G1 X97.563 Y109.122 E29.64485
G1 X97.934 Y108.418 E29.65982
G1 X98.037 Y108.293 E29.66287
G0 F3600 X98.288 Y108.604
G1 F1500 X98.799 Y108.192 E29.67522
G1 X99.405 Y107.891 E29.68794
G1 X100 Y107.8 E29.69927
G1 X120.041 Y107.8 E30.07625
G1 X120.743 Y107.944 E30.08973
G1 X121.396 Y108.288 E30.10361
G1 X121.808 Y108.799 E30.11596
G1 X122.109 Y109.405 E30.12869
G1 X122.2 Y110 E30.14001
G1 X122.2 Y130.041 E30.51699
G1 X122.056 Y130.743 E30.53047
G1 X121.712 Y131.396 E30.54436
G1 X121.201 Y131.808 E30.5567
G1 X120.595 Y132.109 E30.56943
G1 X120 Y132.2 E30.58075
G1 X99.913 Y132.2 E30.9586
G1 X99.247 Y132.054 E30.97143
G1 X98.597 Y131.705 E30.9853
G1 X98.192 Y131.201 E30.99747
G1 X97.891 Y130.595 E31.01019
G1 X97.8 Y130 E31.02152
G1 X97.8 Y109.959 E31.3985
G1 X97.944 Y109.257 E31.41198
G1 X98.288 Y108.604 E31.42586
G0 F3600 X98.605 Y108.862
G1 F1500 X98.977 Y108.55 E31.435
G1 X99.526 Y108.277 E31.44653
G1 X100 Y108.2 E31.45556
G1 X120 Y108.2 E31.83177
G1 X120.606 Y108.324 E31.84341
G1 X121.138 Y108.605 E31.85473
G1 X121.45 Y108.977 E31.86386
G1 X121.723 Y109.526 E31.87539
G1 X121.8 Y110 E31.88442
G1 X121.8 Y130 E32.26064
G1 X121.676 Y130.606 E32.27227
G1 X121.395 Y131.138 E32.28359
G1 X121.023 Y131.45 E32.29272
G1 X120.474 Y131.723 E32.30426
G1 X120 Y131.8 E32.31329
G1 X99.958 Y131.8 E32.69029
G1 X99.384 Y131.674 E32.70134
G1 X98.859 Y131.392 E32.71255
G1 X98.55 Y131.023 E32.72161
G1 X98.277 Y130.474 E32.73314
G1 X98.2 Y130 E32.74217
G1 X98.2 Y110 E33.11838
G1 X98.324 Y109.394 E33.13002
G1 X98.605 Y108.862 E33.14134
G0 F3600 X98.923 Y109.117
G1 F1500 X99.155 Y108.908 E33.14721
G1 X99.649 Y108.662 E33.15759
G1 X100 Y108.6 E33.1643
G1 X120 Y108.6 E33.54051
G1 X120.419 Y108.678 E33.54852
G1 X120.883 Y108.923 E33.55839
G1 X121.092 Y109.155 E33.56427
G1 X121.338 Y109.649 E33.57465
G1 X121.4 Y110 E33.58135
G1 X121.4 Y130 E33.95757
G1 X121.322 Y130.419 E33.96558
G1 X121.077 Y130.883 E33.97545
G1 X120.845 Y131.092 E33.98133
G1 X120.351 Y131.338 E33.99171
G1 X120 Y131.4 E33.99841
G1 X99.958 Y131.4 E34.37541
G1 X99.477 Y131.285 E34.38472
G1 X99.117 Y131.077 E34.39254
G1 X98.908 Y130.845 E34.39841
G1 X98.662 Y130.351 E34.40879
G1 X98.6 Y130 E34.4155
G1 X98.6 Y110 E34.79171
G1 X98.678 Y109.581 E34.79972
G1 X98.923 Y109.117 E34.80959
G0 F3600 X99.207 Y109.399
G1 F1500 X99.07 Y109.662 E34.81517
G1 X99 Y110 E34.82167
G1 X99 Y130 E35.19788
G1 X99.054 Y130.273 E35.20311
G1 X99.26 Y130.655 E35.21128
G1 X99.399 Y130.793 E35.21496
G1 X99.662 Y130.93 E35.22054
G1 X100 Y131 E35.22703
G1 X120 Y131 E35.60324
G1 X120.273 Y130.946 E35.60848
G1 X120.655 Y130.74 E35.61664
G1 X120.793 Y130.601 E35.62032
G1 X120.93 Y130.338 E35.6259
G1 X121 Y130 E35.6324
G1 X121 Y110 E36.00861
G1 X120.946 Y109.727 E36.01384
G1 X120.74 Y109.345 E36.02201
G1 X120.601 Y109.207 E36.02569
G1 X120.338 Y109.07 E36.03127
G1 X120 Y109 E36.03776
G1 X100 Y109 E36.41397
G1 X99.727 Y109.054 E36.41921
G1 X99.345 Y109.26 E36.42737
G1 X99.207 Y109.399 E36.43106
G0 F3600 X99.839 Y109.881
G1 F1500 X100 Y109.8 E36.43445
G1 X120 Y109.8 E36.81066
G1 X120.119 Y109.839 E36.81301
G1 X120.2 Y110 E36.8164
G1 X120.2 Y130 E37.19261
G1 X120.161 Y130.119 E37.19497
G1 X120 Y130.2 E37.19836
G1 X100 Y130.2 E37.57457
G1 X99.881 Y130.161 E37.57693
G1 X99.8 Y130 E37.58032
G1 X99.8 Y110 E37.95653
G1 X99.839 Y109.881 E37.95888
G0 F3600 X99.459 Y109.756
G1 F1500 X99.55 Y109.604 E37.96222
G1 X99.82 Y109.443 E37.96813
G1 X100 Y109.4 E37.97161
G1 X120 Y109.4 E38.34782
G1 X120.244 Y109.459 E38.35254
G1 X120.396 Y109.55 E38.35588
G1 X120.557 Y109.82 E38.36179
G1 X120.6 Y110 E38.36527
G1 X120.6 Y130 E38.74148
G1 X120.541 Y130.244 E38.7462
G1 X120.45 Y130.396 E38.74954
G1 X120.18 Y130.557 E38.75545
G1 X120 Y130.6 E38.75893
G1 X100 Y130.6 E39.13514
G1 X99.756 Y130.541 E39.13986
G1 X99.604 Y130.45 E39.1432
G1 X99.443 Y130.18 E39.14911
G1 X99.4 Y130 E39.15259
G1 X99.4 Y110 E39.5288
G1 X99.459 Y109.756 E39.53352
G1 F1500 E33.03352
;MESH:xyzCalibration_cube.glb
G0 F3600 X100.424 Y110.424
G0 X119.09 Y129.12
G0 X119.4 Y129.4
;TYPE:WALL-INNER
G1 F1500 E39.53352
G1 X119.4 Y110.6 E39.88716
G1 X100.6 Y110.6 E40.2408
G1 X100.6 Y129.4 E40.59444
G1 X119.4 Y129.4 E40.94808
G0 F3600 X119.8 Y129.8
;TYPE:WALL-OUTER
G1 F1500 X119.8 Y110.2 E41.31676
G1 X100.2 Y110.2 E41.68545
G1 X100.2 Y129.8 E42.05414
G1 X119.8 Y129.8 E42.42282
G0 F3600 X119.8 Y129.6
G0 X119.02 Y129.02
;TYPE:SKIN
G1 F1500 X100.98 Y129.02 E42.76217
G1 X100.98 Y110.98 E43.10151
G1 X119.02 Y110.98 E43.44085
G1 X119.02 Y129.02 E43.78019
G0 F3600 X118.82 Y111.466
G1 F1500 X118.534 Y111.181 E43.78779
G0 F3600 X117.969 Y111.181
G1 F1500 X118.82 Y112.032 E43.81043
G0 F3600 X118.82 Y112.598
G1 F1500 X117.403 Y111.181 E43.84812
G0 F3600 X116.837 Y111.181
G1 F1500 X118.82 Y113.163 E43.90086
G0 F3600 X118.82 Y113.729
G1 F1500 X116.272 Y111.181 E43.96864
G0 F3600 X115.706 Y111.181
G1 F1500 X118.82 Y114.295 E44.05148
G0 F3600 X118.82 Y114.86
G1 F1500 X115.14 Y111.181 E44.14937
G0 F3600 X114.575 Y111.181
G1 F1500 X118.82 Y115.426 E44.26229
G0 F3600 X118.82 Y115.992
G1 F1500 X114.009 Y111.181 E44.39027
G0 F3600 X113.443 Y111.181
G1 F1500 X118.82 Y116.557 E44.5333
G0 F3600 X118.82 Y117.123
G1 F1500 X112.878 Y111.181 E44.69137
G0 F3600 X112.312 Y111.181
G1 F1500 X118.82 Y117.689 E44.8645
G0 F3600 X118.82 Y118.254
G1 F1500 X111.746 Y111.181 E45.05267
G0 F3600 X111.181 Y111.181
G1 F1500 X118.82 Y118.82 E45.25588
G0 F3600 X118.82 Y119.386
G1 F1500 X110.615 Y111.181 E45.47415
G0 F3600 X110.049 Y111.181
G1 F1500 X118.82 Y119.951 E45.70747
G0 F3600 X118.82 Y120.517
G1 F1500 X109.483 Y111.181 E45.95584
G0 F3600 X108.918 Y111.181
G1 F1500 X118.82 Y121.083 E46.21925
G0 F3600 X118.82 Y121.649
G1 F1500 X108.352 Y111.181 E46.49772
G0 F3600 X107.786 Y111.181
G1 F1500 X118.82 Y122.214 E46.79124
G0 F3600 X118.82 Y122.78
G1 F1500 X107.221 Y111.181 E47.0998
G0 F3600 X106.655 Y111.181
G1 F1500 X118.82 Y123.346 E47.42341
G0 F3600 X118.82 Y123.911
G1 F1500 X106.089 Y111.181 E47.76207
G0 F3600 X105.524 Y111.181
G1 F1500 X118.82 Y124.477 E48.11577
G0 F3600 X118.82 Y125.043
G1 F1500 X104.958 Y111.181 E48.48453
G0 F3600 X104.392 Y111.181
G1 F1500 X118.82 Y125.608 E48.86833
G0 F3600 X118.82 Y126.174
G1 F1500 X103.827 Y111.181 E49.26718
G0 F3600 X103.261 Y111.181
G1 F1500 X118.82 Y126.74 E49.68108
G0 F3600 X118.82 Y127.305
G1 F1500 X102.695 Y111.181 E50.11003
G0 F3600 X102.13 Y111.181
G1 F1500 X118.82 Y127.871 E50.55402
G0 F3600 X118.82 Y128.437
G1 F1500 X101.564 Y111.181 E51.01306
G0 F3600 X101.18 Y111.362
G1 F1500 X118.638 Y128.82 E51.47748
G0 F3600 X118.072 Y128.82
G1 F1500 X101.18 Y111.928 E51.92685
G0 F3600 X101.18 Y112.494
G1 F1500 X117.506 Y128.82 E52.36115
G0 F3600 X116.941 Y128.82
G1 F1500 X101.18 Y113.059 E52.78043
G0 F3600 X101.18 Y113.625
G1 F1500 X116.375 Y128.82 E53.18465
G0 F3600 X115.809 Y128.82
G1 F1500 X101.18 Y114.191 E53.57381
G0 F3600 X101.18 Y114.756
G1 F1500 X115.244 Y128.82 E53.94795
G0 F3600 X114.678 Y128.82
G1 F1500 X101.18 Y115.322 E54.30702
G0 F3600 X101.18 Y115.888
G1 F1500 X114.112 Y128.82 E54.65104
G0 F3600 X113.546 Y128.82
G1 F1500 X101.18 Y116.453 E54.98002
G0 F3600 X101.18 Y117.019
G1 F1500 X112.981 Y128.82 E55.29395
G0 F3600 X112.415 Y128.82
G1 F1500 X101.18 Y117.585 E55.59282
G0 F3600 X101.18 Y118.15
G1 F1500 X111.849 Y128.82 E55.87665
G0 F3600 X111.284 Y128.82
G1 F1500 X101.18 Y118.716 E56.14544
G0 F3600 X101.18 Y119.282
G1 F1500 X110.718 Y128.82 E56.39917
G0 F3600 X110.152 Y128.82
G1 F1500 X101.18 Y119.848 E56.63785
G0 F3600 X101.18 Y120.413
G1 F1500 X109.587 Y128.82 E56.86149
G0 F3600 X109.021 Y128.82
G1 F1500 X101.18 Y120.979 E57.07008
G0 F3600 X101.18 Y121.545
G1 F1500 X108.455 Y128.82 E57.26361
G0 F3600 X107.89 Y128.82
G1 F1500 X101.18 Y122.11 E57.44211
G0 F3600 X101.18 Y122.676
G1 F1500 X107.324 Y128.82 E57.60555
G0 F3600 X106.758 Y128.82
G1 F1500 X101.18 Y123.242 E57.75394
G0 F3600 X101.18 Y123.807
G1 F1500 X106.193 Y128.82 E57.8873
G0 F3600 X105.627 Y128.82
G1 F1500 X101.18 Y124.373 E58.0056
G0 F3600 X101.18 Y124.939
G1 F1500 X105.061 Y128.82 E58.10884
G0 F3600 X104.496 Y128.82
G1 F1500 X101.18 Y125.504 E58.19705
G0 F3600 X101.18 Y126.07
G1 F1500 X103.93 Y128.82 E58.27021
G0 F3600 X103.364 Y128.82
G1 F1500 X101.18 Y126.636 E58.32831
G0 F3600 X101.18 Y127.201
G1 F1500 X102.798 Y128.82 E58.37136
G0 F3600 X102.233 Y128.82
G1 F1500 X101.18 Y127.767 E58.39938
G0 F3600 X101.18 Y128.333
G1 F1500 X101.667 Y128.82 E58.41233
G0 F3600 X101.667 Y128.79
;MESH:NONMESH
G0 F600 X101.667 Y128.79 Z0.5
G0 F3600 X119.12 Y129.12
G0 X119.4 Y129.4
;TIME_ELAPSED:131.743620
;LAYER:1
M106 S255
;TYPE:WALL-INNER
;MESH:xyzCalibration_cube.glb
G1 F2250 X119.4 Y110.6 E58.64809
G1 X100.6 Y110.6 E58.88385
G1 X100.6 Y129.4 E59.11961
G1 X119.4 Y129.4 E59.35537
G0 F5400 X119.8 Y129.8
;TYPE:WALL-OUTER
G1 F1500 X119.8 Y110.2 E59.60116
G1 X100.2 Y110.2 E59.84695
G1 X100.2 Y129.8 E60.09274
G1 X119.8 Y129.8 E60.33853
G0 F5400 X119.8 Y129.6
G0 X119.02 Y129.02
;TYPE:SKIN
G1 F1500 X100.98 Y129.02 E60.56476
G1 X100.98 Y110.98 E60.79099
G1 X119.02 Y110.98 E61.01722
G1 X119.02 Y129.02 E61.24345
G0 F5400 X118.385 Y128.82
G1 F1500 X118.82 Y128.384 E61.25117
G0 F5400 X118.82 Y127.819
G1 F1500 X117.819 Y128.82 E61.26892
G0 F5400 X117.253 Y128.82
G1 F1500 X118.82 Y127.253 E61.29671
G0 F5400 X118.82 Y126.687
G1 F1500 X116.687 Y128.82 E61.33454
G0 F5400 X116.122 Y128.82
G1 F1500 X118.82 Y126.122 E61.38239
G0 F5400 X118.82 Y125.556
G1 F1500 X115.556 Y128.82 E61.44027
G0 F5400 X114.99 Y128.82
G1 F1500 X118.82 Y124.99 E61.5082
G0 F5400 X118.82 Y124.425
G1 F1500 X114.425 Y128.82 E61.58614
G0 F5400 X113.859 Y128.82
G1 F1500 X118.82 Y123.859 E61.67413
G0 F5400 X118.82 Y123.293
G1 F1500 X113.293 Y128.82 E61.77215
G0 F5400 X112.728 Y128.82
G1 F1500 X118.82 Y122.728 E61.88019
G0 F5400 X118.82 Y122.162
G1 F1500 X112.162 Y128.82 E61.99826
G0 F5400 X111.596 Y128.82
G1 F1500 X118.82 Y121.596 E62.12638
G0 F5400 X118.82 Y121.031
G1 F1500 X111.031 Y128.82 E62.26452
G0 F5400 X110.465 Y128.82
G1 F1500 X118.82 Y120.465 E62.41269
G0 F5400 X118.82 Y119.899
G1 F1500 X109.899 Y128.82 E62.5709
G0 F5400 X109.334 Y128.82
G1 F1500 X118.82 Y119.333 E62.73914
G0 F5400 X118.82 Y118.768
G1 F1500 X108.768 Y128.82 E62.91741
G0 F5400 X108.202 Y128.82
G1 F1500 X118.82 Y118.202 E63.10572
G0 F5400 X118.82 Y117.636
G1 F1500 X107.637 Y128.82 E63.30406
G0 F5400 X107.071 Y128.82
G1 F1500 X118.82 Y117.071 E63.51242
G0 F5400 X118.82 Y116.505
G1 F1500 X106.505 Y128.82 E63.73083
G0 F5400 X105.939 Y128.82
G1 F1500 X118.82 Y115.939 E63.95927
G0 F5400 X118.82 Y115.374
G1 F1500 X105.374 Y128.82 E64.19773
G0 F5400 X104.808 Y128.82
G1 F1500 X118.82 Y114.808 E64.44623
G0 F5400 X118.82 Y114.242
G1 F1500 X104.242 Y128.82 E64.70477
G0 F5400 X103.677 Y128.82
G1 F1500 X118.82 Y113.677 E64.97332
G0 F5400 X118.82 Y113.111
G1 F1500 X103.111 Y128.82 E65.25192
G0 F5400 X102.545 Y128.82
G1 F1500 X118.82 Y112.545 E65.54055
G0 F5400 X118.82 Y111.98
G1 F1500 X101.98 Y128.82 E65.83921
G0 F5400 X101.414 Y128.82
G1 F1500 X118.82 Y111.414 E66.1479
G0 F5400 X118.488 Y111.18
G1 F1500 X101.181 Y128.488 E66.45484
G0 F5400 X101.181 Y127.922
G1 F1500 X117.923 Y111.18 E66.75176
G0 F5400 X117.357 Y111.18
G1 F1500 X101.181 Y127.356 E67.03863
G0 F5400 X101.181 Y126.791
G1 F1500 X116.791 Y111.18 E67.31548
G0 F5400 X116.226 Y111.18
G1 F1500 X101.181 Y126.225 E67.5823
G0 F5400 X101.181 Y125.659
G1 F1500 X115.66 Y111.18 E67.83908
G0 F5400 X115.094 Y111.18
G1 F1500 X101.181 Y125.094 E68.08584
G0 F5400 X101.181 Y124.528
G1 F1500 X114.529 Y111.18 E68.32256
G0 F5400 X113.963 Y111.18
G1 F1500 X101.181 Y123.962 E68.54925
G0 F5400 X101.181 Y123.396
G1 F1500 X113.397 Y111.18 E68.76589
G0 F5400 X112.832 Y111.18
G1 F1500 X101.181 Y122.831 E68.97252
G0 F5400 X101.181 Y122.265
G1 F1500 X112.266 Y111.18 E69.16911
G0 F5400 X111.7 Y111.18
G1 F1500 X101.181 Y121.699 E69.35566
G0 F5400 X101.181 Y121.134
G1 F1500 X111.135 Y111.18 E69.53219
G0 F5400 X110.569 Y111.18
G1 F1500 X101.181 Y120.568 E69.69869
G0 F5400 X101.181 Y120.002
G1 F1500 X110.003 Y111.18 E69.85514
G0 F5400 X109.438 Y111.18
G1 F1500 X101.181 Y119.437 E70.00158
G0 F5400 X101.181 Y118.871
G1 F1500 X108.872 Y111.18 E70.13798
G0 F5400 X108.306 Y111.18
G1 F1500 X101.181 Y118.305 E70.26434
G0 F5400 X101.181 Y117.74
G1 F1500 X107.74 Y111.18 E70.38067
G0 F5400 X107.175 Y111.18
G1 F1500 X101.181 Y117.174 E70.48697
G0 F5400 X101.181 Y116.608
G1 F1500 X106.609 Y111.18 E70.58324
G0 F5400 X106.043 Y111.18
G1 F1500 X101.181 Y116.043 E70.66947
G0 F5400 X101.181 Y115.477
G1 F1500 X105.478 Y111.18 E70.74568
G0 F5400 X104.912 Y111.18
G1 F1500 X101.181 Y114.911 E70.81185
G0 F5400 X101.181 Y114.346
G1 F1500 X104.346 Y111.18 E70.86799
G0 F5400 X103.781 Y111.18
G1 F1500 X101.181 Y113.78 E70.9141
G0 F5400 X101.181 Y113.214
G1 F1500 X103.215 Y111.18 E70.95017
G0 F5400 X102.649 Y111.18
G1 F1500 X101.181 Y112.648 E70.9762
G0 F5400 X101.181 Y112.083
G1 F1500 X102.084 Y111.18 E70.99222
G0 F5400 X101.518 Y111.18
G1 F1500 X101.181 Y111.517 E70.99819
G0 F5400 X101.21 Y111.517
;MESH:NONMESH
G0 F600 X101.21 Y111.517 Z0.7
G0 F5400 X119.12 Y129.12
G0 X119.4 Y129.4
;TIME_ELAPSED:172.605427
;LAYER:2
;TYPE:WALL-INNER
;MESH:xyzCalibration_cube.glb
G1 F3000 X119.4 Y110.6 E71.23395
G1 X100.6 Y110.6 E71.46971
G1 X100.6 Y129.4 E71.70547
G1 X119.4 Y129.4 E71.94123
G0 F7200 X119.8 Y129.8
;TYPE:WALL-OUTER
G1 F1500 X119.8 Y110.2 E72.18702
G1 X100.2 Y110.2 E72.43281
G1 X100.2 Y129.8 E72.6786
G1 X119.8 Y129.8 E72.9244
G0 F7200 X119.8 Y129.6
G0 X119.02 Y129.02
;TYPE:SKIN
G1 F1500 X100.98 Y129.02 E73.15062
G1 X100.98 Y110.98 E73.37685
G1 X119.02 Y110.98 E73.60308
G1 X119.02 Y129.02 E73.82931
G0 F7200 X118.82 Y111.466
G1 F1500 X118.534 Y111.181 E73.83437
G0 F7200 X117.969 Y111.181
G1 F1500 X118.82 Y112.032 E73.84946
G0 F7200 X118.82 Y112.598
G1 F1500 X117.403 Y111.181 E73.87459
G0 F7200 X116.837 Y111.181
G1 F1500 X118.82 Y113.163 E73.90975
G0 F7200 X118.82 Y113.729
G1 F1500 X116.272 Y111.181 E73.95494
G0 F7200 X115.706 Y111.181
G1 F1500 X118.82 Y114.295 E74.01017
G0 F7200 X118.82 Y114.86
G1 F1500 X115.14 Y111.181 E74.07542
G0 F7200 X114.575 Y111.181
G1 F1500 X118.82 Y115.426 E74.15071
G0 F7200 X118.82 Y115.992
G1 F1500 X114.009 Y111.181 E74.23603
G0 F7200 X113.443 Y111.181
G1 F1500 X118.82 Y116.557 E74.33138
G0 F7200 X118.82 Y117.123
G1 F1500 X112.878 Y111.181 E74.43676
G0 F7200 X112.312 Y111.181
G1 F1500 X118.82 Y117.689 E74.55218
G0 F7200 X118.82 Y118.254
G1 F1500 X111.746 Y111.181 E74.67762
G0 F7200 X111.181 Y111.181
G1 F1500 X118.82 Y118.82 E74.8131
G0 F7200 X118.82 Y119.386
G1 F1500 X110.615 Y111.181 E74.95861
G0 F7200 X110.049 Y111.181
G1 F1500 X118.82 Y119.951 E75.11416
G0 F7200 X118.82 Y120.517
G1 F1500 X109.483 Y111.181 E75.27974
G0 F7200 X108.918 Y111.181
G1 F1500 X118.82 Y121.083 E75.45535
G0 F7200 X118.82 Y121.649
G1 F1500 X108.352 Y111.181 E75.64099
G0 F7200 X107.786 Y111.181
G1 F1500 X118.82 Y122.214 E75.83667
G0 F7200 X118.82 Y122.78
G1 F1500 X107.221 Y111.181 E76.04238
G0 F7200 X106.655 Y111.181
G1 F1500 X118.82 Y123.346 E76.25812
G0 F7200 X118.82 Y123.911
G1 F1500 X106.089 Y111.181 E76.48389
G0 F7200 X105.524 Y111.181
G1 F1500 X118.82 Y124.477 E76.71969
G0 F7200 X118.82 Y125.043
G1 F1500 X104.958 Y111.181 E76.96553
G0 F7200 X104.392 Y111.181
G1 F1500 X118.82 Y125.608 E77.2214
G0 F7200 X118.82 Y126.174
G1 F1500 X103.827 Y111.181 E77.4873
G0 F7200 X103.261 Y111.181
G1 F1500 X118.82 Y126.74 E77.76323
G0 F7200 X118.82 Y127.305
G1 F1500 X102.695 Y111.181 E78.0492
G0 F7200 X102.13 Y111.181
G1 F1500 X118.82 Y127.871 E78.34519
G0 F7200 X118.82 Y128.437
G1 F1500 X101.564 Y111.181 E78.65122
G0 F7200 X101.18 Y111.362
G1 F1500 X118.638 Y128.82 E78.96084
G0 F7200 X118.072 Y128.82
G1 F1500 X101.18 Y111.928 E79.26041
G0 F7200 X101.18 Y112.494
G1 F1500 X117.506 Y128.82 E79.54995
G0 F7200 X116.941 Y128.82
G1 F1500 X101.18 Y113.059 E79.82947
G0 F7200 X101.18 Y113.625
G1 F1500 X116.375 Y128.82 E80.09895
G0 F7200 X115.809 Y128.82
G1 F1500 X101.18 Y114.191 E80.35839
G0 F7200 X101.18 Y114.756
G1 F1500 X115.244 Y128.82 E80.60781
G0 F7200 X114.678 Y128.82
G1 F1500 X101.18 Y115.322 E80.84719
G0 F7200 X101.18 Y115.888
G1 F1500 X114.112 Y128.82 E81.07654
G0 F7200 X113.546 Y128.82
G1 F1500 X101.18 Y116.453 E81.29586
G0 F7200 X101.18 Y117.019
G1 F1500 X112.981 Y128.82 E81.50514
G0 F7200 X112.415 Y128.82
G1 F1500 X101.18 Y117.585 E81.70439
G0 F7200 X101.18 Y118.15
G1 F1500 X111.849 Y128.82 E81.89362
G0 F7200 X111.284 Y128.82
G1 F1500 X101.18 Y118.716 E82.07281
G0 F7200 X101.18 Y119.282
G1 F1500 X110.718 Y128.82 E82.24196
G0 F7200 X110.152 Y128.82
G1 F1500 X101.18 Y119.848 E82.40108
G0 F7200 X101.18 Y120.413
G1 F1500 X109.587 Y128.82 E82.55017
G0 F7200 X109.021 Y128.82
G1 F1500 X101.18 Y120.979 E82.68923
G0 F7200 X101.18 Y121.545
G1 F1500 X108.455 Y128.82 E82.81825
G0 F7200 X107.89 Y128.82
G1 F1500 X101.18 Y122.11 E82.93725
G0 F7200 X101.18 Y122.676
G1 F1500 X107.324 Y128.82 E83.04622
G0 F7200 X106.758 Y128.82
G1 F1500 X101.18 Y123.242 E83.14514
G0 F7200 X101.18 Y123.807
G1 F1500 X106.193 Y128.82 E83.23404
G0 F7200 X105.627 Y128.82
G1 F1500 X101.18 Y124.373 E83.31291
G0 F7200 X101.18 Y124.939
G1 F1500 X105.061 Y128.82 E83.38174
G0 F7200 X104.496 Y128.82
G1 F1500 X101.18 Y125.504 E83.44055
G0 F7200 X101.18 Y126.07
G1 F1500 X103.93 Y128.82 E83.48932
G0 F7200 X103.364 Y128.82
G1 F1500 X101.18 Y126.636 E83.52805
G0 F7200 X101.18 Y127.201
G1 F1500 X102.798 Y128.82 E83.55676
G0 F7200 X102.233 Y128.82
G1 F1500 X101.18 Y127.767 E83.57543
G0 F7200 X101.18 Y128.333
G1 F1500 X101.667 Y128.82 E83.58407
G0 F7200 X101.667 Y128.79
;MESH:NONMESH
G0 F600 X101.667 Y128.79 Z0.9
G0 F7200 X119.12 Y129.12
G0 X119.4 Y129.4
;TIME_ELAPSED:213.040458
;LAYER:3
;TYPE:WALL-INNER
;MESH:xyzCalibration_cube.glb
G1 F3000 X119.4 Y110.6 E83.81983
G1 X100.6 Y110.6 E84.05558
G1 X100.6 Y129.4 E84.29134
G1 X119.4 Y129.4 E84.5271
G0 F7200 X119.8 Y129.8
;TYPE:WALL-OUTER
G1 F1500 X119.8 Y110.2 E84.77289
G1 X100.2 Y110.2 E85.01869
G1 X100.2 Y129.8 E85.26448
G1 X119.8 Y129.8 E85.51027
G0 F7200 X119.8 Y129.6
G0 X119.02 Y129.02
;TYPE:SKIN
G1 F1500 X100.98 Y129.02 E85.7365
G1 X100.98 Y110.98 E85.96272
G1 X119.02 Y110.98 E86.18895
G1 X119.02 Y129.02 E86.41518
G0 F7200 X118.385 Y128.82
G1 F1500 X118.82 Y128.384 E86.4229
G0 F7200 X118.82 Y127.819
G1 F1500 X117.819 Y128.82 E86.44066
G0 F7200 X117.253 Y128.82
G1 F1500 X118.82 Y127.253 E86.46845
G0 F7200 X118.82 Y126.687
G1 F1500 X116.687 Y128.82 E86.50628
G0 F7200 X116.122 Y128.82
G1 F1500 X118.82 Y126.122 E86.55412
G0 F7200 X118.82 Y125.556
G1 F1500 X115.556 Y128.82 E86.61201
G0 F7200 X114.99 Y128.82
G1 F1500 X118.82 Y124.99 E86.67993
G0 F7200 X118.82 Y124.425
G1 F1500 X114.425 Y128.82 E86.75788
G0 F7200 X113.859 Y128.82
G1 F1500 X118.82 Y123.859 E86.84586
G0 F7200 X118.82 Y123.293
G1 F1500 X113.293 Y128.82 E86.94388
G0 F7200 X112.728 Y128.82
G1 F1500 X118.82 Y122.728 E87.05192
G0 F7200 X118.82 Y122.162
G1 F1500 X112.162 Y128.82 E87.17
G0 F7200 X111.596 Y128.82
G1 F1500 X118.82 Y121.596 E87.29811
G0 F7200 X118.82 Y121.031
G1 F1500 X111.031 Y128.82 E87.43625
G0 F7200 X110.465 Y128.82
G1 F1500 X118.82 Y120.465 E87.58442
G0 F7200 X118.82 Y119.899
G1 F1500 X109.899 Y128.82 E87.74264
G0 F7200 X109.334 Y128.82
G1 F1500 X118.82 Y119.333 E87.91088
G0 F7200 X118.82 Y118.768
G1 F1500 X108.768 Y128.82 E88.08915
G0 F7200 X108.202 Y128.82
G1 F1500 X118.82 Y118.202 E88.27746
G0 F7200 X118.82 Y117.636
G1 F1500 X107.637 Y128.82 E88.47579
G0 F7200 X107.071 Y128.82
G1 F1500 X118.82 Y117.071 E88.68416
G0 F7200 X118.82 Y116.505
G1 F1500 X106.505 Y128.82 E88.90256
G0 F7200 X105.939 Y128.82
G1 F1500 X118.82 Y115.939 E89.131
G0 F7200 X118.82 Y115.374
G1 F1500 X105.374 Y128.82 E89.36946
G0 F7200 X104.808 Y128.82
G1 F1500 X118.82 Y114.808 E89.61796
G0 F7200 X118.82 Y114.242
G1 F1500 X104.242 Y128.82 E89.8765
G0 F7200 X103.677 Y128.82
G1 F1500 X118.82 Y113.677 E90.14506
G0 F7200 X118.82 Y113.111
G1 F1500 X103.111 Y128.82 E90.42365
G0 F7200 X102.545 Y128.82
G1 F1500 X118.82 Y112.545 E90.71229
G0 F7200 X118.82 Y111.98
G1 F1500 X101.98 Y128.82 E91.01094
G0 F7200 X101.414 Y128.82
G1 F1500 X118.82 Y111.414 E91.31963
G0 F7200 X118.488 Y111.18
G1 F1500 X101.181 Y128.488 E91.62658
G0 F7200 X101.181 Y127.922
G1 F1500 X117.923 Y111.18 E91.92349
G0 F7200 X117.357 Y111.18
G1 F1500 X101.181 Y127.356 E92.21037
G0 F7200 X101.181 Y126.791
G1 F1500 X116.791 Y111.18 E92.48722
G0 F7200 X116.226 Y111.18
G1 F1500 X101.181 Y126.225 E92.75404
G0 F7200 X101.181 Y125.659
G1 F1500 X115.66 Y111.18 E93.01082
G0 F7200 X115.094 Y111.18
G1 F1500 X101.181 Y125.094 E93.25757
G0 F7200 X101.181 Y124.528
G1 F1500 X114.529 Y111.18 E93.4943
G0 F7200 X113.963 Y111.18
G1 F1500 X101.181 Y123.962 E93.72098
G0 F7200 X101.181 Y123.396
G1 F1500 X113.397 Y111.18 E93.93763
G0 F7200 X112.832 Y111.18
G1 F1500 X101.181 Y122.831 E94.14426
G0 F7200 X101.181 Y122.265
G1 F1500 X112.266 Y111.18 E94.34085
G0 F7200 X111.7 Y111.18
G1 F1500 X101.181 Y121.699 E94.5274
G0 F7200 X101.181 Y121.134
G1 F1500 X111.135 Y111.18 E94.70393
G0 F7200 X110.569 Y111.18
G1 F1500 X101.181 Y120.568 E94.87042
G0 F7200 X101.181 Y120.002
G1 F1500 X110.003 Y111.18 E95.02688
G0 F7200 X109.438 Y111.18
G1 F1500 X101.181 Y119.437 E95.17332
G0 F7200 X101.181 Y118.871
G1 F1500 X108.872 Y111.18 E95.30971
G0 F7200 X108.306 Y111.18
G1 F1500 X101.181 Y118.305 E95.43607
G0 F7200 X101.181 Y117.74
G1 F1500 X107.74 Y111.18 E95.55241
G0 F7200 X107.175 Y111.18
G1 F1500 X101.181 Y117.174 E95.65871
G0 F7200 X101.181 Y116.608
G1 F1500 X106.609 Y111.18 E95.75497
G0 F7200 X106.043 Y111.18
G1 F1500 X101.181 Y116.043 E95.84121
G0 F7200 X101.181 Y115.477
G1 F1500 X105.478 Y111.18 E95.91741
G0 F7200 X104.912 Y111.18
G1 F1500 X101.181 Y114.911 E95.98358
G0 F7200 X101.181 Y114.346
G1 F1500 X104.346 Y111.18 E96.03972
G0 F7200 X103.781 Y111.18
G1 F1500 X101.181 Y113.78 E96.08583
G0 F7200 X101.181 Y113.214
G1 F1500 X103.215 Y111.18 E96.1219
G0 F7200 X102.649 Y111.18
G1 F1500 X101.181 Y112.648 E96.14794
G0 F7200 X101.181 Y112.083
G1 F1500 X102.084 Y111.18 E96.16395
G0 F7200 X101.518 Y111.18
G1 F1500 X101.181 Y111.517 E96.16993
G0 F7200 X101.21 Y111.517
;MESH:NONMESH
G0 F600 X101.21 Y111.517 Z1.1
G0 F7200 X100.76 Y110.76
;TIME_ELAPSED:253.169948
;LAYER:4
;TYPE:FILL
;MESH:xyzCalibration_cube.glb
G1 F3000 X119.24 Y129.24 E96.49767
G1 X119.31 Y129.31
G0 F7200 X119.12 Y129.12
G0 X117.73 Y129.09
G0 X117.73 Y129.24
G1 F3000 X119.24 Y127.73 E96.52445
G1 X119.31 Y127.66
G0 F7200 X119.09 Y127.66
G0 X119.09 Y123.583
G0 X119.24 Y123.583
G1 F3000 X106.417 Y110.76 E96.75186
G1 X106.347 Y110.69
G0 F7200 X106.347 Y110.91
G0 X107.926 Y110.91
G0 X107.926 Y110.76
G1 F3000 X100.761 Y117.925 E96.87893
G1 X100.691 Y117.995
G0 F7200 X100.91 Y117.995
G0 X100.91 Y116.417
G0 X100.76 Y116.417
G1 F3000 X113.583 Y129.24 E97.10634
G1 X113.653 Y129.31
G0 F7200 X113.653 Y129.09
G0 X112.073 Y129.09
G0 X112.073 Y129.24
G1 F3000 X119.24 Y122.073 E97.23345
G1 X119.31 Y122.003
G0 F7200 X119.09 Y122.003
G0 X119.09 Y117.926
G0 X119.24 Y117.926
G1 F3000 X112.074 Y110.76 E97.36054
G1 X112.004 Y110.69
G0 F7200 X112.004 Y110.91
G0 X113.583 Y110.91
G0 X113.583 Y110.76
G1 F3000 X100.761 Y123.582 E97.58793
G1 X100.691 Y123.652
G0 F7200 X100.91 Y123.652
G0 X100.91 Y122.074
G0 X100.76 Y122.074
G1 F3000 X107.926 Y129.24 E97.71502
G1 X107.996 Y129.31
G0 F7200 X107.996 Y129.09
G0 X106.416 Y129.09
G0 X106.416 Y129.24
G1 F3000 X119.24 Y116.416 E97.94245
G1 X119.31 Y116.346
G0 F7200 X119.09 Y116.346
G0 X119.09 Y112.269
G0 X119.24 Y112.269
G1 F3000 X117.731 Y110.76 E97.96921
G1 X117.661 Y110.69
G0 F7200 X117.661 Y110.91
G0 X119.12 Y110.88
G0 X119.239 Y110.76
G1 F3000 X100.761 Y129.239 E98.29692
G1 X100.691 Y129.309
G0 F7200 X100.88 Y129.12
G0 X100.91 Y127.73
G0 X100.76 Y127.73
G1 F3000 X102.27 Y129.24 E98.3237
G1 X102.34 Y129.31
G0 F7200 X102.34 Y129.09
G0 X100.91 Y112.268
G0 X100.761 Y112.268
G1 F3000 X102.269 Y110.76 E98.35045
G1 X102.339 Y110.69
G0 F7200 X102.339 Y110.91
G0 X119.12 Y129.12
G0 X119.4 Y129.4
;TYPE:WALL-INNER
G1 F3000 X119.4 Y110.6 E98.5862
G1 X100.6 Y110.6 E98.82196
G1 X100.6 Y129.4 E99.05772
G1 X119.4 Y129.4 E99.29348
G0 F7200 X119.8 Y129.8
;TYPE:WALL-OUTER
G1 F1500 X119.8 Y110.2 E99.53927
G1 X100.2 Y110.2 E99.78506
G1 X100.2 Y129.8 E100.03086
G1 X119.8 Y129.8 E100.27665
G0 F7200 X119.8 Y129.6
G0 X118.79 Y128.908
;MESH:NONMESH
G0 F600 X118.79 Y128.908 Z1.3
G0 F7200 X100.88 Y110.88
G0 X100.76 Y110.76
;TIME_ELAPSED:262.896528
;LAYER:5
;TYPE:FILL
;MESH:xyzCalibration_cube.glb
G1 F3000 X119.24 Y129.24 E100.60439
G1 X119.31 Y129.31
G0 F7200 X119.12 Y129.12
G0 X117.73 Y129.09
G0 X117.73 Y129.24
G1 F3000 X119.24 Y127.73 E100.63116
G1 X119.31 Y127.66
G0 F7200 X119.09 Y127.66
G0 X119.09 Y123.583
G0 X119.24 Y123.583
G1 F3000 X106.417 Y110.76 E100.85858
G1 X106.347 Y110.69
G0 F7200 X106.347 Y110.91
G0 X107.926 Y110.91
G0 X107.926 Y110.76
G1 F3000 X100.761 Y117.925 E100.98565
G1 X100.691 Y117.995
G0 F7200 X100.91 Y117.995
G0 X100.91 Y116.417
G0 X100.76 Y116.417
G1 F3000 X113.583 Y129.24 E101.21306
G1 X113.653 Y129.31
G0 F7200 X113.653 Y129.09
G0 X112.073 Y129.09
G0 X112.073 Y129.24
G1 F3000 X119.24 Y122.073 E101.34016
G1 X119.31 Y122.003
G0 F7200 X119.09 Y122.003
G0 X119.09 Y117.926
G0 X119.24 Y117.926
G1 F3000 X112.074 Y110.76 E101.46725
G1 X112.004 Y110.69
G0 F7200 X112.004 Y110.91
G0 X113.583 Y110.91
G0 X113.583 Y110.76
G1 F3000 X100.761 Y123.582 E101.69465
G1 X100.691 Y123.652
G0 F7200 X100.91 Y123.652
G0 X100.91 Y122.074
G0 X100.76 Y122.074
G1 F3000 X107.926 Y129.24 E101.82173
G1 X107.996 Y129.31
G0 F7200 X107.996 Y129.09
G0 X106.416 Y129.09
G0 X106.416 Y129.24
G1 F3000 X119.24 Y116.416 E102.04917
G1 X119.31 Y116.346
G0 F7200 X119.09 Y116.346
G0 X119.09 Y112.269
G0 X119.24 Y112.269
G1 F3000 X117.731 Y110.76 E102.07593
G1 X117.661 Y110.69
G0 F7200 X117.661 Y110.91
G0 X119.12 Y110.88
G0 X119.239 Y110.76
G1 F3000 X100.761 Y129.239 E102.40364
G1 X100.691 Y129.309
G0 F7200 X100.88 Y129.12
G0 X100.91 Y127.73
G0 X100.76 Y127.73
G1 F3000 X102.27 Y129.24 E102.43042
G1 X102.34 Y129.31
G0 F7200 X102.34 Y129.09
G0 X100.91 Y112.268
G0 X100.761 Y112.268
G1 F3000 X102.269 Y110.76 E102.45716
G1 X102.339 Y110.69
G0 F7200 X102.339 Y110.91
G0 X119.12 Y129.12
G0 X119.4 Y129.4
;TYPE:WALL-INNER
G1 F3000 X119.4 Y110.6 E102.69292
G1 X100.6 Y110.6 E102.92868
G1 X100.6 Y129.4 E103.16444
G1 X119.4 Y129.4 E103.4002
G0 F7200 X119.8 Y129.8
;TYPE:WALL-OUTER
G1 F1500 X119.8 Y110.2 E103.64599
G1 X100.2 Y110.2 E103.89178
G1 X100.2 Y129.8 E104.13757
G1 X119.8 Y129.8 E104.38336
G0 F7200 X119.8 Y129.6
G0 X118.79 Y128.908
;MESH:NONMESH
G0 F600 X118.79 Y128.908 Z1.5
G0 F7200 X100.88 Y110.88
G0 X100.76 Y110.76
;TIME_ELAPSED:272.623108
;LAYER:6
;TYPE:FILL
;MESH:xyzCalibration_cube.glb
G1 F3000 X119.24 Y129.24 E104.7111
G1 X119.31 Y129.31
G0 F7200 X119.12 Y129.12
G0 X117.73 Y129.09
G0 X117.73 Y129.24
G1 F3000 X119.24 Y127.73 E104.73788
G1 X119.31 Y127.66
G0 F7200 X119.09 Y127.66
G0 X119.09 Y123.583
G0 X119.24 Y123.583
G1 F3000 X106.417 Y110.76 E104.96529
G1 X106.347 Y110.69
G0 F7200 X106.347 Y110.91
G0 X107.926 Y110.91
G0 X107.926 Y110.76
G1 F3000 X100.761 Y117.925 E105.09236
G1 X100.691 Y117.995
G0 F7200 X100.91 Y117.995
G0 X100.91 Y116.417
G0 X100.76 Y116.417
G1 F3000 X113.583 Y129.24 E105.31978
G1 X113.653 Y129.31
G0 F7200 X113.653 Y129.09
G0 X112.073 Y129.09
G0 X112.073 Y129.24
G1 F3000 X119.24 Y122.073 E105.44688
G1 X119.31 Y122.003
G0 F7200 X119.09 Y122.003
G0 X119.09 Y117.926
G0 X119.24 Y117.926
G1 F3000 X112.074 Y110.76 E105.57397
G1 X112.004 Y110.69
G0 F7200 X112.004 Y110.91
G0 X113.583 Y110.91
G0 X113.583 Y110.76
G1 F3000 X100.761 Y123.582 E105.80136
G1 X100.691 Y123.652
G0 F7200 X100.91 Y123.652
G0 X100.91 Y122.074
G0 X100.76 Y122.074
G1 F3000 X107.926 Y129.24 E105.92845
G1 X107.996 Y129.31
G0 F7200 X107.996 Y129.09
G0 X106.416 Y129.09
G0 X106.416 Y129.24
G1 F3000 X119.24 Y116.416 E106.15588
G1 X119.31 Y116.346
G0 F7200 X119.09 Y116.346
G0 X119.09 Y112.269
G0 X119.24 Y112.269
G1 F3000 X117.731 Y110.76 E106.18264
G1 X117.661 Y110.69
G0 F7200 X117.661 Y110.91
G0 X119.12 Y110.88
G0 X119.239 Y110.76
G1 F3000 X100.761 Y129.239 E106.51036
G1 X100.691 Y129.309
G0 F7200 X100.88 Y129.12
G0 X100.91 Y127.73
G0 X100.76 Y127.73
G1 F3000 X102.27 Y129.24 E106.53713
G1 X102.34 Y129.31
G0 F7200 X102.34 Y129.09
G0 X100.91 Y112.268
G0 X100.761 Y112.268
G1 F3000 X102.269 Y110.76 E106.56388
G1 X102.339 Y110.69
G0 F7200 X102.339 Y110.91
G0 X119.12 Y129.12
G0 X119.4 Y129.4
;TYPE:WALL-INNER
G1 F3000 X119.4 Y110.6 E106.79964
G1 X100.6 Y110.6 E107.0354
G1 X100.6 Y129.4 E107.27116
G1 X119.4 Y129.4 E107.50691
G0 F7200 X119.8 Y129.8
;TYPE:WALL-OUTER
G1 F1500 X119.8 Y110.2 E107.75271
G1 X100.2 Y110.2 E107.9985
G1 X100.2 Y129.8 E108.24429
G1 X119.8 Y129.8 E108.49008
G0 F7200 X119.8 Y129.6
G0 X118.79 Y128.908
;MESH:NONMESH
G0 F600 X118.79 Y128.908 Z1.7
G0 F7200 X100.88 Y110.88
G0 X100.76 Y110.76
;TIME_ELAPSED:282.349688
;LAYER:7
;TYPE:FILL
;MESH:xyzCalibration_cube.glb
G1 F3000 X119.24 Y129.24 E108.81782
G1 X119.31 Y129.31
G0 F7200 X119.12 Y129.12
G0 X117.73 Y129.09
G0 X117.73 Y129.24
G1 F3000 X119.24 Y127.73 E108.8446
G1 X119.31 Y127.66
G0 F7200 X119.09 Y127.66
G0 X119.09 Y123.583
G0 X119.24 Y123.583
G1 F3000 X106.417 Y110.76 E109.07201
G1 X106.347 Y110.69
G0 F7200 X106.347 Y110.91
G0 X107.926 Y110.91
G0 X107.926 Y110.76
G1 F3000 X100.761 Y117.925 E109.19908
G1 X100.691 Y117.995
G0 F7200 X100.91 Y117.995
G0 X100.91 Y116.417
G0 X100.76 Y116.417
G1 F3000 X113.583 Y129.24 E109.42649
G1 X113.653 Y129.31
G0 F7200 X113.653 Y129.09
G0 X112.073 Y129.09
G0 X112.073 Y129.24
G1 F3000 X119.24 Y122.073 E109.5536
G1 X119.31 Y122.003
G0 F7200 X119.09 Y122.003
G0 X119.09 Y117.926
G0 X119.24 Y117.926
G1 F3000 X112.074 Y110.76 E109.68069
G1 X112.004 Y110.69
G0 F7200 X112.004 Y110.91
G0 X113.583 Y110.91
G0 X113.583 Y110.76
G1 F3000 X100.761 Y123.582 E109.90808
G1 X100.691 Y123.652
G0 F7200 X100.91 Y123.652
G0 X100.91 Y122.074
G0 X100.76 Y122.074
G1 F3000 X107.926 Y129.24 E110.03517
G1 X107.996 Y129.31
G0 F7200 X107.996 Y129.09
G0 X106.416 Y129.09
G0 X106.416 Y129.24
G1 F3000 X119.24 Y116.416 E110.2626
G1 X119.31 Y116.346
G0 F7200 X119.09 Y116.346
G0 X119.09 Y112.269
G0 X119.24 Y112.269
G1 F3000 X117.731 Y110.76 E110.28936
G1 X117.661 Y110.69
G0 F7200 X117.661 Y110.91
G0 X119.12 Y110.88
G0 X119.239 Y110.76
G1 F3000 X100.761 Y129.239 E110.61707
G1 X100.691 Y129.309
G0 F7200 X100.88 Y129.12
G0 X100.91 Y127.73
G0 X100.76 Y127.73
G1 F3000 X102.27 Y129.24 E110.64385
G1 X102.34 Y129.31
G0 F7200 X102.34 Y129.09
G0 X100.91 Y112.268
G0 X100.761 Y112.268
G1 F3000 X102.269 Y110.76 E110.6706
G1 X102.339 Y110.69
G0 F7200 X102.339 Y110.91
G0 X119.12 Y129.12
G0 X119.4 Y129.4
;TYPE:WALL-INNER
G1 F3000 X119.4 Y110.6 E110.90635
G1 X100.6 Y110.6 E111.14211
G1 X100.6 Y129.4 E111.37787
G1 X119.4 Y129.4 E111.61363
G0 F7200 X119.8 Y129.8
;TYPE:WALL-OUTER
G1 F1500 X119.8 Y110.2 E111.85942
G1 X100.2 Y110.2 E112.10521
G1 X100.2 Y129.8 E112.35101
G1 X119.8 Y129.8 E112.5968
G0 F7200 X119.8 Y129.6
G0 X118.79 Y128.908
;MESH:NONMESH
G0 F600 X118.79 Y128.908 Z1.9
G0 F7200 X100.88 Y110.88
G0 X100.76 Y110.76
;TIME_ELAPSED:292.076268
;LAYER:8
;TYPE:FILL
;MESH:xyzCalibration_cube.glb
G1 F3000 X119.24 Y129.24 E112.92454
G1 X119.31 Y129.31
G0 F7200 X119.12 Y129.12
G0 X117.73 Y129.09
G0 X117.73 Y129.24
G1 F3000 X119.24 Y127.73 E112.95131
G1 X119.31 Y127.66
G0 F7200 X119.09 Y127.66
G0 X119.09 Y123.583
G0 X119.24 Y123.583
G1 F3000 X106.417 Y110.76 E113.17873
G1 X106.347 Y110.69
G0 F7200 X106.347 Y110.91
G0 X107.926 Y110.91
G0 X107.926 Y110.76
G1 F3000 X100.761 Y117.925 E113.3058
G1 X100.691 Y117.995
G0 F7200 X100.91 Y117.995
G0 X100.91 Y116.417
G0 X100.76 Y116.417
G1 F3000 X113.583 Y129.24 E113.53321
G1 X113.653 Y129.31
G0 F7200 X113.653 Y129.09
G0 X112.073 Y129.09
G0 X112.073 Y129.24
G1 F3000 X119.24 Y122.073 E113.66031
G1 X119.31 Y122.003
G0 F7200 X119.09 Y122.003
G0 X119.09 Y117.926
G0 X119.24 Y117.926
G1 F3000 X112.074 Y110.76 E113.7874
G1 X112.004 Y110.69
G0 F7200 X112.004 Y110.91
G0 X113.583 Y110.91
G0 X113.583 Y110.76
G1 F3000 X100.761 Y123.582 E114.0148
G1 X100.691 Y123.652
G0 F7200 X100.91 Y123.652
G0 X100.91 Y122.074
G0 X100.76 Y122.074
G1 F3000 X107.926 Y129.24 E114.14188
G1 X107.996 Y129.31
G0 F7200 X107.996 Y129.09
G0 X106.416 Y129.09
G0 X106.416 Y129.24
G1 F3000 X119.24 Y116.416 E114.36932
G1 X119.31 Y116.346
G0 F7200 X119.09 Y116.346
G0 X119.09 Y112.269
G0 X119.24 Y112.269
G1 F3000 X117.731 Y110.76 E114.39608
G1 X117.661 Y110.69
G0 F7200 X117.661 Y110.91
G0 X119.12 Y110.88
G0 X119.239 Y110.76
G1 F3000 X100.761 Y129.239 E114.72379
G1 X100.691 Y129.309
G0 F7200 X100.88 Y129.12
G0 X100.91 Y127.73
G0 X100.76 Y127.73
G1 F3000 X102.27 Y129.24 E114.75057
G1 X102.34 Y129.31
G0 F7200 X102.34 Y129.09
G0 X100.91 Y112.268
G0 X100.761 Y112.268
G1 F3000 X102.269 Y110.76 E114.77731
G1 X102.339 Y110.69
G0 F7200 X102.339 Y110.91
G0 X119.12 Y129.12
G0 X119.4 Y129.4
;TYPE:WALL-INNER
G1 F3000 X119.4 Y110.6 E115.01307
G1 X100.6 Y110.6 E115.24883
G1 X100.6 Y129.4 E115.48459
G1 X119.4 Y129.4 E115.72035
G0 F7200 X119.8 Y129.8
;TYPE:WALL-OUTER
G1 F1500 X119.8 Y110.2 E115.96614
G1 X100.2 Y110.2 E116.21193
G1 X100.2 Y129.8 E116.45772
G1 X119.8 Y129.8 E116.70351
G0 F7200 X119.8 Y129.6
G0 X118.79 Y128.908
;MESH:NONMESH
G0 F600 X118.79 Y128.908 Z2.1
G0 F7200 X100.88 Y110.88
G0 X100.76 Y110.76
;TIME_ELAPSED:301.802848
;LAYER:9
;TYPE:FILL
;MESH:xyzCalibration_cube.glb
G1 F3000 X119.24 Y129.24 E117.03125
G1 X119.31 Y129.31
G0 F7200 X119.12 Y129.12
G0 X117.73 Y129.09
G0 X117.73 Y129.24
G1 F3000 X119.24 Y127.73 E117.05803
G1 X119.31 Y127.66
G0 F7200 X119.09 Y127.66
G0 X119.09 Y123.583
G0 X119.24 Y123.583
G1 F3000 X106.417 Y110.76 E117.28544
G1 X106.347 Y110.69
G0 F7200 X106.347 Y110.91
G0 X107.926 Y110.91
G0 X107.926 Y110.76
G1 F3000 X100.761 Y117.925 E117.41251
G1 X100.691 Y117.995
G0 F7200 X100.91 Y117.995
G0 X100.91 Y116.417
G0 X100.76 Y116.417
G1 F3000 X113.583 Y129.24 E117.63993
G1 X113.653 Y129.31
G0 F7200 X113.653 Y129.09
G0 X112.073 Y129.09
G0 X112.073 Y129.24
G1 F3000 X119.24 Y122.073 E117.76703
G1 X119.31 Y122.003
G0 F7200 X119.09 Y122.003
G0 X119.09 Y117.926
G0 X119.24 Y117.926
G1 F3000 X112.074 Y110.76 E117.89412
G1 X112.004 Y110.69
G0 F7200 X112.004 Y110.91
G0 X113.583 Y110.91
G0 X113.583 Y110.76
G1 F3000 X100.761 Y123.582 E118.12151
G1 X100.691 Y123.652
G0 F7200 X100.91 Y123.652
G0 X100.91 Y122.074
G0 X100.76 Y122.074
G1 F3000 X107.926 Y129.24 E118.2486
G1 X107.996 Y129.31
G0 F7200 X107.996 Y129.09
G0 X106.416 Y129.09
G0 X106.416 Y129.24
G1 F3000 X119.24 Y116.416 E118.47603
G1 X119.31 Y116.346
G0 F7200 X119.09 Y116.346
G0 X119.09 Y112.269
G0 X119.24 Y112.269
G1 F3000 X117.731 Y110.76 E118.50279
G1 X117.661 Y110.69
G0 F7200 X117.661 Y110.91
G0 X119.12 Y110.88
G0 X119.239 Y110.76
G1 F3000 X100.761 Y129.239 E118.83051
G1 X100.691 Y129.309
G0 F7200 X100.88 Y129.12
G0 X100.91 Y127.73
G0 X100.76 Y127.73
G1 F3000 X102.27 Y129.24 E118.85728
G1 X102.34 Y129.31
G0 F7200 X102.34 Y129.09
G0 X100.91 Y112.268
G0 X100.761 Y112.268
G1 F3000 X102.269 Y110.76 E118.88403
G1 X102.339 Y110.69
G0 F7200 X102.339 Y110.91
G0 X119.12 Y129.12
G0 X119.4 Y129.4
;TYPE:WALL-INNER
G1 F3000 X119.4 Y110.6 E119.11979
G1 X100.6 Y110.6 E119.35555
G1 X100.6 Y129.4 E119.59131
G1 X119.4 Y129.4 E119.82706
G0 F7200 X119.8 Y129.8
;TYPE:WALL-OUTER
G1 F1500 X119.8 Y110.2 E120.07286
G1 X100.2 Y110.2 E120.31865
G1 X100.2 Y129.8 E120.56444
G1 X119.8 Y129.8 E120.81023
G0 F7200 X119.8 Y129.6
G0 X118.79 Y128.908
;MESH:NONMESH
G0 F600 X118.79 Y128.908 Z2.3
G0 F7200 X100.88 Y110.88
G0 X100.76 Y110.76
;TIME_ELAPSED:311.529428
;LAYER:10
;TYPE:FILL
;MESH:xyzCalibration_cube.glb
G1 F3000 X119.24 Y129.24 E121.13797
G1 X119.31 Y129.31
G0 F7200 X119.12 Y129.12
G0 X117.73 Y129.09
G0 X117.73 Y129.24
G1 F3000 X119.24 Y127.73 E121.16475
G1 X119.31 Y127.66
G0 F7200 X119.09 Y127.66
G0 X119.09 Y123.583
G0 X119.24 Y123.583
G1 F3000 X106.417 Y110.76 E121.39216
G1 X106.347 Y110.69
G0 F7200 X106.347 Y110.91
G0 X107.926 Y110.91
G0 X107.926 Y110.76
G1 F3000 X100.761 Y117.925 E121.51923
G1 X100.691 Y117.995
G0 F7200 X100.91 Y117.995
G0 X100.91 Y116.417
G0 X100.76 Y116.417
G1 F3000 X113.583 Y129.24 E121.74664
G1 X113.653 Y129.31
G0 F7200 X113.653 Y129.09
G0 X112.073 Y129.09
G0 X112.073 Y129.24
G1 F3000 X119.24 Y122.073 E121.87375
G1 X119.31 Y122.003
G0 F7200 X119.09 Y122.003
G0 X119.09 Y117.926
G0 X119.24 Y117.926
G1 F3000 X112.074 Y110.76 E122.00084
G1 X112.004 Y110.69
G0 F7200 X112.004 Y110.91
G0 X113.583 Y110.91
G0 X113.583 Y110.76
G1 F3000 X100.761 Y123.582 E122.22823
G1 X100.691 Y123.652
G0 F7200 X100.91 Y123.652
G0 X100.91 Y122.074
G0 X100.76 Y122.074
G1 F3000 X107.926 Y129.24 E122.35532
G1 X107.996 Y129.31
G0 F7200 X107.996 Y129.09
G0 X106.416 Y129.09
G0 X106.416 Y129.24
G1 F3000 X119.24 Y116.416 E122.58275
G1 X119.31 Y116.346
G0 F7200 X119.09 Y116.346
G0 X119.09 Y112.269
G0 X119.24 Y112.269
G1 F3000 X117.731 Y110.76 E122.60951
G1 X117.661 Y110.69
G0 F7200 X117.661 Y110.91
G0 X119.12 Y110.88
G0 X119.239 Y110.76
G1 F3000 X100.761 Y129.239 E122.93722
G1 X100.691 Y129.309
G0 F7200 X100.88 Y129.12
G0 X100.91 Y127.73
G0 X100.76 Y127.73
G1 F3000 X102.27 Y129.24 E122.964
G1 X102.34 Y129.31
G0 F7200 X102.34 Y129.09
G0 X100.91 Y112.268
G0 X100.761 Y112.268
G1 F3000 X102.269 Y110.76 E122.99075
G1 X102.339 Y110.69
G0 F7200 X102.339 Y110.91
G0 X119.12 Y129.12
G0 X119.4 Y129.4
;TYPE:WALL-INNER
G1 F3000 X119.4 Y110.6 E123.2265
G1 X100.6 Y110.6 E123.46226
G1 X100.6 Y129.4 E123.69802
G1 X119.4 Y129.4 E123.93378
G0 F7200 X119.8 Y129.8
;TYPE:WALL-OUTER
G1 F1500 X119.8 Y110.2 E124.17957
G1 X100.2 Y110.2 E124.42536
G1 X100.2 Y129.8 E124.67116
G1 X119.8 Y129.8 E124.91695
G0 F7200 X119.8 Y129.6
G0 X118.79 Y128.908
;MESH:NONMESH
G0 F600 X118.79 Y128.908 Z2.5
G0 F7200 X100.88 Y110.88
G0 X100.76 Y110.76
;TIME_ELAPSED:321.256008
;LAYER:11
;TYPE:FILL
;MESH:xyzCalibration_cube.glb
G1 F3000 X119.24 Y129.24 E125.24469
G1 X119.31 Y129.31
G0 F7200 X119.12 Y129.12
G0 X117.73 Y129.09
G0 X117.73 Y129.24
G1 F3000 X119.24 Y127.73 E125.27146
G1 X119.31 Y127.66
G0 F7200 X119.09 Y127.66
G0 X119.09 Y123.583
G0 X119.24 Y123.583
G1 F3000 X106.417 Y110.76 E125.49888
G1 X106.347 Y110.69
G0 F7200 X106.347 Y110.91
G0 X107.926 Y110.91
G0 X107.926 Y110.76
G1 F3000 X100.761 Y117.925 E125.62595
G1 X100.691 Y117.995
G0 F7200 X100.91 Y117.995
G0 X100.91 Y116.417
G0 X100.76 Y116.417
G1 F3000 X113.583 Y129.24 E125.85336
G1 X113.653 Y129.31
G0 F7200 X113.653 Y129.09
G0 X112.073 Y129.09
G0 X112.073 Y129.24
G1 F3000 X119.24 Y122.073 E125.98046
G1 X119.31 Y122.003
G0 F7200 X119.09 Y122.003
G0 X119.09 Y117.926
G0 X119.24 Y117.926
G1 F3000 X112.074 Y110.76 E126.10755
G1 X112.004 Y110.69
G0 F7200 X112.004 Y110.91
G0 X113.583 Y110.91
G0 X113.583 Y110.76
G1 F3000 X100.761 Y123.582 E126.33495
G1 X100.691 Y123.652
G0 F7200 X100.91 Y123.652
G0 X100.91 Y122.074
G0 X100.76 Y122.074
G1 F3000 X107.926 Y129.24 E126.46203
G1 X107.996 Y129.31
G0 F7200 X107.996 Y129.09
G0 X106.416 Y129.09
G0 X106.416 Y129.24
G1 F3000 X119.24 Y116.416 E126.68947
G1 X119.31 Y116.346
G0 F7200 X119.09 Y116.346
G0 X119.09 Y112.269
G0 X119.24 Y112.269
G1 F3000 X117.731 Y110.76 E126.71623
G1 X117.661 Y110.69
G0 F7200 X117.661 Y110.91
G0 X119.12 Y110.88
G0 X119.239 Y110.76
G1 F3000 X100.761 Y129.239 E127.04394
G1 X100.691 Y129.309
G0 F7200 X100.88 Y129.12
G0 X100.91 Y127.73
G0 X100.76 Y127.73
G1 F3000 X102.27 Y129.24 E127.07072
G1 X102.34 Y129.31
G0 F7200 X102.34 Y129.09
G0 X100.91 Y112.268
G0 X100.761 Y112.268
G1 F3000 X102.269 Y110.76 E127.09746
G1 X102.339 Y110.69
G0 F7200 X102.339 Y110.91
G0 X119.12 Y129.12
G0 X119.4 Y129.4
;TYPE:WALL-INNER
G1 F3000 X119.4 Y110.6 E127.33322
G1 X100.6 Y110.6 E127.56898
G1 X100.6 Y129.4 E127.80474
G1 X119.4 Y129.4 E128.0405
G0 F7200 X119.8 Y129.8
;TYPE:WALL-OUTER
G1 F1500 X119.8 Y110.2 E128.28629
G1 X100.2 Y110.2 E128.53208
G1 X100.2 Y129.8 E128.77787
G1 X119.8 Y129.8 E129.02366
G0 F7200 X119.8 Y129.6
G0 X118.79 Y128.908
;MESH:NONMESH
G0 F600 X118.79 Y128.908 Z2.7
G0 F7200 X100.88 Y110.88
G0 X100.76 Y110.76
;TIME_ELAPSED:330.982588
;LAYER:12
;TYPE:FILL
;MESH:xyzCalibration_cube.glb
G1 F3000 X119.24 Y129.24 E129.3514
G1 X119.31 Y129.31
G0 F7200 X119.12 Y129.12
G0 X117.73 Y129.09
G0 X117.73 Y129.24
G1 F3000 X119.24 Y127.73 E129.37818
G1 X119.31 Y127.66
G0 F7200 X119.09 Y127.66
G0 X119.09 Y123.583
G0 X119.24 Y123.583
G1 F3000 X106.417 Y110.76 E129.60559
G1 X106.347 Y110.69
G0 F7200 X106.347 Y110.91
G0 X107.926 Y110.91
G0 X107.926 Y110.76
G1 F3000 X100.761 Y117.925 E129.73266
G1 X100.691 Y117.995
G0 F7200 X100.91 Y117.995
G0 X100.91 Y116.417
G0 X100.76 Y116.417
G1 F3000 X113.583 Y129.24 E129.96008
G1 X113.653 Y129.31
G0 F7200 X113.653 Y129.09
G0 X112.073 Y129.09
G0 X112.073 Y129.24
G1 F3000 X119.24 Y122.073 E130.08718
G1 X119.31 Y122.003
G0 F7200 X119.09 Y122.003
G0 X119.09 Y117.926
G0 X119.24 Y117.926
G1 F3000 X112.074 Y110.76 E130.21427
G1 X112.004 Y110.69
G0 F7200 X112.004 Y110.91
G0 X113.583 Y110.91
G0 X113.583 Y110.76
G1 F3000 X100.761 Y123.582 E130.44166
G1 X100.691 Y123.652
G0 F7200 X100.91 Y123.652
G0 X100.91 Y122.074
G0 X100.76 Y122.074
G1 F3000 X107.926 Y129.24 E130.56875
G1 X107.996 Y129.31
G0 F7200 X107.996 Y129.09
G0 X106.416 Y129.09
G0 X106.416 Y129.24
G1 F3000 X119.24 Y116.416 E130.79618
G1 X119.31 Y116.346
G0 F7200 X119.09 Y116.346
G0 X119.09 Y112.269
G0 X119.24 Y112.269
G1 F3000 X117.731 Y110.76 E130.82294
G1 X117.661 Y110.69
G0 F7200 X117.661 Y110.91
G0 X119.12 Y110.88
G0 X119.239 Y110.76
G1 F3000 X100.761 Y129.239 E131.15066
G1 X100.691 Y129.309
G0 F7200 X100.88 Y129.12
G0 X100.91 Y127.73
G0 X100.76 Y127.73
G1 F3000 X102.27 Y129.24 E131.17743
G1 X102.34 Y129.31
G0 F7200 X102.34 Y129.09
G0 X100.91 Y112.268
G0 X100.761 Y112.268
G1 F3000 X102.269 Y110.76 E131.20418
G1 X102.339 Y110.69
G0 F7200 X102.339 Y110.91
G0 X119.12 Y129.12
G0 X119.4 Y129.4
;TYPE:WALL-INNER
G1 F3000 X119.4 Y110.6 E131.43994
G1 X100.6 Y110.6 E131.6757
G1 X100.6 Y129.4 E131.91146
G1 X119.4 Y129.4 E132.14721
G0 F7200 X119.8 Y129.8
;TYPE:WALL-OUTER
G1 F1500 X119.8 Y110.2 E132.39301
G1 X100.2 Y110.2 E132.6388
G1 X100.2 Y129.8 E132.88459
G1 X119.8 Y129.8 E133.13038
G0 F7200 X119.8 Y129.6
G0 X118.79 Y128.908
;MESH:NONMESH
G0 F600 X118.79 Y128.908 Z2.9
G0 F7200 X100.88 Y110.88
G0 X100.76 Y110.76
;TIME_ELAPSED:340.709168
;LAYER:13
;TYPE:FILL
;MESH:xyzCalibration_cube.glb
G1 F3000 X119.24 Y129.24 E133.45812
G1 X119.31 Y129.31
G0 F7200 X119.12 Y129.12
G0 X117.73 Y129.09
G0 X117.73 Y129.24
G1 F3000 X119.24 Y127.73 E133.4849
G1 X119.31 Y127.66
G0 F7200 X119.09 Y127.66
G0 X119.09 Y123.583
G0 X119.24 Y123.583
G1 F3000 X118.4 Y122.742 E133.4998
G0 F7200 X118.8 Y122.512
G1 F3000 X119.24 Y122.073 E133.5076
G0 F7200 X119.09 Y122.073
G0 X118 Y122.342
G1 F3000 X118.4 Y122.742 E133.51469
G1 X118.4 Y117.257 E133.58348
G1 X119.24 Y116.416 E133.59838
G1 X119.31 Y116.346
G0 F7200 X119.09 Y116.346
G0 X118.8 Y117.487
G1 F3000 X113.313 Y112 E133.69569
G1 X112.345 Y112 E133.70783
G1 X100.761 Y123.582 E133.91325
G1 X100.691 Y123.652
G0 F7200 X100.91 Y123.652
G0 X100.91 Y122.074
G0 X100.76 Y122.074
G1 F3000 X107.926 Y129.24 E134.04034
G1 X107.996 Y129.31
G0 F7200 X107.996 Y129.09
G0 X106.416 Y129.09
G0 X106.416 Y129.24
G1 F3000 X117.6 Y118.057 E134.23868
G0 F7200 X118 Y117.657
G1 F3000 X117.6 Y118.057 E134.24577
G1 X117.6 Y121.942 E134.29449
G1 X108.056 Y112.4 E134.46373
G1 X106.288 Y112.4 E134.48591
G1 X100.761 Y117.925 E134.58391
G1 X100.691 Y117.995
G0 F7200 X100.91 Y117.995
G0 X100.91 Y116.417
G0 X100.76 Y116.417
G1 F3000 X113.583 Y129.24 E134.81132
G1 X113.653 Y129.31
G0 F7200 X113.653 Y129.09
G0 X112.073 Y129.09
G0 X112.073 Y129.24
G1 F3000 X118.8 Y122.512 E134.93063
G1 X118.8 Y117.487 E134.99365
G1 X119.24 Y117.926 E135.00144
G1 X119.31 Y117.996
G0 F7200 X119.09 Y117.996
G0 X118.4 Y117.257
G1 F3000 X118 Y117.657 E135.00853
G1 X118 Y122.342 E135.06729
G1 X117.6 Y121.942 E135.07438
G1 X117.53 Y121.872
G0 F7200 X114.8 Y113.485
G1 F3000 X114.8 Y110.8 E135.10805
G0 F7200 X114.4 Y110.8
G1 F3000 X114.4 Y113.085 E135.13671
G0 F7200 X114 Y112.685
G1 F3000 X114 Y110.8 E135.16034
G0 F7200 X113.6 Y110.8
G1 F3000 X113.6 Y112.285 E135.17897
G0 F7200 X113.313 Y112
G1 F3000 X112.4 Y111.087 E135.19516
G1 X112.4 Y111.943 E135.20589
G1 X112.345 Y112 E135.20689
G1 X112.4 Y111.943
G1 X113.583 Y110.76 E135.22787
G1 X113.653 Y110.69
G0 F7200 X113.653 Y110.91
G0 X112.4 Y111.087
G1 F3000 X112.074 Y110.76 E135.23366
G1 X112 Y110.8
G1 X112 Y112.343 E135.25301
G1 X112 Y112.443
G0 F7200 X108.056 Y112.4
G1 F3000 X107.656 Y112 E135.2601
G1 X106.688 Y112 E135.27224
G1 X106.288 Y112.4 E135.27933
G1 X106.392 Y112.294
G1 X106.249 Y110.801 E135.29814
G1 X106.417 Y110.76
G1 X107.656 Y112 E135.32012
G1 X107.726 Y112.07
G0 F7200 X106.688 Y112
G1 F3000 X107.926 Y110.76 E135.3421
G1 X107.996 Y110.69
G0 F7200 X107.996 Y110.91
G0 X105.847 Y110.91
G0 X105.847 Y110.8
G1 F3000 X106.026 Y112.66 E135.36553
G0 F7200 X105.659 Y113.027
G1 F3000 X105.446 Y110.8 E135.39359
G0 F7200 X105.044 Y110.801
G1 F3000 X105.292 Y113.394 E135.42625
G0 F7200 X104.925 Y113.76
G1 F3000 X104.642 Y110.8 E135.46354
G1 X104.633 Y110.701
G0 F7200 X104.633 Y110.91
G0 X102.269 Y110.91
G0 X102.269 Y110.76
G1 F3000 X100.761 Y112.268 E135.49028
G1 X100.691 Y112.338
G0 F7200 X100.91 Y112.338
G0 X100.91 Y127.73
G0 X100.76 Y127.73
G1 F3000 X102.27 Y129.24 E135.51706
G1 X102.34 Y129.31
G0 F7200 X102.34 Y129.09
G0 X100.88 Y129.12
G0 X100.761 Y129.239
G1 F3000 X119.239 Y110.76 E135.84478
G1 X119.309 Y110.69
G0 F7200 X119.12 Y110.88
G0 X117.731 Y110.91
G0 X117.731 Y110.76
G1 F3000 X119.24 Y112.269 E135.87154
G1 X119.31 Y112.339
G0 F7200 X119.09 Y112.339
G0 X119.12 Y129.12
G0 X119.4 Y129.4
;TYPE:WALL-INNER
G1 F3000 X119.4 Y110.6 E136.1073
G1 X100.6 Y110.6 E136.34306
G1 X100.6 Y129.4 E136.57881
G1 X119.4 Y129.4 E136.81457
G0 F7200 X119.8 Y129.8
;TYPE:WALL-OUTER
G1 F1500 X119.8 Y110.2 E137.06036
G1 X100.2 Y110.2 E137.30616
G1 X100.2 Y129.8 E137.55195
G1 X119.8 Y129.8 E137.79774
G0 F7200 X119.8 Y129.6
G0 X118.79 Y128.908
;MESH:NONMESH
G0 F600 X118.79 Y128.908 Z3.1
G0 F7200 X100.88 Y110.88
G0 X100.76 Y110.76
;TIME_ELAPSED:351.801661
;LAYER:14
;TYPE:FILL
;MESH:xyzCalibration_cube.glb
G1 F3000 X119.24 Y129.24 E138.12548
G1 X119.31 Y129.31
G0 F7200 X119.12 Y129.12
G0 X117.73 Y129.09
G0 X117.73 Y129.24
G1 F3000 X119.24 Y127.73 E138.15226
G1 X119.31 Y127.66
G0 F7200 X119.09 Y127.66
G0 X119.09 Y123.583
G0 X119.24 Y123.583
G1 F3000 X107.484 Y111.827 E138.36075
G0 F7200 X107.484 Y111.201
G1 F3000 X107.926 Y110.76 E138.36858
G0 F7200 X107.926 Y110.91
G0 X106.034 Y112.651
G1 F3000 X100.761 Y117.925 E138.4621
G1 X100.691 Y117.995
G0 F7200 X100.91 Y117.995
G0 X100.91 Y116.417
G0 X100.76 Y116.417
G1 F3000 X113.583 Y129.24 E138.68951
G1 X113.653 Y129.31
G0 F7200 X113.653 Y129.09
G0 X112.073 Y129.09
G0 X112.073 Y129.24
G1 F3000 X119.24 Y122.073 E138.81662
G1 X119.31 Y122.003
G0 F7200 X119.09 Y122.003
G0 X119.09 Y117.926
G0 X119.24 Y117.926
G1 F3000 X113.966 Y112.652 E138.91015
G1 X113.896 Y112.582
G0 F7200 X111.699 Y112.644
G1 F3000 X100.761 Y123.582 E139.10413
G1 X100.691 Y123.652
G0 F7200 X100.91 Y123.652
G0 X100.91 Y122.074
G0 X100.76 Y122.074
G1 F3000 X107.926 Y129.24 E139.23122
G1 X107.996 Y129.31
G0 F7200 X107.996 Y129.09
G0 X106.416 Y129.09
G0 X106.416 Y129.24
G1 F3000 X117.294 Y118.362 E139.42414
G0 F7200 X117.588 Y118.068
G1 F3000 X119.24 Y116.416 E139.45344
G1 X119.31 Y116.346
G0 F7200 X119.09 Y116.346
G0 X119.09 Y112.269
G0 X119.24 Y112.269
G1 F3000 X117.731 Y110.76 E139.4802
G1 X117.661 Y110.69
G0 F7200 X117.661 Y110.91
G0 X119.12 Y110.88
G0 X119.239 Y110.76
G1 F3000 X100.761 Y129.239 E139.80791
G1 X100.691 Y129.309
G0 F7200 X100.88 Y129.12
G0 X100.91 Y127.73
G0 X100.76 Y127.73
G1 F3000 X102.27 Y129.24 E139.83469
G1 X102.34 Y129.31
G0 F7200 X102.34 Y129.09
G0 X100.91 Y112.268
G0 X100.761 Y112.268
G1 F3000 X102.269 Y110.76 E139.86144
G1 X102.339 Y110.69
G0 F7200 X102.339 Y110.91
G0 X119.12 Y129.12
G0 X119.4 Y129.4
;TYPE:WALL-INNER
G1 F3000 X119.4 Y110.6 E140.09719
G1 X100.6 Y110.6 E140.33295
G1 X100.6 Y129.4 E140.56871
G1 X119.4 Y129.4 E140.80447
G0 F7200 X119.8 Y129.8
;TYPE:WALL-OUTER
G1 F1500 X119.8 Y110.2 E141.05026
G1 X100.2 Y110.2 E141.29605
G1 X100.2 Y129.8 E141.54184
G1 X119.8 Y129.8 E141.78764
G0 F7200 X119.8 Y129.6
G0 X119.12 Y129.12
G0 X119.02 Y121.128
;TYPE:SKIN
G1 F1500 X117.432 Y121.128 E141.80755
G1 X117.432 Y118.208 E141.84417
G1 X119.02 Y118.208 E141.86408
G1 X119.02 Y121.128 E141.9007
G0 F7200 X118.1 Y120.928
G1 F1500 X117.631 Y120.46 E141.90901
G0 F7200 X117.631 Y119.894
G1 F1500 X118.665 Y120.928 E141.92735
G0 F7200 X118.82 Y120.517
G1 F1500 X117.631 Y119.329 E141.94842
G0 F7200 X117.631 Y118.763
G1 F1500 X118.82 Y119.951 E141.9695
G0 F7200 X118.82 Y119.386
G1 F1500 X117.843 Y118.409 E141.98683
G0 F7200 X118.409 Y118.409
G1 F1500 X118.82 Y118.82 E141.99412
G0 F7200 X114.856 Y112.511
G1 F1500 X111.837 Y112.512 E142.03198
G1 X111.84 Y110.98 E142.05119
G1 X114.859 Y110.981 E142.08905
G1 X114.856 Y112.511 E142.10824
G0 F7200 X114.658 Y111.264
G1 F1500 X114.575 Y111.181 E142.10971
G0 F7200 X114.009 Y111.181
G1 F1500 X114.657 Y111.829 E142.1212
G0 F7200 X114.574 Y112.311
G1 F1500 X113.443 Y111.181 E142.14125
G0 F7200 X112.878 Y111.181
G1 F1500 X114.008 Y112.311 E142.16129
G0 F7200 X113.443 Y112.311
G1 F1500 X112.312 Y111.181 E142.18134
G0 F7200 X112.039 Y111.473
G1 F1500 X112.877 Y112.311 E142.1962
G0 F7200 X112.311 Y112.311
G1 F1500 X112.038 Y112.038 E142.20104
G0 F7200 X107.344 Y112.508
G1 F1500 X104.488 Y112.511 E142.23686
G1 X104.485 Y110.98 E142.25606
G1 X107.344 Y110.98 E142.29191
G1 X107.344 Y112.508 E142.31107
G0 F7200 X106.655 Y111.181
G1 F1500 X107.144 Y111.67 E142.31974
G0 F7200 X107.144 Y112.236
G1 F1500 X106.089 Y111.181 E142.33845
G0 F7200 X105.524 Y111.181
G1 F1500 X106.652 Y112.308 E142.35845
G0 F7200 X106.087 Y112.309
G1 F1500 X104.958 Y111.181 E142.37846
G0 F7200 X104.685 Y111.473
G1 F1500 X105.522 Y112.31 E142.39331
G0 F7200 X104.957 Y112.31
G1 F1500 X104.686 Y112.04 E142.3981
;MESH:NONMESH
G0 F600 X104.686 Y112.04 Z3.3
G0 F7200 X100.88 Y110.88
G0 X100.76 Y110.76
;TIME_ELAPSED:363.802665
;LAYER:15
;TYPE:FILL
;MESH:xyzCalibration_cube.glb
G1 F3000 X119.24 Y129.24 E142.72584
G1 X119.31 Y129.31
G0 F7200 X119.12 Y129.12
G0 X117.73 Y129.09
G0 X117.73 Y129.24
G1 F3000 X119.24 Y127.73 E142.75262
G1 X119.31 Y127.66
G0 F7200 X119.09 Y127.66
G0 X119.09 Y123.583
G0 X119.24 Y123.583
G1 F3000 X107.603 Y111.946 E142.959
G1 X107.533 Y111.876
G0 F7200 X107.603 Y111.082
G1 F3000 X107.926 Y110.76 E142.96472
G0 F7200 X107.926 Y110.91
G0 X106.035 Y112.651
G1 F3000 X100.761 Y117.925 E143.05825
G1 X100.691 Y117.995
G0 F7200 X100.91 Y117.995
G0 X100.91 Y116.417
G0 X100.76 Y116.417
G1 F3000 X113.583 Y129.24 E143.28567
G1 X113.653 Y129.31
G0 F7200 X113.653 Y129.09
G0 X112.073 Y129.09
G0 X112.073 Y129.24
G1 F3000 X119.24 Y122.073 E143.41277
G1 X119.31 Y122.003
G0 F7200 X119.09 Y122.003
G0 X119.09 Y117.926
G0 X119.24 Y117.926
G1 F3000 X113.966 Y112.652 E143.5063
G1 X113.896 Y112.582
G0 F7200 X111.69 Y112.652
G1 F3000 X100.761 Y123.582 E143.70014
G1 X100.691 Y123.652
G0 F7200 X100.91 Y123.652
G0 X100.91 Y122.074
G0 X100.76 Y122.074
G1 F3000 X107.926 Y129.24 E143.82722
G1 X107.996 Y129.31
G0 F7200 X107.996 Y129.09
G0 X106.416 Y129.09
G0 X106.416 Y129.24
G1 F3000 X117.294 Y118.362 E144.02014
G0 F7200 X117.59 Y118.066
G1 F3000 X119.24 Y116.416 E144.04941
G1 X119.31 Y116.346
G0 F7200 X119.09 Y116.346
G0 X119.09 Y112.269
G0 X119.24 Y112.269
G1 F3000 X117.731 Y110.76 E144.07617
G1 X117.661 Y110.69
G0 F7200 X117.661 Y110.91
G0 X119.12 Y110.88
G0 X119.239 Y110.76
G1 F3000 X100.761 Y129.239 E144.40388
G1 X100.691 Y129.309
G0 F7200 X100.88 Y129.12
G0 X100.91 Y127.73
G0 X100.76 Y127.73
G1 F3000 X102.27 Y129.24 E144.43066
G1 X102.34 Y129.31
G0 F7200 X102.34 Y129.09
G0 X100.91 Y112.268
G0 X100.761 Y112.268
G1 F3000 X102.269 Y110.76 E144.4574
G1 X102.339 Y110.69
G0 F7200 X102.339 Y110.91
G0 X119.12 Y129.12
G0 X119.4 Y129.4
;TYPE:WALL-INNER
G1 F3000 X119.4 Y110.6 E144.69316
G1 X100.6 Y110.6 E144.92892
G1 X100.6 Y129.4 E145.16468
G1 X119.4 Y129.4 E145.40044
G0 F7200 X119.8 Y129.8
;TYPE:WALL-OUTER
G1 F1500 X119.8 Y110.2 E145.64623
G1 X100.2 Y110.2 E145.89202
G1 X100.2 Y129.8 E146.13781
G1 X119.8 Y129.8 E146.3836
G0 F7200 X119.8 Y129.6
G0 X119.12 Y129.12
G0 X119.02 Y121.128
;TYPE:SKIN
G1 F1500 X117.432 Y121.128 E146.40352
G1 X117.432 Y118.204 E146.44019
G1 X119.02 Y118.204 E146.4601
G1 X119.02 Y121.128 E146.49677
G0 F7200 X118.357 Y120.928
G1 F1500 X118.819 Y120.466 E146.50496
G0 F7200 X118.819 Y119.9
G1 F1500 X117.791 Y120.928 E146.52319
G0 F7200 X117.632 Y120.521
G1 F1500 X118.819 Y119.334 E146.54424
G0 F7200 X118.819 Y118.768
G1 F1500 X117.632 Y119.956 E146.5653
G0 F7200 X117.632 Y119.39
G1 F1500 X118.618 Y118.404 E146.58279
G0 F7200 X118.052 Y118.404
G1 F1500 X117.632 Y118.824 E146.59024
G0 F7200 X114.856 Y112.511
G1 F1500 X111.717 Y112.512 E146.6296
G1 X111.72 Y110.98 E146.64882
G1 X114.859 Y110.981 E146.68818
G1 X114.856 Y112.511 E146.70737
G0 F7200 X114.656 Y112.184
G1 F1500 X114.528 Y112.312 E146.70964
G0 F7200 X113.962 Y112.312
G1 F1500 X114.657 Y111.618 E146.72195
G0 F7200 X114.528 Y111.181
G1 F1500 X113.397 Y112.312 E146.74201
G0 F7200 X112.831 Y112.312
G1 F1500 X113.962 Y111.181 E146.76207
G0 F7200 X113.397 Y111.181
G1 F1500 X112.265 Y112.312 E146.78214
G0 F7200 X111.918 Y112.093
G1 F1500 X112.831 Y111.181 E146.79832
G0 F7200 X112.265 Y111.181
G1 F1500 X111.919 Y111.526 E146.80445
G0 F7200 X107.46 Y112.508
G1 F1500 X104.488 Y112.511 E146.84172
G1 X104.485 Y110.98 E146.86092
G1 X107.46 Y110.98 E146.89822
G1 X107.46 Y112.508 E146.91738
G0 F7200 X107.178 Y112.308
G1 F1500 X107.26 Y112.226 E146.91884
G0 F7200 X107.26 Y111.661
G1 F1500 X106.611 Y112.309 E146.93034
G0 F7200 X106.045 Y112.31
G1 F1500 X107.175 Y111.18 E146.95038
G0 F7200 X106.609 Y111.18
G1 F1500 X105.478 Y112.31 E146.97043
G0 F7200 X104.912 Y112.311
G1 F1500 X106.043 Y111.18 E146.99049
G0 F7200 X105.478 Y111.18
G1 F1500 X104.687 Y111.97 E147.00451
G0 F7200 X104.686 Y111.406
G1 F1500 X104.912 Y111.18 E147.00851
G0 F7200 X104.912 Y111.21
;MESH:NONMESH
G0 F600 X104.912 Y111.21 Z3.5
G0 F7200 X100.88 Y110.88
G0 X100.76 Y110.76
;TIME_ELAPSED:375.829797
;LAYER:16
;TYPE:FILL
;MESH:xyzCalibration_cube.glb
G1 F3000 X119.24 Y129.24 E147.33625
G1 X119.31 Y129.31
G0 F7200 X119.12 Y129.12
G0 X117.73 Y129.09
G0 X117.73 Y129.24
G1 F3000 X119.24 Y127.73 E147.36303
G1 X119.31 Y127.66
G0 F7200 X119.09 Y127.66
G0 X119.09 Y123.583
G0 X119.24 Y123.583
G1 F3000 X107.721 Y112.064 E147.56732
G1 X107.651 Y111.994
G0 F7200 X107.721 Y110.964
G1 F3000 X107.926 Y110.76 E147.57095
G0 F7200 X107.926 Y110.91
G0 X106.034 Y112.651
G1 F3000 X100.761 Y117.925 E147.66447
G1 X100.691 Y117.995
G0 F7200 X100.91 Y117.995
G0 X100.91 Y116.417
G0 X100.76 Y116.417
G1 F3000 X113.583 Y129.24 E147.89188
G1 X113.653 Y129.31
G0 F7200 X113.653 Y129.09
G0 X112.073 Y129.09
G0 X112.073 Y129.24
G1 F3000 X119.24 Y122.073 E148.01899
G1 X119.31 Y122.003
G0 F7200 X119.09 Y122.003
G0 X119.09 Y117.926
G0 X119.24 Y117.926
G1 F3000 X113.966 Y112.652 E148.11252
G1 X113.896 Y112.582
G0 F7200 X111.69 Y112.652
G1 F3000 X100.761 Y123.582 E148.30635
G1 X100.691 Y123.652
G0 F7200 X100.91 Y123.652
G0 X100.91 Y122.074
G0 X100.76 Y122.074
G1 F3000 X107.926 Y129.24 E148.43344
G1 X107.996 Y129.31
G0 F7200 X107.996 Y129.09
G0 X106.416 Y129.09
G0 X106.416 Y129.24
G1 F3000 X117.294 Y118.362 E148.62636
G0 F7200 X117.592 Y118.064
G1 F3000 X119.24 Y116.416 E148.65559
G1 X119.31 Y116.346
G0 F7200 X119.09 Y116.346
G0 X119.09 Y112.269
G0 X119.24 Y112.269
G1 F3000 X117.731 Y110.76 E148.68235
G1 X117.661 Y110.69
G0 F7200 X117.661 Y110.91
G0 X119.12 Y110.88
G0 X119.239 Y110.76
G1 F3000 X100.761 Y129.239 E149.01006
G1 X100.691 Y129.309
G0 F7200 X100.88 Y129.12
G0 X100.91 Y127.73
G0 X100.76 Y127.73
G1 F3000 X102.27 Y129.24 E149.03684
G1 X102.34 Y129.31
G0 F7200 X102.34 Y129.09
G0 X100.91 Y112.268
G0 X100.761 Y112.268
G1 F3000 X102.269 Y110.76 E149.06358
G1 X102.339 Y110.69
G0 F7200 X102.339 Y110.91
G0 X119.12 Y129.12
G0 X119.4 Y129.4
;TYPE:WALL-INNER
G1 F3000 X119.4 Y110.6 E149.29934
G1 X100.6 Y110.6 E149.5351
G1 X100.6 Y129.4 E149.77086
G1 X119.4 Y129.4 E150.00662
G0 F7200 X119.8 Y129.8
;TYPE:WALL-OUTER
G1 F1500 X119.8 Y110.2 E150.25241
G1 X100.2 Y110.2 E150.4982
G1 X100.2 Y129.8 E150.74399
G1 X119.8 Y129.8 E150.98978
G0 F7200 X119.8 Y129.6
G0 X119.12 Y129.12
G0 X119.02 Y121.128
;TYPE:SKIN
G1 F1500 X117.432 Y121.128 E151.0097
G1 X117.432 Y118.204 E151.04637
G1 X119.02 Y118.204 E151.06628
G1 X119.02 Y121.128 E151.10295
G0 F7200 X118.1 Y120.928
G1 F1500 X117.631 Y120.46 E151.11126
G0 F7200 X117.631 Y119.894
G1 F1500 X118.665 Y120.928 E151.1296
G0 F7200 X118.82 Y120.517
G1 F1500 X117.631 Y119.329 E151.15067
G0 F7200 X117.631 Y118.763
G1 F1500 X118.82 Y119.951 E151.17175
G0 F7200 X118.82 Y119.386
G1 F1500 X117.839 Y118.404 E151.18916
G0 F7200 X118.404 Y118.404
G1 F1500 X118.82 Y118.82 E151.19654
G0 F7200 X114.856 Y112.511
G1 F1500 X111.593 Y112.512 E151.23745
G1 X111.596 Y110.98 E151.25667
G1 X114.859 Y110.981 E151.29759
G1 X114.856 Y112.511 E151.31677
G0 F7200 X114.658 Y111.264
G1 F1500 X114.575 Y111.181 E151.31824
G0 F7200 X114.009 Y111.181
G1 F1500 X114.657 Y111.829 E151.32974
G0 F7200 X114.574 Y112.311
G1 F1500 X113.443 Y111.181 E151.34979
G0 F7200 X112.878 Y111.181
G1 F1500 X114.008 Y112.311 E151.36983
G0 F7200 X113.443 Y112.311
G1 F1500 X112.312 Y111.181 E151.38988
G0 F7200 X111.796 Y111.23
G1 F1500 X112.877 Y112.311 E151.40905
G0 F7200 X112.311 Y112.311
G1 F1500 X111.794 Y111.794 E151.41822
G0 F7200 X107.58 Y112.508
G1 F1500 X104.488 Y112.511 E151.45699
G1 X104.485 Y110.98 E151.47619
G1 X107.58 Y110.98 E151.515
G1 X107.58 Y112.508 E151.53416
G0 F7200 X107.221 Y111.181
G1 F1500 X107.38 Y111.34 E151.53698
G0 F7200 X107.38 Y111.905
G1 F1500 X106.655 Y111.181 E151.54983
G0 F7200 X106.089 Y111.181
G1 F1500 X107.217 Y112.308 E151.56983
G0 F7200 X106.652 Y112.309
G1 F1500 X105.524 Y111.181 E151.58983
G0 F7200 X104.958 Y111.181
G1 F1500 X106.087 Y112.309 E151.60985
G0 F7200 X105.522 Y112.31
G1 F1500 X104.685 Y111.473 E151.62469
G0 F7200 X104.686 Y112.04
G1 F1500 X104.957 Y112.31 E151.62949
;MESH:NONMESH
G0 F600 X104.957 Y112.31 Z3.7
G0 F7200 X100.88 Y110.88
G0 X100.76 Y110.76
;TIME_ELAPSED:387.942939
;LAYER:17
;TYPE:FILL
;MESH:xyzCalibration_cube.glb
G1 F3000 X119.24 Y129.24 E151.95723
G1 X119.31 Y129.31
G0 F7200 X119.12 Y129.12
G0 X117.73 Y129.09
G0 X117.73 Y129.24
G1 F3000 X119.24 Y127.73 E151.98401
G1 X119.31 Y127.66
G0 F7200 X119.09 Y127.66
G0 X119.09 Y123.583
G0 X119.24 Y123.583
G1 F3000 X107.84 Y112.183 E152.18618
G1 X107.77 Y112.113
G0 F7200 X107.84 Y110.91
G0 X107.84 Y110.845
G1 F3000 X107.926 Y110.76 E152.1877
G0 F7200 X107.926 Y110.91
G0 X106.034 Y112.651
G1 F3000 X100.761 Y117.925 E152.28122
G1 X100.691 Y117.995
G0 F7200 X100.91 Y117.995
G0 X100.91 Y116.417
G0 X100.76 Y116.417
G1 F3000 X113.583 Y129.24 E152.50864
G1 X113.653 Y129.31
G0 F7200 X113.653 Y129.09
G0 X112.073 Y129.09
G0 X112.073 Y129.24
G1 F3000 X119.24 Y122.073 E152.63574
G1 X119.31 Y122.003
G0 F7200 X119.09 Y122.003
G0 X119.09 Y117.926
G0 X119.24 Y117.926
G1 F3000 X113.966 Y112.652 E152.72927
G1 X113.896 Y112.582
G0 F7200 X111.69 Y112.652
G1 F3000 X100.761 Y123.582 E152.92311
G1 X100.691 Y123.652
G0 F7200 X100.91 Y123.652
G0 X100.91 Y122.074
G0 X100.76 Y122.074
G1 F3000 X107.926 Y129.24 E153.05019
G1 X107.996 Y129.31
G0 F7200 X107.996 Y129.09
G0 X106.416 Y129.09
G0 X106.416 Y129.24
G1 F3000 X117.295 Y118.361 E153.24313
G0 F7200 X117.594 Y118.062
G1 F3000 X119.24 Y116.416 E153.27232
G1 X119.31 Y116.346
G0 F7200 X119.09 Y116.346
G0 X119.09 Y112.269
G0 X119.24 Y112.269
G1 F3000 X117.731 Y110.76 E153.29908
G1 X117.661 Y110.69
G0 F7200 X117.661 Y110.91
G0 X119.12 Y110.88
G0 X119.239 Y110.76
G1 F3000 X100.761 Y129.239 E153.62679
G1 X100.691 Y129.309
G0 F7200 X100.88 Y129.12
G0 X100.91 Y127.73
G0 X100.76 Y127.73
G1 F3000 X102.27 Y129.24 E153.65357
G1 X102.34 Y129.31
G0 F7200 X102.34 Y129.09
G0 X100.91 Y112.268
G0 X100.761 Y112.268
G1 F3000 X102.269 Y110.76 E153.68032
G1 X102.339 Y110.69
G0 F7200 X102.339 Y110.91
G0 X119.12 Y129.12
G0 X119.4 Y129.4
;TYPE:WALL-INNER
G1 F3000 X119.4 Y110.6 E153.91608
G1 X100.6 Y110.6 E154.15184
G1 X100.6 Y129.4 E154.3876
G1 X119.4 Y129.4 E154.62335
G0 F7200 X119.8 Y129.8
;TYPE:WALL-OUTER
G1 F1500 X119.8 Y110.2 E154.86915
G1 X100.2 Y110.2 E155.11494
G1 X100.2 Y129.8 E155.36073
G1 X119.8 Y129.8 E155.60652
G0 F7200 X119.8 Y129.6
G0 X119.12 Y129.12
G0 X119.02 Y121.128
;TYPE:SKIN
G1 F1500 X117.433 Y121.128 E155.62642
G1 X117.436 Y118.2 E155.66314
G1 X119.02 Y118.2 E155.683
G1 X119.02 Y121.128 E155.71972
G0 F7200 X118.357 Y120.928
G1 F1500 X118.819 Y120.466 E155.72791
G0 F7200 X118.819 Y119.9
G1 F1500 X117.791 Y120.928 E155.74615
G0 F7200 X117.634 Y120.52
G1 F1500 X118.819 Y119.334 E155.76717
G0 F7200 X118.819 Y118.768
G1 F1500 X117.634 Y119.954 E155.7882
G0 F7200 X117.636 Y119.386
G1 F1500 X118.622 Y118.4 E155.80568
G0 F7200 X118.056 Y118.4
G1 F1500 X117.636 Y118.82 E155.81313
G0 F7200 X114.856 Y112.511
G1 F1500 X111.473 Y112.512 E155.85555
G1 X111.476 Y110.98 E155.87477
G1 X114.859 Y110.981 E155.91719
G1 X114.856 Y112.511 E155.93638
G0 F7200 X114.656 Y112.184
G1 F1500 X114.528 Y112.312 E155.93865
G0 F7200 X113.962 Y112.312
G1 F1500 X114.657 Y111.618 E155.95096
G0 F7200 X114.529 Y111.18
G1 F1500 X113.397 Y112.312 E155.97104
G0 F7200 X112.831 Y112.312
G1 F1500 X113.963 Y111.18 E155.99112
G0 F7200 X113.397 Y111.18
G1 F1500 X112.265 Y112.312 E156.01119
G0 F7200 X111.7 Y112.312
G1 F1500 X112.832 Y111.18 E156.03127
G0 F7200 X112.266 Y111.18
G1 F1500 X111.675 Y111.771 E156.04175
G1 X111.605 Y111.841
G0 F7200 X107.7 Y112.508
G1 F1500 X104.488 Y112.511 E156.08203
G1 X104.485 Y110.98 E156.10123
G1 X107.7 Y110.98 E156.14154
G1 X107.7 Y112.508 E156.16071
G0 F7200 X107.177 Y112.309
G1 F1500 X107.5 Y111.986 E156.16643
G0 F7200 X107.5 Y111.42
G1 F1500 X106.61 Y112.31 E156.18222
G0 F7200 X106.044 Y112.31
G1 F1500 X107.175 Y111.18 E156.20227
G0 F7200 X106.609 Y111.18
G1 F1500 X105.478 Y112.31 E156.22232
G0 F7200 X104.912 Y112.311
G1 F1500 X106.043 Y111.18 E156.24237
G0 F7200 X105.478 Y111.18
G1 F1500 X104.687 Y111.97 E156.25639
G0 F7200 X104.686 Y111.406
G1 F1500 X104.912 Y111.18 E156.2604
G0 F7200 X104.912 Y111.21
;MESH:NONMESH
G0 F600 X104.912 Y111.21 Z3.9
G0 F7200 X100.88 Y110.88
G0 X100.761 Y110.761
;TIME_ELAPSED:400.060193
;LAYER:18
;TYPE:FILL
;MESH:xyzCalibration_cube.glb
G1 F3000 X119.24 Y129.24 E156.58812
G1 X119.31 Y129.31
G0 F7200 X119.12 Y129.12
G0 X117.73 Y129.09
G0 X117.73 Y129.24
G1 F3000 X119.24 Y127.73 E156.6149
G1 X119.31 Y127.66
G0 F7200 X119.09 Y127.66
G0 X119.09 Y123.583
G0 X119.24 Y123.583
G1 F3000 X107.484 Y111.828 E156.82338
G0 F7200 X107.484 Y111.201
G1 F3000 X107.926 Y110.76 E156.83121
G0 F7200 X107.926 Y110.91
G0 X107.562 Y112.728
G0 X106.036 Y112.802
G0 X106.036 Y112.649
G1 F3000 X100.761 Y117.924 E156.92476
G1 X100.691 Y117.994
G0 F7200 X100.91 Y117.994
G0 X100.91 Y116.417
G0 X100.761 Y116.417
G1 F3000 X113.583 Y129.24 E157.15217
G1 X113.653 Y129.31
G0 F7200 X113.653 Y129.09
G0 X112.073 Y129.09
G0 X112.073 Y129.24
G1 F3000 X119.24 Y122.073 E157.27927
G1 X119.31 Y122.003
G0 F7200 X119.09 Y122.003
G0 X117.216 Y121.347
G0 X117.217 Y117.99
G0 X119.09 Y117.926
G0 X119.24 Y117.926
G1 F3000 X113.966 Y112.652 E157.37281
G1 X113.896 Y112.582
G0 F7200 X113.896 Y112.802
G0 X111.622 Y112.73
G0 X111.919 Y112.423
G1 F3000 X100.761 Y123.581 E157.57069
G1 X100.691 Y123.651
G0 F7200 X100.91 Y123.651
G0 X100.91 Y122.074
G0 X100.761 Y122.074
G1 F3000 X107.926 Y129.24 E157.69777
G1 X107.996 Y129.31
G0 F7200 X107.996 Y129.09
G0 X106.416 Y129.09
G0 X106.416 Y129.24
G1 F3000 X119.24 Y116.416 E157.9252
G1 X119.31 Y116.346
G0 F7200 X119.09 Y116.346
G0 X119.09 Y112.269
G0 X119.24 Y112.269
G1 F3000 X117.731 Y110.76 E157.95196
G1 X117.661 Y110.69
G0 F7200 X117.661 Y110.91
G0 X119.12 Y110.88
G0 X119.239 Y110.76
G1 F3000 X100.761 Y129.238 E158.27966
G1 X100.691 Y129.308
G0 F7200 X100.88 Y129.12
G0 X100.91 Y127.731
G0 X100.761 Y127.731
G1 F3000 X102.27 Y129.24 E158.30643
G1 X102.34 Y129.31
G0 F7200 X102.34 Y129.09
G0 X100.91 Y112.267
G0 X100.761 Y112.267
G1 F3000 X102.268 Y110.76 E158.33315
G1 X102.338 Y110.69
G0 F7200 X102.338 Y110.91
G0 X104.271 Y112.731
G0 X117.216 Y121.347
G0 X117.92 Y121.108
;TYPE:WALL-INNER
G1 F3000 X117.67 Y120.971 E158.33673
G1 X117.556 Y120.847 E158.33884
G1 X117.452 Y120.616 E158.34202
G1 X117.454 Y118.77 E158.36517
G1 X117.494 Y118.605 E158.3673
G1 X117.628 Y118.403 E158.37034
G1 X117.914 Y118.228 E158.37454
G1 X119.4 Y118.228 E158.39317
G1 X119.4 Y110.6 E158.48883
G1 X114.84 Y110.6 E158.54602
G1 X114.84 Y111.892 E158.56222
G1 X114.799 Y112.112 E158.56503
G1 X114.723 Y112.25 E158.567
G1 X114.513 Y112.427 E158.57045
G1 X114.33 Y112.493 E158.57288
G1 X112.389 Y112.488 E158.59723
G1 X112.179 Y112.423 E158.59998
G1 X112.038 Y112.32 E158.60217
G1 X111.908 Y112.129 E158.60507
G1 X111.86 Y111.892 E158.6081
G1 X111.86 Y110.6 E158.6243
G1 X107.324 Y110.6 E158.68119
G1 X107.324 Y111.888 E158.69734
G1 X107.276 Y112.126 E158.70038
G1 X107.042 Y112.398 E158.70488
G1 X106.808 Y112.483 E158.70801
G1 X105.042 Y112.492 E158.73015
G1 X104.802 Y112.409 E158.73334
G1 X104.596 Y112.207 E158.73695
G1 X104.508 Y112.008 E158.73968
G1 X104.505 Y110.6 E158.75734
G1 X100.601 Y110.601 E158.8063
G1 X100.6 Y129.4 E159.04204
G1 X119.4 Y129.4 E159.2778
G1 X119.4 Y121.108 E159.38179
G1 X117.92 Y121.108 E159.40035
G0 F7200 X118.004 Y120.708
;TYPE:WALL-OUTER
G1 F1500 X117.903 Y120.643 E159.40185
G1 X117.857 Y120.557 E159.40308
G1 X117.852 Y118.808 E159.42501
G1 X117.895 Y118.703 E159.42643
G1 X118.052 Y118.628 E159.42862
G1 X119.8 Y118.628 E159.45054
G1 X119.8 Y110.2 E159.55623
G1 X114.44 Y110.2 E159.62344
G1 X114.44 Y111.892 E159.64466
G1 X114.401 Y112.012 E159.64624
G1 X114.24 Y112.093 E159.6485
G1 X112.417 Y112.088 E159.67136
G1 X112.319 Y112.035 E159.67276
G1 X112.26 Y111.892 E159.6747
G1 X112.26 Y110.2 E159.69592
G1 X106.924 Y110.2 E159.76284
G1 X106.924 Y111.947 E159.78474
G1 X106.846 Y112.048 E159.78634
G1 X106.752 Y112.087 E159.78762
G1 X105.024 Y112.09 E159.80929
G1 X104.908 Y111.931 E159.81176
G1 X104.904 Y110.2 E159.83347
G1 X100.201 Y110.201 E159.89244
G1 X100.2 Y129.8 E160.13822
G1 X119.8 Y129.8 E160.38401
G1 X119.8 Y120.708 E160.49803
G1 X118.004 Y120.708 E160.52055
G0 F7200 X117.903 Y120.643
G0 X117.866 Y120.573
G0 X116.845 Y120.572
;MESH:NONMESH
G0 F600 X116.845 Y120.572 Z4.1
G0 F7200 X100.88 Y110.88
G0 X100.76 Y110.76
;TIME_ELAPSED:410.326623
;LAYER:19
;TYPE:FILL
;MESH:xyzCalibration_cube.glb
G1 F3000 X119.24 Y129.24 E160.84829
G1 X119.31 Y129.31
G0 F7200 X119.12 Y129.12
G0 X117.73 Y129.09
G0 X117.73 Y129.24
G1 F3000 X119.24 Y127.73 E160.87507
G1 X119.31 Y127.66
G0 F7200 X119.09 Y127.66
G0 X119.09 Y123.583
G0 X119.24 Y123.583
G1 F3000 X107.591 Y111.934 E161.08166
G1 X107.521 Y111.864
G0 F7200 X107.6 Y111.085
G1 F3000 X107.926 Y110.76 E161.08743
G0 F7200 X107.926 Y110.91
G0 X107.681 Y112.729
G0 X106.038 Y112.802
G0 X106.038 Y112.648
G1 F3000 X100.761 Y117.925 E161.18102
G1 X100.691 Y117.995
G0 F7200 X100.91 Y117.995
G0 X100.91 Y116.417
G0 X100.76 Y116.417
G1 F3000 X113.583 Y129.24 E161.40843
G1 X113.653 Y129.31
G0 F7200 X113.653 Y129.09
G0 X112.073 Y129.09
G0 X112.073 Y129.24
G1 F3000 X119.24 Y122.073 E161.53554
G1 X119.31 Y122.003
G0 F7200 X119.09 Y122.003
G0 X117.216 Y121.345
G0 X117.217 Y117.988
G0 X119.09 Y117.926
G0 X119.24 Y117.926
G1 F3000 X113.962 Y112.648 E161.62914
G1 X113.892 Y112.578
G0 F7200 X113.892 Y112.802
G0 X111.875 Y112.802
G0 X111.875 Y112.467
G1 F3000 X100.761 Y123.582 E161.82626
G1 X100.691 Y123.652
G0 F7200 X100.91 Y123.652
G0 X100.91 Y122.074
G0 X100.76 Y122.074
G1 F3000 X107.926 Y129.24 E161.95334
G1 X107.996 Y129.31
G0 F7200 X107.996 Y129.09
G0 X106.416 Y129.09
G0 X106.416 Y129.24
G1 F3000 X119.24 Y116.416 E162.18077
G1 X119.31 Y116.346
G0 F7200 X119.09 Y116.346
G0 X119.09 Y112.269
G0 X119.24 Y112.269
G1 F3000 X117.731 Y110.76 E162.20754
G1 X117.661 Y110.69
G0 F7200 X117.661 Y110.91
G0 X119.12 Y110.88
G0 X119.239 Y110.76
G1 F3000 X100.761 Y129.239 E162.53525
G1 X100.691 Y129.309
G0 F7200 X100.88 Y129.12
G0 X100.91 Y127.73
G0 X100.76 Y127.73
G1 F3000 X102.27 Y129.24 E162.56203
G1 X102.34 Y129.31
G0 F7200 X102.34 Y129.09
G0 X100.91 Y112.268
G0 X100.761 Y112.268
G1 F3000 X102.269 Y110.76 E162.58877
G1 X102.339 Y110.69
G0 F7200 X102.339 Y110.91
G0 X104.382 Y112.73
G0 X117.216 Y121.345
G0 X117.92 Y121.104
;TYPE:WALL-INNER
G1 F3000 X117.669 Y120.967 E162.59236
G1 X117.556 Y120.843 E162.59446
G1 X117.452 Y120.612 E162.59764
G1 X117.454 Y118.772 E162.62071
G1 X117.489 Y118.615 E162.62273
G1 X117.62 Y118.407 E162.62581
G1 X117.911 Y118.224 E162.63012
G1 X119.4 Y118.224 E162.6488
G1 X119.4 Y110.6 E162.7444
G1 X114.715 Y110.6 E162.80315
G1 X114.712 Y111.894 E162.81938
G1 X114.667 Y112.122 E162.8223
G1 X114.595 Y112.25 E162.82414
G1 X114.398 Y112.42 E162.8274
G1 X114.178 Y112.489 E162.83029
G1 X112.252 Y112.492 E162.85445
G1 X112.083 Y112.437 E162.85667
G1 X111.887 Y112.291 E162.85974
G1 X111.775 Y112.107 E162.86244
G1 X111.736 Y111.89 E162.86521
G1 X111.738 Y110.6 E162.88138
G1 X107.44 Y110.6 E162.93528
G1 X107.44 Y111.888 E162.95143
G1 X107.401 Y112.104 E162.95419
G1 X107.235 Y112.34 E162.9578
G1 X107.093 Y112.433 E162.95993
G1 X106.842 Y112.488 E162.96315
G1 X105.126 Y112.486 E162.98467
G1 X104.914 Y112.411 E162.98749
G1 X104.709 Y112.214 E162.99106
G1 X104.616 Y112.012 E162.99385
G1 X104.616 Y110.6 E163.01156
G1 X100.6 Y110.6 E163.06192
G1 X100.6 Y129.4 E163.29768
G1 X119.4 Y129.4 E163.53344
G1 X119.4 Y121.104 E163.63747
G1 X117.92 Y121.104 E163.65603
G0 F7200 X118.004 Y120.704
;TYPE:WALL-OUTER
G1 F1500 X117.903 Y120.639 E163.65754
G1 X117.857 Y120.553 E163.65876
G1 X117.852 Y118.806 E163.68067
G1 X117.892 Y118.703 E163.68205
G1 X118.001 Y118.624 E163.68374
G1 X119.8 Y118.624 E163.7063
G1 X119.8 Y110.2 E163.81194
G1 X114.316 Y110.2 E163.88071
G1 X114.312 Y111.948 E163.90263
G1 X114.242 Y112.045 E163.90413
G1 X114.134 Y112.091 E163.90561
G1 X112.297 Y112.089 E163.92864
G1 X112.219 Y112.055 E163.92971
G1 X112.136 Y111.947 E163.93142
G1 X112.139 Y110.2 E163.95333
G1 X107.04 Y110.2 E164.01727
G1 X107.04 Y111.938 E164.03906
G1 X106.99 Y112.022 E164.04029
G1 X106.867 Y112.087 E164.04203
G1 X105.134 Y112.09 E164.06377
G1 X105.016 Y111.933 E164.06623
G1 X105.016 Y110.2 E164.08796
G1 X100.2 Y110.2 E164.14836
G1 X100.2 Y129.8 E164.39415
G1 X119.8 Y129.8 E164.63994
G1 X119.8 Y120.704 E164.75401
G1 X118.004 Y120.704 E164.77653
G0 F7200 X117.903 Y120.639
G0 X117.866 Y120.569
G0 X116.845 Y120.568
;MESH:NONMESH
G0 F600 X116.845 Y120.568 Z4.3
G0 F7200 X100.88 Y110.88
G0 X100.76 Y110.76
;TIME_ELAPSED:420.586098
;LAYER:20
;TYPE:FILL
;MESH:xyzCalibration_cube.glb
G1 F3000 X119.24 Y129.24 E165.10427
G1 X119.31 Y129.31
G0 F7200 X119.12 Y129.12
G0 X117.73 Y129.09
G0 X117.73 Y129.24
G1 F3000 X119.24 Y127.73 E165.13105
G1 X119.31 Y127.66
G0 F7200 X119.09 Y127.66
G0 X119.09 Y123.583
G0 X119.24 Y123.583
G1 F3000 X107.695 Y112.038 E165.33579
G1 X107.625 Y111.968
G0 F7200 X107.871 Y111.968
G0 X107.871 Y110.966
G0 X107.72 Y110.966
G1 F3000 X107.926 Y110.76 E165.33945
G0 F7200 X107.926 Y110.91
G0 X107.799 Y112.729
G0 X106.036 Y112.802
G0 X106.036 Y112.65
G1 F3000 X100.761 Y117.925 E165.433
G1 X100.691 Y117.995
G0 F7200 X100.91 Y117.995
G0 X100.91 Y116.417
G0 X100.76 Y116.417
G1 F3000 X113.583 Y129.24 E165.66041
G1 X113.653 Y129.31
G0 F7200 X113.653 Y129.09
G0 X112.073 Y129.09
G0 X112.073 Y129.24
G1 F3000 X119.24 Y122.073 E165.78752
G1 X119.31 Y122.003
G0 F7200 X119.09 Y122.003
G0 X117.216 Y121.343
G0 X117.217 Y117.986
G0 X119.09 Y117.926
G0 X119.24 Y117.926
G1 F3000 X113.962 Y112.648 E165.88112
G1 X113.892 Y112.578
G0 F7200 X113.892 Y112.802
G0 X111.812 Y112.802
G0 X111.812 Y112.53
G1 F3000 X100.761 Y123.582 E166.07712
G1 X100.691 Y123.652
G0 F7200 X100.91 Y123.652
G0 X100.91 Y122.074
G0 X100.76 Y122.074
G1 F3000 X107.926 Y129.24 E166.2042
G1 X107.996 Y129.31
G0 F7200 X107.996 Y129.09
G0 X106.416 Y129.09
G0 X106.416 Y129.24
G1 F3000 X119.24 Y116.416 E166.43163
G1 X119.31 Y116.346
G0 F7200 X119.09 Y116.346
G0 X119.09 Y112.269
G0 X119.24 Y112.269
G1 F3000 X117.731 Y110.76 E166.4584
G1 X117.661 Y110.69
G0 F7200 X117.661 Y110.91
G0 X119.12 Y110.88
G0 X119.239 Y110.76
G1 F3000 X100.761 Y129.239 E166.78611
G1 X100.691 Y129.309
G0 F7200 X100.88 Y129.12
G0 X100.91 Y127.73
G0 X100.76 Y127.73
G1 F3000 X102.27 Y129.24 E166.81289
G1 X102.34 Y129.31
G0 F7200 X102.34 Y129.09
G0 X100.91 Y112.268
G0 X100.761 Y112.268
G1 F3000 X102.269 Y110.76 E166.83963
G1 X102.339 Y110.69
G0 F7200 X102.339 Y110.91
G0 X104.493 Y112.73
G0 X117.216 Y121.343
G0 X117.92 Y121.104
;TYPE:WALL-INNER
G1 F3000 X117.669 Y120.967 E166.84322
G1 X117.556 Y120.843 E166.84532
G1 X117.452 Y120.612 E166.8485
G1 X117.453 Y118.777 E166.87151
G1 X117.484 Y118.629 E166.87341
G1 X117.612 Y118.415 E166.87653
G1 X117.863 Y118.254 E166.88027
G1 X118.052 Y118.224 E166.88267
G1 X119.4 Y118.224 E166.89958
G1 X119.4 Y110.6 E166.99518
G1 X114.587 Y110.6 E167.05554
G1 X114.584 Y111.894 E167.07177
G1 X114.535 Y112.131 E167.0748
G1 X114.379 Y112.345 E167.07812
G1 X114.206 Y112.45 E167.08066
G1 X114.053 Y112.489 E167.08264
G1 X112.16 Y112.49 E167.10638
G1 X111.871 Y112.384 E167.11024
G1 X111.765 Y112.289 E167.11203
G1 X111.646 Y112.083 E167.11501
G1 X111.616 Y111.892 E167.11743
G1 X111.616 Y110.6 E167.13364
G1 X107.56 Y110.6 E167.1845
G1 X107.56 Y111.888 E167.20065
G1 X107.529 Y112.08 E167.20309
G1 X107.353 Y112.342 E167.20705
G1 X107.035 Y112.484 E167.21142
G1 X105.266 Y112.492 E167.2336
G1 X105.029 Y112.413 E167.23673
G1 X104.825 Y112.221 E167.24025
G1 X104.728 Y111.892 E167.24455
G1 X104.728 Y110.6 E167.26075
G1 X100.6 Y110.6 E167.31252
G1 X100.6 Y129.4 E167.54828
G1 X119.4 Y129.4 E167.78404
G1 X119.4 Y121.104 E167.88807
G1 X117.92 Y121.104 E167.90663
G0 F7200 X118.004 Y120.704
;TYPE:WALL-OUTER
G1 F1500 X117.903 Y120.639 E167.90814
G1 X117.857 Y120.553 E167.90936
G1 X117.854 Y118.789 E167.93148
G1 X117.905 Y118.687 E167.93291
G1 X118.005 Y118.624 E167.93439
G1 X119.8 Y118.624 E167.9569
G1 X119.8 Y110.2 E168.06254
G1 X114.188 Y110.2 E168.13292
G1 X114.184 Y111.893 E168.15415
G1 X114.145 Y112.012 E168.15572
G1 X114.032 Y112.087 E168.15742
G1 X112.181 Y112.09 E168.18063
G1 X112.065 Y112.025 E168.1823
G1 X112.016 Y111.938 E168.18355
G1 X112.016 Y110.2 E168.20535
G1 X107.16 Y110.2 E168.26624
G1 X107.16 Y111.888 E168.28741
G1 X107.091 Y112.04 E168.28951
G1 X106.985 Y112.087 E168.29096
G1 X105.298 Y112.09 E168.31212
G1 X105.16 Y112.002 E168.31417
G1 X105.128 Y111.892 E168.3156
G1 X105.128 Y110.2 E168.33682
G1 X100.2 Y110.2 E168.39862
G1 X100.2 Y129.8 E168.64441
G1 X119.8 Y129.8 E168.8902
G1 X119.8 Y120.704 E169.00427
G1 X118.004 Y120.704 E169.02679
G0 F7200 X117.903 Y120.639
G0 X117.866 Y120.569
G0 X116.845 Y120.568
;MESH:NONMESH
G0 F600 X116.845 Y120.568 Z4.5
G0 F7200 X100.88 Y110.88
G0 X100.76 Y110.76
;TIME_ELAPSED:430.862034
;LAYER:21
;TYPE:FILL
;MESH:xyzCalibration_cube.glb
G1 F3000 X119.24 Y129.24 E169.35453
G1 X119.31 Y129.31
G0 F7200 X119.12 Y129.12
G0 X117.73 Y129.09
G0 X117.73 Y129.24
G1 F3000 X119.24 Y127.73 E169.38131
G1 X119.31 Y127.66
G0 F7200 X119.09 Y127.66
G0 X119.09 Y123.583
G0 X119.24 Y123.583
G1 F3000 X107.793 Y112.136 E169.58432
G1 X107.723 Y112.066
G0 F7200 X107.99 Y112.066
G0 X107.99 Y110.845
G0 X107.84 Y110.845
G1 F3000 X107.926 Y110.76 E169.58584
G0 F7200 X107.926 Y110.91
G0 X107.918 Y112.729
G0 X106.036 Y112.802
G0 X106.036 Y112.65
G1 F3000 X100.761 Y117.925 E169.67939
G1 X100.691 Y117.995
G0 F7200 X100.91 Y117.995
G0 X100.91 Y116.417
G0 X100.76 Y116.417
G1 F3000 X113.583 Y129.24 E169.9068
G1 X113.653 Y129.31
G0 F7200 X113.653 Y129.09
G0 X112.073 Y129.09
G0 X112.073 Y129.24
G1 F3000 X119.24 Y122.073 E170.03391
G1 X119.31 Y122.003
G0 F7200 X119.09 Y122.003
G0 X117.217 Y121.341
G0 X117.218 Y117.984
G0 X119.09 Y117.926
G0 X119.24 Y117.926
G1 F3000 X113.959 Y112.645 E170.12756
G1 X113.889 Y112.575
G0 F7200 X113.889 Y112.802
G0 X111.771 Y112.802
G0 X111.771 Y112.571
G1 F3000 X100.761 Y123.582 E170.32283
G1 X100.691 Y123.652
G0 F7200 X100.91 Y123.652
G0 X100.91 Y122.074
G0 X100.76 Y122.074
G1 F3000 X107.926 Y129.24 E170.44992
G1 X107.996 Y129.31
G0 F7200 X107.996 Y129.09
G0 X106.416 Y129.09
G0 X106.416 Y129.24
G1 F3000 X119.239 Y116.417 E170.67733
G1 X119.309 Y116.347
G0 F7200 X119.09 Y116.347
G0 X119.09 Y112.269
G0 X119.24 Y112.269
G1 F3000 X117.731 Y110.76 E170.70409
G1 X117.661 Y110.69
G0 F7200 X117.661 Y110.91
G0 X119.12 Y110.88
G0 X119.239 Y110.76
G1 F3000 X100.761 Y129.239 E171.03181
G1 X100.691 Y129.309
G0 F7200 X100.88 Y129.12
G0 X100.91 Y127.73
G0 X100.76 Y127.73
G1 F3000 X102.27 Y129.24 E171.05859
G1 X102.34 Y129.31
G0 F7200 X102.34 Y129.09
G0 X100.91 Y112.268
G0 X100.761 Y112.268
G1 F3000 X102.269 Y110.76 E171.08533
G1 X102.339 Y110.69
G0 F7200 X102.339 Y110.91
G0 X104.604 Y112.73
G0 X117.217 Y121.341
G0 X117.92 Y121.1
;TYPE:WALL-INNER
G1 F3000 X117.669 Y120.963 E171.08892
G1 X117.556 Y120.839 E171.09102
G1 X117.452 Y120.608 E171.0942
G1 X117.457 Y118.684 E171.11832
G1 X117.609 Y118.419 E171.12216
G1 X117.865 Y118.25 E171.126
G1 X118.056 Y118.22 E171.12843
G1 X119.4 Y118.22 E171.14528
G1 X119.4 Y110.6 E171.24084
G1 X114.46 Y110.6 E171.30279
G1 X114.46 Y111.892 E171.31899
G1 X114.407 Y112.139 E171.32216
G1 X114.26 Y112.34 E171.32528
G1 X114.09 Y112.447 E171.3278
G1 X113.931 Y112.488 E171.32986
G1 X112.044 Y112.491 E171.35352
G1 X111.828 Y112.432 E171.35633
G1 X111.572 Y112.193 E171.36072
G1 X111.492 Y111.89 E171.36465
G1 X111.494 Y110.6 E171.38083
G1 X107.68 Y110.6 E171.42866
G1 X107.68 Y112 E171.44622
G1 X107.599 Y112.19 E171.44881
G1 X107.47 Y112.345 E171.45133
G1 X107.315 Y112.441 E171.45362
G1 X107.082 Y112.488 E171.4566
G1 X105.352 Y112.486 E171.4783
G1 X105.145 Y112.415 E171.48104
G1 X104.942 Y112.228 E171.4845
G1 X104.84 Y111.894 E171.48888
G1 X104.837 Y110.6 E171.50511
G1 X100.6 Y110.6 E171.55824
G1 X100.6 Y129.4 E171.794
G1 X119.4 Y129.4 E172.02976
G1 X119.4 Y121.1 E172.13385
G1 X117.92 Y121.1 E172.15241
G0 F7200 X118.004 Y120.7
;TYPE:WALL-OUTER
G1 F1500 X117.903 Y120.635 E172.15391
G1 X117.857 Y120.549 E172.15513
G1 X117.856 Y118.805 E172.177
G1 X117.937 Y118.658 E172.17911
G1 X118.056 Y118.62 E172.18068
G1 X119.8 Y118.62 E172.20255
G1 X119.8 Y110.2 E172.30814
G1 X114.06 Y110.2 E172.38012
G1 X114.06 Y111.956 E172.40214
G1 X113.94 Y112.091 E172.4044
G1 X112.076 Y112.092 E172.42778
G1 X111.979 Y112.058 E172.42907
G1 X111.892 Y111.93 E172.43101
G1 X111.895 Y110.2 E172.4527
G1 X107.28 Y110.2 E172.51058
G1 X107.28 Y111.931 E172.53229
G1 X107.231 Y112.02 E172.53356
G1 X107.104 Y112.087 E172.53536
G1 X105.41 Y112.09 E172.5566
G1 X105.274 Y112.004 E172.55862
G1 X105.24 Y111.893 E172.56008
G1 X105.236 Y110.2 E172.58131
G1 X100.2 Y110.2 E172.64446
G1 X100.2 Y129.8 E172.89025
G1 X119.8 Y129.8 E173.13604
G1 X119.8 Y120.7 E173.25016
G1 X118.004 Y120.7 E173.27268
G0 F7200 X117.903 Y120.635
G0 X117.866 Y120.565
G0 X116.846 Y120.564
;MESH:NONMESH
G0 F600 X116.846 Y120.564 Z4.7
G0 F7200 X100.88 Y110.88
G0 X100.76 Y110.76
;TIME_ELAPSED:441.134605
;LAYER:22
;TYPE:FILL
;MESH:xyzCalibration_cube.glb
G1 F3000 X119.24 Y129.24 E173.60042
G1 X119.31 Y129.31
G0 F7200 X119.12 Y129.12
G0 X117.73 Y129.09
G0 X117.73 Y129.24
G1 F3000 X119.24 Y127.73 E173.6272
G1 X119.31 Y127.66
G0 F7200 X119.09 Y127.66
G0 X119.09 Y123.583
G0 X119.24 Y123.583
G1 F3000 X107.877 Y112.22 E173.82872
G1 X107.807 Y112.15
G0 F7200 X108.108 Y112.15
G0 X106.035 Y112.803
G0 X106.035 Y112.651
G1 F3000 X100.761 Y117.925 E173.92226
G1 X100.691 Y117.995
G0 F7200 X100.91 Y117.995
G0 X100.91 Y116.417
G0 X100.76 Y116.417
G1 F3000 X113.583 Y129.24 E174.14967
G1 X113.653 Y129.31
G0 F7200 X113.653 Y129.09
G0 X112.073 Y129.09
G0 X112.073 Y129.24
G1 F3000 X119.24 Y122.073 E174.27677
G1 X119.31 Y122.003
G0 F7200 X119.09 Y122.003
G0 X117.217 Y121.339
G0 X117.218 Y117.981
G0 X119.09 Y117.926
G0 X119.24 Y117.926
G1 F3000 X113.931 Y112.617 E174.37093
G1 X113.861 Y112.547
G0 F7200 X113.861 Y112.803
G0 X111.744 Y112.803
G0 X111.744 Y112.598
G1 F3000 X100.761 Y123.582 E174.56572
G1 X100.691 Y123.652
G0 F7200 X100.91 Y123.652
G0 X100.91 Y122.074
G0 X100.76 Y122.074
G1 F3000 X107.926 Y129.24 E174.6928
G1 X107.996 Y129.31
G0 F7200 X107.996 Y129.09
G0 X106.416 Y129.09
G0 X106.416 Y129.24
G1 F3000 X119.24 Y116.416 E174.92023
G1 X119.31 Y116.346
G0 F7200 X119.09 Y116.346
G0 X119.09 Y112.269
G0 X119.24 Y112.269
G1 F3000 X117.731 Y110.76 E174.947
G1 X117.661 Y110.69
G0 F7200 X117.661 Y110.91
G0 X119.12 Y110.88
G0 X119.239 Y110.76
G1 F3000 X100.761 Y129.239 E175.27471
G1 X100.691 Y129.309
G0 F7200 X100.88 Y129.12
G0 X100.91 Y127.73
G0 X100.76 Y127.73
G1 F3000 X102.27 Y129.24 E175.30149
G1 X102.34 Y129.31
G0 F7200 X102.34 Y129.09
G0 X100.91 Y112.268
G0 X100.761 Y112.268
G1 F3000 X102.269 Y110.76 E175.32823
G1 X102.339 Y110.69
G0 F7200 X102.339 Y110.91
G0 X104.715 Y112.731
G0 X117.217 Y121.339
G0 X117.92 Y121.1
;TYPE:WALL-INNER
G1 F3000 X117.669 Y120.963 E175.33182
G1 X117.556 Y120.839 E175.33392
G1 X117.452 Y120.608 E175.3371
G1 X117.46 Y118.738 E175.36055
G1 X117.602 Y118.423 E175.36488
G1 X117.863 Y118.247 E175.36883
G1 X118.056 Y118.216 E175.37128
G1 X119.4 Y118.216 E175.38814
G1 X119.4 Y110.6 E175.48364
G1 X114.335 Y110.6 E175.54716
G1 X114.332 Y111.894 E175.56339
G1 X114.276 Y112.147 E175.56664
G1 X114.137 Y112.336 E175.56958
G1 X113.971 Y112.443 E175.57206
G1 X113.805 Y112.488 E175.57421
G1 X111.931 Y112.491 E175.59771
G1 X111.639 Y112.392 E175.60158
G1 X111.446 Y112.182 E175.60516
G1 X111.372 Y111.991 E175.60772
G1 X111.372 Y110.6 E175.62517
G1 X107.796 Y110.6 E175.67001
G1 X107.796 Y111.991 E175.68746
G1 X107.722 Y112.182 E175.69003
G1 X107.529 Y112.392 E175.6936
G1 X107.261 Y112.489 E175.69718
G1 X105.463 Y112.486 E175.71972
G1 X105.259 Y112.416 E175.72243
G1 X105.058 Y112.234 E175.72583
G1 X104.987 Y112.096 E175.72777
G1 X104.952 Y111.894 E175.73035
G1 X104.949 Y110.6 E175.74657
G1 X100.6 Y110.6 E175.80111
G1 X100.6 Y129.4 E176.03687
G1 X119.4 Y129.4 E176.27263
G1 X119.4 Y121.1 E176.37671
G1 X117.92 Y121.1 E176.39527
G0 F7200 X118.004 Y120.7
;TYPE:WALL-OUTER
G1 F1500 X117.903 Y120.635 E176.39678
G1 X117.857 Y120.549 E176.398
G1 X117.857 Y118.79 E176.42006
G1 X117.888 Y118.707 E176.42117
G1 X118.008 Y118.616 E176.42306
G1 X119.8 Y118.616 E176.44553
G1 X119.8 Y110.2 E176.55107
G1 X113.936 Y110.2 E176.62461
G1 X113.932 Y111.957 E176.64664
G1 X113.84 Y112.061 E176.64838
G1 X113.757 Y112.091 E176.64949
G1 X111.916 Y112.092 E176.67258
G1 X111.777 Y111.938 E176.67518
G1 X111.772 Y110.2 E176.69698
G1 X107.396 Y110.2 E176.75185
G1 X107.391 Y111.938 E176.77365
G1 X107.348 Y112.024 E176.77485
G1 X107.218 Y112.091 E176.77669
G1 X105.522 Y112.09 E176.79796
G1 X105.387 Y112.006 E176.79995
G1 X105.352 Y111.893 E176.80143
G1 X105.348 Y110.2 E176.82266
G1 X100.2 Y110.2 E176.88722
G1 X100.2 Y129.8 E177.13301
G1 X119.8 Y129.8 E177.3788
G1 X119.8 Y120.7 E177.49292
G1 X118.004 Y120.7 E177.51544
G0 F7200 X117.903 Y120.635
G0 X117.866 Y120.565
G0 X116.846 Y120.564
;MESH:NONMESH
G0 F600 X116.846 Y120.564 Z4.9
G0 F7200 X100.88 Y110.88
G0 X100.76 Y110.76
;TIME_ELAPSED:451.328097
;LAYER:23
;TYPE:FILL
;MESH:xyzCalibration_cube.glb
G1 F3000 X119.24 Y129.24 E177.84318
G1 X119.31 Y129.31
G0 F7200 X119.12 Y129.12
G0 X117.73 Y129.09
G0 X117.73 Y129.24
G1 F3000 X119.239 Y127.73 E177.86995
G1 X119.309 Y127.66
G0 F7200 X119.09 Y127.66
G0 X119.09 Y123.583
G0 X119.24 Y123.583
G1 F3000 X107.949 Y112.292 E178.0702
G1 X107.879 Y112.222
G0 F7200 X108.227 Y112.222
G0 X106.033 Y112.803
G0 X106.033 Y112.652
G1 F3000 X100.761 Y117.925 E178.1637
G1 X100.691 Y117.995
G0 F7200 X100.91 Y117.995
G0 X100.91 Y116.417
G0 X100.76 Y116.417
G1 F3000 X113.583 Y129.24 E178.39112
G1 X113.653 Y129.31
G0 F7200 X113.653 Y129.09
G0 X112.073 Y129.09
G0 X112.073 Y129.24
G1 F3000 X119.239 Y122.074 E178.5182
G1 X119.309 Y122.004
G0 F7200 X119.09 Y122.004
G0 X117.217 Y121.336
G0 X117.218 Y117.979
G0 X119.09 Y117.926
G0 X119.24 Y117.926
G1 F3000 X113.903 Y112.589 E178.61285
G1 X113.833 Y112.519
G0 F7200 X113.833 Y112.803
G0 X111.704 Y112.803
G0 X111.704 Y112.639
G1 F3000 X100.761 Y123.582 E178.80692
G1 X100.691 Y123.652
G0 F7200 X100.91 Y123.652
G0 X100.91 Y122.074
G0 X100.76 Y122.074
G1 F3000 X107.926 Y129.24 E178.93401
G1 X107.996 Y129.31
G0 F7200 X107.996 Y129.09
G0 X106.416 Y129.09
G0 X106.416 Y129.24
G1 F3000 X119.24 Y116.416 E179.16144
G1 X119.31 Y116.346
G0 F7200 X119.09 Y116.346
G0 X119.09 Y112.269
G0 X119.24 Y112.269
G1 F3000 X117.731 Y110.76 E179.1882
G1 X117.661 Y110.69
G0 F7200 X117.661 Y110.91
G0 X119.12 Y110.88
G0 X119.239 Y110.76
G1 F3000 X100.761 Y129.239 E179.51592
G1 X100.691 Y129.309
G0 F7200 X100.88 Y129.12
G0 X100.91 Y127.73
G0 X100.76 Y127.73
G1 F3000 X102.27 Y129.24 E179.5427
G1 X102.34 Y129.31
G0 F7200 X102.34 Y129.09
G0 X100.91 Y112.268
G0 X100.761 Y112.268
G1 F3000 X102.269 Y110.76 E179.56944
G1 X102.339 Y110.69
G0 F7200 X102.339 Y110.91
G0 X104.826 Y112.731
G0 X117.217 Y121.336
G0 X117.747 Y121.014
;TYPE:WALL-INNER
G1 F3000 X117.517 Y120.769 E179.57365
G1 X117.452 Y120.528 E179.57678
G1 X117.459 Y118.75 E179.59908
G1 X117.595 Y118.431 E179.60343
G1 X117.861 Y118.248 E179.60748
G1 X118.056 Y118.216 E179.60996
G1 X119.4 Y118.216 E179.62681
G1 X119.4 Y110.6 E179.72232
G1 X114.207 Y110.6 E179.78744
G1 X114.204 Y111.894 E179.80367
G1 X114.144 Y112.155 E179.80703
G1 X114.051 Y112.294 E179.80912
G1 X113.851 Y112.44 E179.81223
G1 X113.679 Y112.488 E179.81447
G1 X111.734 Y112.492 E179.83886
G1 X111.522 Y112.397 E179.84177
G1 X111.316 Y112.171 E179.84561
G1 X111.248 Y111.974 E179.84822
G1 X111.25 Y110.6 E179.86545
G1 X107.916 Y110.6 E179.90726
G1 X107.916 Y111.974 E179.92449
G1 X107.848 Y112.171 E179.92711
G1 X107.642 Y112.397 E179.93094
G1 X107.394 Y112.492 E179.93427
G1 X105.572 Y112.486 E179.95712
G1 X105.37 Y112.418 E179.95979
G1 X105.17 Y112.24 E179.96315
G1 X105.098 Y112.104 E179.96508
G1 X105.06 Y111.892 E179.96778
G1 X105.06 Y110.6 E179.98398
G1 X100.6 Y110.6 E180.03991
G1 X100.6 Y129.4 E180.27567
G1 X119.4 Y129.4 E180.51143
G1 X119.4 Y121.096 E180.61557
G1 X118.052 Y121.096 E180.63247
G1 X117.747 Y121.014 E180.63643
G0 F7200 X118.004 Y120.696
;TYPE:WALL-OUTER
G1 F1500 X117.903 Y120.631 E180.63794
G1 X117.857 Y120.545 E180.63916
G1 X117.862 Y118.764 E180.66149
G1 X118.01 Y118.616 E180.66412
G1 X119.8 Y118.616 E180.68657
G1 X119.8 Y110.2 E180.79211
G1 X113.808 Y110.2 E180.86725
G1 X113.804 Y111.961 E180.88933
G1 X113.671 Y112.091 E180.89166
G1 X111.809 Y112.089 E180.91501
G1 X111.72 Y112.047 E180.91625
G1 X111.651 Y111.928 E180.91797
G1 X111.651 Y110.2 E180.93964
G1 X107.516 Y110.2 E180.9915
G1 X107.513 Y111.928 E181.01317
G1 X107.425 Y112.061 E181.01517
G1 X107.358 Y112.092 E181.01609
G1 X105.63 Y112.09 E181.03776
G1 X105.496 Y112.008 E181.03973
G1 X105.46 Y111.892 E181.04126
G1 X105.46 Y110.2 E181.06247
G1 X100.2 Y110.2 E181.12844
G1 X100.2 Y129.8 E181.37423
G1 X119.8 Y129.8 E181.62002
G1 X119.8 Y120.696 E181.73419
G1 X118.004 Y120.696 E181.75671
G0 F7200 X117.903 Y120.631
G0 X117.866 Y120.561
G0 X116.846 Y120.56
;MESH:NONMESH
G0 F600 X116.846 Y120.56 Z5.1
G0 F7200 X100.88 Y110.88
G0 X100.761 Y110.761
;TIME_ELAPSED:461.520251
;LAYER:24
;TYPE:FILL
;MESH:xyzCalibration_cube.glb
G1 F3000 X119.24 Y129.24 E182.08443
G1 X119.31 Y129.31
G0 F7200 X119.12 Y129.12
G0 X117.73 Y129.09
G0 X117.73 Y129.24
G1 F3000 X119.239 Y127.73 E182.1112
G1 X119.309 Y127.66
G0 F7200 X119.09 Y127.66
G0 X119.09 Y123.583
G0 X119.24 Y123.583
G1 F3000 X108.011 Y112.354 E182.31034
G1 X107.941 Y112.284
G0 F7200 X108.345 Y112.284
G0 X106.034 Y112.803
G0 X106.034 Y112.651
G1 F3000 X100.761 Y117.924 E182.40386
G1 X100.691 Y117.994
G0 F7200 X100.91 Y117.994
G0 X100.91 Y116.417
G0 X100.761 Y116.417
G1 F3000 X113.583 Y129.24 E182.63126
G1 X113.653 Y129.31
G0 F7200 X113.653 Y129.09
G0 X112.073 Y129.09
G0 X112.073 Y129.24
G1 F3000 X119.239 Y122.074 E182.75835
G1 X119.309 Y122.004
G0 F7200 X119.09 Y122.004
G0 X117.218 Y121.334
G0 X117.219 Y117.977
G0 X119.09 Y117.926
G0 X119.24 Y117.926
G1 F3000 X113.855 Y112.541 E182.85385
G1 X113.785 Y112.471
G0 F7200 X113.785 Y112.803
G0 X111.692 Y112.803
G0 X111.692 Y112.651
G1 F3000 X100.761 Y123.581 E183.0477
G1 X100.691 Y123.651
G0 F7200 X100.91 Y123.651
G0 X100.91 Y122.074
G0 X100.761 Y122.074
G1 F3000 X107.926 Y129.24 E183.17478
G1 X107.996 Y129.31
G0 F7200 X107.996 Y129.09
G0 X106.416 Y129.09
G0 X106.416 Y129.24
G1 F3000 X119.24 Y116.416 E183.40221
G1 X119.31 Y116.346
G0 F7200 X119.09 Y116.346
G0 X119.09 Y112.269
G0 X119.24 Y112.269
G1 F3000 X117.731 Y110.76 E183.42897
G1 X117.661 Y110.69
G0 F7200 X117.661 Y110.91
G0 X119.12 Y110.88
G0 X119.239 Y110.76
G1 F3000 X100.761 Y129.238 E183.75668
G1 X100.691 Y129.308
G0 F7200 X100.88 Y129.12
G0 X100.91 Y127.731
G0 X100.761 Y127.731
G1 F3000 X102.27 Y129.24 E183.78344
G1 X102.34 Y129.31
G0 F7200 X102.34 Y129.09
G0 X100.91 Y112.267
G0 X100.761 Y112.267
G1 F3000 X102.268 Y110.76 E183.81016
G1 X102.338 Y110.69
G0 F7200 X102.338 Y110.91
G0 X117.218 Y121.334
G0 X117.915 Y121.096
;TYPE:WALL-INNER
G1 F3000 X117.61 Y120.899 E183.81472
G1 X117.521 Y120.769 E183.81669
G1 X117.456 Y120.528 E183.81982
G1 X117.458 Y118.758 E183.84202
G1 X117.588 Y118.435 E183.84639
G1 X117.859 Y118.244 E183.85054
G1 X118.056 Y118.212 E183.85305
G1 X119.4 Y118.212 E183.8699
G1 X119.4 Y110.6 E183.96536
G1 X114.08 Y110.6 E184.03207
G1 X114.08 Y111.892 E184.04828
G1 X114.016 Y112.163 E184.05177
G1 X113.929 Y112.291 E184.05371
G1 X113.735 Y112.436 E184.05675
G1 X113.558 Y112.488 E184.05906
G1 X111.604 Y112.492 E184.08356
G1 X111.35 Y112.359 E184.08716
G1 X111.19 Y112.159 E184.09037
G1 X111.132 Y111.968 E184.09287
G1 X111.13 Y110.6 E184.11003
G1 X108.032 Y110.6 E184.14888
G1 X108.028 Y111.968 E184.16603
G1 X107.886 Y112.285 E184.17039
G1 X107.704 Y112.428 E184.17329
G1 X107.488 Y112.49 E184.17611
G1 X105.685 Y112.486 E184.19872
G1 X105.485 Y112.42 E184.20136
G1 X105.286 Y112.245 E184.20468
G1 X105.213 Y112.113 E184.20658
G1 X105.172 Y111.892 E184.2094
G1 X105.172 Y110.6 E184.2256
G1 X100.601 Y110.601 E184.28292
G1 X100.6 Y129.4 E184.51867
G1 X119.4 Y129.4 E184.75442
G1 X119.4 Y121.096 E184.85856
G1 X117.915 Y121.096 E184.87718
G0 F7200 X118.008 Y120.696
;TYPE:WALL-OUTER
G1 F1500 X117.907 Y120.631 E184.87869
G1 X117.861 Y120.545 E184.87991
G1 X117.856 Y118.794 E184.90187
G1 X117.9 Y118.686 E184.90333
G1 X118.004 Y118.612 E184.90493
G1 X119.8 Y118.612 E184.92746
G1 X119.8 Y110.2 E185.03295
G1 X113.68 Y110.2 E185.10969
G1 X113.68 Y111.959 E185.13175
G1 X113.595 Y112.057 E185.13338
G1 X113.506 Y112.091 E185.13457
G1 X111.71 Y112.092 E185.1571
G1 X111.576 Y112.023 E185.15899
G1 X111.529 Y111.918 E185.16043
G1 X111.531 Y110.2 E185.18197
G1 X107.632 Y110.2 E185.23087
G1 X107.631 Y111.918 E185.25241
G1 X107.584 Y112.023 E185.25385
G1 X107.451 Y112.092 E185.25573
G1 X105.696 Y112.09 E185.27774
G1 X105.572 Y111.951 E185.28008
G1 X105.572 Y110.2 E185.30204
G1 X100.201 Y110.201 E185.36939
G1 X100.2 Y129.8 E185.61517
G1 X119.8 Y129.8 E185.86096
G1 X119.8 Y120.696 E185.97513
G1 X118.008 Y120.696 E185.9976
G0 F7200 X117.907 Y120.631
G0 X117.87 Y120.561
G0 X116.847 Y120.56
;MESH:NONMESH
G0 F600 X116.847 Y120.56 Z5.3
G0 F7200 X100.88 Y110.88
G0 X100.76 Y110.76
;TIME_ELAPSED:471.715850
;LAYER:25
;TYPE:FILL
;MESH:xyzCalibration_cube.glb
G1 F3000 X119.24 Y129.24 E186.32534
G1 X119.31 Y129.31
G0 F7200 X119.12 Y129.12
G0 X117.73 Y129.09
G0 X117.73 Y129.24
G1 F3000 X119.24 Y127.73 E186.35212
G1 X119.31 Y127.66
G0 F7200 X119.09 Y127.66
G0 X119.09 Y123.583
G0 X119.24 Y123.583
G1 F3000 X108.076 Y112.419 E186.55011
G1 X108.006 Y112.349
G0 F7200 X108.006 Y112.803
G0 X106.034 Y112.803
G0 X106.034 Y112.651
G1 F3000 X100.761 Y117.925 E186.64363
G1 X100.691 Y117.995
G0 F7200 X100.91 Y117.995
G0 X100.91 Y116.417
G0 X100.76 Y116.417
G1 F3000 X113.583 Y129.24 E186.87105
G1 X113.653 Y129.31
G0 F7200 X113.653 Y129.09
G0 X112.073 Y129.09
G0 X112.073 Y129.24
G1 F3000 X119.24 Y122.073 E186.99815
G1 X119.31 Y122.003
G0 F7200 X119.09 Y122.003
G0 X117.218 Y121.332
G0 X117.219 Y117.975
G0 X119.09 Y117.926
G0 X119.24 Y117.926
G1 F3000 X113.801 Y112.487 E187.09461
G1 X113.731 Y112.417
G0 F7200 X113.731 Y112.803
G0 X111.692 Y112.803
G0 X111.692 Y112.651
G1 F3000 X100.761 Y123.582 E187.28847
G1 X100.691 Y123.652
G0 F7200 X100.91 Y123.652
G0 X100.91 Y122.074
G0 X100.76 Y122.074
G1 F3000 X107.926 Y129.24 E187.41556
G1 X107.996 Y129.31
G0 F7200 X107.996 Y129.09
G0 X106.416 Y129.09
G0 X106.416 Y129.24
G1 F3000 X119.24 Y116.416 E187.64299
G1 X119.31 Y116.346
G0 F7200 X119.09 Y116.346
G0 X119.09 Y112.269
G0 X119.24 Y112.269
G1 F3000 X117.731 Y110.76 E187.66975
G1 X117.661 Y110.69
G0 F7200 X117.661 Y110.91
G0 X119.12 Y110.88
G0 X119.239 Y110.76
G1 F3000 X100.761 Y129.239 E187.99746
G1 X100.691 Y129.309
G0 F7200 X100.88 Y129.12
G0 X100.91 Y127.73
G0 X100.76 Y127.73
G1 F3000 X102.27 Y129.24 E188.02424
G1 X102.34 Y129.31
G0 F7200 X102.34 Y129.09
G0 X100.91 Y112.268
G0 X100.761 Y112.268
G1 F3000 X102.269 Y110.76 E188.05098
G1 X102.339 Y110.69
G0 F7200 X102.339 Y110.91
G0 X117.218 Y121.332
G0 X117.75 Y121.009
;TYPE:WALL-INNER
G1 F3000 X117.521 Y120.765 E188.05518
G1 X117.456 Y120.524 E188.05831
G1 X117.457 Y118.769 E188.08032
G1 X117.582 Y118.443 E188.0847
G1 X117.857 Y118.245 E188.08895
G1 X118.056 Y118.212 E188.09148
G1 X119.4 Y118.212 E188.10833
G1 X119.4 Y110.6 E188.20379
G1 X113.955 Y110.6 E188.27207
G1 X113.952 Y112.019 E188.28986
G1 X113.803 Y112.289 E188.29373
G1 X113.615 Y112.432 E188.29669
G1 X113.431 Y112.487 E188.2991
G1 X111.565 Y112.491 E188.3225
G1 X111.299 Y112.407 E188.326
G1 X111.064 Y112.147 E188.3304
G1 X111.01 Y111.945 E188.33302
G1 X111.008 Y110.6 E188.34988
G1 X108.152 Y110.6 E188.3857
G1 X108.15 Y111.945 E188.40257
G1 X108.096 Y112.147 E188.40519
G1 X107.861 Y112.407 E188.40958
G1 X107.604 Y112.49 E188.41297
G1 X105.798 Y112.486 E188.43562
G1 X105.6 Y112.421 E188.43823
G1 X105.402 Y112.251 E188.4415
G1 X105.329 Y112.121 E188.44337
G1 X105.284 Y111.894 E188.44628
G1 X105.281 Y110.6 E188.4625
G1 X100.6 Y110.6 E188.52121
G1 X100.6 Y129.4 E188.75696
G1 X119.4 Y129.4 E188.99272
G1 X119.4 Y121.092 E189.09691
G1 X118.056 Y121.092 E189.11376
G1 X117.75 Y121.009 E189.11774
G0 F7200 X118.008 Y120.692
;TYPE:WALL-OUTER
G1 F1500 X117.907 Y120.626 E189.11925
G1 X117.861 Y120.541 E189.12046
G1 X117.86 Y118.769 E189.14269
G1 X117.92 Y118.664 E189.1442
G1 X118.008 Y118.612 E189.14548
G1 X119.8 Y118.612 E189.16796
G1 X119.8 Y110.2 E189.27345
G1 X113.556 Y110.2 E189.35175
G1 X113.552 Y111.935 E189.37351
G1 X113.503 Y112.025 E189.37479
G1 X113.379 Y112.091 E189.37655
G1 X111.551 Y112.092 E189.39948
G1 X111.456 Y112.023 E189.40095
G1 X111.408 Y111.906 E189.40253
G1 X111.408 Y110.2 E189.42393
G1 X107.752 Y110.2 E189.46978
G1 X107.752 Y111.91 E189.49122
G1 X107.704 Y112.023 E189.49276
G1 X107.609 Y112.092 E189.49423
G1 X105.855 Y112.09 E189.51623
G1 X105.723 Y112.012 E189.51815
G1 X105.684 Y111.893 E189.51972
G1 X105.68 Y110.2 E189.54095
G1 X100.2 Y110.2 E189.60967
G1 X100.2 Y129.8 E189.85546
G1 X119.8 Y129.8 E190.10126
G1 X119.8 Y120.692 E190.21547
G1 X118.008 Y120.692 E190.23795
G0 F7200 X117.907 Y120.626
G0 X117.87 Y120.557
G0 X116.847 Y120.556
;MESH:NONMESH
G0 F600 X116.847 Y120.556 Z5.5
G0 F7200 X100.88 Y110.88
G0 X100.76 Y110.76
;TIME_ELAPSED:481.907373
;LAYER:26
;TYPE:FILL
;MESH:xyzCalibration_cube.glb
G1 F3000 X119.24 Y129.24 E190.56568
G1 X119.31 Y129.31
G0 F7200 X119.12 Y129.12
G0 X117.73 Y129.09
G0 X117.73 Y129.24
G1 F3000 X119.24 Y127.73 E190.59246
G1 X119.31 Y127.66
G0 F7200 X119.09 Y127.66
G0 X119.09 Y123.583
G0 X119.24 Y123.583
G1 F3000 X108.142 Y112.485 E190.78928
G1 X108.072 Y112.415
G0 F7200 X108.072 Y112.803
G0 X106.034 Y112.803
G0 X106.034 Y112.651
G1 F3000 X100.761 Y117.925 E190.88281
G1 X100.691 Y117.995
G0 F7200 X100.91 Y117.995
G0 X100.91 Y116.417
G0 X100.76 Y116.417
G1 F3000 X113.583 Y129.24 E191.11022
G1 X113.653 Y129.31
G0 F7200 X113.653 Y129.09
G0 X112.073 Y129.09
G0 X112.073 Y129.24
G1 F3000 X119.24 Y122.073 E191.23733
G1 X119.31 Y122.003
G0 F7200 X119.09 Y122.003
G0 X117.218 Y121.33
G0 X117.219 Y117.973
G0 X119.09 Y117.926
G0 X119.24 Y117.926
G1 F3000 X113.752 Y112.438 E191.33465
G1 X113.682 Y112.368
G0 F7200 X113.682 Y112.803
G0 X111.691 Y112.803
G0 X111.691 Y112.651
G1 F3000 X100.761 Y123.582 E191.5285
G1 X100.691 Y123.652
G0 F7200 X100.91 Y123.652
G0 X100.91 Y122.074
G0 X100.76 Y122.074
G1 F3000 X107.926 Y129.24 E191.65559
G1 X107.996 Y129.31
G0 F7200 X107.996 Y129.09
G0 X106.416 Y129.09
G0 X106.416 Y129.24
G1 F3000 X119.24 Y116.416 E191.88302
G1 X119.31 Y116.346
G0 F7200 X119.09 Y116.346
G0 X119.09 Y112.269
G0 X119.24 Y112.269
G1 F3000 X117.731 Y110.76 E191.90978
G1 X117.661 Y110.69
G0 F7200 X117.661 Y110.91
G0 X119.12 Y110.88
G0 X119.239 Y110.76
G1 F3000 X100.761 Y129.239 E192.2375
G1 X100.691 Y129.309
G0 F7200 X100.88 Y129.12
G0 X100.91 Y127.73
G0 X100.76 Y127.73
G1 F3000 X102.27 Y129.24 E192.26428
G1 X102.34 Y129.31
G0 F7200 X102.34 Y129.09
G0 X100.91 Y112.268
G0 X100.761 Y112.268
G1 F3000 X102.269 Y110.76 E192.29102
G1 X102.339 Y110.69
G0 F7200 X102.339 Y110.91
G0 X117.218 Y121.33
G0 X117.75 Y121.009
;TYPE:WALL-INNER
G1 F3000 X117.61 Y120.894 E192.29329
G1 X117.456 Y120.593 E192.29753
G1 X117.456 Y118.777 E192.3203
G1 X117.492 Y118.601 E192.32256
G1 X117.576 Y118.448 E192.32475
G1 X117.732 Y118.302 E192.32743
G1 X118.056 Y118.208 E192.33166
G1 X119.4 Y118.208 E192.34851
G1 X119.4 Y110.6 E192.44392
G1 X113.828 Y110.6 E192.51379
G1 X113.828 Y112.018 E192.53157
G1 X113.681 Y112.287 E192.53542
G1 X113.498 Y112.429 E192.53832
G1 X113.309 Y112.487 E192.5408
G1 X111.453 Y112.492 E192.56408
G1 X111.184 Y112.413 E192.56759
G1 X111.031 Y112.287 E192.57008
G1 X110.934 Y112.134 E192.57235
G1 X110.886 Y111.945 E192.5748
G1 X110.886 Y110.6 E192.59166
G1 X108.272 Y110.6 E192.62444
G1 X108.27 Y111.945 E192.64131
G1 X108.222 Y112.134 E192.64376
G1 X108.125 Y112.287 E192.64603
G1 X107.972 Y112.413 E192.64851
G1 X107.72 Y112.491 E192.65182
G1 X105.911 Y112.486 E192.67451
G1 X105.715 Y112.423 E192.67709
G1 X105.519 Y112.256 E192.68032
G1 X105.444 Y112.129 E192.68217
G1 X105.396 Y111.894 E192.68518
G1 X105.393 Y110.6 E192.7014
G1 X100.6 Y110.6 E192.76151
G1 X100.6 Y129.4 E192.99727
G1 X119.4 Y129.4 E193.23303
G1 X119.4 Y121.092 E193.33721
G1 X118.056 Y121.092 E193.35407
G1 X117.75 Y121.009 E193.35804
G0 F7200 X118.008 Y120.692
;TYPE:WALL-OUTER
G1 F1500 X117.907 Y120.626 E193.35956
G1 X117.861 Y120.541 E193.36077
G1 X117.859 Y118.769 E193.38299
G1 X117.927 Y118.654 E193.38466
G1 X118.008 Y118.608 E193.38583
G1 X119.8 Y118.608 E193.4083
G1 X119.8 Y110.2 E193.51374
G1 X113.428 Y110.2 E193.59365
G1 X113.428 Y111.96 E193.61572
G1 X113.255 Y112.091 E193.61844
G1 X111.407 Y112.092 E193.64162
G1 X111.284 Y111.955 E193.64393
G1 X111.287 Y110.2 E193.66594
G1 X107.872 Y110.2 E193.70876
G1 X107.872 Y111.955 E193.73077
G1 X107.749 Y112.092 E193.73308
G1 X105.967 Y112.09 E193.75543
G1 X105.837 Y112.014 E193.75731
G1 X105.796 Y111.893 E193.75892
G1 X105.792 Y110.2 E193.78015
G1 X100.2 Y110.2 E193.85027
G1 X100.2 Y129.8 E194.09606
G1 X119.8 Y129.8 E194.34185
G1 X119.8 Y120.692 E194.45607
G1 X118.008 Y120.692 E194.47854
G0 F7200 X117.907 Y120.626
G0 X117.87 Y120.557
G0 X116.847 Y120.556
;MESH:NONMESH
G0 F600 X116.847 Y120.556 Z5.7
G0 F7200 X100.88 Y110.88
G0 X100.76 Y110.76
;TIME_ELAPSED:492.096695
;LAYER:27
;TYPE:FILL
;MESH:xyzCalibration_cube.glb
G1 F3000 X119.24 Y129.24 E194.80628
G1 X119.31 Y129.31
G0 F7200 X119.12 Y129.12
G0 X117.73 Y129.09
G0 X117.73 Y129.24
G1 F3000 X119.24 Y127.73 E194.83306
G1 X119.31 Y127.66
G0 F7200 X119.09 Y127.66
G0 X119.09 Y123.583
G0 X119.24 Y123.583
G1 F3000 X108.188 Y112.531 E195.02907
G1 X108.118 Y112.461
G0 F7200 X108.118 Y112.802
G0 X106.033 Y112.805
G0 X106.033 Y112.652
G1 F3000 X100.761 Y117.925 E195.12257
G1 X100.691 Y117.995
G0 F7200 X100.91 Y117.995
G0 X100.91 Y116.417
G0 X100.76 Y116.417
G1 F3000 X113.583 Y129.24 E195.34999
G1 X113.653 Y129.31
G0 F7200 X113.653 Y129.09
G0 X112.073 Y129.09
G0 X112.073 Y129.24
G1 F3000 X119.24 Y122.073 E195.47709
G1 X119.31 Y122.003
G0 F7200 X119.09 Y122.003
G0 X117.217 Y121.328
G0 X117.221 Y117.971
G0 X119.09 Y117.926
G0 X119.24 Y117.926
G1 F3000 X113.677 Y112.364 E195.57574
G1 X113.607 Y112.294
G0 F7200 X114.01 Y112.295
G0 X111.694 Y112.803
G0 X111.695 Y112.647
G1 F3000 X100.761 Y123.582 E195.76966
G1 X100.691 Y123.652
G0 F7200 X100.91 Y123.652
G0 X100.91 Y122.074
G0 X100.76 Y122.074
G1 F3000 X107.926 Y129.24 E195.89675
G1 X107.996 Y129.31
G0 F7200 X107.996 Y129.09
G0 X106.416 Y129.09
G0 X106.416 Y129.24
G1 F3000 X119.24 Y116.416 E196.12418
G1 X119.31 Y116.346
G0 F7200 X119.09 Y116.346
G0 X119.09 Y112.269
G0 X119.24 Y112.269
G1 F3000 X117.731 Y110.76 E196.15094
G1 X117.661 Y110.69
G0 F7200 X117.661 Y110.91
G0 X119.12 Y110.88
G0 X119.239 Y110.76
G1 F3000 X100.761 Y129.239 E196.47865
G1 X100.691 Y129.309
G0 F7200 X100.88 Y129.12
G0 X100.91 Y127.73
G0 X100.76 Y127.73
G1 F3000 X102.27 Y129.24 E196.50543
G1 X102.34 Y129.31
G0 F7200 X102.34 Y129.09
G0 X100.91 Y112.268
G0 X100.761 Y112.268
G1 F3000 X102.269 Y110.76 E196.53218
G1 X102.339 Y110.69
G0 F7200 X102.339 Y110.91
G0 X117.217 Y121.328
G0 X117.75 Y121.005
;TYPE:WALL-INNER
G1 F3000 X117.61 Y120.89 E196.53445
G1 X117.456 Y120.589 E196.53869
G1 X117.456 Y118.788 E196.56127
G1 X117.487 Y118.615 E196.56348
G1 X117.569 Y118.456 E196.56572
G1 X117.729 Y118.304 E196.56849
G1 X118.056 Y118.208 E196.57276
G1 X119.4 Y118.208 E196.58962
G1 X119.4 Y110.6 E196.68502
G1 X113.703 Y110.6 E196.75647
G1 X113.7 Y112.021 E196.77429
G1 X113.555 Y112.285 E196.77806
G1 X113.377 Y112.425 E196.7809
G1 X113.183 Y112.487 E196.78346
G1 X111.287 Y112.488 E196.80723
G1 X111.013 Y112.38 E196.81093
G1 X110.819 Y112.145 E196.81475
G1 X110.766 Y111.945 E196.81734
G1 X110.764 Y110.6 E196.83421
G1 X108.388 Y110.6 E196.86401
G1 X108.386 Y111.945 E196.88087
G1 X108.333 Y112.145 E196.88347
G1 X108.139 Y112.38 E196.88729
G1 X107.871 Y112.487 E196.89091
G1 X106.02 Y112.487 E196.91412
G1 X105.826 Y112.425 E196.91667
G1 X105.63 Y112.261 E196.91988
G1 X105.555 Y112.137 E196.9217
G1 X105.504 Y111.892 E196.92484
G1 X105.504 Y110.6 E196.94104
G1 X100.6 Y110.6 E197.00254
G1 X100.6 Y129.4 E197.23829
G1 X119.4 Y129.4 E197.47405
G1 X119.4 Y121.088 E197.57829
G1 X118.056 Y121.088 E197.59514
G1 X117.75 Y121.005 E197.59912
G0 F7200 X118.008 Y120.688
;TYPE:WALL-OUTER
G1 F1500 X117.907 Y120.622 E197.60063
G1 X117.861 Y120.537 E197.60184
G1 X117.858 Y118.773 E197.62397
G1 X117.893 Y118.69 E197.6251
G1 X118.003 Y118.608 E197.62682
G1 X119.8 Y118.608 E197.64935
G1 X119.8 Y110.2 E197.75479
G1 X113.304 Y110.2 E197.83625
G1 X113.3 Y111.893 E197.85748
G1 X113.225 Y112.049 E197.85965
G1 X113.128 Y112.091 E197.86098
G1 X111.311 Y112.091 E197.88377
G1 X111.217 Y112.028 E197.88518
G1 X111.164 Y111.91 E197.88681
G1 X111.164 Y110.2 E197.90825
G1 X107.988 Y110.2 E197.94808
G1 X107.988 Y111.958 E197.97012
G1 X107.862 Y112.091 E197.97242
G1 X106.076 Y112.091 E197.99482
G1 X105.977 Y112.048 E197.99617
G1 X105.904 Y111.952 E197.99769
G1 X105.904 Y110.2 E198.01966
G1 X100.2 Y110.2 E198.09119
G1 X100.2 Y129.8 E198.33698
G1 X119.8 Y129.8 E198.58277
G1 X119.8 Y120.688 E198.69704
G1 X118.008 Y120.688 E198.71951
G0 F7200 X117.907 Y120.622
G0 X117.87 Y120.553
G0 X116.846 Y120.552
;MESH:NONMESH
G0 F600 X116.846 Y120.552 Z5.9
G0 F7200 X100.88 Y110.88
G0 X100.76 Y110.76
;TIME_ELAPSED:502.292375
;LAYER:28
;TYPE:FILL
;MESH:xyzCalibration_cube.glb
G1 F3000 X119.24 Y129.24 E199.04725
G1 X119.31 Y129.31
G0 F7200 X119.12 Y129.12
G0 X117.73 Y129.09
G0 X117.73 Y129.24
G1 F3000 X119.24 Y127.73 E199.07403
G1 X119.31 Y127.66
G0 F7200 X119.09 Y127.66
G0 X119.09 Y123.583
G0 X119.24 Y123.583
G1 F3000 X108.232 Y112.575 E199.26925
G1 X108.162 Y112.505
G0 F7200 X108.162 Y112.802
G0 X106.059 Y112.805
G0 X106.059 Y112.627
G1 F3000 X100.761 Y117.925 E199.36321
G1 X100.691 Y117.995
G0 F7200 X100.91 Y117.995
G0 X100.91 Y116.417
G0 X100.76 Y116.417
G1 F3000 X113.583 Y129.24 E199.59062
G1 X113.653 Y129.31
G0 F7200 X113.653 Y129.09
G0 X112.073 Y129.09
G0 X112.073 Y129.24
G1 F3000 X119.24 Y122.073 E199.71773
G1 X119.31 Y122.003
G0 F7200 X119.09 Y122.003
G0 X117.219 Y121.326
G0 X117.22 Y117.968
G0 X119.09 Y117.926
G0 X119.24 Y117.926
G1 F3000 X113.609 Y112.295 E199.81759
G1 X113.539 Y112.225
G0 F7200 X113.884 Y112.226
G0 X111.693 Y112.803
G0 X111.694 Y112.648
G1 F3000 X100.761 Y123.582 E200.0115
G1 X100.691 Y123.652
G0 F7200 X100.91 Y123.652
G0 X100.91 Y122.074
G0 X100.76 Y122.074
G1 F3000 X107.926 Y129.24 E200.13858
G1 X107.996 Y129.31
G0 F7200 X107.996 Y129.09
G0 X106.416 Y129.09
G0 X106.416 Y129.24
G1 F3000 X119.24 Y116.416 E200.36601
G1 X119.31 Y116.346
G0 F7200 X119.09 Y116.346
G0 X119.09 Y112.269
G0 X119.24 Y112.269
G1 F3000 X117.731 Y110.76 E200.39278
G1 X117.661 Y110.69
G0 F7200 X117.661 Y110.91
G0 X119.12 Y110.88
G0 X119.239 Y110.76
G1 F3000 X100.761 Y129.239 E200.72049
G1 X100.691 Y129.309
G0 F7200 X100.88 Y129.12
G0 X100.91 Y127.73
G0 X100.76 Y127.73
G1 F3000 X102.27 Y129.24 E200.74727
G1 X102.34 Y129.31
G0 F7200 X102.34 Y129.09
G0 X100.91 Y112.268
G0 X100.761 Y112.268
G1 F3000 X102.269 Y110.76 E200.77401
G1 X102.339 Y110.69
G0 F7200 X102.339 Y110.91
G0 X117.219 Y121.326
G0 X117.75 Y121.005
;TYPE:WALL-INNER
G1 F3000 X117.61 Y120.89 E200.77628
G1 X117.456 Y120.588 E200.78053
G1 X117.462 Y118.714 E200.80403
G1 X117.514 Y118.546 E200.80624
G1 X117.635 Y118.375 E200.80887
G1 X117.852 Y118.239 E200.81208
G1 X118.056 Y118.204 E200.81467
G1 X119.4 Y118.204 E200.83153
G1 X119.4 Y110.6 E200.92689
G1 X113.575 Y110.6 E200.99993
G1 X113.572 Y111.894 E201.01616
G1 X113.493 Y112.191 E201.02001
G1 X113.354 Y112.356 E201.02272
G1 X113.057 Y112.486 E201.02679
G1 X111.092 Y112.489 E201.05143
G1 X110.815 Y112.316 E201.05552
G1 X110.703 Y112.16 E201.05793
G1 X110.642 Y111.945 E201.06073
G1 X110.642 Y110.6 E201.0776
G1 X108.508 Y110.6 E201.10436
G1 X108.506 Y111.945 E201.12123
G1 X108.445 Y112.16 E201.12403
G1 X108.333 Y112.316 E201.12644
G1 X108.057 Y112.488 E201.13052
G1 X106.132 Y112.487 E201.15466
G1 X105.941 Y112.426 E201.15717
G1 X105.746 Y112.266 E201.16034
G1 X105.671 Y112.144 E201.16213
G1 X105.616 Y111.892 E201.16537
G1 X105.616 Y110.6 E201.18157
G1 X100.6 Y110.6 E201.24447
G1 X100.6 Y129.4 E201.48023
G1 X119.4 Y129.4 E201.71599
G1 X119.4 Y121.088 E201.82022
G1 X118.056 Y121.088 E201.83708
G1 X117.75 Y121.005 E201.84105
G0 F7200 X118.008 Y120.688
;TYPE:WALL-OUTER
G1 F1500 X117.907 Y120.622 E201.84257
G1 X117.861 Y120.537 E201.84378
G1 X117.858 Y118.774 E201.86589
G1 X117.891 Y118.689 E201.86703
G1 X118.002 Y118.604 E201.86878
G1 X119.8 Y118.604 E201.89133
G1 X119.8 Y110.2 E201.99672
G1 X113.176 Y110.2 E202.07979
G1 X113.172 Y111.937 E202.10157
G1 X113.125 Y112.022 E202.10279
G1 X113.001 Y112.09 E202.10456
G1 X111.217 Y112.091 E202.12693
G1 X111.128 Y112.059 E202.12812
G1 X111.04 Y111.91 E202.13029
G1 X111.043 Y110.2 E202.15174
G1 X108.108 Y110.2 E202.18854
G1 X108.108 Y111.91 E202.20999
G1 X108.05 Y112.034 E202.2117
G1 X107.941 Y112.09 E202.21324
G1 X106.188 Y112.091 E202.23522
G1 X106.09 Y112.049 E202.23656
G1 X106.016 Y111.953 E202.23808
G1 X106.016 Y110.2 E202.26006
G1 X100.2 Y110.2 E202.333
G1 X100.2 Y129.8 E202.57879
G1 X119.8 Y129.8 E202.82458
G1 X119.8 Y120.688 E202.93885
G1 X118.008 Y120.688 E202.96132
G0 F7200 X117.907 Y120.622
G0 X117.87 Y120.553
G0 X116.848 Y120.552
;MESH:NONMESH
G0 F600 X116.848 Y120.552 Z6.1
G0 F7200 X100.88 Y110.88
G0 X100.761 Y110.761
;TIME_ELAPSED:512.486962
;LAYER:29
;TYPE:FILL
;MESH:xyzCalibration_cube.glb
G1 F3000 X119.24 Y129.24 E203.28904
G1 X119.31 Y129.31
G0 F7200 X119.12 Y129.12
G0 X117.73 Y129.09
G0 X117.73 Y129.24
G1 F3000 X119.24 Y127.73 E203.31582
G1 X119.31 Y127.66
G0 F7200 X119.09 Y127.66
G0 X119.09 Y123.583
G0 X119.24 Y123.583
G1 F3000 X108.269 Y112.612 E203.51039
G1 X108.199 Y112.542
G0 F7200 X108.199 Y112.804
G0 X106.085 Y112.804
G0 X106.085 Y112.6
G1 F3000 X100.761 Y117.924 E203.60481
G1 X100.691 Y117.994
G0 F7200 X100.91 Y117.994
G0 X100.91 Y116.417
G0 X100.761 Y116.417
G1 F3000 X113.583 Y129.24 E203.83221
G1 X113.653 Y129.31
G0 F7200 X113.653 Y129.09
G0 X112.073 Y129.09
G0 X112.073 Y129.24
G1 F3000 X119.24 Y122.073 E203.95932
G1 X119.31 Y122.003
G0 F7200 X119.09 Y122.003
G0 X117.219 Y121.323
G0 X117.22 Y117.966
G0 X119.09 Y117.926
G0 X119.24 Y117.926
G1 F3000 X113.532 Y112.218 E204.06055
G1 X113.462 Y112.148
G0 F7200 X113.757 Y112.149
G0 X111.692 Y112.804
G0 X111.692 Y112.65
G1 F3000 X100.761 Y123.581 E204.25441
G1 X100.691 Y123.651
G0 F7200 X100.91 Y123.651
G0 X100.91 Y122.074
G0 X100.761 Y122.074
G1 F3000 X107.926 Y129.24 E204.38148
G1 X107.996 Y129.31
G0 F7200 X107.996 Y129.09
G0 X106.416 Y129.09
G0 X106.416 Y129.24
G1 F3000 X119.24 Y116.416 E204.60891
G1 X119.31 Y116.346
G0 F7200 X119.09 Y116.346
G0 X119.09 Y112.269
G0 X119.24 Y112.269
G1 F3000 X117.731 Y110.76 E204.63568
G1 X117.661 Y110.69
G0 F7200 X117.661 Y110.91
G0 X119.12 Y110.88
G0 X119.239 Y110.76
G1 F3000 X100.761 Y129.238 E204.96338
G1 X100.691 Y129.308
G0 F7200 X100.88 Y129.12
G0 X100.91 Y127.731
G0 X100.761 Y127.731
G1 F3000 X102.27 Y129.24 E204.99014
G1 X102.34 Y129.31
G0 F7200 X102.34 Y129.09
G0 X100.91 Y112.267
G0 X100.761 Y112.267
G1 F3000 X102.268 Y110.76 E205.01687
G1 X102.338 Y110.69
G0 F7200 X102.338 Y110.91
G0 X117.219 Y121.323
G0 X117.75 Y121.001
;TYPE:WALL-INNER
G1 F3000 X117.521 Y120.757 E205.02106
G1 X117.462 Y120.571 E205.02351
G1 X117.461 Y118.725 E205.04666
G1 X117.508 Y118.557 E205.04885
G1 X117.654 Y118.357 E205.05195
G1 X117.85 Y118.24 E205.05482
G1 X118.056 Y118.204 E205.05744
G1 X119.4 Y118.204 E205.07429
G1 X119.4 Y110.6 E205.16965
G1 X113.448 Y110.6 E205.24429
G1 X113.448 Y111.892 E205.26049
G1 X113.365 Y112.197 E205.26446
G1 X113.139 Y112.418 E205.26842
G1 X112.934 Y112.486 E205.27113
G1 X111.062 Y112.49 E205.2946
G1 X110.804 Y112.403 E205.29802
G1 X110.592 Y112.177 E205.3019
G1 X110.522 Y111.945 E205.30494
G1 X110.52 Y110.6 E205.32181
G1 X108.628 Y110.6 E205.34554
G1 X108.626 Y111.945 E205.3624
G1 X108.556 Y112.177 E205.36544
G1 X108.436 Y112.333 E205.36791
G1 X108.166 Y112.489 E205.37182
G1 X106.245 Y112.487 E205.39591
G1 X106.055 Y112.427 E205.39841
G1 X105.862 Y112.271 E205.40152
G1 X105.786 Y112.151 E205.4033
G1 X105.728 Y111.894 E205.40661
G1 X105.725 Y110.6 E205.42283
G1 X100.601 Y110.601 E205.48709
G1 X100.6 Y129.4 E205.72284
G1 X119.4 Y129.4 E205.9586
G1 X119.4 Y121.084 E206.06288
G1 X118.056 Y121.084 E206.07974
G1 X117.75 Y121.001 E206.08371
G0 F7200 X118.008 Y120.684
;TYPE:WALL-OUTER
G1 F1500 X117.907 Y120.618 E206.08523
G1 X117.858 Y120.513 E206.08668
G1 X117.857 Y118.777 E206.10845
G1 X117.914 Y118.662 E206.11006
G1 X118.006 Y118.604 E206.11142
G1 X119.8 Y118.604 E206.13392
G1 X119.8 Y110.2 E206.23931
G1 X113.048 Y110.2 E206.32398
G1 X113.048 Y111.973 E206.34622
G1 X112.898 Y112.09 E206.3486
G1 X111.1 Y112.092 E206.37115
G1 X111.014 Y112.063 E206.37229
G1 X110.92 Y111.91 E206.37454
G1 X110.92 Y110.2 E206.39598
G1 X108.228 Y110.2 E206.42974
G1 X108.228 Y111.91 E206.45119
G1 X108.134 Y112.063 E206.45344
G1 X108.051 Y112.091 E206.45454
G1 X106.257 Y112.091 E206.47703
G1 X106.128 Y111.96 E206.47934
G1 X106.124 Y110.2 E206.50141
G1 X100.201 Y110.201 E206.57569
G1 X100.2 Y129.8 E206.82146
G1 X119.8 Y129.8 E207.06726
G1 X119.8 Y120.684 E207.18157
G1 X118.008 Y120.684 E207.20405
G0 F7200 X117.907 Y120.618
G0 X117.874 Y120.547
G0 X116.848 Y120.546
;MESH:NONMESH
G0 F600 X116.848 Y120.546 Z6.3
G0 F7200 X100.88 Y110.88
G0 X100.761 Y110.761
;TIME_ELAPSED:522.680678
;LAYER:30
;TYPE:FILL
;MESH:xyzCalibration_cube.glb
G1 F3000 X119.24 Y129.24 E207.53177
G1 X119.31 Y129.31
G0 F7200 X119.12 Y129.12
G0 X117.73 Y129.09
G0 X117.73 Y129.24
G1 F3000 X119.24 Y127.73 E207.55855
G1 X119.31 Y127.66
G0 F7200 X119.09 Y127.66
G0 X119.09 Y123.583
G0 X119.24 Y123.583
G1 F3000 X108.291 Y112.634 E207.75272
G1 X108.221 Y112.564
G0 F7200 X108.221 Y112.804
G0 X106.111 Y112.804
G0 X106.111 Y112.574
G1 F3000 X100.761 Y117.924 E207.84761
G1 X100.691 Y117.994
G0 F7200 X100.91 Y117.994
G0 X100.91 Y116.418
G0 X100.761 Y116.418
G1 F3000 X113.583 Y129.239 E208.07499
G1 X113.653 Y129.309
G0 F7200 X113.653 Y129.09
G0 X112.073 Y129.09
G0 X112.073 Y129.24
G1 F3000 X119.24 Y122.073 E208.2021
G1 X119.31 Y122.003
G0 F7200 X119.09 Y122.003
G0 X117.219 Y121.321
G0 X117.22 Y117.964
G0 X119.09 Y117.926
G0 X119.24 Y117.926
G1 F3000 X113.442 Y112.128 E208.30492
G1 X113.372 Y112.058
G0 F7200 X113.631 Y112.059
G0 X113.632 Y110.86
G0 X113.483 Y110.859
G1 F3000 X113.582 Y110.76 E208.30668
G0 F7200 X113.582 Y110.91
G0 X113.559 Y112.732
G0 X111.693 Y112.804
G0 X111.693 Y112.649
G1 F3000 X100.761 Y123.581 E208.50056
G1 X100.691 Y123.651
G0 F7200 X100.91 Y123.651
G0 X100.91 Y122.075
G0 X100.761 Y122.075
G1 F3000 X107.926 Y129.239 E208.62762
G1 X107.996 Y129.309
G0 F7200 X107.996 Y129.09
G0 X106.416 Y129.09
G0 X106.416 Y129.24
G1 F3000 X119.24 Y116.416 E208.85505
G1 X119.31 Y116.346
G0 F7200 X119.09 Y116.346
G0 X119.09 Y112.269
G0 X119.24 Y112.269
G1 F3000 X117.731 Y110.76 E208.88181
G1 X117.661 Y110.69
G0 F7200 X117.661 Y110.91
G0 X119.12 Y110.88
G0 X119.239 Y110.76
G1 F3000 X100.761 Y129.238 E209.20951
G1 X100.691 Y129.308
G0 F7200 X100.88 Y129.12
G0 X100.91 Y127.732
G0 X100.761 Y127.732
G1 F3000 X102.269 Y129.239 E209.23625
G1 X102.339 Y129.309
G0 F7200 X102.339 Y129.09
G0 X100.91 Y112.267
G0 X100.761 Y112.267
G1 F3000 X102.268 Y110.76 E209.26297
G1 X102.338 Y110.69
G0 F7200 X102.338 Y110.91
G0 X117.219 Y121.321
G0 X117.923 Y121.08
;TYPE:WALL-INNER
G1 F3000 X117.672 Y120.942 E209.26656
G1 X117.56 Y120.819 E209.26865
G1 X117.456 Y120.586 E209.27185
G1 X117.46 Y118.727 E209.29516
G1 X117.598 Y118.411 E209.29949
G1 X117.848 Y118.237 E209.30331
G1 X118.056 Y118.2 E209.30596
G1 X119.4 Y118.2 E209.32281
G1 X119.4 Y110.6 E209.41812
G1 X113.323 Y110.6 E209.49433
G1 X113.32 Y112.037 E209.51235
G1 X113.119 Y112.341 E209.51692
G1 X112.909 Y112.462 E209.51996
G1 X112.777 Y112.49 E209.52165
G1 X110.943 Y112.49 E209.54465
G1 X110.699 Y112.414 E209.54785
G1 X110.478 Y112.196 E209.55174
G1 X110.398 Y111.944 E209.55506
G1 X110.398 Y110.6 E209.57191
G1 X108.744 Y110.6 E209.59266
G1 X108.742 Y111.944 E209.60951
G1 X108.662 Y112.196 E209.61283
G1 X108.441 Y112.414 E209.61672
G1 X108.203 Y112.49 E209.61985
G1 X106.358 Y112.487 E209.64299
G1 X106.17 Y112.429 E209.64546
G1 X105.978 Y112.276 E209.64853
G1 X105.902 Y112.158 E209.65029
G1 X105.84 Y111.894 E209.6537
G1 X105.837 Y110.6 E209.66992
G1 X100.601 Y110.601 E209.73558
G1 X100.601 Y129.399 E209.97132
G1 X119.4 Y129.4 E210.20706
G1 X119.4 Y121.08 E210.3114
G1 X117.923 Y121.08 E210.32992
G0 F7200 X118.008 Y120.68
;TYPE:WALL-OUTER
G1 F1500 X117.907 Y120.614 E210.33144
G1 X117.858 Y120.51 E210.33288
G1 X117.857 Y118.775 E210.35463
G1 X117.944 Y118.633 E210.35672
G1 X118.056 Y118.6 E210.35819
G1 X119.8 Y118.6 E210.38006
G1 X119.8 Y110.2 E210.4854
G1 X112.924 Y110.2 E210.57162
G1 X112.92 Y111.938 E210.59342
G1 X112.874 Y112.021 E210.59461
G1 X112.76 Y112.089 E210.59627
G1 X110.949 Y112.092 E210.61899
G1 X110.796 Y111.973 E210.62142
G1 X110.799 Y110.2 E210.64365
G1 X108.344 Y110.2 E210.67444
G1 X108.344 Y111.91 E210.69588
G1 X108.274 Y112.045 E210.69779
G1 X108.164 Y112.092 E210.69929
G1 X106.37 Y112.091 E210.72179
G1 X106.24 Y111.961 E210.72409
G1 X106.236 Y110.2 E210.74617
G1 X100.201 Y110.201 E210.82186
G1 X100.201 Y129.799 E211.06762
G1 X119.8 Y129.8 E211.3134
G1 X119.8 Y120.68 E211.42777
G1 X118.008 Y120.68 E211.45024
G0 F7200 X117.907 Y120.614
G0 X117.874 Y120.543
G0 X116.848 Y120.542
;MESH:NONMESH
G0 F600 X116.848 Y120.542 Z6.5
G0 F7200 X100.88 Y110.88
G0 X100.76 Y110.76
;TIME_ELAPSED:532.954857
;LAYER:31
;TYPE:FILL
;MESH:xyzCalibration_cube.glb
G1 F3000 X119.24 Y129.24 E211.77798
G1 X119.31 Y129.31
G0 F7200 X119.12 Y129.12
G0 X117.73 Y129.09
G0 X117.73 Y129.24
G1 F3000 X119.24 Y127.73 E211.80476
G1 X119.31 Y127.66
G0 F7200 X119.09 Y127.66
G0 X119.09 Y123.583
G0 X119.24 Y123.583
G1 F3000 X108.304 Y112.647 E211.99871
G1 X108.234 Y112.577
G0 F7200 X108.234 Y112.804
G0 X106.156 Y112.804
G0 X106.156 Y112.53
G1 F3000 X100.761 Y117.925 E212.09439
G1 X100.691 Y117.995
G0 F7200 X100.91 Y117.995
G0 X100.91 Y116.417
G0 X100.76 Y116.417
G1 F3000 X113.583 Y129.239 E212.32179
G1 X113.653 Y129.309
G0 F7200 X113.653 Y129.09
G0 X112.073 Y129.09
G0 X112.073 Y129.24
G1 F3000 X119.24 Y122.073 E212.44889
G1 X119.31 Y122.003
G0 F7200 X119.09 Y122.003
G0 X117.22 Y121.319
G0 X117.221 Y117.962
G0 X119.09 Y117.926
G0 X119.24 Y117.926
G1 F3000 X113.334 Y112.021 E212.55363
G1 X113.264 Y111.951
G0 F7200 X113.356 Y110.986
G1 F3000 X113.583 Y110.76 E212.55764
G0 F7200 X113.583 Y110.91
G0 X113.433 Y112.732
G0 X111.693 Y112.804
G0 X111.693 Y112.649
G1 F3000 X100.761 Y123.581 E212.75152
G1 X100.691 Y123.651
G0 F7200 X100.91 Y123.651
G0 X100.91 Y122.074
G0 X100.761 Y122.074
G1 F3000 X107.926 Y129.239 E212.87859
G1 X107.996 Y129.309
G0 F7200 X107.996 Y129.09
G0 X106.416 Y129.09
G0 X106.416 Y129.24
G1 F3000 X119.24 Y116.416 E213.10602
G1 X119.31 Y116.346
G0 F7200 X119.09 Y116.346
G0 X119.09 Y112.269
G0 X119.24 Y112.269
G1 F3000 X117.731 Y110.76 E213.13278
G1 X117.661 Y110.69
G0 F7200 X117.661 Y110.91
G0 X119.12 Y110.88
G0 X119.239 Y110.76
G1 F3000 X100.761 Y129.238 E213.46049
G1 X100.691 Y129.308
G0 F7200 X100.88 Y129.12
G0 X100.91 Y127.731
G0 X100.761 Y127.731
G1 F3000 X102.269 Y129.239 E213.48723
G1 X102.339 Y129.309
G0 F7200 X102.339 Y129.09
G0 X100.91 Y112.268
G0 X100.761 Y112.268
G1 F3000 X102.269 Y110.76 E213.51397
G1 X102.339 Y110.69
G0 F7200 X102.339 Y110.91
G0 X117.22 Y121.319
G0 X117.923 Y121.08
;TYPE:WALL-INNER
G1 F3000 X117.672 Y120.942 E213.51757
G1 X117.56 Y120.819 E213.51965
G1 X117.456 Y120.587 E213.52284
G1 X117.459 Y118.733 E213.54609
G1 X117.593 Y118.417 E213.55039
G1 X117.845 Y118.237 E213.55428
G1 X118.056 Y118.2 E213.55696
G1 X119.4 Y118.2 E213.57382
G1 X119.4 Y110.6 E213.66912
G1 X113.196 Y110.6 E213.74693
G1 X113.196 Y111.892 E213.76313
G1 X113.164 Y112.086 E213.76559
G1 X113.003 Y112.334 E213.7693
G1 X112.788 Y112.461 E213.77243
G1 X112.654 Y112.49 E213.77415
G1 X110.827 Y112.491 E213.79706
G1 X110.507 Y112.366 E213.80137
G1 X110.371 Y112.216 E213.80391
G1 X110.278 Y111.945 E213.8075
G1 X110.276 Y110.6 E213.82437
G1 X108.864 Y110.6 E213.84208
G1 X108.862 Y111.945 E213.85894
G1 X108.769 Y112.216 E213.86254
G1 X108.633 Y112.366 E213.86508
G1 X108.316 Y112.49 E213.86934
G1 X106.467 Y112.487 E213.89253
G1 X106.281 Y112.43 E213.89497
G1 X106.09 Y112.28 E213.89802
G1 X106.013 Y112.165 E213.89975
G1 X105.948 Y111.892 E213.90327
G1 X105.948 Y110.6 E213.91947
G1 X100.6 Y110.6 E213.98654
G1 X100.601 Y129.399 E214.22229
G1 X119.4 Y129.4 E214.45803
G1 X119.4 Y121.08 E214.56237
G1 X117.923 Y121.08 E214.58089
G0 F7200 X118.008 Y120.68
;TYPE:WALL-OUTER
G1 F1500 X117.907 Y120.614 E214.5824
G1 X117.858 Y120.51 E214.58385
G1 X117.857 Y118.777 E214.60558
G1 X117.901 Y118.672 E214.60701
G1 X118.002 Y118.6 E214.60856
G1 X119.8 Y118.6 E214.63111
G1 X119.8 Y110.2 E214.73645
G1 X112.796 Y110.2 E214.82428
G1 X112.796 Y111.942 E214.84613
G1 X112.732 Y112.04 E214.84759
G1 X112.616 Y112.092 E214.84919
G1 X110.859 Y112.092 E214.87122
G1 X110.753 Y112.05 E214.87265
G1 X110.676 Y111.91 E214.87465
G1 X110.676 Y110.2 E214.8961
G1 X108.464 Y110.2 E214.92384
G1 X108.464 Y111.91 E214.94528
G1 X108.387 Y112.05 E214.94729
G1 X108.282 Y112.092 E214.9487
G1 X106.478 Y112.091 E214.97133
G1 X106.348 Y111.962 E214.97362
G1 X106.348 Y110.2 E214.99572
G1 X100.2 Y110.2 E215.07282
G1 X100.201 Y129.799 E215.3186
G1 X119.8 Y129.8 E215.56438
G1 X119.8 Y120.68 E215.67874
G1 X118.008 Y120.68 E215.70122
G0 F7200 X117.907 Y120.614
G0 X117.874 Y120.543
G0 X116.849 Y120.542
;MESH:NONMESH
G0 F600 X116.849 Y120.542 Z6.7
G0 F7200 X100.88 Y110.88
G0 X100.76 Y110.76
;TIME_ELAPSED:543.209815
;LAYER:32
;TYPE:FILL
;MESH:xyzCalibration_cube.glb
G1 F3000 X119.24 Y129.24 E216.02895
G1 X119.31 Y129.31
G0 F7200 X119.12 Y129.12
G0 X117.73 Y129.09
G0 X117.73 Y129.24
G1 F3000 X119.24 Y127.73 E216.05573
G1 X119.31 Y127.66
G0 F7200 X119.09 Y127.66
G0 X119.09 Y123.583
G0 X119.24 Y123.583
G1 F3000 X108.305 Y112.648 E216.24966
G1 X108.235 Y112.578
G0 F7200 X108.235 Y112.804
G0 X106.205 Y112.804
G0 X106.205 Y112.481
G1 F3000 X100.761 Y117.925 E216.34621
G1 X100.691 Y117.995
G0 F7200 X100.91 Y117.995
G0 X100.91 Y116.417
G0 X100.76 Y116.417
G1 F3000 X113.583 Y129.239 E216.57362
G1 X113.653 Y129.309
G0 F7200 X113.653 Y129.09
G0 X112.073 Y129.09
G0 X112.073 Y129.24
G1 F3000 X119.24 Y122.073 E216.70072
G1 X119.31 Y122.003
G0 F7200 X119.09 Y122.003
G0 X117.22 Y121.317
G0 X117.221 Y117.96
G0 X119.09 Y117.926
G0 X119.24 Y117.926
G1 F3000 X113.225 Y111.911 E216.8074
G0 F7200 X113.228 Y111.114
G1 F3000 X113.583 Y110.76 E216.81368
G0 F7200 X113.583 Y110.91
G0 X113.306 Y112.733
G0 X111.691 Y112.804
G0 X111.692 Y112.65
G1 F3000 X100.761 Y123.581 E217.00754
G1 X100.691 Y123.651
G0 F7200 X100.91 Y123.651
G0 X100.91 Y122.074
G0 X100.761 Y122.074
G1 F3000 X107.926 Y129.239 E217.13461
G1 X107.996 Y129.309
G0 F7200 X107.996 Y129.09
G0 X106.416 Y129.09
G0 X106.416 Y129.24
G1 F3000 X119.239 Y116.417 E217.36202
G1 X119.309 Y116.347
G0 F7200 X119.09 Y116.347
G0 X119.09 Y112.269
G0 X119.24 Y112.269
G1 F3000 X117.731 Y110.76 E217.38878
G1 X117.661 Y110.69
G0 F7200 X117.661 Y110.91
G0 X119.12 Y110.88
G0 X119.239 Y110.76
G1 F3000 X100.761 Y129.238 E217.71649
G1 X100.691 Y129.308
G0 F7200 X100.88 Y129.12
G0 X100.91 Y127.731
G0 X100.761 Y127.731
G1 F3000 X102.269 Y129.239 E217.74323
G1 X102.339 Y129.309
G0 F7200 X102.339 Y129.09
G0 X100.91 Y112.268
G0 X100.761 Y112.268
G1 F3000 X102.269 Y110.76 E217.76998
G1 X102.339 Y110.69
G0 F7200 X102.339 Y110.91
G0 X117.22 Y121.317
G0 X117.75 Y120.993
;TYPE:WALL-INNER
G1 F3000 X117.521 Y120.749 E217.77417
G1 X117.456 Y120.505 E217.77734
G1 X117.458 Y118.736 E217.79952
G1 X117.541 Y118.486 E217.80283
G1 X117.648 Y118.355 E217.80495
G1 X117.844 Y118.234 E217.80784
G1 X118.056 Y118.196 E217.81054
G1 X119.4 Y118.196 E217.82739
G1 X119.4 Y110.6 E217.92265
G1 X113.068 Y110.6 E218.00205
G1 X113.068 Y111.892 E218.01826
G1 X112.975 Y112.215 E218.02247
G1 X112.804 Y112.39 E218.02554
G1 X112.526 Y112.49 E218.02924
G1 X110.668 Y112.487 E218.05254
G1 X110.457 Y112.415 E218.05534
G1 X110.235 Y112.198 E218.05923
G1 X110.154 Y111.944 E218.06258
G1 X110.154 Y110.601 E218.07942
G1 X108.981 Y110.601 E218.09413
G1 X108.978 Y111.944 E218.11097
G1 X108.897 Y112.198 E218.11431
G1 X108.768 Y112.35 E218.11681
G1 X108.573 Y112.461 E218.11963
G1 X108.424 Y112.491 E218.12153
G1 X106.579 Y112.487 E218.14467
G1 X106.395 Y112.431 E218.14708
G1 X106.205 Y112.284 E218.15009
G1 X106.06 Y112.014 E218.15394
G1 X106.06 Y110.6 E218.17167
G1 X100.6 Y110.6 E218.24014
G1 X100.601 Y129.399 E218.47589
G1 X119.4 Y129.4 E218.71163
G1 X119.4 Y121.076 E218.81602
G1 X118.056 Y121.076 E218.83287
G1 X117.75 Y120.993 E218.83685
G0 F7200 X118.008 Y120.676
;TYPE:WALL-OUTER
G1 F1500 X117.907 Y120.61 E218.83836
G1 X117.858 Y120.506 E218.8398
G1 X117.856 Y118.776 E218.8615
G1 X117.943 Y118.63 E218.86363
G1 X118.056 Y118.596 E218.86511
G1 X119.8 Y118.596 E218.88698
G1 X119.8 Y110.2 E218.99227
G1 X112.668 Y110.2 E219.08171
G1 X112.668 Y111.942 E219.10355
G1 X112.518 Y112.092 E219.10621
G1 X110.704 Y112.087 E219.12896
G1 X110.622 Y112.045 E219.13012
G1 X110.552 Y111.91 E219.13202
G1 X110.555 Y110.201 E219.15345
G1 X108.581 Y110.201 E219.17821
G1 X108.58 Y111.91 E219.19964
G1 X108.51 Y112.045 E219.20155
G1 X108.395 Y112.092 E219.20311
G1 X106.633 Y112.091 E219.2252
G1 X106.508 Y112.023 E219.22699
G1 X106.46 Y111.934 E219.22825
G1 X106.46 Y110.2 E219.25
G1 X100.2 Y110.2 E219.3285
G1 X100.201 Y129.799 E219.57428
G1 X119.8 Y129.8 E219.82006
G1 X119.8 Y120.676 E219.93448
G1 X118.008 Y120.676 E219.95695
G0 F7200 X117.907 Y120.61
G0 X117.874 Y120.539
G0 X116.849 Y120.538
;MESH:NONMESH
G0 F600 X116.849 Y120.538 Z6.9
G0 F7200 X100.88 Y110.88
G0 X100.76 Y110.76
;TIME_ELAPSED:553.466445
;LAYER:33
;TYPE:FILL
;MESH:xyzCalibration_cube.glb
G1 F3000 X119.24 Y129.24 E220.28469
G1 X119.31 Y129.31
G0 F7200 X119.12 Y129.12
G0 X117.73 Y129.09
G0 X117.73 Y129.24
G1 F3000 X119.24 Y127.73 E220.31147
G1 X119.31 Y127.66
G0 F7200 X119.09 Y127.66
G0 X119.09 Y123.583
G0 X119.24 Y123.583
G1 F3000 X108.308 Y112.651 E220.50534
G1 X108.238 Y112.581
G0 F7200 X108.238 Y112.804
G0 X106.253 Y112.806
G0 X106.253 Y112.432
G1 F3000 X100.761 Y117.925 E220.60275
G1 X100.691 Y117.995
G0 F7200 X100.91 Y117.995
G0 X100.91 Y116.417
G0 X100.76 Y116.417
G1 F3000 X113.583 Y129.239 E220.83016
G1 X113.653 Y129.309
G0 F7200 X113.653 Y129.09
G0 X112.073 Y129.09
G0 X112.073 Y129.24
G1 F3000 X119.24 Y122.073 E220.95726
G1 X119.31 Y122.003
G0 F7200 X119.09 Y122.003
G0 X117.22 Y121.315
G0 X117.221 Y117.958
G0 X119.09 Y117.926
G0 X119.24 Y117.926
G1 F3000 X113.1 Y111.787 E221.06614
G0 F7200 X113.102 Y111.24
G1 F3000 X113.583 Y110.76 E221.07467
G0 F7200 X113.583 Y110.91
G0 X113.18 Y112.733
G0 X111.691 Y112.804
G0 X111.692 Y112.65
G1 F3000 X100.761 Y123.581 E221.26852
G1 X100.691 Y123.651
G0 F7200 X100.91 Y123.651
G0 X100.91 Y122.074
G0 X100.761 Y122.074
G1 F3000 X107.926 Y129.239 E221.39559
G1 X107.996 Y129.309
G0 F7200 X107.996 Y129.09
G0 X106.416 Y129.09
G0 X106.416 Y129.24
G1 F3000 X119.239 Y116.417 E221.62301
G1 X119.309 Y116.347
G0 F7200 X119.09 Y116.347
G0 X119.09 Y112.269
G0 X119.24 Y112.269
G1 F3000 X117.731 Y110.76 E221.64977
G1 X117.661 Y110.69
G0 F7200 X117.661 Y110.91
G0 X119.12 Y110.88
G0 X119.239 Y110.76
G1 F3000 X100.761 Y129.238 E221.97747
G1 X100.691 Y129.308
G0 F7200 X100.88 Y129.12
G0 X100.91 Y127.731
G0 X100.761 Y127.731
G1 F3000 X102.269 Y129.239 E222.00422
G1 X102.339 Y129.309
G0 F7200 X102.339 Y129.09
G0 X100.91 Y112.268
G0 X100.761 Y112.268
G1 F3000 X102.269 Y110.76 E222.03096
G1 X102.339 Y110.69
G0 F7200 X102.339 Y110.91
G0 X117.22 Y121.315
G0 X117.75 Y120.993
;TYPE:WALL-INNER
G1 F3000 X117.521 Y120.749 E222.03516
G1 X117.456 Y120.505 E222.03832
G1 X117.456 Y118.718 E222.06073
G1 X117.583 Y118.425 E222.06474
G1 X117.841 Y118.235 E222.06876
G1 X118.056 Y118.196 E222.0715
G1 X119.4 Y118.196 E222.08835
G1 X119.4 Y110.6 E222.18361
G1 X112.943 Y110.6 E222.26458
G1 X112.94 Y111.894 E222.28081
G1 X112.843 Y112.22 E222.28507
G1 X112.682 Y112.386 E222.28797
G1 X112.399 Y112.49 E222.29175
G1 X110.541 Y112.486 E222.31505
G1 X110.269 Y112.37 E222.31876
G1 X110.13 Y112.222 E222.32131
G1 X110.034 Y111.945 E222.32498
G1 X110.032 Y110.6 E222.34185
G1 X109.1 Y110.6 E222.35354
G1 X109.098 Y111.945 E222.37041
G1 X109.002 Y112.222 E222.37408
G1 X108.772 Y112.428 E222.37795
G1 X108.576 Y112.488 E222.38052
G1 X106.692 Y112.487 E222.40415
G1 X106.509 Y112.432 E222.40655
G1 X106.321 Y112.289 E222.40951
G1 X106.172 Y112.018 E222.41339
G1 X106.172 Y110.6 E222.43117
G1 X100.6 Y110.6 E222.50104
G1 X100.601 Y129.399 E222.73679
G1 X119.4 Y129.4 E222.97254
G1 X119.4 Y121.076 E223.07692
G1 X118.056 Y121.076 E223.09378
G1 X117.75 Y120.993 E223.09775
G0 F7200 X118.008 Y120.676
;TYPE:WALL-OUTER
G1 F1500 X117.907 Y120.61 E223.09927
G1 X117.858 Y120.506 E223.10071
G1 X117.859 Y118.758 E223.12263
G1 X117.918 Y118.65 E223.12417
G1 X118.005 Y118.596 E223.12546
G1 X119.8 Y118.596 E223.14797
G1 X119.8 Y110.2 E223.25325
G1 X112.544 Y110.2 E223.34425
G1 X112.54 Y111.893 E223.36548
G1 X112.508 Y112.002 E223.3669
G1 X112.36 Y112.092 E223.36908
G1 X110.589 Y112.088 E223.39128
G1 X110.464 Y112.002 E223.39319
G1 X110.432 Y111.91 E223.39441
G1 X110.432 Y110.2 E223.41585
G1 X108.7 Y110.2 E223.43757
G1 X108.7 Y111.91 E223.45902
G1 X108.668 Y112.002 E223.46024
G1 X108.543 Y112.092 E223.46217
G1 X106.745 Y112.091 E223.48472
G1 X106.621 Y112.025 E223.48648
G1 X106.572 Y111.934 E223.48778
G1 X106.572 Y110.2 E223.50952
G1 X100.2 Y110.2 E223.58943
G1 X100.201 Y129.799 E223.83521
G1 X119.8 Y129.8 E224.08098
G1 X119.8 Y120.676 E224.1954
G1 X118.008 Y120.676 E224.21788
G0 F7200 X117.907 Y120.61
G0 X117.874 Y120.539
G0 X116.849 Y120.538
;MESH:NONMESH
G0 F600 X116.849 Y120.538 Z7.1
G0 F7200 X100.88 Y110.88
G0 X100.76 Y110.76
;TIME_ELAPSED:563.726930
;LAYER:34
;TYPE:FILL
;MESH:xyzCalibration_cube.glb
G1 F3000 X119.24 Y129.24 E224.54561
G1 X119.31 Y129.31
G0 F7200 X119.12 Y129.12
G0 X117.73 Y129.09
G0 X117.73 Y129.24
G1 F3000 X119.239 Y127.73 E224.57238
G1 X119.309 Y127.66
G0 F7200 X119.09 Y127.66
G0 X119.09 Y123.583
G0 X119.24 Y123.583
G1 F3000 X108.308 Y112.651 E224.76626
G1 X108.238 Y112.581
G0 F7200 X108.238 Y112.804
G0 X106.048 Y112.734
G0 X106.306 Y112.38
G1 F3000 X100.761 Y117.925 E224.8646
G1 X100.691 Y117.995
G0 F7200 X100.91 Y117.995
G0 X100.91 Y116.417
G0 X100.76 Y116.417
G1 F3000 X113.583 Y129.239 E225.092
G1 X113.653 Y129.309
G0 F7200 X113.653 Y129.09
G0 X112.073 Y129.09
G0 X112.073 Y129.24
G1 F3000 X119.239 Y122.074 E225.21909
G1 X119.309 Y122.004
G0 F7200 X119.09 Y122.004
G0 X117.221 Y121.313
G0 X117.222 Y117.955
G0 X119.09 Y117.926
G0 X119.24 Y117.926
G1 F3000 X112.976 Y111.662 E225.33018
G0 F7200 X112.977 Y111.366
G1 F3000 X113.583 Y110.76 E225.34093
G1 X113.653 Y110.69
G0 F7200 X113.653 Y110.91
G0 X113.053 Y112.733
G0 X111.693 Y112.804
G0 X111.694 Y112.648
G1 F3000 X100.761 Y123.581 E225.53482
G1 X100.691 Y123.651
G0 F7200 X100.91 Y123.651
G0 X100.91 Y122.074
G0 X100.761 Y122.074
G1 F3000 X107.926 Y129.239 E225.66189
G1 X107.996 Y129.309
G0 F7200 X107.996 Y129.09
G0 X106.416 Y129.09
G0 X106.416 Y129.24
G1 F3000 X119.24 Y116.416 E225.88932
G1 X119.31 Y116.346
G0 F7200 X119.09 Y116.346
G0 X119.09 Y112.269
G0 X119.24 Y112.269
G1 F3000 X117.731 Y110.76 E225.91609
G1 X117.661 Y110.69
G0 F7200 X117.661 Y110.91
G0 X119.12 Y110.88
G0 X119.239 Y110.76
G1 F3000 X100.761 Y129.238 E226.24379
G1 X100.691 Y129.308
G0 F7200 X100.88 Y129.12
G0 X100.91 Y127.731
G0 X100.761 Y127.731
G1 F3000 X102.269 Y129.239 E226.27053
G1 X102.339 Y129.309
G0 F7200 X102.339 Y129.09
G0 X100.91 Y112.268
G0 X100.761 Y112.268
G1 F3000 X102.269 Y110.76 E226.29728
G1 X102.339 Y110.69
G0 F7200 X102.339 Y110.91
G0 X117.221 Y121.313
G0 X117.923 Y121.072
;TYPE:WALL-INNER
G1 F3000 X117.672 Y120.934 E226.30087
G1 X117.56 Y120.811 E226.30295
G1 X117.456 Y120.578 E226.30615
G1 X117.46 Y118.721 E226.32944
G1 X117.582 Y118.428 E226.33342
G1 X117.843 Y118.232 E226.33752
G1 X118.06 Y118.192 E226.34028
G1 X119.4 Y118.192 E226.35709
G1 X119.4 Y110.6 E226.45229
G1 X112.816 Y110.6 E226.53486
G1 X112.816 Y111.892 E226.55106
G1 X112.716 Y112.225 E226.55542
G1 X112.563 Y112.382 E226.55817
G1 X112.276 Y112.49 E226.56202
G1 X110.423 Y112.486 E226.58525
G1 X110.177 Y112.39 E226.58856
G1 X110.03 Y112.25 E226.59111
G1 F2526.3 X109.839 Y111.951 E226.59639
G1 F2189.8 X109.839 Y110.673 E226.61835
G1 F2197.8 X109.293 Y110.673 E226.6277
G1 F2189.8 X109.293 Y111.951 E226.64965
G1 F2526.3 X109.102 Y112.25 E226.65494
G1 F3000 X108.866 Y112.44 E226.65874
G1 X108.679 Y112.49 E226.66116
G1 X106.805 Y112.487 E226.68466
G1 X106.624 Y112.433 E226.68703
G1 X106.436 Y112.292 E226.68998
G1 X106.284 Y112.021 E226.69388
G1 X106.281 Y110.6 E226.7117
G1 X100.6 Y110.6 E226.78294
G1 X100.601 Y129.399 E227.01868
G1 X119.4 Y129.4 E227.25443
G1 X119.4 Y121.072 E227.35887
G1 X117.923 Y121.072 E227.37739
G0 F7200 X118.008 Y120.672
;TYPE:WALL-OUTER
G1 F1500 X117.907 Y120.606 E227.3789
G1 X117.858 Y120.502 E227.38034
G1 X117.862 Y118.759 E227.4022
G1 X117.921 Y118.647 E227.40379
G1 X118.007 Y118.592 E227.40507
G1 X119.8 Y118.592 E227.42755
G1 X119.8 Y110.2 E227.53279
G1 X112.416 Y110.2 E227.62539
G1 X112.416 Y111.892 E227.64661
G1 X112.383 Y112.003 E227.64806
G1 X112.236 Y112.092 E227.65022
G1 X110.468 Y112.088 E227.67239
G1 X110.351 Y112.012 E227.67414
G1 X110.312 Y111.91 E227.67551
G1 X110.312 Y110.2 E227.69695
G1 X108.82 Y110.2 E227.71566
G1 X108.82 Y111.91 E227.73711
G1 X108.781 Y112.012 E227.73847
G1 X108.654 Y112.09 E227.74034
G1 X106.857 Y112.091 E227.76288
G1 X106.734 Y112.026 E227.76462
G1 X106.684 Y111.937 E227.7659
G1 X106.68 Y110.2 E227.78769
G1 X100.2 Y110.2 E227.86895
G1 X100.201 Y129.799 E228.11473
G1 X119.8 Y129.8 E228.36051
G1 X119.8 Y120.672 E228.47497
G1 X118.008 Y120.672 E228.49745
G0 F7200 X117.907 Y120.606
G0 X117.874 Y120.535
G0 X116.85 Y120.534
;MESH:NONMESH
G0 F600 X116.85 Y120.534 Z7.3
G0 F7200 X100.88 Y110.88
G0 X100.76 Y110.76
;TIME_ELAPSED:574.012501
;LAYER:35
;TYPE:FILL
;MESH:xyzCalibration_cube.glb
G1 F3000 X119.24 Y129.24 E228.82518
G1 X119.31 Y129.31
G0 F7200 X119.12 Y129.12
G0 X117.73 Y129.09
G0 X117.73 Y129.24
G1 F3000 X119.239 Y127.73 E228.85196
G1 X119.309 Y127.66
G0 F7200 X119.09 Y127.66
G0 X119.09 Y123.583
G0 X119.24 Y123.583
G1 F3000 X108.306 Y112.649 E229.04587
G1 X108.236 Y112.579
G0 F7200 X108.236 Y112.805
G0 X106.159 Y112.733
G0 X106.379 Y112.307
G1 F3000 X100.761 Y117.925 E229.1455
G1 X100.691 Y117.995
G0 F7200 X100.91 Y117.995
G0 X100.91 Y116.417
G0 X100.76 Y116.417
G1 F3000 X113.583 Y129.239 E229.3729
G1 X113.653 Y129.309
G0 F7200 X113.653 Y129.09
G0 X112.073 Y129.09
G0 X112.073 Y129.24
G1 F3000 X119.239 Y122.074 E229.49999
G1 X119.309 Y122.004
G0 F7200 X119.09 Y122.004
G0 X117.221 Y121.31
G0 X117.222 Y117.953
G0 X119.09 Y117.926
G0 X119.24 Y117.926
G1 F3000 X112.849 Y111.535 E229.61334
G1 X112.85 Y111.492
G1 X113.583 Y110.76 E229.62633
G1 X113.653 Y110.69
G0 F7200 X113.653 Y110.91
G0 X112.927 Y112.733
G0 X111.695 Y112.805
G0 X111.695 Y112.647
G1 F3000 X100.761 Y123.581 E229.82024
G1 X100.691 Y123.651
G0 F7200 X100.91 Y123.651
G0 X100.91 Y122.074
G0 X100.761 Y122.074
G1 F3000 X107.926 Y129.239 E229.94731
G1 X107.996 Y129.309
G0 F7200 X107.996 Y129.09
G0 X106.416 Y129.09
G0 X106.416 Y129.24
G1 F3000 X119.24 Y116.416 E230.17474
G1 X119.31 Y116.346
G0 F7200 X119.09 Y116.346
G0 X119.09 Y112.269
G0 X119.24 Y112.269
G1 F3000 X117.731 Y110.76 E230.2015
G1 X117.661 Y110.69
G0 F7200 X117.661 Y110.91
G0 X119.12 Y110.88
G0 X119.239 Y110.76
G1 F3000 X100.761 Y129.238 E230.5292
G1 X100.691 Y129.308
G0 F7200 X100.88 Y129.12
G0 X100.91 Y127.731
G0 X100.761 Y127.731
G1 F3000 X102.269 Y129.239 E230.55595
G1 X102.339 Y129.309
G0 F7200 X102.339 Y129.09
G0 X100.91 Y112.268
G0 X100.761 Y112.268
G1 F3000 X102.269 Y110.76 E230.58269
G1 X102.339 Y110.69
G0 F7200 X102.339 Y110.91
G0 X117.221 Y121.31
G0 X117.923 Y121.072
;TYPE:WALL-INNER
G1 F3000 X117.672 Y120.934 E230.58628
G1 X117.56 Y120.811 E230.58837
G1 X117.456 Y120.578 E230.59157
G1 X117.46 Y118.687 E230.61528
G1 X117.53 Y118.505 E230.61773
G1 X117.64 Y118.359 E230.62002
G1 X117.841 Y118.229 E230.62302
G1 X118.06 Y118.188 E230.62582
G1 X119.4 Y118.188 E230.64262
G1 X119.4 Y110.6 E230.73778
G1 X112.691 Y110.6 E230.82191
G1 X112.688 Y111.894 E230.83814
G1 X112.65 Y112.105 E230.84083
G1 X112.44 Y112.379 E230.84515
G1 X112.148 Y112.489 E230.84907
G1 X110.3 Y112.486 E230.87224
G1 X110.084 Y112.41 E230.87511
G1 X109.931 Y112.282 E230.87762
G1 F2898.6 X109.776 Y111.946 E230.88242
G1 F2803.7 X109.775 Y110.613 E230.9003
G1 F2816.9 X109.349 Y110.613 E230.90599
G1 F2803.7 X109.348 Y111.946 E230.92388
G1 F2898.6 X109.193 Y112.282 E230.92868
G1 F3000 X109.04 Y112.41 E230.93118
G1 X108.795 Y112.49 E230.93442
G1 X106.917 Y112.487 E230.95797
G1 X106.738 Y112.435 E230.96031
G1 X106.552 Y112.296 E230.96322
G1 X106.396 Y112.024 E230.96715
G1 X106.393 Y110.6 E230.98501
G1 X100.6 Y110.6 E231.05765
G1 X100.601 Y129.399 E231.2934
G1 X119.4 Y129.4 E231.52915
G1 X119.4 Y121.072 E231.63358
G1 X117.923 Y121.072 E231.6521
G0 F7200 X118.008 Y120.672
;TYPE:WALL-OUTER
G1 F1500 X117.907 Y120.606 E231.65362
G1 X117.858 Y120.502 E231.65506
G1 X117.865 Y118.739 E231.67717
G1 X118.004 Y118.588 E231.67974
G1 X119.8 Y118.588 E231.70226
G1 X119.8 Y110.2 E231.80745
G1 X112.292 Y110.2 E231.90161
G1 X112.288 Y111.947 E231.92351
G1 X112.206 Y112.055 E231.92521
G1 X112.088 Y112.092 E231.92677
G1 X110.349 Y112.089 E231.94857
G1 X110.235 Y112.022 E231.95023
G1 X110.188 Y111.91 E231.95175
G1 X110.188 Y110.2 E231.9732
G1 X108.936 Y110.2 E231.9889
G1 X108.936 Y111.91 E232.01034
G1 X108.889 Y112.022 E232.01187
G1 X108.77 Y112.09 E232.01359
G1 X106.969 Y112.091 E232.03617
G1 X106.848 Y112.027 E232.03789
G1 X106.796 Y111.936 E232.0392
G1 X106.792 Y110.2 E232.06097
G1 X100.2 Y110.2 E232.14364
G1 X100.201 Y129.799 E232.38942
G1 X119.8 Y129.8 E232.6352
G1 X119.8 Y120.672 E232.74966
G1 X118.008 Y120.672 E232.77214
G0 F7200 X117.907 Y120.606
G0 X117.874 Y120.535
G0 X116.85 Y120.534
;MESH:NONMESH
G0 F600 X116.85 Y120.534 Z7.5
G0 F7200 X100.88 Y110.88
G0 X100.76 Y110.76
;TIME_ELAPSED:584.280564
;LAYER:36
;TYPE:FILL
;MESH:xyzCalibration_cube.glb
G1 F3000 X119.24 Y129.24 E233.09987
G1 X119.31 Y129.31
G0 F7200 X119.12 Y129.12
G0 X117.73 Y129.09
G0 X117.73 Y129.24
G1 F3000 X119.24 Y127.73 E233.12665
G1 X119.31 Y127.66
G0 F7200 X119.09 Y127.66
G0 X119.09 Y123.583
G0 X119.24 Y123.583
G1 F3000 X108.308 Y112.651 E233.32053
G1 X108.238 Y112.581
G0 F7200 X108.238 Y112.805
G0 X106.27 Y112.733
G0 X106.447 Y112.238
G1 F3000 X100.761 Y117.925 E233.42138
G1 X100.691 Y117.995
G0 F7200 X100.91 Y117.995
G0 X100.91 Y116.417
G0 X100.76 Y116.417
G1 F3000 X113.583 Y129.24 E233.64879
G1 X113.653 Y129.31
G0 F7200 X113.653 Y129.09
G0 X112.073 Y129.09
G0 X112.073 Y129.24
G1 F3000 X119.24 Y122.073 E233.7759
G1 X119.31 Y122.003
G0 F7200 X119.09 Y122.003
G0 X117.221 Y121.308
G0 X117.222 Y117.951
G0 X119.09 Y117.926
G0 X119.24 Y117.926
G1 F3000 X112.721 Y111.407 E233.89151
G0 F7200 X112.721 Y111.622
G1 F3000 X113.583 Y110.76 E233.9068
G1 X113.653 Y110.69
G0 F7200 X113.653 Y110.91
G0 X112.8 Y112.733
G0 X111.695 Y112.805
G0 X111.695 Y112.648
G1 F3000 X100.761 Y123.582 E234.10071
G1 X100.691 Y123.652
G0 F7200 X100.91 Y123.652
G0 X100.91 Y122.074
G0 X100.76 Y122.074
G1 F3000 X107.926 Y129.24 E234.2278
G1 X107.996 Y129.31
G0 F7200 X107.996 Y129.09
G0 X106.416 Y129.09
G0 X106.416 Y129.24
G1 F3000 X119.24 Y116.416 E234.45523
G1 X119.31 Y116.346
G0 F7200 X119.09 Y116.346
G0 X119.09 Y112.269
G0 X119.24 Y112.269
G1 F3000 X117.731 Y110.76 E234.48199
G1 X117.661 Y110.69
G0 F7200 X117.661 Y110.91
G0 X119.12 Y110.88
G0 X119.239 Y110.76
G1 F3000 X100.761 Y129.239 E234.8097
G1 X100.691 Y129.309
G0 F7200 X100.88 Y129.12
G0 X100.91 Y127.73
G0 X100.76 Y127.73
G1 F3000 X102.27 Y129.24 E234.83648
G1 X102.34 Y129.31
G0 F7200 X102.34 Y129.09
G0 X100.91 Y112.268
G0 X100.761 Y112.268
G1 F3000 X102.269 Y110.76 E234.86322
G1 X102.339 Y110.69
G0 F7200 X102.339 Y110.91
G0 X106.669 Y112.333
G0 X109.295 Y112.332
G0 X109.562 Y110.706
;TYPE:WALL-INNER
G1 F1951.2 X109.562 Y111.953 E234.88727
G0 F7200 X109.562 Y112.805
G0 X117.221 Y121.308
G0 X117.75 Y120.985
G1 F3000 X117.521 Y120.741 E234.89146
G1 X117.456 Y120.499 E234.89461
G1 X117.464 Y118.714 E234.91699
G1 X117.573 Y118.436 E234.92074
G1 X117.839 Y118.23 E234.92495
G1 X118.06 Y118.188 E234.92778
G1 X119.4 Y118.188 E234.94458
G1 X119.4 Y110.6 E235.03974
G1 X112.563 Y110.6 E235.12547
G1 X112.56 Y111.894 E235.1417
G1 X112.52 Y112.109 E235.14444
G1 X112.317 Y112.375 E235.14864
G1 X112.021 Y112.49 E235.15262
G1 X110.193 Y112.488 E235.17555
G1 X109.999 Y112.429 E235.17809
G1 X109.843 Y112.316 E235.1805
G1 F2357.6 X109.562 Y111.953 E235.18783
G1 X109.281 Y112.316 E235.19516
G1 F3000 X109.125 Y112.429 E235.19757
G1 X108.9 Y112.491 E235.2005
G1 X107.026 Y112.487 E235.224
G1 X106.848 Y112.436 E235.22632
G1 X106.663 Y112.3 E235.2292
G1 X106.504 Y112.027 E235.23316
G1 X106.504 Y110.6 E235.25106
G1 X100.6 Y110.6 E235.3251
G1 X100.6 Y129.4 E235.56085
G1 X119.4 Y129.4 E235.79661
G1 X119.4 Y121.068 E235.9011
G1 X118.056 Y121.068 E235.91795
G1 X117.75 Y120.985 E235.92193
G0 F7200 X118.008 Y120.668
;TYPE:WALL-OUTER
G1 F1500 X117.907 Y120.602 E235.92344
G1 X117.858 Y120.498 E235.92488
G1 X117.861 Y118.763 E235.94664
G1 X117.897 Y118.67 E235.94789
G1 X118.004 Y118.588 E235.94958
G1 X119.8 Y118.588 E235.97211
G1 X119.8 Y110.2 E236.07729
G1 X112.164 Y110.2 E236.17305
G1 X112.16 Y111.95 E236.195
G1 X112.036 Y112.092 E236.19736
G1 X110.219 Y112.087 E236.22015
G1 X110.126 Y112.034 E236.22149
G1 X110.068 Y111.91 E236.22321
G1 X110.068 Y110.2 E236.24465
G1 X109.056 Y110.2 E236.25734
G1 X109.056 Y111.91 E236.27879
G1 X108.998 Y112.034 E236.2805
G1 X108.905 Y112.087 E236.28185
G1 X107.078 Y112.091 E236.30476
G1 X106.957 Y112.028 E236.30647
G1 X106.904 Y111.938 E236.30778
G1 X106.904 Y110.2 E236.32957
G1 X100.2 Y110.2 E236.41364
G1 X100.2 Y129.8 E236.65943
G1 X119.8 Y129.8 E236.90523
G1 X119.8 Y120.668 E237.01974
G1 X118.008 Y120.668 E237.04222
G0 F7200 X117.907 Y120.602
G0 X117.874 Y120.531
G0 X116.85 Y120.53
;MESH:NONMESH
G0 F600 X116.85 Y120.53 Z7.7
G0 F7200 X100.88 Y110.88
G0 X100.761 Y110.761
;TIME_ELAPSED:594.638608
;LAYER:37
;TYPE:FILL
;MESH:xyzCalibration_cube.glb
G1 F3000 X119.24 Y129.24 E237.36994
G1 X119.31 Y129.31
G0 F7200 X119.12 Y129.12
G0 X117.73 Y129.09
G0 X117.73 Y129.24
G1 F3000 X119.24 Y127.73 E237.39672
G1 X119.31 Y127.66
G0 F7200 X119.09 Y127.66
G0 X119.09 Y123.583
G0 X119.24 Y123.583
G1 F3000 X108.308 Y112.651 E237.59059
G1 X108.238 Y112.581
G0 F7200 X108.238 Y112.805
G0 X106.381 Y112.733
G0 X106.512 Y112.173
G1 F3000 X100.761 Y117.924 E237.69259
G1 X100.691 Y117.994
G0 F7200 X100.91 Y117.994
G0 X100.91 Y116.417
G0 X100.761 Y116.417
G1 F3000 X113.583 Y129.24 E237.91999
G1 X113.653 Y129.31
G0 F7200 X113.653 Y129.09
G0 X112.073 Y129.09
G0 X112.073 Y129.24
G1 F3000 X119.24 Y122.073 E238.0471
G1 X119.31 Y122.003
G0 F7200 X119.09 Y122.003
G0 X117.221 Y121.306
G0 X117.222 Y117.949
G0 X119.09 Y117.926
G0 X119.24 Y117.926
G1 F3000 X112.596 Y111.282 E238.16492
G0 F7200 X112.596 Y111.746
G1 F3000 X113.582 Y110.76 E238.18241
G1 X113.652 Y110.69
G0 F7200 X113.652 Y110.91
G0 X112.674 Y112.733
G0 X111.695 Y112.805
G0 X111.695 Y112.648
G1 F3000 X100.761 Y123.581 E238.37631
G1 X100.691 Y123.651
G0 F7200 X100.91 Y123.651
G0 X100.91 Y122.074
G0 X100.761 Y122.074
G1 F3000 X107.926 Y129.24 E238.50339
G1 X107.996 Y129.31
G0 F7200 X107.996 Y129.09
G0 X106.416 Y129.09
G0 X106.416 Y129.24
G1 F3000 X119.24 Y116.416 E238.73082
G1 X119.31 Y116.346
G0 F7200 X119.09 Y116.346
G0 X119.09 Y112.269
G0 X119.24 Y112.269
G1 F3000 X117.731 Y110.76 E238.75759
G1 X117.661 Y110.69
G0 F7200 X117.661 Y110.91
G0 X119.12 Y110.88
G0 X119.239 Y110.76
G1 F3000 X100.761 Y129.238 E239.08529
G1 X100.691 Y129.308
G0 F7200 X100.88 Y129.12
G0 X100.91 Y127.731
G0 X100.761 Y127.731
G1 F3000 X102.27 Y129.24 E239.11205
G1 X102.34 Y129.31
G0 F7200 X102.34 Y129.09
G0 X100.91 Y112.267
G0 X100.761 Y112.267
G1 F3000 X102.268 Y110.76 E239.13878
G1 X102.338 Y110.69
G0 F7200 X102.338 Y110.91
G0 X106.78 Y112.333
G0 X109.413 Y112.332
G0 X109.561 Y110.586
;TYPE:WALL-INNER
G1 F3217.2 X109.558 Y111.943 E239.15464
G0 F7200 X109.558 Y112.805
G0 X117.221 Y121.306
G0 X117.75 Y120.985
G1 F3000 X117.521 Y120.741 E239.15884
G1 X117.456 Y120.499 E239.16198
G1 X117.463 Y118.723 E239.18426
G1 X117.569 Y118.438 E239.18807
G1 X117.837 Y118.226 E239.19235
G1 X118.06 Y118.184 E239.1952
G1 X119.4 Y118.184 E239.212
G1 X119.4 Y110.6 E239.30711
G1 X112.436 Y110.6 E239.39444
G1 X112.436 Y111.892 E239.41064
G1 X112.395 Y112.112 E239.41345
G1 X112.198 Y112.371 E239.41753
G1 X111.897 Y112.489 E239.42158
G1 X110.061 Y112.487 E239.44461
G1 X109.76 Y112.355 E239.44873
G1 F3092.8 X109.558 Y111.943 E239.45431
G1 X109.356 Y112.355 E239.45989
G1 F3000 X109.055 Y112.487 E239.46402
G1 X107.15 Y112.489 E239.4879
G1 X106.842 Y112.362 E239.49208
G1 X106.7 Y112.2 E239.49478
G1 X106.616 Y111.892 E239.49879
G1 X106.616 Y110.6 E239.51499
G1 X100.601 Y110.601 E239.59042
G1 X100.6 Y129.4 E239.82617
G1 X119.4 Y129.4 E240.06193
G1 X119.4 Y121.068 E240.16641
G1 X118.056 Y121.068 E240.18327
G1 X117.75 Y120.985 E240.18724
G0 F7200 X118.008 Y120.668
;TYPE:WALL-OUTER
G1 F1500 X117.907 Y120.602 E240.18876
G1 X117.858 Y120.498 E240.1902
G1 X117.861 Y118.763 E240.21195
G1 X117.917 Y118.643 E240.21361
G1 X118.006 Y118.584 E240.21495
G1 X119.8 Y118.584 E240.23745
G1 X119.8 Y110.2 E240.34259
G1 X112.036 Y110.2 E240.43995
G1 X112.036 Y111.949 E240.46189
G1 X111.88 Y112.088 E240.46451
G1 X110.144 Y112.093 E240.48628
G1 X110.016 Y112.047 E240.48798
G1 X109.944 Y111.91 E240.48992
G1 X109.947 Y110.201 E240.51135
G1 X109.176 Y110.201 E240.52102
G1 X109.172 Y111.91 E240.54246
G1 X109.1 Y112.047 E240.5444
G1 X109 Y112.091 E240.54577
G1 X107.194 Y112.091 E240.56841
G1 X107.091 Y112.049 E240.56981
G1 X107.016 Y111.942 E240.57145
G1 X107.016 Y110.2 E240.59329
G1 X100.201 Y110.201 E240.67876
G1 X100.2 Y129.8 E240.92453
G1 X119.8 Y129.8 E241.17033
G1 X119.8 Y120.668 E241.28484
G1 X118.008 Y120.668 E241.30732
G0 F7200 X117.907 Y120.602
G0 X117.874 Y120.531
G0 X116.85 Y120.53
;MESH:NONMESH
G0 F600 X116.85 Y120.53 Z7.9
G0 F7200 X100.88 Y110.88
G0 X100.761 Y110.761
;TIME_ELAPSED:605.003801
;LAYER:38
;TYPE:FILL
;MESH:xyzCalibration_cube.glb
G1 F3000 X119.24 Y129.24 E241.63504
G1 X119.31 Y129.31
G0 F7200 X119.12 Y129.12
G0 X117.73 Y129.09
G0 X117.73 Y129.24
G1 F3000 X119.24 Y127.73 E241.66182
G1 X119.31 Y127.66
G0 F7200 X119.09 Y127.66
G0 X119.09 Y123.583
G0 X119.24 Y123.583
G1 F3000 X108.309 Y112.652 E241.85568
G1 X108.239 Y112.582
G0 F7200 X108.239 Y112.806
G0 X106.492 Y112.735
G0 X106.598 Y112.087
G1 F3000 X100.761 Y117.924 E241.95919
G1 X100.691 Y117.994
G0 F7200 X100.91 Y117.994
G0 X100.91 Y116.417
G0 X100.761 Y116.417
G1 F3000 X113.583 Y129.24 E242.1866
G1 X113.653 Y129.31
G0 F7200 X113.653 Y129.09
G0 X112.073 Y129.09
G0 X112.073 Y129.24
G1 F3000 X119.24 Y122.073 E242.3137
G1 X119.31 Y122.003
G0 F7200 X119.09 Y122.003
G0 X117.222 Y121.304
G0 X117.223 Y117.947
G0 X119.09 Y117.926
G0 X119.24 Y117.926
G1 F3000 X112.47 Y111.156 E242.43377
G0 F7200 X112.469 Y111.873
G1 F3000 X113.583 Y110.76 E242.45351
G1 X113.653 Y110.69
G0 F7200 X113.653 Y110.91
G0 X112.547 Y112.734
G0 X111.689 Y112.805
G0 X111.69 Y112.652
G1 F3000 X100.761 Y123.581 E242.64734
G1 X100.691 Y123.651
G0 F7200 X100.91 Y123.651
G0 X100.91 Y122.074
G0 X100.761 Y122.074
G1 F3000 X107.926 Y129.24 E242.77442
G1 X107.996 Y129.31
G0 F7200 X107.996 Y129.09
G0 X106.416 Y129.09
G0 X106.416 Y129.24
G1 F3000 X119.24 Y116.416 E243.00185
G1 X119.31 Y116.346
G0 F7200 X119.09 Y116.346
G0 X119.09 Y112.269
G0 X119.24 Y112.269
G1 F3000 X117.731 Y110.76 E243.02861
G1 X117.661 Y110.69
G0 F7200 X117.661 Y110.91
G0 X119.12 Y110.88
G0 X119.239 Y110.76
G1 F3000 X100.761 Y129.238 E243.35631
G1 X100.691 Y129.308
G0 F7200 X100.88 Y129.12
G0 X100.91 Y127.731
G0 X100.761 Y127.731
G1 F3000 X102.27 Y129.24 E243.38307
G1 X102.34 Y129.31
G0 F7200 X102.34 Y129.09
G0 X100.91 Y112.267
G0 X100.761 Y112.267
G1 F3000 X102.268 Y110.76 E243.4098
G1 X102.338 Y110.69
G0 F7200 X102.338 Y110.91
G0 X106.417 Y110.91
G0 X106.417 Y110.76
G1 F3000 X106.566 Y110.909 E243.41244
G0 F7200 X106.418 Y110.909
G0 X106.492 Y112.735
G0 X117.222 Y121.304
G0 X117.918 Y121.064
;TYPE:WALL-INNER
G1 F3000 X117.613 Y120.866 E243.417
G1 X117.525 Y120.737 E243.41896
G1 X117.46 Y120.464 E243.42248
G1 X117.461 Y118.736 E243.44415
G1 X117.564 Y118.446 E243.44801
G1 X117.835 Y118.227 E243.45238
G1 X118.06 Y118.184 E243.45525
G1 X119.4 Y118.184 E243.47205
G1 X119.4 Y110.6 E243.56716
G1 X112.311 Y110.6 E243.65606
G1 X112.308 Y111.898 E243.67234
G1 X112.265 Y112.12 E243.67517
G1 X112.075 Y112.371 E243.67912
G1 X111.768 Y112.494 E243.68327
G1 X109.926 Y112.485 E243.70637
G1 X109.693 Y112.393 E243.70951
G1 X109.558 Y112.165 E243.71283
G1 X109.423 Y112.393 E243.71615
G1 X109.12 Y112.492 E243.72015
G1 X107.264 Y112.493 E243.74343
G1 X106.957 Y112.369 E243.74758
G1 X106.815 Y112.209 E243.75026
G1 X106.728 Y111.898 E243.75431
G1 X106.725 Y110.6 E243.77059
G1 X100.601 Y110.601 E243.84739
G1 X100.6 Y129.4 E244.08313
G1 X119.4 Y129.4 E244.31889
G1 X119.4 Y121.064 E244.42343
G1 X117.918 Y121.064 E244.44201
G0 F7200 X118.013 Y120.664
;TYPE:WALL-OUTER
G1 F1500 X117.894 Y120.577 E244.44386
G1 X117.862 Y120.494 E244.44498
G1 X117.86 Y118.768 E244.46662
G1 X117.894 Y118.671 E244.46791
G1 X118.002 Y118.584 E244.46965
G1 X119.8 Y118.584 E244.4922
G1 X119.8 Y110.2 E244.59734
G1 X111.912 Y110.2 E244.69625
G1 X111.908 Y111.953 E244.71824
G1 X111.831 Y112.055 E244.71984
G1 X111.728 Y112.096 E244.72123
G1 X109.991 Y112.09 E244.74301
G1 X109.913 Y112.059 E244.74407
G1 F1382.5 X109.791 Y111.912 E244.74666
G1 F1284.8 X109.791 Y110.233 E244.77125
G1 F1287.6 X109.325 Y110.233 E244.77805
G1 F1284.8 X109.325 Y111.912 E244.80264
G1 F1382.5 X109.203 Y112.059 E244.80524
G1 F1500 X109.119 Y112.091 E244.80636
G1 X107.306 Y112.095 E244.8291
G1 X107.157 Y112.001 E244.83131
G1 X107.128 Y111.897 E244.83266
G1 X107.124 Y110.2 E244.85394
G1 X100.201 Y110.201 E244.94076
G1 X100.2 Y129.8 E245.18654
G1 X119.8 Y129.8 E245.43233
G1 X119.8 Y120.664 E245.5469
G1 X118.013 Y120.664 E245.56931
G0 F7200 X117.894 Y120.577
G0 X117.875 Y120.528
G0 X116.851 Y120.527
;MESH:NONMESH
G0 F600 X116.851 Y120.527 Z8.1
G0 F7200 X100.88 Y110.88
G0 X100.76 Y110.76
;TIME_ELAPSED:615.359791
;LAYER:39
;TYPE:FILL
;MESH:xyzCalibration_cube.glb
G1 F3000 X119.24 Y129.24 E245.89705
G1 X119.31 Y129.31
G0 F7200 X119.12 Y129.12
G0 X117.73 Y129.09
G0 X117.73 Y129.24
G1 F3000 X119.24 Y127.73 E245.92383
G1 X119.31 Y127.66
G0 F7200 X119.09 Y127.66
G0 X119.09 Y123.583
G0 X119.24 Y123.583
G1 F3000 X108.309 Y112.652 E246.11769
G1 X108.239 Y112.582
G0 F7200 X108.239 Y112.806
G0 X106.603 Y112.735
G0 X106.695 Y111.991
G1 F3000 X100.761 Y117.925 E246.22292
G1 X100.691 Y117.995
G0 F7200 X100.91 Y117.995
G0 X100.91 Y116.417
G0 X100.76 Y116.417
G1 F3000 X113.583 Y129.24 E246.45034
G1 X113.653 Y129.31
G0 F7200 X113.653 Y129.09
G0 X112.073 Y129.09
G0 X112.073 Y129.24
G1 F3000 X119.24 Y122.073 E246.57744
G1 X119.31 Y122.003
G0 F7200 X119.09 Y122.003
G0 X117.222 Y121.302
G0 X117.223 Y117.944
G0 X119.09 Y117.926
G0 X119.24 Y117.926
G1 F3000 X112.344 Y111.03 E246.69974
G1 X112.274 Y110.96
G0 F7200 X112.494 Y110.961
G0 X112.493 Y112.025
G0 X112.318 Y112.024
G1 F3000 X113.583 Y110.76 E246.72217
G1 X113.653 Y110.69
G0 F7200 X113.653 Y110.91
G0 X112.421 Y112.734
G0 X111.7 Y112.643
G1 F3000 X100.761 Y123.582 E246.91617
G1 X100.691 Y123.652
G0 F7200 X100.91 Y123.652
G0 X100.91 Y122.074
G0 X100.76 Y122.074
G1 F3000 X107.926 Y129.24 E247.04325
G1 X107.996 Y129.31
G0 F7200 X107.996 Y129.09
G0 X106.416 Y129.09
G0 X106.416 Y129.24
G1 F3000 X119.24 Y116.416 E247.27068
G1 X119.31 Y116.346
G0 F7200 X119.09 Y116.346
G0 X119.09 Y112.269
G0 X119.24 Y112.269
G1 F3000 X117.731 Y110.76 E247.29745
G1 X117.661 Y110.69
G0 F7200 X117.661 Y110.91
G0 X119.12 Y110.88
G0 X119.239 Y110.76
G1 F3000 X100.761 Y129.239 E247.62516
G1 X100.691 Y129.309
G0 F7200 X100.88 Y129.12
G0 X100.91 Y127.73
G0 X100.76 Y127.73
G1 F3000 X102.27 Y129.24 E247.65194
G1 X102.34 Y129.31
G0 F7200 X102.34 Y129.09
G0 X100.91 Y112.268
G0 X100.761 Y112.268
G1 F3000 X102.269 Y110.76 E247.67868
G1 X102.339 Y110.69
G0 F7200 X102.339 Y110.91
G0 X106.417 Y110.91
G0 X106.417 Y110.76
G1 F3000 X106.678 Y111.021 E247.68331
G0 F7200 X106.529 Y111.021
G0 X106.603 Y112.735
G0 X117.222 Y121.302
G0 X117.918 Y121.064
;TYPE:WALL-INNER
G1 F3000 X117.613 Y120.866 E247.68787
G1 X117.525 Y120.737 E247.68983
G1 X117.46 Y120.495 E247.69297
G1 X117.461 Y118.659 E247.716
G1 X117.56 Y118.448 E247.71892
G1 X117.704 Y118.296 E247.72154
G1 X117.833 Y118.224 E247.7234
G1 X118.06 Y118.18 E247.7263
G1 X119.4 Y118.18 E247.7431
G1 X119.4 Y110.6 E247.83816
G1 X112.184 Y110.6 E247.92865
G1 X112.184 Y111.896 E247.9449
G1 X112.14 Y112.124 E247.94781
G1 X112.067 Y112.253 E247.94967
G1 X111.885 Y112.416 E247.95273
G1 X111.678 Y112.497 E247.95552
G1 X109.841 Y112.49 E247.97856
G1 X109.637 Y112.432 E247.98122
G1 X109.556 Y112.314 E247.98301
G1 X109.475 Y112.432 E247.98481
G1 X109.261 Y112.491 E247.98759
G1 X107.376 Y112.493 E248.01123
G1 X107.072 Y112.371 E248.01534
G1 X106.93 Y112.214 E248.01799
G1 X106.84 Y111.898 E248.02211
G1 X106.837 Y110.6 E248.03839
G1 X100.6 Y110.6 E248.1166
G1 X100.6 Y129.4 E248.35236
G1 X119.4 Y129.4 E248.58812
G1 X119.4 Y121.064 E248.69266
G1 X117.918 Y121.064 E248.71124
G0 F7200 X118.013 Y120.664
;TYPE:WALL-OUTER
G1 F1500 X117.894 Y120.577 E248.71309
G1 X117.862 Y120.494 E248.71421
G1 X117.86 Y118.768 E248.73585
G1 X117.91 Y118.646 E248.73751
G1 X118.004 Y118.58 E248.73895
G1 X119.8 Y118.58 E248.76147
G1 X119.8 Y110.2 E248.86656
G1 X111.784 Y110.2 E248.96708
G1 X111.784 Y111.949 E248.98901
G1 X111.629 Y112.092 E248.99166
G1 X109.82 Y112.087 E249.01434
G1 F1612.9 X109.728 Y111.907 E249.0167
G1 F1739.1 X109.731 Y110.173 E249.03546
G1 X109.385 Y110.173 E249.0392
G1 X109.384 Y111.907 E249.05795
G1 F1612.9 X109.292 Y112.087 E249.06031
G1 F1500 X107.418 Y112.095 E249.08381
G1 X107.317 Y112.055 E249.08518
G1 X107.24 Y111.948 E249.08683
G1 X107.236 Y110.2 E249.10875
G1 X100.2 Y110.2 E249.19698
G1 X100.2 Y129.8 E249.44277
G1 X119.8 Y129.8 E249.68857
G1 X119.8 Y120.664 E249.80313
G1 X118.013 Y120.664 E249.82554
G0 F7200 X117.894 Y120.577
G0 X117.875 Y120.528
G0 X116.851 Y120.527
;MESH:NONMESH
G0 F600 X116.851 Y120.527 Z8.3
G0 F7200 X100.88 Y110.88
G0 X100.76 Y110.76
;TIME_ELAPSED:625.700881
;LAYER:40
;TYPE:FILL
;MESH:xyzCalibration_cube.glb
G1 F3000 X119.24 Y129.24 E250.15328
G1 X119.31 Y129.31
G0 F7200 X119.12 Y129.12
G0 X117.73 Y129.09
G0 X117.73 Y129.24
G1 F3000 X119.24 Y127.73 E250.18006
G1 X119.31 Y127.66
G0 F7200 X119.09 Y127.66
G0 X119.09 Y123.583
G0 X119.24 Y123.583
G1 F3000 X108.31 Y112.653 E250.3739
G1 X108.24 Y112.583
G0 F7200 X108.24 Y112.805
G0 X106.714 Y112.735
G0 X106.641 Y111.898
G0 X106.788 Y111.898
G1 F3000 X100.761 Y117.925 E250.48079
G1 X100.691 Y117.995
G0 F7200 X100.91 Y117.995
G0 X100.91 Y116.417
G0 X100.76 Y116.417
G1 F3000 X113.583 Y129.24 E250.7082
G1 X113.653 Y129.31
G0 F7200 X113.653 Y129.09
G0 X112.073 Y129.09
G0 X112.073 Y129.24
G1 F3000 X119.24 Y122.073 E250.83531
G1 X119.31 Y122.003
G0 F7200 X119.09 Y122.003
G0 X117.222 Y121.299
G0 X117.223 Y117.942
G0 X119.09 Y117.926
G0 X119.24 Y117.926
G1 F3000 X112.216 Y110.902 E250.95988
G1 X112.146 Y110.832
G0 F7200 X112.367 Y110.833
G0 X112.366 Y112.184
G0 X112.159 Y112.183
G1 F3000 X113.583 Y110.76 E250.98512
G1 X113.653 Y110.69
G0 F7200 X113.653 Y110.91
G0 X112.294 Y112.734
G0 X111.783 Y112.559
G1 F3000 X100.761 Y123.582 E251.1806
G1 X100.691 Y123.652
G0 F7200 X100.91 Y123.652
G0 X100.91 Y122.074
G0 X100.76 Y122.074
G1 F3000 X107.926 Y129.24 E251.30769
G1 X107.996 Y129.31
G0 F7200 X107.996 Y129.09
G0 X106.416 Y129.09
G0 X106.416 Y129.24
G1 F3000 X119.24 Y116.416 E251.53512
G1 X119.31 Y116.346
G0 F7200 X119.09 Y116.346
G0 X119.09 Y112.269
G0 X119.24 Y112.269
G1 F3000 X117.731 Y110.76 E251.56188
G1 X117.661 Y110.69
G0 F7200 X117.661 Y110.91
G0 X119.12 Y110.88
G0 X119.239 Y110.76
G1 F3000 X100.761 Y129.239 E251.8896
G1 X100.691 Y129.309
G0 F7200 X100.88 Y129.12
G0 X100.91 Y127.73
G0 X100.76 Y127.73
G1 F3000 X102.27 Y129.24 E251.91638
G1 X102.34 Y129.31
G0 F7200 X102.34 Y129.09
G0 X100.91 Y112.268
G0 X100.761 Y112.268
G1 F3000 X102.269 Y110.76 E251.94312
G1 X102.339 Y110.69
G0 F7200 X102.339 Y110.91
G0 X106.417 Y110.91
G0 X106.417 Y110.76
G1 F3000 X106.788 Y111.131 E251.9497
G0 F7200 X106.64 Y111.131
G0 X106.714 Y112.735
G0 X117.222 Y121.299
G0 X117.918 Y121.06
;TYPE:WALL-INNER
G1 F3000 X117.613 Y120.862 E251.95426
G1 X117.497 Y120.669 E251.95708
G1 X117.46 Y120.492 E251.95935
G1 X117.463 Y118.711 E251.98168
G1 X117.542 Y118.476 E251.98479
G1 X117.702 Y118.298 E251.9878
G1 X117.831 Y118.225 E251.98965
G1 X118.06 Y118.18 E251.99258
G1 X119.4 Y118.18 E252.00938
G1 X119.4 Y110.6 E252.10444
G1 X112.056 Y110.6 E252.19654
G1 X112.056 Y111.896 E252.21279
G1 X112.01 Y112.128 E252.21576
G1 X111.833 Y112.364 E252.21946
G1 X111.573 Y112.495 E252.22311
G1 X109.618 Y112.491 E252.24762
G1 X109.554 Y112.41 E252.24892
G1 X109.511 Y112.464 E252.24978
G1 X109.33 Y112.493 E252.25208
G1 X107.485 Y112.493 E252.27522
G1 X107.183 Y112.373 E252.27929
G1 X107.041 Y112.219 E252.28192
G1 X106.948 Y111.896 E252.28614
G1 X106.948 Y110.6 E252.30239
G1 X100.6 Y110.6 E252.38199
G1 X100.6 Y129.4 E252.61775
G1 X119.4 Y129.4 E252.85351
G1 X119.4 Y121.06 E252.9581
G1 X117.918 Y121.06 E252.97668
G0 F7200 X118.013 Y120.66
;TYPE:WALL-OUTER
G1 F1500 X117.894 Y120.573 E252.97853
G1 X117.862 Y120.49 E252.97965
G1 X117.861 Y118.701 E253.00208
G1 X118 Y118.58 E253.00439
G1 X119.8 Y118.58 E253.02697
G1 X119.8 Y110.2 E253.13205
G1 X111.656 Y110.2 E253.23418
G1 X111.656 Y111.896 E253.25545
G1 X111.612 Y112.022 E253.25713
G1 X111.471 Y112.096 E253.25912
G1 X109.726 Y112.09 E253.28101
G1 F1405.2 X109.554 Y111.911 E253.28433
G1 X109.379 Y112.093 E253.28771
G1 F1500 X107.503 Y112.092 E253.31123
G1 X107.401 Y112.033 E253.31271
G1 X107.348 Y111.945 E253.314
G1 X107.348 Y110.2 E253.33588
G1 X100.2 Y110.2 E253.42552
G1 X100.2 Y129.8 E253.67131
G1 X119.8 Y129.8 E253.9171
G1 X119.8 Y120.66 E254.03172
G1 X118.013 Y120.66 E254.05413
G0 F7200 X117.894 Y120.573
G0 X117.875 Y120.524
G0 X117.151 Y120.523
G0 X109.553 Y112.805
G0 X109.554 Y111.911
G1 F1324.5 X109.554 Y110.226 E254.07806
G1 F1500 E247.57806
;MESH:NONMESH
G0 F600 X109.554 Y110.226 Z8.5
G0 F7200 X107.125 Y110.424
G0 X100.91 Y110.88
G0 X100.76 Y110.76
;TIME_ELAPSED:636.330654
;LAYER:41
;TYPE:FILL
;MESH:xyzCalibration_cube.glb
G1 F1500 E254.07806
G1 F3000 X119.24 Y129.24 E254.4058
G1 X119.31 Y129.31
G0 F7200 X119.12 Y129.12
G0 X117.73 Y129.09
G0 X117.73 Y129.24
G1 F3000 X119.24 Y127.73 E254.43258
G1 X119.31 Y127.66
G0 F7200 X119.09 Y127.66
G0 X119.09 Y123.583
G0 X119.24 Y123.583
G1 F3000 X108.309 Y112.652 E254.62644
G1 X108.239 Y112.582
G0 F7200 X108.239 Y112.806
G0 X106.825 Y112.734
G0 X106.752 Y111.786
G0 X106.9 Y111.786
G1 F3000 X100.761 Y117.925 E254.73531
G1 X100.691 Y117.995
G0 F7200 X100.91 Y117.995
G0 X100.91 Y116.417
G0 X100.76 Y116.417
G1 F3000 X113.583 Y129.24 E254.96273
G1 X113.653 Y129.31
G0 F7200 X113.653 Y129.09
G0 X112.073 Y129.09
G0 X112.073 Y129.24
G1 F3000 X119.24 Y122.073 E255.08983
G1 X119.31 Y122.003
G0 F7200 X119.09 Y122.003
G0 X117.223 Y121.297
G0 X117.224 Y117.94
G0 X119.09 Y117.926
G0 X119.24 Y117.926
G1 F3000 X112.09 Y110.776 E255.21664
G1 X112.02 Y110.706
G0 F7200 X112.212 Y110.88
G0 X113.583 Y110.91
G0 X113.583 Y110.76
G1 F3000 X100.761 Y123.582 E255.44403
G1 X100.691 Y123.652
G0 F7200 X100.91 Y123.652
G0 X100.91 Y122.074
G0 X100.76 Y122.074
G1 F3000 X107.926 Y129.24 E255.57112
G1 X107.996 Y129.31
G0 F7200 X107.996 Y129.09
G0 X106.416 Y129.09
G0 X106.416 Y129.24
G1 F3000 X119.239 Y116.417 E255.79853
G1 X119.309 Y116.347
G0 F7200 X119.09 Y116.347
G0 X119.09 Y112.269
G0 X119.24 Y112.269
G1 F3000 X117.731 Y110.76 E255.82529
G1 X117.661 Y110.69
G0 F7200 X117.661 Y110.91
G0 X119.12 Y110.88
G0 X119.239 Y110.76
G1 F3000 X100.761 Y129.239 E256.153
G1 X100.691 Y129.309
G0 F7200 X100.88 Y129.12
G0 X100.91 Y127.73
G0 X100.76 Y127.73
G1 F3000 X102.27 Y129.24 E256.17978
G1 X102.34 Y129.31
G0 F7200 X102.34 Y129.09
G0 X100.91 Y112.268
G0 X100.761 Y112.268
G1 F3000 X102.269 Y110.76 E256.20653
G1 X102.339 Y110.69
G0 F7200 X102.339 Y110.91
G0 X106.417 Y110.91
G0 X106.417 Y110.76
G1 F3000 X106.9 Y111.243 E256.21509
G0 F7200 X106.751 Y111.243
G0 X106.825 Y112.734
G0 X117.223 Y121.297
G0 X117.918 Y121.056
;TYPE:WALL-INNER
G1 F3000 X117.613 Y120.858 E256.21965
G1 X117.497 Y120.665 E256.22248
G1 X117.46 Y120.488 E256.22475
G1 X117.462 Y118.718 E256.24694
G1 X117.538 Y118.479 E256.25009
G1 X117.699 Y118.296 E256.25314
G1 X117.829 Y118.222 E256.25502
G1 X118.06 Y118.176 E256.25797
G1 X119.4 Y118.176 E256.27478
G1 X119.4 Y110.6 E256.36978
G1 X111.931 Y110.6 E256.46345
G1 X111.928 Y111.898 E256.47972
G1 X111.881 Y112.132 E256.48272
G1 X111.681 Y112.382 E256.48673
G1 X111.373 Y112.495 E256.49085
G1 X109.536 Y112.486 E256.51388
G1 X107.597 Y112.493 E256.5382
G1 X107.298 Y112.375 E256.54223
G1 X107.156 Y112.223 E256.54484
G1 X107.06 Y111.896 E256.54911
G1 X107.06 Y110.6 E256.56536
G1 X100.6 Y110.6 E256.64638
G1 X100.6 Y129.4 E256.88213
G1 X119.4 Y129.4 E257.11789
G1 X119.4 Y121.056 E257.22253
G1 X117.918 Y121.056 E257.24112
G0 F7200 X118.013 Y120.656
;TYPE:WALL-OUTER
G1 F1500 X117.894 Y120.569 E257.24296
G1 X117.862 Y120.486 E257.24408
G1 X117.86 Y118.734 E257.26605
G1 X118.003 Y118.576 E257.26872
G1 X119.8 Y118.576 E257.29126
G1 X119.8 Y110.2 E257.3963
G1 X111.532 Y110.2 E257.49998
G1 X111.528 Y111.959 E257.52204
G1 X111.402 Y112.096 E257.52437
G1 X109.626 Y112.09 E257.54664
G1 F1621.6 X109.552 Y111.901 E257.549
G1 X109.478 Y112.09 E257.55135
G1 F1500 X107.616 Y112.092 E257.5747
G1 X107.514 Y112.034 E257.57617
G1 X107.46 Y111.946 E257.57747
G1 X107.46 Y110.2 E257.59936
G1 X100.2 Y110.2 E257.69041
G1 X100.2 Y129.8 E257.9362
G1 X119.8 Y129.8 E258.18199
G1 X119.8 Y120.656 E258.29666
G1 X118.013 Y120.656 E258.31907
G0 F7200 X117.894 Y120.569
G0 X117.875 Y120.52
G0 X117.152 Y120.519
G0 X109.551 Y112.805
G0 X109.552 Y111.901
G1 F1764.7 X109.554 Y110.106 E258.3382
G1 F1500 E251.8382
;MESH:NONMESH
G0 F600 X109.554 Y110.106 Z8.7
G0 F7200 X107.236 Y110.424
G0 X100.91 Y110.88
G0 X100.76 Y110.76
;TIME_ELAPSED:647.148037
;LAYER:42
;TYPE:FILL
;MESH:xyzCalibration_cube.glb
G1 F1500 E258.3382
G1 F3000 X119.24 Y129.24 E258.66594
G1 X119.31 Y129.31
G0 F7200 X119.12 Y129.12
G0 X117.73 Y129.09
G0 X117.73 Y129.24
G1 F3000 X119.24 Y127.73 E258.69272
G1 X119.31 Y127.66
G0 F7200 X119.09 Y127.66
G0 X119.09 Y123.583
G0 X119.24 Y123.583
G1 F3000 X108.31 Y112.653 E258.88656
G1 X108.24 Y112.583
G0 F7200 X108.24 Y112.806
G0 X106.936 Y112.734
G0 X106.862 Y111.674
G0 X107.011 Y111.674
G1 F3000 X100.761 Y117.925 E258.99741
G1 X100.691 Y117.995
G0 F7200 X100.91 Y117.995
G0 X100.91 Y116.417
G0 X100.76 Y116.417
G1 F3000 X113.583 Y129.24 E259.22483
G1 X113.653 Y129.31
G0 F7200 X113.653 Y129.09
G0 X112.073 Y129.09
G0 X112.073 Y129.24
G1 F3000 X119.24 Y122.073 E259.35193
G1 X119.31 Y122.003
G0 F7200 X119.09 Y122.003
G0 X117.223 Y121.295
G0 X117.224 Y117.938
G0 X119.09 Y117.926
G0 X119.24 Y117.926
G1 F3000 X112.074 Y110.76 E259.47902
G1 X112.004 Y110.69
G0 F7200 X112.086 Y110.88
G0 X113.582 Y110.91
G0 X113.582 Y110.76
G1 F3000 X100.761 Y123.582 E259.7064
G1 X100.691 Y123.652
G0 F7200 X100.91 Y123.652
G0 X100.91 Y122.074
G0 X100.76 Y122.074
G1 F3000 X107.926 Y129.24 E259.83349
G1 X107.996 Y129.31
G0 F7200 X107.996 Y129.09
G0 X106.416 Y129.09
G0 X106.416 Y129.24
G1 F3000 X119.239 Y116.417 E260.0609
G1 X119.309 Y116.347
G0 F7200 X119.09 Y116.347
G0 X119.09 Y112.269
G0 X119.24 Y112.269
G1 F3000 X117.731 Y110.76 E260.08767
G1 X117.661 Y110.69
G0 F7200 X117.661 Y110.91
G0 X119.12 Y110.88
G0 X119.239 Y110.76
G1 F3000 X100.761 Y129.239 E260.41538
G1 X100.691 Y129.309
G0 F7200 X100.88 Y129.12
G0 X100.91 Y127.73
G0 X100.76 Y127.73
G1 F3000 X102.27 Y129.24 E260.44216
G1 X102.34 Y129.31
G0 F7200 X102.34 Y129.09
G0 X100.91 Y112.268
G0 X100.761 Y112.268
G1 F3000 X102.269 Y110.76 E260.4689
G1 X102.339 Y110.69
G0 F7200 X102.339 Y110.91
G0 X106.417 Y110.91
G0 X106.417 Y110.76
G1 F3000 X107.011 Y111.354 E260.47944
G1 X107.081 Y111.424
G0 F7200 X106.862 Y111.424
G0 X106.936 Y112.734
G0 X117.223 Y121.295
G0 X117.918 Y121.056
;TYPE:WALL-INNER
G1 F3000 X117.613 Y120.858 E260.484
G1 X117.497 Y120.665 E260.48682
G1 X117.46 Y120.488 E260.48909
G1 X117.461 Y118.728 E260.51116
G1 X117.533 Y118.487 E260.51431
G1 X117.631 Y118.356 E260.51636
G1 X117.827 Y118.222 E260.51934
G1 X118.06 Y118.176 E260.52232
G1 X119.4 Y118.176 E260.53912
G1 X119.4 Y110.6 E260.63413
G1 X111.804 Y110.6 E260.72939
G1 X111.804 Y111.896 E260.74564
G1 X111.756 Y112.134 E260.74868
G1 X111.623 Y112.327 E260.75162
G1 X111.491 Y112.424 E260.75368
G1 X111.25 Y112.495 E260.75683
G1 X107.709 Y112.493 E260.80123
G1 X107.412 Y112.377 E260.80523
G1 X107.208 Y112.103 E260.80952
G1 X107.172 Y111.898 E260.81213
G1 X107.169 Y110.6 E260.8284
G1 X100.6 Y110.6 E260.91078
G1 X100.6 Y129.4 E261.14654
G1 X119.4 Y129.4 E261.3823
G1 X119.4 Y121.056 E261.48694
G1 X117.918 Y121.056 E261.50552
G0 F7200 X118.013 Y120.656
;TYPE:WALL-OUTER
G1 F1500 X117.894 Y120.569 E261.50737
G1 X117.862 Y120.486 E261.50848
G1 X117.86 Y118.701 E261.53087
G1 X117.999 Y118.576 E261.53321
G1 X119.8 Y118.576 E261.5558
G1 X119.8 Y110.2 E261.66084
G1 X111.404 Y110.2 E261.76613
G1 X111.404 Y111.956 E261.78815
G1 X111.323 Y112.058 E261.78978
G1 X111.22 Y112.096 E261.79116
G1 X107.728 Y112.092 E261.83495
G1 X107.627 Y112.035 E261.8364
G1 X107.572 Y111.946 E261.83771
G1 X107.568 Y110.2 E261.85961
G1 X100.2 Y110.2 E261.95201
G1 X100.2 Y129.8 E262.1978
G1 X119.8 Y129.8 E262.44359
G1 X119.8 Y120.656 E262.55826
G1 X118.013 Y120.656 E262.58067
G0 F7200 X117.894 Y120.569
G0 X117.875 Y120.52
G0 X116.852 Y120.519
;MESH:NONMESH
G0 F600 X116.852 Y120.519 Z8.9
G0 F7200 X100.88 Y110.88
G0 X100.76 Y110.76
;TIME_ELAPSED:657.590950
;LAYER:43
;TYPE:FILL
;MESH:xyzCalibration_cube.glb
G1 F3000 X119.24 Y129.24 E262.90841
G1 X119.31 Y129.31
G0 F7200 X119.12 Y129.12
G0 X117.73 Y129.09
G0 X117.73 Y129.24
G1 F3000 X119.24 Y127.73 E262.93519
G1 X119.31 Y127.66
G0 F7200 X119.09 Y127.66
G0 X119.09 Y123.583
G0 X119.24 Y123.583
G1 F3000 X108.31 Y112.653 E263.12903
G1 X108.24 Y112.583
G0 F7200 X108.24 Y112.807
G0 X107.047 Y112.735
G0 X106.973 Y111.563
G0 X107.122 Y111.563
G1 F3000 X100.761 Y117.925 E263.24185
G1 X100.691 Y117.995
G0 F7200 X100.91 Y117.995
G0 X100.91 Y116.417
G0 X100.76 Y116.417
G1 F3000 X113.583 Y129.24 E263.46926
G1 X113.653 Y129.31
G0 F7200 X113.653 Y129.09
G0 X112.073 Y129.09
G0 X112.073 Y129.24
G1 F3000 X119.24 Y122.073 E263.59636
G1 X119.31 Y122.003
G0 F7200 X119.09 Y122.003
G0 X117.223 Y121.293
G0 X117.224 Y117.936
G0 X119.09 Y117.926
G0 X119.24 Y117.926
G1 F3000 X112.074 Y110.76 E263.72345
G1 X112.004 Y110.69
G0 F7200 X112.004 Y110.91
G0 X113.583 Y110.91
G0 X113.583 Y110.76
G1 F3000 X100.761 Y123.582 E263.95085
G1 X100.691 Y123.652
G0 F7200 X100.91 Y123.652
G0 X100.91 Y122.074
G0 X100.76 Y122.074
G1 F3000 X107.926 Y129.24 E264.07793
G1 X107.996 Y129.31
G0 F7200 X107.996 Y129.09
G0 X106.416 Y129.09
G0 X106.416 Y129.24
G1 F3000 X119.239 Y116.417 E264.30535
G1 X119.309 Y116.347
G0 F7200 X119.09 Y116.347
G0 X119.09 Y112.269
G0 X119.24 Y112.269
G1 F3000 X117.731 Y110.76 E264.33211
G1 X117.661 Y110.69
G0 F7200 X117.661 Y110.91
G0 X119.12 Y110.88
G0 X119.239 Y110.76
G1 F3000 X100.761 Y129.239 E264.65982
G1 X100.691 Y129.309
G0 F7200 X100.88 Y129.12
G0 X100.91 Y127.73
G0 X100.76 Y127.73
G1 F3000 X102.27 Y129.24 E264.6866
G1 X102.34 Y129.31
G0 F7200 X102.34 Y129.09
G0 X100.91 Y112.268
G0 X100.761 Y112.268
G1 F3000 X102.269 Y110.76 E264.71334
G1 X102.339 Y110.69
G0 F7200 X102.339 Y110.91
G0 X106.417 Y110.91
G0 X106.417 Y110.76
G1 F3000 X107.123 Y111.466 E264.72587
G1 X107.193 Y111.536
G0 F7200 X106.973 Y111.536
G0 X107.047 Y112.735
G0 X117.223 Y121.293
G0 X117.918 Y121.052
;TYPE:WALL-INNER
G1 F3000 X117.613 Y120.854 E264.73043
G1 X117.525 Y120.725 E264.73238
G1 X117.46 Y120.484 E264.73551
G1 X117.461 Y118.727 E264.75755
G1 X117.53 Y118.49 E264.76064
G1 X117.623 Y118.36 E264.76265
G1 X117.828 Y118.218 E264.76577
G1 X118.06 Y118.172 E264.76874
G1 X119.4 Y118.172 E264.78554
G1 X119.4 Y110.6 E264.8805
G1 X111.679 Y110.6 E264.97732
G1 X111.676 Y111.898 E264.9936
G1 X111.627 Y112.136 E264.99665
G1 X111.539 Y112.279 E264.99875
G1 X111.366 Y112.422 E265.00157
G1 X111.131 Y112.494 E265.00465
G1 X107.821 Y112.493 E265.04616
G1 X107.527 Y112.379 E265.05011
G1 X107.322 Y112.107 E265.05439
G1 X107.284 Y111.898 E265.05705
G1 X107.281 Y110.6 E265.07333
G1 X100.6 Y110.6 E265.15711
G1 X100.6 Y129.4 E265.39287
G1 X119.4 Y129.4 E265.62863
G1 X119.4 Y121.052 E265.73331
G1 X117.918 Y121.052 E265.7519
G0 F7200 X118.013 Y120.652
;TYPE:WALL-OUTER
G1 F1500 X117.894 Y120.565 E265.75375
G1 X117.862 Y120.482 E265.75486
G1 X117.86 Y118.699 E265.77722
G1 X117.998 Y118.572 E265.77957
G1 X119.8 Y118.572 E265.80217
G1 X119.8 Y110.2 E265.90716
G1 X111.28 Y110.2 E266.014
G1 X111.276 Y111.897 E266.03529
G1 X111.231 Y112.024 E266.03698
G1 X111.095 Y112.096 E266.0389
G1 X107.863 Y112.095 E266.07944
G1 X107.765 Y112.057 E266.08075
G1 X107.684 Y111.952 E266.08242
G1 X107.68 Y110.2 E266.10439
G1 X100.2 Y110.2 E266.19819
G1 X100.2 Y129.8 E266.44398
G1 X119.8 Y129.8 E266.68977
G1 X119.8 Y120.652 E266.80449
G1 X118.013 Y120.652 E266.8269
G0 F7200 X117.894 Y120.565
G0 X117.875 Y120.516
G0 X116.852 Y120.515
;MESH:NONMESH
G0 F600 X116.852 Y120.515 Z9.1
G0 F7200 X100.88 Y110.88
G0 X100.76 Y110.76
;TIME_ELAPSED:667.776330
;LAYER:44
;TYPE:FILL
;MESH:xyzCalibration_cube.glb
G1 F3000 X119.24 Y129.24 E267.15464
G1 X119.31 Y129.31
G0 F7200 X119.12 Y129.12
G0 X117.73 Y129.09
G0 X117.73 Y129.24
G1 F3000 X119.24 Y127.73 E267.18142
G1 X119.31 Y127.66
G0 F7200 X119.09 Y127.66
G0 X119.09 Y123.583
G0 X119.24 Y123.583
G1 F3000 X108.31 Y112.653 E267.37526
G1 X108.24 Y112.583
G0 F7200 X108.24 Y112.807
G0 X107.158 Y112.735
G0 X107.084 Y111.575
G0 X107.232 Y111.575
G1 F3000 X106.417 Y110.76 E267.38971
G1 X106.347 Y110.69
G0 F7200 X106.347 Y110.91
G0 X107.084 Y111.453
G0 X107.232 Y111.453
G1 F3000 X100.761 Y117.925 E267.50448
G1 X100.691 Y117.995
G0 F7200 X100.91 Y117.995
G0 X100.91 Y116.417
G0 X100.76 Y116.417
G1 F3000 X113.583 Y129.24 E267.7319
G1 X113.653 Y129.31
G0 F7200 X113.653 Y129.09
G0 X112.073 Y129.09
G0 X112.073 Y129.24
G1 F3000 X119.24 Y122.073 E267.859
G1 X119.31 Y122.003
G0 F7200 X119.09 Y122.003
G0 X117.223 Y121.291
G0 X117.224 Y117.934
G0 X119.09 Y117.926
G0 X119.24 Y117.926
G1 F3000 X112.074 Y110.76 E267.98609
G1 X112.004 Y110.69
G0 F7200 X112.004 Y110.91
G0 X113.582 Y110.91
G0 X113.582 Y110.76
G1 F3000 X100.761 Y123.582 E268.21348
G1 X100.691 Y123.652
G0 F7200 X100.91 Y123.652
G0 X100.91 Y122.074
G0 X100.76 Y122.074
G1 F3000 X107.926 Y129.24 E268.34056
G1 X107.996 Y129.31
G0 F7200 X107.996 Y129.09
G0 X106.416 Y129.09
G0 X106.416 Y129.24
G1 F3000 X119.239 Y116.417 E268.56798
G1 X119.309 Y116.347
G0 F7200 X119.09 Y116.347
G0 X119.09 Y112.269
G0 X119.24 Y112.269
G1 F3000 X117.731 Y110.76 E268.59474
G1 X117.661 Y110.69
G0 F7200 X117.661 Y110.91
G0 X119.12 Y110.88
G0 X119.239 Y110.76
G1 F3000 X100.761 Y129.239 E268.92245
G1 X100.691 Y129.309
G0 F7200 X100.88 Y129.12
G0 X100.91 Y127.73
G0 X100.76 Y127.73
G1 F3000 X102.27 Y129.24 E268.94923
G1 X102.34 Y129.31
G0 F7200 X102.34 Y129.09
G0 X100.91 Y112.268
G0 X100.761 Y112.268
G1 F3000 X102.269 Y110.76 E268.97597
G1 X102.339 Y110.69
G0 F7200 X102.339 Y110.91
G0 X117.223 Y121.291
G0 X117.918 Y121.052
;TYPE:WALL-INNER
G1 F3000 X117.613 Y120.854 E268.98053
G1 X117.525 Y120.725 E268.98249
G1 X117.46 Y120.484 E268.98562
G1 X117.461 Y118.727 E269.00765
G1 X117.527 Y118.495 E269.01068
G1 X117.615 Y118.368 E269.01262
G1 X117.828 Y118.218 E269.01588
G1 X118.06 Y118.172 E269.01885
G1 X119.4 Y118.172 E269.03565
G1 X119.4 Y110.6 E269.13061
G1 X111.551 Y110.6 E269.22904
G1 X111.548 Y112.024 E269.2469
G1 X111.42 Y112.268 E269.25035
G1 X111.306 Y112.378 E269.25234
G1 X111.03 Y112.496 E269.2561
G1 X107.929 Y112.493 E269.29499
G1 X107.637 Y112.381 E269.29891
G1 X107.431 Y112.11 E269.30318
G1 X107.392 Y111.896 E269.30591
G1 X107.392 Y110.6 E269.32216
G1 X100.6 Y110.6 E269.40734
G1 X100.6 Y129.4 E269.64309
G1 X119.4 Y129.4 E269.87885
G1 X119.4 Y121.052 E269.98354
G1 X117.918 Y121.052 E270.00213
G0 F7200 X118.013 Y120.652
;TYPE:WALL-OUTER
G1 F1500 X117.894 Y120.565 E270.00397
G1 X117.862 Y120.482 E270.00509
G1 X117.86 Y118.757 E270.02672
G1 X117.904 Y118.645 E270.02823
G1 X118.002 Y118.572 E270.02976
G1 X119.8 Y118.572 E270.05231
G1 X119.8 Y110.2 E270.1573
G1 X111.152 Y110.2 E270.26575
G1 X111.148 Y111.94 E270.28757
G1 X111.068 Y112.057 E270.28935
G1 X110.987 Y112.093 E270.29046
G1 X107.971 Y112.095 E270.32828
G1 X107.873 Y112.058 E270.32959
G1 X107.792 Y111.951 E270.33128
G1 X107.792 Y110.2 E270.35323
G1 X100.2 Y110.2 E270.44844
G1 X100.2 Y129.8 E270.69423
G1 X119.8 Y129.8 E270.94002
G1 X119.8 Y120.652 E271.05474
G1 X118.013 Y120.652 E271.07715
G0 F7200 X117.894 Y120.565
G0 X117.875 Y120.516
G0 X116.852 Y120.515
;MESH:NONMESH
G0 F600 X116.852 Y120.515 Z9.3
G0 F7200 X100.88 Y110.88
G0 X100.761 Y110.761
;TIME_ELAPSED:677.940192
;LAYER:45
;TYPE:FILL
;MESH:xyzCalibration_cube.glb
G1 F3000 X119.24 Y129.24 E271.40487
G1 X119.31 Y129.31
G0 F7200 X119.12 Y129.12
G0 X117.73 Y129.09
G0 X117.73 Y129.24
G1 F3000 X119.239 Y127.73 E271.43164
G1 X119.309 Y127.66
G0 F7200 X119.09 Y127.66
G0 X119.09 Y123.583
G0 X119.24 Y123.583
G1 F3000 X108.31 Y112.653 E271.62548
G1 X108.24 Y112.583
G0 F7200 X108.24 Y112.807
G0 X107.269 Y112.735
G0 X107.195 Y111.688
G0 X107.344 Y111.688
G1 F3000 X106.417 Y110.76 E271.64193
G1 X106.347 Y110.69
G0 F7200 X106.347 Y110.91
G0 X107.195 Y111.342
G0 X107.344 Y111.342
G1 F3000 X100.761 Y117.924 E271.75867
G1 X100.691 Y117.994
G0 F7200 X100.91 Y117.994
G0 X100.91 Y116.417
G0 X100.761 Y116.417
G1 F3000 X113.583 Y129.24 E271.98608
G1 X113.653 Y129.31
G0 F7200 X113.653 Y129.09
G0 X112.073 Y129.09
G0 X112.073 Y129.24
G1 F3000 X119.239 Y122.074 E272.11316
G1 X119.309 Y122.004
G0 F7200 X119.09 Y122.004
G0 X117.224 Y121.289
G0 X117.225 Y117.931
G0 X119.09 Y117.926
G0 X119.24 Y117.926
G1 F3000 X112.074 Y110.76 E272.24025
G1 X112.004 Y110.69
G0 F7200 X112.004 Y110.91
G0 X113.583 Y110.91
G0 X113.583 Y110.76
G1 F3000 X100.761 Y123.581 E272.46764
G1 X100.691 Y123.651
G0 F7200 X100.91 Y123.651
G0 X100.91 Y122.074
G0 X100.761 Y122.074
G1 F3000 X107.926 Y129.24 E272.59472
G1 X107.996 Y129.31
G0 F7200 X107.996 Y129.09
G0 X106.416 Y129.09
G0 X106.416 Y129.24
G1 F3000 X119.24 Y116.416 E272.82215
G1 X119.31 Y116.346
G0 F7200 X119.09 Y116.346
G0 X119.09 Y112.269
G0 X119.24 Y112.269
G1 F3000 X117.731 Y110.76 E272.84891
G1 X117.661 Y110.69
G0 F7200 X117.661 Y110.91
G0 X119.12 Y110.88
G0 X119.239 Y110.76
G1 F3000 X100.761 Y129.238 E273.17661
G1 X100.691 Y129.308
G0 F7200 X100.88 Y129.12
G0 X100.91 Y127.731
G0 X100.761 Y127.731
G1 F3000 X102.27 Y129.24 E273.20337
G1 X102.34 Y129.31
G0 F7200 X102.34 Y129.09
G0 X100.91 Y112.267
G0 X100.761 Y112.267
G1 F3000 X102.268 Y110.76 E273.2301
G1 X102.338 Y110.69
G0 F7200 X102.338 Y110.91
G0 X117.224 Y121.289
G0 X117.918 Y121.048
;TYPE:WALL-INNER
G1 F3000 X117.613 Y120.85 E273.23466
G1 X117.525 Y120.721 E273.23662
G1 X117.46 Y120.481 E273.23974
G1 X117.462 Y118.708 E273.26197
G1 X117.591 Y118.392 E273.26625
G1 X117.828 Y118.214 E273.26997
G1 X118.06 Y118.168 E273.27293
G1 X119.4 Y118.168 E273.28974
G1 X119.4 Y110.6 E273.38464
G1 X111.424 Y110.6 E273.48466
G1 X111.424 Y111.896 E273.50092
G1 X111.347 Y112.192 E273.50475
G1 X111.222 Y112.346 E273.50724
G1 X110.945 Y112.496 E273.51119
G1 X108.042 Y112.493 E273.54759
G1 X107.752 Y112.383 E273.55148
G1 X107.544 Y112.114 E273.55575
G1 X107.504 Y111.896 E273.55853
G1 X107.504 Y110.6 E273.57478
G1 X100.601 Y110.601 E273.66135
G1 X100.6 Y129.4 E273.89709
G1 X119.4 Y129.4 E274.13285
G1 X119.4 Y121.048 E274.23759
G1 X117.918 Y121.048 E274.25617
G0 F7200 X118.013 Y120.648
;TYPE:WALL-OUTER
G1 F1500 X117.894 Y120.561 E274.25802
G1 X117.862 Y120.478 E274.25914
G1 X117.86 Y118.748 E274.28083
G1 X117.903 Y118.642 E274.28227
G1 X118.002 Y118.568 E274.28382
G1 X119.8 Y118.568 E274.30636
G1 X119.8 Y110.2 E274.4113
G1 X111.024 Y110.2 E274.52136
G1 X111.024 Y111.978 E274.54365
G1 X110.855 Y112.094 E274.54622
G1 X108.083 Y112.095 E274.58099
G1 X107.986 Y112.059 E274.58228
G1 X107.904 Y111.952 E274.58397
G1 X107.904 Y110.2 E274.60594
G1 X100.201 Y110.201 E274.70254
G1 X100.2 Y129.8 E274.94832
G1 X119.8 Y129.8 E275.19411
G1 X119.8 Y120.648 E275.30888
G1 X118.013 Y120.648 E275.33129
G0 F7200 X117.894 Y120.561
G0 X117.875 Y120.512
G0 X116.853 Y120.511
;MESH:NONMESH
G0 F600 X116.853 Y120.511 Z9.5
G0 F7200 X100.88 Y110.88
G0 X100.76 Y110.76
;TIME_ELAPSED:688.109125
;LAYER:46
;TYPE:FILL
;MESH:xyzCalibration_cube.glb
G1 F3000 X119.24 Y129.24 E275.65903
G1 X119.31 Y129.31
G0 F7200 X119.12 Y129.12
G0 X117.73 Y129.09
G0 X117.73 Y129.24
G1 F3000 X119.239 Y127.73 E275.6858
G1 X119.309 Y127.66
G0 F7200 X119.09 Y127.66
G0 X119.09 Y123.583
G0 X119.24 Y123.583
G1 F3000 X108.31 Y112.653 E275.87964
G1 X108.24 Y112.583
G0 F7200 X108.24 Y112.807
G0 X107.38 Y112.735
G0 X107.307 Y111.799
G0 X107.456 Y111.799
G1 F3000 X106.417 Y110.76 E275.89807
G1 X106.347 Y110.69
G0 F7200 X106.347 Y110.91
G0 X107.306 Y111.231
G0 X107.454 Y111.231
G1 F3000 X100.761 Y117.925 E276.01678
G1 X100.691 Y117.995
G0 F7200 X100.91 Y117.995
G0 X100.91 Y116.417
G0 X100.76 Y116.417
G1 F3000 X113.583 Y129.24 E276.24419
G1 X113.653 Y129.31
G0 F7200 X113.653 Y129.09
G0 X112.073 Y129.09
G0 X112.073 Y129.24
G1 F3000 X119.239 Y122.074 E276.37128
G1 X119.309 Y122.004
G0 F7200 X119.09 Y122.004
G0 X117.224 Y121.38
G0 X117.225 Y117.822
G0 X119.12 Y117.778
G0 X119.21 Y117.896
G1 F3000 X112.074 Y110.76 E276.49783
G1 X112.004 Y110.69
G0 F7200 X112.004 Y110.91
G0 X113.582 Y110.91
G0 X113.582 Y110.76
G1 F3000 X100.761 Y123.582 E276.72522
G1 X100.691 Y123.652
G0 F7200 X100.91 Y123.652
G0 X100.91 Y122.074
G0 X100.76 Y122.074
G1 F3000 X107.926 Y129.24 E276.85231
G1 X107.996 Y129.31
G0 F7200 X107.996 Y129.09
G0 X106.416 Y129.09
G0 X106.416 Y129.24
G1 F3000 X117.449 Y118.207 E277.04797
G0 F7200 X117.614 Y118.042
G1 F3000 X119.239 Y116.417 E277.07679
G1 X119.309 Y116.347
G0 F7200 X119.09 Y116.347
G0 X119.09 Y112.269
G0 X119.24 Y112.269
G1 F3000 X117.731 Y110.76 E277.10355
G1 X117.661 Y110.69
G0 F7200 X117.661 Y110.91
G0 X119.12 Y110.88
G0 X119.239 Y110.76
G1 F3000 X100.761 Y129.239 E277.43127
G1 X100.691 Y129.309
G0 F7200 X100.88 Y129.12
G0 X100.91 Y127.73
G0 X100.76 Y127.73
G1 F3000 X102.27 Y129.24 E277.45804
G1 X102.34 Y129.31
G0 F7200 X102.34 Y129.09
G0 X100.91 Y112.268
G0 X100.761 Y112.268
G1 F3000 X102.269 Y110.76 E277.48479
G1 X102.339 Y110.69
G0 F7200 X102.339 Y110.91
G0 X117.224 Y121.38
G0 X117.755 Y121.062
;TYPE:WALL-INNER
G1 F3000 X117.614 Y120.947 E277.48707
G1 X117.465 Y120.628 E277.49149
G1 X117.462 Y118.597 E277.51696
G1 X117.584 Y118.29 E277.5211
G1 X117.831 Y118.101 E277.525
G1 X118.06 Y118.056 E277.52793
G1 X119.4 Y118.056 E277.54473
G1 X119.4 Y110.6 E277.63823
G1 X111.299 Y110.6 E277.73982
G1 X111.296 Y111.898 E277.7561
G1 X111.219 Y112.192 E277.75991
G1 X111.099 Y112.341 E277.76231
G1 X110.83 Y112.494 E277.76619
G1 X108.154 Y112.493 E277.79975
G1 X107.867 Y112.385 E277.80359
G1 X107.658 Y112.118 E277.80784
G1 X107.616 Y111.898 E277.81065
G1 X107.613 Y110.6 E277.82693
G1 X100.6 Y110.6 E277.91488
G1 X100.6 Y129.4 E278.15063
G1 X119.4 Y129.4 E278.38639
G1 X119.4 Y121.147 E278.48989
G1 X118.058 Y121.144 E278.50672
G1 X117.755 Y121.062 E278.51066
G0 F7200 X118.012 Y120.744
;TYPE:WALL-OUTER
G1 F1500 X117.911 Y120.679 E278.51216
G1 X117.861 Y120.572 E278.51364
G1 X117.86 Y118.636 E278.53792
G1 X117.901 Y118.534 E278.5393
G1 X118.003 Y118.456 E278.54091
G1 X119.8 Y118.456 E278.56344
G1 X119.8 Y110.2 E278.66698
G1 X110.9 Y110.2 E278.77859
G1 X110.896 Y111.976 E278.80086
G1 X110.741 Y112.096 E278.80332
G1 X108.195 Y112.095 E278.83524
G1 X108.075 Y112.039 E278.83691
G1 X108.016 Y111.949 E278.83825
G1 X108.012 Y110.2 E278.86019
G1 X100.2 Y110.2 E278.95815
G1 X100.2 Y129.8 E279.20394
G1 X119.8 Y129.8 E279.44974
G1 X119.8 Y120.748 E279.56325
G1 X118.012 Y120.744 E279.58567
G0 F7200 X117.911 Y120.679
G0 X117.878 Y120.607
G0 X116.853 Y120.606
;MESH:NONMESH
G0 F600 X116.853 Y120.606 Z9.7
G0 F7200 X100.88 Y110.88
G0 X100.76 Y110.76
;TIME_ELAPSED:698.292823
;LAYER:47
;TYPE:FILL
;MESH:xyzCalibration_cube.glb
G1 F3000 X119.24 Y129.24 E279.91341
G1 X119.31 Y129.31
G0 F7200 X119.12 Y129.12
G0 X117.73 Y129.09
G0 X117.73 Y129.24
G1 F3000 X119.24 Y127.73 E279.94019
G1 X119.31 Y127.66
G0 F7200 X119.09 Y127.66
G0 X119.09 Y123.583
G0 X119.24 Y123.583
G1 F3000 X108.309 Y112.652 E280.13405
G1 X108.239 Y112.582
G0 F7200 X107.572 Y111.915
G1 F3000 X106.417 Y110.76 E280.15453
G1 X106.347 Y110.69
G0 F7200 X106.347 Y110.91
G0 X107.417 Y111.12
G0 X107.566 Y111.12
G1 F3000 X100.761 Y117.925 E280.27522
G1 X100.691 Y117.995
G0 F7200 X100.91 Y117.995
G0 X100.91 Y116.417
G0 X100.76 Y116.417
G1 F3000 X113.583 Y129.239 E280.50262
G1 X113.653 Y129.309
G0 F7200 X113.653 Y129.09
G0 X112.073 Y129.09
G0 X112.073 Y129.24
G1 F3000 X119.24 Y122.073 E280.62973
G1 X119.31 Y122.003
G0 F7200 X119.09 Y122.003
G0 X117.224 Y121.495
G0 X117.153 Y118.322
G0 X117.333 Y118.323
G1 F3000 X106.416 Y129.24 E280.82334
G1 X106.346 Y129.31
G0 F7200 X106.346 Y129.09
G0 X107.926 Y129.09
G0 X107.926 Y129.239
G1 F3000 X100.761 Y122.074 E280.95041
G1 X100.691 Y122.004
G0 F7200 X100.91 Y122.004
G0 X100.91 Y123.581
G0 X100.761 Y123.581
G1 F3000 X113.582 Y110.76 E281.17779
G1 X113.652 Y110.69
G0 F7200 X113.652 Y110.91
G0 X112.074 Y110.91
G0 X112.074 Y110.76
G1 F3000 X119.09 Y117.776 E281.30221
G1 X119.16 Y117.846
G0 F7200 X119.16 Y117.628
G0 X117.836 Y117.629
G0 X117.836 Y117.82
G1 F3000 X119.24 Y116.416 E281.32711
G1 X119.31 Y116.346
G0 F7200 X119.09 Y116.346
G0 X119.09 Y112.269
G0 X119.24 Y112.269
G1 F3000 X117.731 Y110.76 E281.35387
G1 X117.661 Y110.69
G0 F7200 X117.661 Y110.91
G0 X119.12 Y110.88
G0 X119.239 Y110.76
G1 F3000 X100.761 Y129.238 E281.68158
G1 X100.691 Y129.308
G0 F7200 X100.88 Y129.12
G0 X100.91 Y127.731
G0 X100.761 Y127.731
G1 F3000 X102.269 Y129.239 E281.70832
G1 X102.339 Y129.309
G0 F7200 X102.339 Y129.09
G0 X100.91 Y112.268
G0 X100.761 Y112.268
G1 F3000 X102.269 Y110.76 E281.73506
G1 X102.339 Y110.69
G0 F7200 X102.339 Y110.91
G0 X117.224 Y121.495
G0 X117.758 Y121.176
;TYPE:WALL-INNER
G1 F3000 X117.615 Y121.06 E281.73737
G1 X117.464 Y120.734 E281.74188
G1 X117.462 Y118.479 E281.77016
G1 X117.572 Y118.185 E281.77409
G1 X117.835 Y117.979 E281.77828
G1 X118.06 Y117.936 E281.78116
G1 X119.4 Y117.936 E281.79796
G1 X119.4 Y110.6 E281.88996
G1 X111.172 Y110.6 E281.99314
G1 X111.172 Y111.896 E282.00939
G1 X111.095 Y112.192 E282.01323
G1 X110.979 Y112.338 E282.01557
G1 X110.644 Y112.492 E282.02019
G1 X108.267 Y112.493 E282.05
G1 X107.981 Y112.387 E282.05382
G1 X107.771 Y112.121 E282.05807
G1 X107.728 Y111.898 E282.06092
G1 X107.725 Y110.6 E282.0772
G1 X100.6 Y110.6 E282.16655
G1 X100.601 Y129.399 E282.40229
G1 X119.4 Y129.4 E282.63804
G1 X119.4 Y121.259 E282.74013
G1 X118.058 Y121.256 E282.75696
G1 X117.758 Y121.176 E282.76085
G0 F7200 X118.059 Y120.856
;TYPE:WALL-OUTER
G1 F1500 X117.911 Y120.791 E282.76288
G1 X117.861 Y120.682 E282.76439
G1 X117.86 Y118.517 E282.79154
G1 X117.899 Y118.416 E282.79289
G1 X118.003 Y118.336 E282.79454
G1 X119.8 Y118.336 E282.81707
G1 X119.8 Y110.2 E282.9191
G1 X110.772 Y110.2 E283.03232
G1 X110.772 Y111.972 E283.05454
G1 X110.64 Y112.095 E283.0568
G1 X108.285 Y112.092 E283.08633
G1 X108.188 Y112.04 E283.08771
G1 X108.128 Y111.95 E283.08907
G1 X108.124 Y110.2 E283.11102
G1 X100.2 Y110.2 E283.21039
G1 X100.201 Y129.799 E283.45616
G1 X119.8 Y129.8 E283.70194
G1 X119.8 Y120.86 E283.81405
G1 X118.059 Y120.856 E283.83589
G0 F7200 X117.911 Y120.791
G0 X117.896 Y120.757
G0 X116.853 Y120.756
;MESH:NONMESH
G0 F600 X116.853 Y120.756 Z9.9
G0 F7200 X100.88 Y110.88
G0 X100.76 Y110.76
;TIME_ELAPSED:708.435641
;LAYER:48
;TYPE:FILL
;MESH:xyzCalibration_cube.glb
G1 F3000 X119.24 Y129.24 E284.16363
G1 X119.31 Y129.31
G0 F7200 X119.12 Y129.12
G0 X117.73 Y129.09
G0 X117.73 Y129.24
G1 F3000 X119.24 Y127.73 E284.1904
G1 X119.31 Y127.66
G0 F7200 X119.09 Y127.66
G0 X119.09 Y123.583
G0 X119.24 Y123.583
G1 F3000 X108.296 Y112.639 E284.38449
G1 X108.226 Y112.569
G0 F7200 X107.707 Y112.05
G1 F3000 X106.417 Y110.76 E284.40737
G1 X106.347 Y110.69
G0 F7200 X106.347 Y110.91
G0 X107.528 Y111.009
G0 X107.676 Y111.009
G1 F3000 X100.761 Y117.925 E284.53002
G1 X100.691 Y117.995
G0 F7200 X100.91 Y117.995
G0 X100.91 Y116.417
G0 X100.76 Y116.417
G1 F3000 X113.583 Y129.24 E284.75743
G1 X113.653 Y129.31
G0 F7200 X113.653 Y129.09
G0 X112.073 Y129.09
G0 X112.073 Y129.24
G1 F3000 X119.24 Y122.073 E284.88453
G1 X119.31 Y122.003
G0 F7200 X119.09 Y122.003
G0 X117.223 Y121.607
G0 X117.155 Y118.348
G0 X117.307 Y118.349
G1 F3000 X106.416 Y129.24 E285.07768
G1 X106.346 Y129.31
G0 F7200 X106.346 Y129.09
G0 X107.926 Y129.09
G0 X107.926 Y129.24
G1 F3000 X100.76 Y122.074 E285.20477
G1 X100.69 Y122.004
G0 F7200 X100.91 Y122.004
G0 X100.91 Y123.582
G0 X100.761 Y123.582
G1 F3000 X113.583 Y110.76 E285.43217
G1 X113.653 Y110.69
G0 F7200 X113.653 Y110.91
G0 X112.074 Y110.91
G0 X112.074 Y110.76
G1 F3000 X118.97 Y117.656 E285.55447
G1 X119.04 Y117.726
G0 F7200 X119.04 Y117.508
G0 X117.984 Y117.508
G0 X117.984 Y117.672
G1 F3000 X119.24 Y116.416 E285.57674
G1 X119.31 Y116.346
G0 F7200 X119.09 Y116.346
G0 X119.09 Y112.269
G0 X119.24 Y112.269
G1 F3000 X117.731 Y110.76 E285.6035
G1 X117.661 Y110.69
G0 F7200 X117.661 Y110.91
G0 X119.12 Y110.88
G0 X119.239 Y110.76
G1 F3000 X100.761 Y129.239 E285.93121
G1 X100.691 Y129.309
G0 F7200 X100.88 Y129.12
G0 X100.91 Y127.73
G0 X100.76 Y127.73
G1 F3000 X102.27 Y129.24 E285.95799
G1 X102.34 Y129.31
G0 F7200 X102.34 Y129.09
G0 X100.91 Y112.268
G0 X100.761 Y112.268
G1 F3000 X102.269 Y110.76 E285.98474
G1 X102.339 Y110.69
G0 F7200 X102.339 Y110.91
G0 X117.223 Y121.607
G0 X117.762 Y121.289
;TYPE:WALL-INNER
G1 F3000 X117.616 Y121.173 E285.98708
G1 X117.493 Y120.967 E285.99008
G1 X117.464 Y120.839 E285.99173
G1 X117.466 Y118.359 E286.02283
G1 X117.575 Y118.066 E286.02675
G1 X117.842 Y117.858 E286.03099
G1 X118.064 Y117.816 E286.03383
G1 X119.4 Y117.816 E286.05058
G1 X119.4 Y110.6 E286.14107
G1 X111.047 Y110.6 E286.24582
G1 X111.044 Y112.033 E286.26379
G1 X110.865 Y112.325 E286.26809
G1 X110.653 Y112.459 E286.27123
G1 X110.511 Y112.496 E286.27307
G1 X108.375 Y112.493 E286.29986
G1 X108.092 Y112.388 E286.30365
G1 X107.88 Y112.124 E286.30789
G1 X107.836 Y111.896 E286.3108
G1 X107.836 Y110.6 E286.32706
G1 X100.6 Y110.6 E286.4178
G1 X100.6 Y129.4 E286.65356
G1 X119.4 Y129.4 E286.88932
G1 X119.4 Y121.371 E286.99
G1 X118.058 Y121.368 E287.00683
G1 X117.762 Y121.289 E287.01067
G0 F7200 X118.017 Y120.968
;TYPE:WALL-OUTER
G1 F1500 X117.934 Y120.924 E287.01185
G1 X117.864 Y120.813 E287.0135
G1 X117.864 Y118.397 E287.04379
G1 X117.916 Y118.28 E287.0454
G1 X118.011 Y118.216 E287.04684
G1 X119.8 Y118.216 E287.06927
G1 X119.8 Y110.2 E287.1698
G1 X110.648 Y110.2 E287.28456
G1 X110.644 Y111.897 E287.30585
G1 X110.581 Y112.043 E287.30784
G1 X110.476 Y112.094 E287.3093
G1 X108.385 Y112.095 E287.33553
G1 X108.236 Y111.951 E287.33812
G1 X108.236 Y110.2 E287.36008
G1 X100.2 Y110.2 E287.46086
G1 X100.2 Y129.8 E287.70665
G1 X119.8 Y129.8 E287.95244
G1 X119.8 Y120.972 E288.06315
G1 X118.017 Y120.968 E288.08551
G0 F7200 X117.934 Y120.924
G0 X117.878 Y120.835
G0 X116.852 Y120.834
;MESH:NONMESH
G0 F600 X116.852 Y120.834 Z10.1
G0 F7200 X100.88 Y110.88
G0 X100.76 Y110.76
;TIME_ELAPSED:718.570515
;LAYER:49
;TYPE:FILL
;MESH:xyzCalibration_cube.glb
G1 F3000 X119.24 Y129.24 E288.41324
G1 X119.31 Y129.31
G0 F7200 X119.12 Y129.12
G0 X117.73 Y129.09
G0 X117.73 Y129.24
G1 F3000 X119.24 Y127.73 E288.44002
G1 X119.31 Y127.66
G0 F7200 X119.09 Y127.66
G0 X119.09 Y123.583
G0 X119.24 Y123.583
G1 F3000 X108.212 Y112.555 E288.6356
G0 F7200 X107.846 Y112.189
G1 F3000 X106.417 Y110.76 E288.66095
G1 X106.347 Y110.69
G0 F7200 X106.347 Y110.91
G0 X107.639 Y110.898
G0 X107.788 Y110.898
G1 F3000 X100.761 Y117.925 E288.78557
G1 X100.691 Y117.995
G0 F7200 X100.91 Y117.995
G0 X100.91 Y116.417
G0 X100.76 Y116.417
G1 F3000 X113.583 Y129.24 E289.01298
G1 X113.653 Y129.31
G0 F7200 X113.653 Y129.09
G0 X112.073 Y129.09
G0 X112.073 Y129.24
G1 F3000 X119.24 Y122.073 E289.14009
G1 X119.31 Y122.003
G0 F7200 X119.09 Y122.003
G0 X117.225 Y121.72
G0 X117.154 Y118.349
G0 X117.306 Y118.35
G1 F3000 X106.416 Y129.24 E289.33322
G1 X106.346 Y129.31
G0 F7200 X106.346 Y129.09
G0 X107.926 Y129.09
G0 X107.926 Y129.24
G1 F3000 X100.76 Y122.074 E289.4603
G1 X100.69 Y122.004
G0 F7200 X100.91 Y122.004
G0 X100.91 Y123.582
G0 X100.761 Y123.582
G1 F3000 X113.583 Y110.76 E289.6877
G1 X113.653 Y110.69
G0 F7200 X113.653 Y110.91
G0 X112.074 Y110.91
G0 X112.074 Y110.76
G1 F3000 X118.851 Y117.537 E289.80789
G0 F7200 X118.117 Y117.54
G1 F3000 X119.24 Y116.416 E289.82781
G1 X119.31 Y116.346
G0 F7200 X119.09 Y116.346
G0 X119.09 Y112.269
G0 X119.24 Y112.269
G1 F3000 X117.731 Y110.76 E289.85457
G1 X117.661 Y110.69
G0 F7200 X117.661 Y110.91
G0 X119.12 Y110.88
G0 X119.239 Y110.76
G1 F3000 X100.761 Y129.239 E290.18229
G1 X100.691 Y129.309
G0 F7200 X100.88 Y129.12
G0 X100.91 Y127.73
G0 X100.76 Y127.73
G1 F3000 X102.27 Y129.24 E290.20907
G1 X102.34 Y129.31
G0 F7200 X102.34 Y129.09
G0 X100.91 Y112.268
G0 X100.761 Y112.268
G1 F3000 X102.269 Y110.76 E290.23581
G1 X102.339 Y110.69
G0 F7200 X102.339 Y110.91
G0 X117.225 Y121.72
G0 X117.765 Y121.407
;TYPE:WALL-INNER
G1 F3000 X117.617 Y121.29 E290.23818
G1 X117.492 Y121.079 E290.24125
G1 X117.463 Y120.948 E290.24293
G1 X117.466 Y118.245 E290.27683
G1 X117.558 Y117.976 E290.2804
G1 X117.718 Y117.809 E290.2833
G1 X117.845 Y117.741 E290.2851
G1 X118.062 Y117.7 E290.28787
G1 X119.4 Y117.697 E290.30465
G1 X119.4 Y110.6 E290.39365
G1 X110.919 Y110.6 E290.5
G1 X110.916 Y112.03 E290.51794
G1 X110.744 Y112.318 E290.52214
G1 X110.54 Y112.453 E290.52521
G1 X110.393 Y112.497 E290.52714
G1 X108.488 Y112.493 E290.55103
G1 X108.206 Y112.39 E290.55479
G1 X107.994 Y112.128 E290.55902
G1 X107.948 Y111.896 E290.56198
G1 X107.948 Y110.6 E290.57824
G1 X100.6 Y110.6 E290.67038
G1 X100.6 Y129.4 E290.90614
G1 X119.4 Y129.4 E291.1419
G1 X119.4 Y121.487 E291.24113
G1 X118.058 Y121.484 E291.25796
G1 X117.765 Y121.407 E291.26176
G0 F7200 X118.059 Y121.084
;TYPE:WALL-OUTER
G1 F1500 X117.912 Y121.02 E291.26377
G1 X117.864 Y120.927 E291.26508
G1 X117.864 Y118.237 E291.29882
G1 X117.948 Y118.136 E291.30046
G1 X118.063 Y118.1 E291.30198
G1 X119.8 Y118.096 E291.32376
G1 X119.8 Y110.2 E291.42278
G1 X110.52 Y110.2 E291.53915
G1 X110.516 Y111.942 E291.561
G1 X110.454 Y112.042 E291.56247
G1 X110.358 Y112.097 E291.56386
G1 X108.528 Y112.095 E291.58681
G1 X108.434 Y112.061 E291.58806
G1 X108.348 Y111.956 E291.58976
G1 X108.348 Y110.2 E291.61179
G1 X100.2 Y110.2 E291.71396
G1 X100.2 Y129.8 E291.95976
G1 X119.8 Y129.8 E292.20555
G1 X119.8 Y121.088 E292.3148
G1 X118.059 Y121.084 E292.33663
G0 F7200 X117.912 Y121.02
G0 X117.894 Y120.985
G0 X116.854 Y120.984
;MESH:NONMESH
G0 F600 X116.854 Y120.984 Z10.3
G0 F7200 X100.88 Y110.88
G0 X100.76 Y110.76
;TIME_ELAPSED:728.682186
;LAYER:50
;TYPE:FILL
;MESH:xyzCalibration_cube.glb
G1 F3000 X119.24 Y129.24 E292.66437
G1 X119.31 Y129.31
G0 F7200 X119.12 Y129.12
G0 X117.73 Y129.09
G0 X117.73 Y129.24
G1 F3000 X119.24 Y127.73 E292.69115
G1 X119.31 Y127.66
G0 F7200 X119.09 Y127.66
G0 X119.09 Y123.583
G0 X119.24 Y123.583
G1 F3000 X108.236 Y112.579 E292.8863
G0 F7200 X107.797 Y112.14
G1 F3000 X106.417 Y110.76 E292.91078
G1 X106.347 Y110.69
G0 F7200 X106.347 Y110.91
G0 X107.601 Y110.937
G0 X107.748 Y110.938
G1 F3000 X100.761 Y117.925 E293.03469
G1 X100.691 Y117.995
G0 F7200 X100.91 Y117.995
G0 X100.91 Y116.417
G0 X100.76 Y116.417
G1 F3000 X113.583 Y129.24 E293.2621
G1 X113.653 Y129.31
G0 F7200 X113.653 Y129.09
G0 X112.073 Y129.09
G0 X112.073 Y129.24
G1 F3000 X119.24 Y122.073 E293.38921
G1 X119.31 Y122.003
G0 F7200 X119.09 Y122.003
G0 X117.225 Y121.835
G0 X117.154 Y118.349
G0 X117.306 Y118.35
G1 F3000 X106.416 Y129.24 E293.58234
G1 X106.346 Y129.31
G0 F7200 X106.346 Y129.09
G0 X107.926 Y129.09
G0 X107.926 Y129.24
G1 F3000 X100.76 Y122.074 E293.70943
G1 X100.69 Y122.004
G0 F7200 X100.91 Y122.004
G0 X100.91 Y123.582
G0 X100.761 Y123.582
G1 F3000 X113.583 Y110.76 E293.93682
G1 X113.653 Y110.69
G0 F7200 X113.653 Y110.91
G0 X112.074 Y110.91
G0 X112.074 Y110.76
G1 F3000 X118.732 Y117.418 E294.0549
G0 F7200 X118.236 Y117.42
G1 F3000 X119.24 Y116.416 E294.0727
G1 X119.31 Y116.346
G0 F7200 X119.09 Y116.346
G0 X119.09 Y112.269
G0 X119.24 Y112.269
G1 F3000 X117.731 Y110.76 E294.09947
G1 X117.661 Y110.69
G0 F7200 X117.661 Y110.91
G0 X119.12 Y110.88
G0 X119.239 Y110.76
G1 F3000 X100.761 Y129.239 E294.42718
G1 X100.691 Y129.309
G0 F7200 X100.88 Y129.12
G0 X100.91 Y127.73
G0 X100.76 Y127.73
G1 F3000 X102.27 Y129.24 E294.45396
G1 X102.34 Y129.31
G0 F7200 X102.34 Y129.09
G0 X100.91 Y112.268
G0 X100.761 Y112.268
G1 F3000 X102.269 Y110.76 E294.4807
G1 X102.339 Y110.69
G0 F7200 X102.339 Y110.91
G0 X117.225 Y121.835
G0 X117.768 Y121.521
;TYPE:WALL-INNER
G1 F3000 X117.619 Y121.404 E294.48308
G1 X117.491 Y121.187 E294.48624
G1 X117.462 Y121.055 E294.48793
G1 X117.466 Y118.043 E294.5257
G1 X117.609 Y117.788 E294.52937
G1 X117.849 Y117.619 E294.53305
G1 X118.062 Y117.58 E294.53577
G1 X119.4 Y117.577 E294.55255
G1 X119.4 Y110.6 E294.64004
G1 X111.02 Y110.6 E294.74513
G1 X111.02 Y111.896 E294.76138
G1 X110.971 Y112.136 E294.76445
G1 X110.837 Y112.329 E294.7674
G1 X110.648 Y112.452 E294.77023
G1 X110.477 Y112.494 E294.77243
G1 X108.447 Y112.493 E294.79789
G1 X108.165 Y112.389 E294.80166
G1 X107.953 Y112.127 E294.80589
G1 X107.908 Y111.896 E294.80884
G1 X107.908 Y110.6 E294.82509
G1 X100.6 Y110.6 E294.91674
G1 X100.6 Y129.4 E295.15249
G1 X119.4 Y129.4 E295.38825
G1 X119.4 Y121.599 E295.48608
G1 X118.058 Y121.596 E295.50291
G1 X117.768 Y121.521 E295.50667
G0 F7200 X117.978 Y121.196
;TYPE:WALL-OUTER
G1 F1500 X117.86 Y121.016 E295.50937
G1 X117.864 Y118.116 E295.54573
G1 X117.95 Y118.015 E295.5474
G1 X118.063 Y117.98 E295.54888
G1 X119.8 Y117.976 E295.57066
G1 X119.8 Y110.2 E295.66818
G1 X110.62 Y110.2 E295.7833
G1 X110.62 Y111.953 E295.80528
G1 X110.559 Y112.041 E295.80662
G1 X110.439 Y112.096 E295.80828
G1 X108.487 Y112.095 E295.83276
G1 X108.393 Y112.061 E295.83401
G1 X108.308 Y111.954 E295.83572
G1 X108.308 Y110.2 E295.85772
G1 X100.2 Y110.2 E295.9594
G1 X100.2 Y129.8 E296.20519
G1 X119.8 Y129.8 E296.45098
G1 X119.8 Y121.2 E296.55883
G1 X117.978 Y121.196 E296.58168
G0 F7200 X117.869 Y121.029
G0 X116.854 Y121.028
;MESH:NONMESH
G0 F600 X116.854 Y121.028 Z10.5
G0 F7200 X100.88 Y110.88
G0 X100.761 Y110.761
;TIME_ELAPSED:738.780301
;LAYER:51
;TYPE:FILL
;MESH:xyzCalibration_cube.glb
G1 F3000 X119.24 Y129.24 E296.9094
G1 X119.31 Y129.31
G0 F7200 X119.12 Y129.12
G0 X117.73 Y129.09
G0 X117.73 Y129.24
G1 F3000 X119.24 Y127.73 E296.93618
G1 X119.31 Y127.66
G0 F7200 X119.09 Y127.66
G0 X119.09 Y123.583
G0 X119.24 Y123.583
G1 F3000 X108.305 Y112.648 E297.13011
G1 X108.235 Y112.578
G0 F7200 X107.657 Y112
G1 F3000 X106.417 Y110.76 E297.1521
G1 X106.347 Y110.69
G0 F7200 X106.347 Y110.91
G0 X107.488 Y111.049
G0 X107.636 Y111.05
G1 F3000 X100.761 Y117.924 E297.27401
G1 X100.691 Y117.994
G0 F7200 X100.91 Y117.994
G0 X100.91 Y116.417
G0 X100.761 Y116.417
G1 F3000 X113.583 Y129.24 E297.50142
G1 X113.653 Y129.31
G0 F7200 X113.653 Y129.09
G0 X112.073 Y129.09
G0 X112.073 Y129.24
G1 F3000 X119.24 Y122.073 E297.62852
G1 X119.31 Y122.003
G0 F7200 X119.09 Y122.003
G0 X117.224 Y121.947
G0 X117.156 Y118.349
G0 X117.306 Y118.35
G1 F3000 X106.416 Y129.24 E297.82166
G1 X106.346 Y129.31
G0 F7200 X106.346 Y129.09
G0 X107.926 Y129.09
G0 X107.926 Y129.24
G1 F3000 X100.761 Y122.074 E297.94873
G1 X100.691 Y122.004
G0 F7200 X100.91 Y122.004
G0 X100.91 Y123.581
G0 X100.761 Y123.581
G1 F3000 X113.582 Y110.76 E298.17611
G1 X113.652 Y110.69
G0 F7200 X113.652 Y110.91
G0 X112.074 Y110.91
G0 X112.074 Y110.76
G1 F3000 X118.612 Y117.298 E298.29206
G0 F7200 X118.356 Y117.3
G1 F3000 X119.24 Y116.416 E298.30774
G1 X119.31 Y116.346
G0 F7200 X119.09 Y116.346
G0 X119.09 Y112.269
G0 X119.24 Y112.269
G1 F3000 X117.731 Y110.76 E298.3345
G1 X117.661 Y110.69
G0 F7200 X117.661 Y110.91
G0 X119.12 Y110.88
G0 X119.239 Y110.76
G1 F3000 X100.761 Y129.238 E298.6622
G1 X100.691 Y129.308
G0 F7200 X100.88 Y129.12
G0 X100.91 Y127.731
G0 X100.761 Y127.731
G1 F3000 X102.27 Y129.24 E298.68896
G1 X102.34 Y129.31
G0 F7200 X102.34 Y129.09
G0 X100.91 Y112.267
G0 X100.761 Y112.267
G1 F3000 X102.268 Y110.76 E298.71569
G1 X102.338 Y110.69
G0 F7200 X102.338 Y110.91
G0 X117.224 Y121.947
G0 X117.824 Y121.66
;TYPE:WALL-INNER
G1 F3000 X117.564 Y121.446 E298.71991
G1 X117.462 Y121.167 E298.72364
G1 X117.466 Y118.004 E298.7633
G1 X117.568 Y117.721 E298.76708
G1 X117.727 Y117.563 E298.76989
G1 X118.062 Y117.46 E298.77428
G1 X119.4 Y117.457 E298.79106
G1 X119.4 Y110.6 E298.87705
G1 X111.148 Y110.6 E298.98053
G1 X111.148 Y111.896 E298.99679
G1 X111.1 Y112.133 E298.99982
G1 X110.968 Y112.326 E299.00275
G1 X110.841 Y112.42 E299.00473
G1 X110.605 Y112.494 E299.00783
G1 X108.335 Y112.493 E299.0363
G1 X108.051 Y112.388 E299.0401
G1 X107.84 Y112.123 E299.04435
G1 X107.796 Y111.896 E299.04725
G1 X107.796 Y110.6 E299.0635
G1 X100.601 Y110.601 E299.15373
G1 X100.6 Y129.4 E299.38947
G1 X119.4 Y129.4 E299.62523
G1 X119.4 Y121.711 E299.72165
G1 X118.058 Y121.708 E299.73848
G1 X117.824 Y121.66 E299.74148
G0 F7200 X118 Y121.308
;TYPE:WALL-OUTER
G1 F1500 X117.894 Y121.221 E299.7432
G1 X117.86 Y121.128 E299.74444
G1 X117.864 Y118.041 E299.78315
G1 X117.898 Y117.947 E299.78441
G1 X118.008 Y117.86 E299.78616
G1 X119.8 Y117.856 E299.80864
G1 X119.8 Y110.2 E299.90465
G1 X110.748 Y110.2 E300.01816
G1 X110.748 Y111.951 E300.04012
G1 X110.688 Y112.04 E300.04147
G1 X110.588 Y112.093 E300.04289
G1 X108.375 Y112.095 E300.07064
G1 X108.234 Y112.015 E300.07267
G1 X108.196 Y111.896 E300.07424
G1 X108.196 Y110.2 E300.09551
G1 X100.201 Y110.201 E300.19577
G1 X100.2 Y129.8 E300.44154
G1 X119.8 Y129.8 E300.68734
G1 X119.8 Y121.312 E300.79378
G1 X118 Y121.308 E300.81635
G0 F7200 X117.894 Y121.221
G0 X117.873 Y121.162
G0 X116.853 Y121.161
;MESH:NONMESH
G0 F600 X116.853 Y121.161 Z10.7
G0 F7200 X100.88 Y110.88
G0 X100.76 Y110.76
;TIME_ELAPSED:748.863122
;LAYER:52
;TYPE:FILL
;MESH:xyzCalibration_cube.glb
G1 F3000 X119.24 Y129.24 E301.14409
G1 X119.31 Y129.31
G0 F7200 X119.12 Y129.12
G0 X117.73 Y129.09
G0 X117.73 Y129.24
G1 F3000 X119.24 Y127.73 E301.17087
G1 X119.31 Y127.66
G0 F7200 X119.09 Y127.66
G0 X119.09 Y123.583
G0 X119.24 Y123.583
G1 F3000 X108.31 Y112.653 E301.36471
G1 X108.24 Y112.583
G0 F7200 X108.24 Y112.808
G0 X107.375 Y111.866
G0 X107.524 Y111.867
G1 F3000 X106.417 Y110.76 E301.38434
G1 X106.347 Y110.69
G0 F7200 X106.347 Y110.91
G0 X107.376 Y111.16
G0 X107.524 Y111.161
G1 F3000 X100.761 Y117.925 E301.50429
G1 X100.691 Y117.995
G0 F7200 X100.91 Y117.995
G0 X100.91 Y116.417
G0 X100.76 Y116.417
G1 F3000 X113.583 Y129.24 E301.7317
G1 X113.653 Y129.31
G0 F7200 X113.653 Y129.09
G0 X112.073 Y129.09
G0 X112.073 Y129.24
G1 F3000 X119.24 Y122.073 E301.85881
G1 X119.31 Y122.003
G0 F7200 X119.12 Y122.106
G0 X117.226 Y122.06
G0 X117.155 Y118.348
G0 X117.307 Y118.349
G1 F3000 X106.416 Y129.24 E302.05196
G1 X106.346 Y129.31
G0 F7200 X106.346 Y129.09
G0 X107.926 Y129.09
G0 X107.926 Y129.24
G1 F3000 X100.76 Y122.074 E302.17905
G1 X100.69 Y122.004
G0 F7200 X100.91 Y122.004
G0 X100.91 Y123.582
G0 X100.761 Y123.582
G1 F3000 X113.583 Y110.76 E302.40644
G1 X113.653 Y110.69
G0 F7200 X113.653 Y110.91
G0 X112.074 Y110.91
G0 X112.074 Y110.76
G1 F3000 X118.493 Y117.179 E302.52028
G1 X118.476 Y117.18
G1 X119.24 Y116.416 E302.53383
G1 X119.31 Y116.346
G0 F7200 X119.09 Y116.346
G0 X119.09 Y112.269
G0 X119.24 Y112.269
G1 F3000 X117.731 Y110.76 E302.56059
G1 X117.661 Y110.69
G0 F7200 X117.661 Y110.91
G0 X119.12 Y110.88
G0 X119.239 Y110.76
G1 F3000 X100.761 Y129.239 E302.8883
G1 X100.691 Y129.309
G0 F7200 X100.88 Y129.12
G0 X100.91 Y127.73
G0 X100.76 Y127.73
G1 F3000 X102.27 Y129.24 E302.91508
G1 X102.34 Y129.31
G0 F7200 X102.34 Y129.09
G0 X100.91 Y112.268
G0 X100.761 Y112.268
G1 F3000 X102.269 Y110.76 E302.94183
G1 X102.339 Y110.69
G0 F7200 X102.339 Y110.91
G0 X117.226 Y122.06
G0 X117.831 Y121.777
;TYPE:WALL-INNER
G1 F3000 X117.569 Y121.565 E302.94605
G1 X117.466 Y121.284 E302.94981
G1 X117.466 Y117.884 E302.99244
G1 X117.568 Y117.601 E302.99622
G1 X117.856 Y117.376 E303.0008
G1 X118.062 Y117.34 E303.00342
G1 X119.4 Y117.337 E303.0202
G1 X119.4 Y110.6 E303.10469
G1 X111.276 Y110.6 E303.20656
G1 X111.276 Y111.896 E303.22282
G1 X111.23 Y112.129 E303.22579
G1 X111.036 Y112.377 E303.22974
G1 X110.734 Y112.494 E303.2338
G1 X108.223 Y112.493 E303.26529
G1 X107.936 Y112.386 E303.26913
G1 X107.726 Y112.12 E303.27338
G1 X107.684 Y111.896 E303.27624
G1 X107.684 Y110.6 E303.29249
G1 X100.6 Y110.6 E303.38133
G1 X100.6 Y129.4 E303.61709
G1 X119.4 Y129.4 E303.85285
G1 X119.4 Y121.827 E303.94782
G1 X118.062 Y121.824 E303.9646
G1 X117.831 Y121.777 E303.96755
G0 F7200 X118.008 Y121.424
;TYPE:WALL-OUTER
G1 F1500 X117.918 Y121.362 E303.96892
G1 X117.864 Y121.244 E303.97055
G1 X117.864 Y117.894 E304.01256
G1 X118.011 Y117.74 E304.01523
G1 X119.8 Y117.736 E304.03766
G1 X119.8 Y110.2 E304.13217
G1 X110.876 Y110.2 E304.24408
G1 X110.876 Y111.955 E304.26609
G1 X110.796 Y112.057 E304.26771
G1 X110.696 Y112.096 E304.26906
G1 X108.263 Y112.095 E304.29957
G1 X108.121 Y112.014 E304.30162
G1 X108.084 Y111.896 E304.30317
G1 X108.084 Y110.2 E304.32444
G1 X100.2 Y110.2 E304.42331
G1 X100.2 Y129.8 E304.6691
G1 X119.8 Y129.8 E304.91489
G1 X119.8 Y121.428 E305.01988
G1 X118.008 Y121.424 E305.04235
G0 F7200 X117.918 Y121.362
G0 X117.881 Y121.28
G0 X116.855 Y121.279
;MESH:NONMESH
G0 F600 X116.855 Y121.279 Z10.9
G0 F7200 X100.88 Y110.88
G0 X100.76 Y110.76
;TIME_ELAPSED:758.959426
;LAYER:53
;TYPE:FILL
;MESH:xyzCalibration_cube.glb
G1 F3000 X119.24 Y129.24 E305.37009
G1 X119.31 Y129.31
G0 F7200 X119.12 Y129.12
G0 X117.73 Y129.09
G0 X117.73 Y129.24
G1 F3000 X119.239 Y127.73 E305.39686
G1 X119.309 Y127.66
G0 F7200 X119.09 Y127.66
G0 X119.09 Y123.583
G0 X119.24 Y123.583
G1 F3000 X117.524 Y121.867 E305.42729
G1 X117.508 Y121.851
G1 X108.31 Y112.653 E305.59042
G1 X108.24 Y112.583
G0 F7200 X108.24 Y112.808
G0 X107.333 Y112.736
G0 X107.263 Y111.754
G0 X107.412 Y111.755
G1 F3000 X106.417 Y110.76 E305.60806
G1 X106.347 Y110.69
G0 F7200 X106.347 Y110.91
G0 X107.263 Y111.273
G0 X107.412 Y111.274
G1 F3000 X100.761 Y117.925 E305.72602
G1 X100.691 Y117.995
G0 F7200 X100.91 Y117.995
G0 X100.91 Y116.417
G0 X100.76 Y116.417
G1 F3000 X113.583 Y129.24 E305.95343
G1 X113.653 Y129.31
G0 F7200 X113.653 Y129.09
G0 X112.073 Y129.09
G0 X112.073 Y129.24
G1 F3000 X119.215 Y122.098 E306.08009
G1 X119.285 Y122.028
G0 F7200 X119.12 Y122.22
G0 X117.226 Y122.175
G0 X117.156 Y118.348
G0 X117.307 Y118.349
G1 F3000 X106.416 Y129.24 E306.27324
G1 X106.346 Y129.31
G0 F7200 X106.346 Y129.09
G0 X107.926 Y129.09
G0 X107.926 Y129.24
G1 F3000 X100.76 Y122.074 E306.40033
G1 X100.69 Y122.004
G0 F7200 X100.91 Y122.004
G0 X100.91 Y123.582
G0 X100.761 Y123.582
G1 F3000 X113.583 Y110.76 E306.62772
G1 X113.653 Y110.69
G0 F7200 X113.653 Y110.91
G0 X112.074 Y110.91
G0 X112.074 Y110.76
G1 F3000 X118.373 Y117.059 E306.73943
G0 F7200 X118.596 Y117.06
G1 F3000 X119.239 Y116.417 E306.75084
G1 X119.309 Y116.347
G0 F7200 X119.09 Y116.347
G0 X119.09 Y112.269
G0 X119.24 Y112.269
G1 F3000 X117.731 Y110.76 E306.7776
G1 X117.661 Y110.69
G0 F7200 X117.661 Y110.91
G0 X119.12 Y110.88
G0 X119.239 Y110.76
G1 F3000 X100.761 Y129.239 E307.10531
G1 X100.691 Y129.309
G0 F7200 X100.88 Y129.12
G0 X100.91 Y127.73
G0 X100.76 Y127.73
G1 F3000 X102.27 Y129.24 E307.13209
G1 X102.34 Y129.31
G0 F7200 X102.34 Y129.09
G0 X100.91 Y112.268
G0 X100.761 Y112.268
G1 F3000 X102.269 Y110.76 E307.15883
G1 X102.339 Y110.69
G0 F7200 X102.339 Y110.91
G0 X117.226 Y122.175
G0 X117.834 Y121.891
;TYPE:WALL-INNER
G1 F3000 X117.571 Y121.679 E307.16307
G1 X117.467 Y121.397 E307.16684
G1 X117.466 Y117.764 E307.2124
G1 X117.567 Y117.482 E307.21616
G1 X117.737 Y117.316 E307.21913
G1 X118.064 Y117.22 E307.22341
G1 X119.4 Y117.22 E307.24016
G1 X119.4 Y110.6 E307.32318
G1 X111.404 Y110.6 E307.42345
G1 X111.404 Y111.896 E307.4397
G1 X111.359 Y112.125 E307.44263
G1 X111.231 Y112.319 E307.44555
G1 X111.102 Y112.417 E307.44758
G1 X110.862 Y112.494 E307.45074
G1 X108.11 Y112.493 E307.48525
G1 X107.822 Y112.384 E307.48911
G1 X107.613 Y112.116 E307.49337
G1 X107.572 Y111.896 E307.49618
G1 X107.572 Y110.6 E307.51243
G1 X100.6 Y110.6 E307.59986
G1 X100.6 Y129.4 E307.83562
G1 X119.4 Y129.4 E308.07138
G1 X119.4 Y121.939 E308.16495
G1 X118.062 Y121.936 E308.18172
G1 X117.834 Y121.891 E308.18464
G0 F7200 X118.006 Y121.536
;TYPE:WALL-OUTER
G1 F1500 X117.899 Y121.451 E308.18635
G1 X117.865 Y121.357 E308.18761
G1 X117.865 Y119.648 E308.20904
G1 F1621.6 X118.057 Y119.582 E308.21139
G1 X117.865 Y119.516 E308.21375
G1 F1500 X117.864 Y117.772 E308.23562
G1 X118.012 Y117.62 E308.23828
G1 X119.8 Y117.62 E308.2607
G1 X119.8 Y110.2 E308.35375
G1 X111.004 Y110.2 E308.46406
G1 X111.004 Y111.953 E308.48604
G1 X110.926 Y112.056 E308.48766
G1 X110.824 Y112.096 E308.48903
G1 X108.151 Y112.095 E308.52255
G1 X108.055 Y112.059 E308.52384
G1 X107.972 Y111.953 E308.52553
G1 X107.972 Y110.2 E308.54751
G1 X100.2 Y110.2 E308.64497
G1 X100.2 Y129.8 E308.89077
G1 X119.8 Y129.8 E309.13656
G1 X119.8 Y121.54 E309.24014
G1 X118.006 Y121.536 E309.26264
G0 F7200 X117.899 Y121.451
G0 X117.878 Y121.392
G0 X117.155 Y121.391
G0 X117.155 Y119.581
G0 X118.057 Y119.582
G1 F1764.7 X119.908 Y119.584 E309.28237
G1 F1500 E302.78237
;MESH:NONMESH
G0 F600 X119.908 Y119.584 Z11.1
G0 F7200 X117.635 Y119.261
G0 X100.91 Y110.88
G0 X100.761 Y110.761
;TIME_ELAPSED:769.490051
;LAYER:54
;TYPE:FILL
;MESH:xyzCalibration_cube.glb
G1 F1500 E309.28237
G1 F3000 X119.24 Y129.24 E309.61009
G1 X119.31 Y129.31
G0 F7200 X119.12 Y129.12
G0 X117.73 Y129.09
G0 X117.73 Y129.24
G1 F3000 X119.24 Y127.73 E309.63687
G1 X119.31 Y127.66
G0 F7200 X119.09 Y127.66
G0 X119.09 Y123.583
G0 X119.24 Y123.583
G1 F3000 X117.817 Y122.16 E309.6621
G0 F7200 X117.359 Y121.702
G1 F3000 X108.31 Y112.653 E309.82259
G1 X108.24 Y112.583
G0 F7200 X108.24 Y112.809
G0 X107.221 Y112.737
G0 X107.151 Y111.642
G0 X107.3 Y111.643
G1 F3000 X106.418 Y110.761 E309.83823
G1 X106.348 Y110.691
G0 F7200 X106.348 Y110.91
G0 X107.151 Y111.385
G0 X107.3 Y111.386
G1 F3000 X100.761 Y117.924 E309.95419
G1 X100.691 Y117.994
G0 F7200 X100.91 Y117.994
G0 X100.91 Y116.417
G0 X100.761 Y116.417
G1 F3000 X113.583 Y129.24 E310.18159
G1 X113.653 Y129.31
G0 F7200 X113.653 Y129.09
G0 X112.073 Y129.09
G0 X112.073 Y129.24
G1 F3000 X119.102 Y122.211 E310.30625
G1 X119.172 Y122.141
G0 F7200 X119.171 Y122.362
G0 X117.226 Y122.287
G0 X117.156 Y118.348
G0 X117.307 Y118.349
G1 F3000 X106.416 Y129.24 E310.4994
G1 X106.346 Y129.31
G0 F7200 X106.346 Y129.09
G0 X107.926 Y129.09
G0 X107.926 Y129.24
G1 F3000 X100.761 Y122.074 E310.62648
G1 X100.691 Y122.004
G0 F7200 X100.91 Y122.004
G0 X100.91 Y123.581
G0 X100.761 Y123.581
G1 F3000 X113.583 Y110.76 E310.85386
G1 X113.653 Y110.69
G0 F7200 X113.653 Y110.91
G0 X112.074 Y110.91
G0 X112.074 Y110.76
G1 F3000 X118.254 Y116.94 E310.96346
G0 F7200 X118.715 Y116.941
G1 F3000 X119.239 Y116.417 E310.97276
G0 F7200 X119.09 Y116.417
G0 X119.09 Y112.269
G0 X119.24 Y112.269
G1 F3000 X117.731 Y110.76 E310.99952
G1 X117.661 Y110.69
G0 F7200 X117.661 Y110.91
G0 X119.12 Y110.88
G0 X119.239 Y110.76
G1 F3000 X100.761 Y129.238 E311.32722
G1 X100.691 Y129.308
G0 F7200 X100.88 Y129.12
G0 X100.91 Y127.731
G0 X100.761 Y127.731
G1 F3000 X102.27 Y129.24 E311.35398
G1 X102.34 Y129.31
G0 F7200 X102.34 Y129.09
G0 X100.91 Y112.267
G0 X100.761 Y112.267
G1 F3000 X102.268 Y110.76 E311.38071
G1 X102.338 Y110.69
G0 F7200 X102.338 Y110.91
G0 X117.226 Y122.287
G0 X117.837 Y122.004
;TYPE:WALL-INNER
G1 F3000 X117.633 Y121.866 E311.3838
G1 X117.528 Y121.719 E311.38606
G1 X117.467 Y121.509 E311.38881
G1 X117.466 Y119.645 E311.41218
G1 X117.544 Y119.58 E311.41345
G1 X117.464 Y119.513 E311.41476
G1 X117.466 Y117.644 E311.4382
G1 X117.494 Y117.511 E311.43991
G1 X117.619 Y117.296 E311.44302
G1 X117.865 Y117.133 E311.44672
G1 X118.064 Y117.1 E311.44925
G1 X119.4 Y117.1 E311.46601
G1 X119.4 Y110.6 E311.54752
G1 X111.532 Y110.6 E311.64619
G1 X111.532 Y111.896 E311.66244
G1 X111.489 Y112.121 E311.66531
G1 X111.362 Y112.316 E311.66823
G1 X111.233 Y112.416 E311.67028
G1 X110.991 Y112.494 E311.67347
G1 X107.998 Y112.493 E311.711
G1 X107.707 Y112.382 E311.71491
G1 X107.5 Y112.112 E311.71917
G1 X107.46 Y111.896 E311.72193
G1 X107.46 Y110.6 E311.73818
G1 X100.601 Y110.601 E311.82419
G1 X100.6 Y129.4 E312.05994
G1 X119.4 Y129.4 E312.2957
G1 X119.4 Y122.051 E312.38786
G1 X118.062 Y122.048 E312.40464
G1 X117.837 Y122.004 E312.40751
G0 F7200 X118.005 Y121.648
;TYPE:WALL-OUTER
G1 F1500 X117.868 Y121.491 E312.41013
G1 X117.87 Y119.732 E312.43218
G1 F1481.5 X118.047 Y119.58 E312.43515
G1 X117.87 Y119.428 E312.43811
G1 F1500 X117.864 Y117.681 E312.46002
G1 X117.915 Y117.565 E312.46161
G1 X118.014 Y117.5 E312.46309
G1 X119.8 Y117.5 E312.48549
G1 X119.8 Y110.2 E312.57703
G1 X111.132 Y110.2 E312.68573
G1 X111.132 Y111.955 E312.70774
G1 X111.011 Y112.096 E312.71007
G1 X108.039 Y112.095 E312.74734
G1 X107.942 Y112.058 E312.74864
G1 X107.86 Y111.951 E312.75033
G1 X107.86 Y110.2 E312.77229
G1 X100.201 Y110.201 E312.86834
G1 X100.2 Y129.8 E313.11412
G1 X119.8 Y129.8 E313.35991
G1 X119.8 Y121.652 E313.46209
G1 X118.005 Y121.648 E313.4846
G0 F7200 X117.874 Y121.498
G0 X117.155 Y121.497
G0 X117.155 Y119.579
G0 X118.047 Y119.58
G1 F1467 X119.796 Y119.58 E313.50702
G1 F1500 E307.00702
;MESH:NONMESH
G0 F600 X119.796 Y119.58 Z11.3
G0 F7200 X117.635 Y119.373
G0 X100.91 Y110.88
G0 X100.76 Y110.76
;TIME_ELAPSED:780.295301
;LAYER:55
;TYPE:FILL
;MESH:xyzCalibration_cube.glb
G1 F1500 E313.50702
G1 F3000 X119.24 Y129.24 E313.83476
G1 X119.31 Y129.31
G0 F7200 X119.12 Y129.12
G0 X117.73 Y129.09
G0 X117.73 Y129.24
G1 F3000 X119.24 Y127.73 E313.86154
G1 X119.31 Y127.66
G0 F7200 X119.09 Y127.66
G0 X119.09 Y123.583
G0 X119.24 Y123.583
G1 F3000 X117.962 Y122.305 E313.88421
G1 X117.892 Y122.235
G0 F7200 X117.31 Y121.653
G1 F3000 X108.31 Y112.653 E314.04382
G1 X108.24 Y112.583
G0 F7200 X108.24 Y112.809
G0 X107.11 Y112.737
G0 X107.039 Y111.53
G0 X107.188 Y111.531
G1 F3000 X106.417 Y110.76 E314.05749
G1 X106.347 Y110.69
G0 F7200 X106.347 Y110.91
G0 X107.039 Y111.496
G0 X107.188 Y111.497
G1 F3000 X100.761 Y117.925 E314.17148
G1 X100.691 Y117.995
G0 F7200 X100.91 Y117.995
G0 X100.91 Y116.417
G0 X100.76 Y116.417
G1 F3000 X113.583 Y129.24 E314.3989
G1 X113.653 Y129.31
G0 F7200 X113.653 Y129.09
G0 X112.073 Y129.09
G0 X112.073 Y129.24
G1 F3000 X118.986 Y122.327 E314.5215
G1 X119.056 Y122.257
G0 F7200 X119.055 Y122.475
G0 X117.226 Y122.4
G0 X117.156 Y118.351
G0 X117.305 Y118.351
G1 F3000 X106.416 Y129.24 E314.71461
G1 X106.346 Y129.31
G0 F7200 X106.346 Y129.09
G0 X107.926 Y129.09
G0 X107.926 Y129.24
G1 F3000 X100.76 Y122.074 E314.8417
G1 X100.69 Y122.004
G0 F7200 X100.91 Y122.004
G0 X100.91 Y123.582
G0 X100.761 Y123.582
G1 F3000 X113.583 Y110.76 E315.06909
G1 X113.653 Y110.69
G0 F7200 X113.653 Y110.91
G0 X112.074 Y110.91
G0 X112.074 Y110.76
G1 F3000 X118.134 Y116.82 E315.17657
G0 F7200 X118.836 Y116.82
G1 F3000 X119.24 Y116.416 E315.18373
G0 F7200 X119.09 Y116.416
G0 X119.09 Y112.269
G0 X119.24 Y112.269
G1 F3000 X117.731 Y110.76 E315.21049
G1 X117.661 Y110.69
G0 F7200 X117.661 Y110.91
G0 X119.12 Y110.88
G0 X119.239 Y110.76
G1 F3000 X100.761 Y129.239 E315.5382
G1 X100.691 Y129.309
G0 F7200 X100.88 Y129.12
G0 X100.91 Y127.73
G0 X100.76 Y127.73
G1 F3000 X102.27 Y129.24 E315.56498
G1 X102.34 Y129.31
G0 F7200 X102.34 Y129.09
G0 X100.91 Y112.268
G0 X100.761 Y112.268
G1 F3000 X102.269 Y110.76 E315.59173
G1 X102.339 Y110.69
G0 F7200 X102.339 Y110.91
G0 X117.226 Y122.4
G0 X117.841 Y122.122
;TYPE:WALL-INNER
G1 F3000 X117.574 Y121.912 E315.59599
G1 X117.497 Y121.763 E315.59809
G1 X117.464 Y121.564 E315.60062
G1 X117.467 Y119.83 E315.62237
G1 X117.509 Y119.663 E315.62453
G1 X117.628 Y119.576 E315.62637
G1 X117.509 Y119.489 E315.62822
G1 X117.464 Y119.285 E315.63084
G1 X117.466 Y117.523 E315.65294
G1 X117.568 Y117.241 E315.6567
G1 X117.747 Y117.07 E315.6598
G1 X118.064 Y116.98 E315.66394
G1 X119.4 Y116.98 E315.68069
G1 X119.4 Y110.6 E315.7607
G1 X111.66 Y110.6 E315.85776
G1 X111.66 Y111.896 E315.87401
G1 X111.619 Y112.117 E315.87683
G1 X111.43 Y112.369 E315.88078
G1 X111.12 Y112.494 E315.88497
G1 X107.885 Y112.493 E315.92554
G1 X107.592 Y112.38 E315.92948
G1 X107.386 Y112.109 E315.93375
G1 X107.348 Y111.896 E315.93646
G1 X107.348 Y110.6 E315.95271
G1 X100.6 Y110.6 E316.03734
G1 X100.6 Y129.4 E316.27309
G1 X119.4 Y129.4 E316.50885
G1 X119.4 Y122.167 E316.59956
G1 X118.062 Y122.164 E316.61634
G1 X117.841 Y122.122 E316.61916
G0 F7200 X118.007 Y121.764
;TYPE:WALL-OUTER
G1 F1500 X117.868 Y121.607 E316.62179
G1 X117.865 Y119.836 E316.644
G1 F1160.5 X118.037 Y119.576 E316.64905
G1 X117.865 Y119.288 E316.65449
G1 F1500 X117.864 Y117.561 E316.67614
G1 X117.916 Y117.444 E316.67775
G1 X118.014 Y117.38 E316.67922
G1 X119.8 Y117.38 E316.70161
G1 X119.8 Y110.2 E316.79165
G1 X111.26 Y110.2 E316.89875
G1 X111.26 Y111.95 E316.92069
G1 X111.204 Y112.036 E316.92198
G1 X111.08 Y112.096 E316.92371
G1 X107.927 Y112.095 E316.96325
G1 X107.829 Y112.058 E316.96456
G1 X107.748 Y111.951 E316.96625
G1 X107.748 Y110.2 E316.9882
G1 X100.2 Y110.2 E317.08286
G1 X100.2 Y129.8 E317.32865
G1 X119.8 Y129.8 E317.57444
G1 X119.8 Y121.768 E317.67517
G1 X118.007 Y121.764 E317.69765
G0 F7200 X117.875 Y121.615
G0 X117.155 Y121.614
G0 X117.155 Y119.575
G0 X118.037 Y119.576
G1 F943.4 X119.681 Y119.576 E317.73043
G1 F1500 E311.23043
;MESH:NONMESH
G0 F600 X119.681 Y119.576 Z11.5
G0 F7200 X117.642 Y119.47
G0 X100.91 Y110.88
G0 X100.76 Y110.76
;TIME_ELAPSED:791.130506
;LAYER:56
;TYPE:FILL
;MESH:xyzCalibration_cube.glb
G1 F1500 E317.73043
G1 F3000 X119.24 Y129.24 E318.05817
G1 X119.31 Y129.31
G0 F7200 X119.12 Y129.12
G0 X117.73 Y129.09
G0 X117.73 Y129.24
G1 F3000 X119.24 Y127.73 E318.08495
G1 X119.31 Y127.66
G0 F7200 X119.09 Y127.66
G0 X119.09 Y123.583
G0 X119.24 Y123.583
G1 F3000 X118.093 Y122.436 E318.10529
G0 F7200 X118.875 Y122.438
G1 F3000 X112.073 Y129.24 E318.22592
G1 X112.003 Y129.31
G0 F7200 X112.003 Y129.09
G0 X113.583 Y129.09
G0 X113.583 Y129.24
G1 F3000 X100.76 Y116.417 E318.45333
G1 X100.69 Y116.347
G0 F7200 X100.91 Y116.347
G0 X100.91 Y117.925
G0 X100.761 Y117.925
G1 F3000 X107.072 Y111.614 E318.56526
G1 X107.073 Y111.416
G1 X106.417 Y110.76 E318.57689
G1 X106.347 Y110.69
G0 F7200 X106.347 Y110.91
G0 X106.996 Y112.737
G0 X108.31 Y112.809
G0 X108.31 Y112.653
G1 F3000 X117.305 Y121.648 E318.73642
G1 X117.375 Y121.718
G0 F7200 X117.156 Y121.717
G0 X117.157 Y118.348
G0 X117.307 Y118.349
G1 F3000 X106.416 Y129.24 E318.92957
G1 X106.346 Y129.31
G0 F7200 X106.346 Y129.09
G0 X107.926 Y129.09
G0 X107.926 Y129.24
G1 F3000 X100.76 Y122.074 E319.05665
G1 X100.69 Y122.004
G0 F7200 X100.91 Y122.004
G0 X100.91 Y123.582
G0 X100.761 Y123.582
G1 F3000 X113.583 Y110.76 E319.28405
G1 X113.653 Y110.69
G0 F7200 X113.653 Y110.91
G0 X112.074 Y110.91
G0 X112.074 Y110.76
G1 F3000 X118.021 Y116.707 E319.38952
G1 X118.091 Y116.777
G0 F7200 X118.956 Y116.7
G1 F3000 X119.24 Y116.416 E319.39455
G0 F7200 X119.09 Y116.416
G0 X119.09 Y112.269
G0 X119.24 Y112.269
G1 F3000 X117.731 Y110.76 E319.42132
G1 X117.661 Y110.69
G0 F7200 X117.661 Y110.91
G0 X119.12 Y110.88
G0 X119.239 Y110.76
G1 F3000 X100.761 Y129.239 E319.74903
G1 X100.691 Y129.309
G0 F7200 X100.88 Y129.12
G0 X100.91 Y127.73
G0 X100.76 Y127.73
G1 F3000 X102.27 Y129.24 E319.77581
G1 X102.34 Y129.31
G0 F7200 X102.34 Y129.09
G0 X100.91 Y112.268
G0 X100.761 Y112.268
G1 F3000 X102.269 Y110.76 E319.80255
G1 X102.339 Y110.69
G0 F7200 X102.339 Y110.91
G0 X117.227 Y122.515
G0 X117.844 Y122.235
;TYPE:WALL-INNER
G1 F3000 X117.638 Y122.1 E319.80564
G1 X117.53 Y121.951 E319.80795
G1 X117.464 Y121.769 E319.81038
G1 X117.467 Y119.937 E319.83335
G1 X117.541 Y119.71 E319.83634
G1 X117.752 Y119.574 E319.83949
G1 X117.541 Y119.438 E319.84264
G1 X117.464 Y119.178 E319.84604
G1 X117.466 Y117.402 E319.86831
G1 X117.57 Y117.118 E319.8721
G1 X117.752 Y116.947 E319.87524
G1 X118.064 Y116.86 E319.8793
G1 X119.4 Y116.86 E319.89605
G1 X119.4 Y110.6 E319.97455
G1 X111.788 Y110.6 E320.07001
G1 X111.788 Y111.896 E320.08626
G1 X111.748 Y112.113 E320.08903
G1 X111.562 Y112.366 E320.09297
G1 X111.248 Y112.494 E320.09722
G1 X107.769 Y112.493 E320.14085
G1 X107.474 Y112.378 E320.14482
G1 X107.269 Y112.105 E320.1491
G1 X107.232 Y111.894 E320.15179
G1 X107.234 Y110.6 E320.16802
G1 X100.6 Y110.6 E320.25121
G1 X100.6 Y129.4 E320.48697
G1 X119.4 Y129.4 E320.72273
G1 X119.4 Y122.279 E320.81203
G1 X118.062 Y122.276 E320.8288
G1 X117.844 Y122.235 E320.83159
G0 F7200 X118.006 Y121.876
;TYPE:WALL-OUTER
G1 F1500 X117.868 Y121.719 E320.83421
G1 X117.865 Y119.924 E320.85672
G1 F1442.3 X118.045 Y119.789 E320.85965
G1 F1388.9 X119.784 Y119.791 E320.8832
G1 F1385.7 X119.784 Y119.357 E320.8891
G1 F1388.9 X118.045 Y119.359 E320.91265
G1 F1442.3 X117.864 Y119.223 E320.9156
G1 F1500 X117.864 Y117.44 E320.93796
G1 X117.917 Y117.323 E320.93957
G1 X118.016 Y117.26 E320.94104
G1 X119.8 Y117.26 E320.96342
G1 X119.8 Y110.2 E321.05195
G1 X111.388 Y110.2 E321.15744
G1 X111.388 Y111.951 E321.1794
G1 X111.313 Y112.053 E321.18099
G1 X111.208 Y112.096 E321.18241
G1 X107.811 Y112.095 E321.22501
G1 X107.712 Y112.057 E321.22634
G1 X107.632 Y111.95 E321.22801
G1 X107.635 Y110.2 E321.24996
G1 X100.2 Y110.2 E321.3432
G1 X100.2 Y129.8 E321.58899
G1 X119.8 Y129.8 E321.83478
G1 X119.8 Y121.88 E321.9341
G1 X118.006 Y121.876 E321.9566
G0 F7200 X117.874 Y121.726
G0 X116.856 Y121.725
;MESH:NONMESH
G0 F600 X116.856 Y121.725 Z11.7
G0 F7200 X100.88 Y110.88
G0 X100.76 Y110.76
;TIME_ELAPSED:801.585322
;LAYER:57
;TYPE:FILL
;MESH:xyzCalibration_cube.glb
G1 F3000 X119.24 Y129.24 E322.28433
G1 X119.31 Y129.31
G0 F7200 X119.12 Y129.12
G0 X117.73 Y129.09
G0 X117.73 Y129.24
G1 F3000 X119.24 Y127.73 E322.31111
G1 X119.31 Y127.66
G0 F7200 X119.09 Y127.66
G0 X119.09 Y123.583
G0 X119.24 Y123.583
G1 F3000 X118.206 Y122.549 E322.32945
G0 F7200 X118.764 Y122.549
G1 F3000 X112.073 Y129.24 E322.44812
G1 X112.003 Y129.31
G0 F7200 X112.003 Y129.09
G0 X113.583 Y129.09
G0 X113.583 Y129.24
G1 F3000 X100.76 Y116.417 E322.67553
G1 X100.69 Y116.347
G0 F7200 X100.91 Y116.347
G0 X100.91 Y117.925
G0 X100.761 Y117.925
G1 F3000 X106.96 Y111.726 E322.78547
G0 F7200 X106.961 Y111.304
G1 F3000 X106.417 Y110.76 E322.79511
G0 F7200 X106.417 Y110.91
G0 X106.885 Y112.737
G0 X108.309 Y112.809
G0 X108.309 Y112.652
G1 F3000 X117.305 Y121.648 E322.95466
G1 X117.375 Y121.718
G0 F7200 X117.156 Y121.717
G0 X117.157 Y118.35
G0 X117.305 Y118.351
G1 F3000 X106.416 Y129.24 E323.14777
G1 X106.346 Y129.31
G0 F7200 X106.346 Y129.09
G0 X107.926 Y129.09
G0 X107.926 Y129.24
G1 F3000 X100.76 Y122.074 E323.27486
G1 X100.69 Y122.004
G0 F7200 X100.91 Y122.004
G0 X100.91 Y123.582
G0 X100.761 Y123.582
G1 F3000 X113.583 Y110.76 E323.50225
G1 X113.653 Y110.69
G0 F7200 X113.653 Y110.91
G0 X112.196 Y110.88
G0 X112.076 Y110.762
G1 F3000 X117.918 Y116.604 E323.60586
G1 X117.988 Y116.674
G0 F7200 X117.988 Y116.433
G0 X119.076 Y116.432
G0 X119.076 Y116.58
G1 F3000 X119.24 Y116.416 E323.60877
G0 F7200 X119.09 Y116.416
G0 X119.09 Y112.269
G0 X119.24 Y112.269
G1 F3000 X117.731 Y110.76 E323.63553
G1 X117.661 Y110.69
G0 F7200 X117.661 Y110.91
G0 X119.12 Y110.88
G0 X119.239 Y110.76
G1 F3000 X100.761 Y129.239 E323.96324
G1 X100.691 Y129.309
G0 F7200 X100.88 Y129.12
G0 X100.91 Y127.73
G0 X100.76 Y127.73
G1 F3000 X102.27 Y129.24 E323.99002
G1 X102.34 Y129.31
G0 F7200 X102.34 Y129.09
G0 X100.91 Y112.268
G0 X100.761 Y112.268
G1 F3000 X102.269 Y110.76 E324.01676
G1 X102.339 Y110.69
G0 F7200 X102.339 Y110.91
G0 X117.227 Y122.627
G0 X117.848 Y122.348
;TYPE:WALL-INNER
G1 F3000 X117.578 Y122.141 E324.02103
G1 X117.467 Y121.85 E324.02494
G1 X117.468 Y120.045 E324.04757
G1 X117.575 Y119.767 E324.05131
G1 X117.921 Y119.57 E324.0563
G1 X117.575 Y119.373 E324.06129
G1 X117.465 Y119.067 E324.06537
G1 X117.466 Y117.282 E324.08776
G1 X117.572 Y116.995 E324.09159
G1 X117.758 Y116.823 E324.09477
G1 X118.064 Y116.74 E324.09874
G1 X119.4 Y116.74 E324.1155
G1 X119.4 Y110.6 E324.1925
G1 X111.916 Y110.6 E324.28635
G1 X111.916 Y111.896 E324.3026
G1 X111.878 Y112.109 E324.30531
G1 X111.694 Y112.363 E324.30925
G1 X111.402 Y112.496 E324.31327
G1 X109.578 Y112.493 E324.33615
G1 X109.542 Y112.451 E324.33684
G1 X109.505 Y112.493 E324.33754
G1 X107.656 Y112.493 E324.36073
G1 X107.359 Y112.376 E324.36473
G1 X107.155 Y112.101 E324.36902
G1 X107.12 Y111.894 E324.37166
G1 X107.122 Y110.6 E324.38788
G1 X100.6 Y110.6 E324.46967
G1 X100.6 Y129.4 E324.70543
G1 X119.4 Y129.4 E324.94119
G1 X119.4 Y122.391 E325.02909
G1 X118.062 Y122.388 E325.04587
G1 X117.848 Y122.348 E325.0486
G0 F7200 X118.063 Y121.988
;TYPE:WALL-OUTER
G1 F1500 X117.949 Y121.953 E325.05009
G1 X117.868 Y121.831 E325.05193
G1 X117.867 Y120.08 E325.07389
G1 F1265.8 X118.04 Y119.843 E325.07825
G1 F1094.9 X119.727 Y119.846 E325.10723
G1 F1096.9 X119.727 Y119.297 E325.11664
G1 F1094.9 X118.04 Y119.297 E325.14563
G1 F1265.8 X117.901 Y119.141 E325.14873
G1 F1500 X117.864 Y119.039 E325.15009
G1 X117.864 Y117.292 E325.172
G1 X118.016 Y117.14 E325.1747
G1 X119.8 Y117.14 E325.19707
G1 X119.8 Y110.2 E325.2841
G1 X111.516 Y110.2 E325.38798
G1 X111.516 Y111.948 E325.4099
G1 X111.461 Y112.035 E325.41119
G1 X111.359 Y112.092 E325.41266
G1 X109.656 Y112.092 E325.43402
G1 F1621.6 X109.542 Y111.909 E325.43652
G1 X109.428 Y112.092 E325.43902
G1 F1500 X107.676 Y112.092 E325.46099
G1 X107.574 Y112.034 E325.46246
G1 X107.52 Y111.947 E325.46374
G1 X107.523 Y110.2 E325.48565
G1 X100.2 Y110.2 E325.57749
G1 X100.2 Y129.8 E325.82328
G1 X119.8 Y129.8 E326.06907
G1 X119.8 Y121.992 E326.16698
G1 X118.063 Y121.988 E326.18877
G0 F7200 X117.949 Y121.953
G0 X117.905 Y121.886
G0 X117.156 Y121.885
G0 X109.542 Y112.81
G0 X109.542 Y111.909
G1 F1764.7 X109.542 Y110.158 E326.20743
G1 F1500 E319.70743
;MESH:NONMESH
G0 F600 X109.542 Y110.158 Z11.9
G0 F7200 X107.3 Y110.424
G0 X100.91 Y110.88
G0 X100.76 Y110.76
;TIME_ELAPSED:812.221319
;LAYER:58
;TYPE:FILL
;MESH:xyzCalibration_cube.glb
G1 F1500 E326.20743
G1 F3000 X119.24 Y129.24 E326.53517
G1 X119.31 Y129.31
G0 F7200 X119.12 Y129.12
G0 X117.73 Y129.09
G0 X117.73 Y129.24
G1 F3000 X119.24 Y127.73 E326.56195
G1 X119.31 Y127.66
G0 F7200 X119.09 Y127.66
G0 X119.09 Y123.583
G0 X119.24 Y123.583
G1 F3000 X118.322 Y122.665 E326.57823
G0 F7200 X118.648 Y122.665
G1 F3000 X112.073 Y129.24 E326.69483
G1 X112.003 Y129.31
G0 F7200 X112.003 Y129.09
G0 X113.583 Y129.09
G0 X113.583 Y129.24
G1 F3000 X100.76 Y116.417 E326.92225
G1 X100.69 Y116.347
G0 F7200 X100.91 Y116.347
G0 X100.91 Y117.925
G0 X100.761 Y117.925
G1 F3000 X106.848 Y111.837 E327.03021
G0 F7200 X106.849 Y111.193
G1 F3000 X106.417 Y110.76 E327.03788
G0 F7200 X106.417 Y110.91
G0 X106.771 Y112.737
G0 X108.311 Y112.809
G0 X108.311 Y112.654
G1 F3000 X117.308 Y121.651 E327.19744
G1 X117.378 Y121.721
G0 F7200 X117.156 Y121.72
G0 X117.157 Y118.35
G0 X117.306 Y118.35
G1 F3000 X106.416 Y129.24 E327.39057
G1 X106.346 Y129.31
G0 F7200 X106.346 Y129.09
G0 X107.926 Y129.09
G0 X107.926 Y129.24
G1 F3000 X100.76 Y122.074 E327.51766
G1 X100.69 Y122.004
G0 F7200 X100.91 Y122.004
G0 X100.91 Y123.582
G0 X100.761 Y123.582
G1 F3000 X111.753 Y112.589 E327.71261
G0 F7200 X112.131 Y112.211
G1 F3000 X113.583 Y110.76 E327.73835
G1 X113.653 Y110.69
G0 F7200 X113.653 Y110.91
G0 X112.355 Y110.89
G0 X112.204 Y110.89
G1 F3000 X117.819 Y116.505 E327.83793
G1 X117.889 Y116.575
G0 F7200 X117.889 Y116.314
G0 X119.09 Y112.269
G0 X119.24 Y112.269
G1 F3000 X117.731 Y110.76 E327.86469
G1 X117.661 Y110.69
G0 F7200 X117.661 Y110.91
G0 X119.12 Y110.88
G0 X119.239 Y110.76
G1 F3000 X100.761 Y129.239 E328.1924
G1 X100.691 Y129.309
G0 F7200 X100.88 Y129.12
G0 X100.91 Y127.73
G0 X100.76 Y127.73
G1 F3000 X102.27 Y129.24 E328.21918
G1 X102.34 Y129.31
G0 F7200 X102.34 Y129.09
G0 X100.91 Y112.268
G0 X100.761 Y112.268
G1 F3000 X102.269 Y110.76 E328.24593
G1 X102.339 Y110.69
G0 F7200 X102.339 Y110.91
G0 X117.156 Y119.567
G0 X118.007 Y119.568
;TYPE:WALL-INNER
G1 F2294.5 X119.339 Y119.569 E328.26777
G0 F7200 X117.628 Y119.79
G0 X117.627 Y122.341
G0 X117.851 Y122.466
G1 F3000 X117.644 Y122.334 E328.27085
G1 X117.532 Y122.183 E328.2732
G1 X117.467 Y121.967 E328.27603
G1 X117.468 Y120.154 E328.29877
G1 X117.61 Y119.835 E328.30315
G1 F2597.4 X118.007 Y119.568 E328.31008
G1 X117.61 Y119.301 E328.31701
G1 F3000 X117.472 Y119.011 E328.32103
G1 X117.466 Y117.165 E328.34418
G1 X117.497 Y117.027 E328.34596
G1 X117.631 Y116.807 E328.34919
G1 X117.927 Y116.624 E328.35355
G1 X119.4 Y116.621 E328.37202
G1 X119.4 Y110.6 E328.44753
G1 X112.044 Y110.6 E328.53978
G1 X112.044 Y111.896 E328.55603
G1 X112.007 Y112.104 E328.55868
G1 X111.878 Y112.312 E328.56175
G1 X111.758 Y112.408 E328.56367
G1 X111.548 Y112.493 E328.56651
G1 X109.769 Y112.494 E328.58882
G1 X109.609 Y112.455 E328.59089
G1 X109.55 Y112.376 E328.59213
G1 X109.491 Y112.455 E328.59336
G1 X109.292 Y112.496 E328.59591
G1 X107.544 Y112.493 E328.61783
G1 X107.244 Y112.374 E328.62188
G1 X107.042 Y112.097 E328.62618
G1 X107.008 Y111.894 E328.62876
G1 X107.01 Y110.6 E328.64499
G1 X100.6 Y110.6 E328.72537
G1 X100.6 Y129.4 E328.96113
G1 X119.4 Y129.4 E329.19689
G1 X119.4 Y122.507 E329.28333
G1 X118.062 Y122.504 E329.30011
G1 X117.851 Y122.466 E329.3028
G0 F7200 X118.009 Y122.104
;TYPE:WALL-OUTER
G1 F1500 X117.868 Y121.948 E329.30543
G1 X117.866 Y120.193 E329.32744
G1 X117.912 Y120.097 E329.32878
G1 X118.046 Y120.028 E329.33067
G1 X119.8 Y120.031 E329.35266
G1 X119.8 Y119.108 E329.36424
G1 X118.046 Y119.108 E329.38623
G1 X117.912 Y119.039 E329.38812
G1 X117.866 Y118.943 E329.38946
G1 X117.864 Y117.204 E329.41126
G1 X117.919 Y117.085 E329.41291
G1 X118.017 Y117.024 E329.41436
G1 X119.8 Y117.02 E329.43672
G1 X119.8 Y110.2 E329.52224
G1 X111.644 Y110.2 E329.62452
G1 X111.644 Y111.947 E329.64643
G1 X111.589 Y112.035 E329.64773
G1 X111.487 Y112.092 E329.6492
G1 X109.768 Y112.093 E329.67075
G1 F1252.6 X109.55 Y111.92 E329.67493
G1 X109.332 Y112.093 E329.67911
G1 F1500 X107.563 Y112.092 E329.70129
G1 X107.439 Y112.005 E329.70319
G1 X107.408 Y111.895 E329.70463
G1 X107.411 Y110.2 E329.72588
G1 X100.2 Y110.2 E329.81631
G1 X100.2 Y129.8 E330.0621
G1 X119.8 Y129.8 E330.30789
G1 X119.8 Y122.108 E330.40436
G1 X118.009 Y122.104 E330.42682
G0 F7200 X117.875 Y121.956
G0 X117.156 Y121.955
G0 X109.55 Y112.81
G0 X109.55 Y111.92
G1 F1077.2 X109.55 Y110.278 E330.45549
G1 F1500 E323.95549
;MESH:NONMESH
G0 F600 X109.55 Y110.278 Z12.1
G0 F7200 X107.188 Y110.424
G0 X100.91 Y110.88
G0 X100.761 Y110.761
;TIME_ELAPSED:823.131122
;LAYER:59
;TYPE:FILL
;MESH:xyzCalibration_cube.glb
G1 F1500 E330.45549
G1 F3000 X119.24 Y129.24 E330.78321
G1 X119.31 Y129.31
G0 F7200 X119.12 Y129.12
G0 X117.73 Y129.09
G0 X117.73 Y129.24
G1 F3000 X119.24 Y127.73 E330.80999
G1 X119.31 Y127.66
G0 F7200 X119.09 Y127.66
G0 X119.09 Y123.583
G0 X119.24 Y123.583
G1 F3000 X118.434 Y122.777 E330.82428
G1 X118.536 Y122.777
G1 X112.073 Y129.24 E330.9389
G1 X112.003 Y129.31
G0 F7200 X112.003 Y129.09
G0 X113.583 Y129.09
G0 X113.583 Y129.24
G1 F3000 X100.761 Y116.417 E331.16631
G1 X100.691 Y116.347
G0 F7200 X100.91 Y116.347
G0 X100.91 Y117.924
G0 X100.761 Y117.924
G1 F3000 X106.743 Y111.942 E331.2724
G1 X106.813 Y111.872
G0 F7200 X106.736 Y111.079
G1 F3000 X106.417 Y110.76 E331.27805
G0 F7200 X106.417 Y110.91
G0 X106.66 Y112.737
G0 X108.311 Y112.809
G0 X108.311 Y112.654
G1 F3000 X117.308 Y121.651 E331.43761
G1 X117.378 Y121.721
G0 F7200 X117.156 Y121.72
G0 X117.158 Y118.346
G0 X117.309 Y118.347
G1 F3000 X106.416 Y129.24 E331.6308
G1 X106.346 Y129.31
G0 F7200 X106.346 Y129.09
G0 X107.926 Y129.09
G0 X107.926 Y129.24
G1 F3000 X100.761 Y122.074 E331.75788
G1 X100.691 Y122.004
G0 F7200 X100.91 Y122.004
G0 X100.91 Y123.581
G0 X100.761 Y123.581
G1 F3000 X111.686 Y112.656 E331.95163
G1 X111.756 Y112.586
G0 F7200 X112.308 Y112.034
G1 F3000 X113.583 Y110.76 E331.97423
G1 X113.653 Y110.69
G0 F7200 X113.653 Y110.91
G0 X112.483 Y111.018
G0 X112.332 Y111.018
G1 F3000 X117.749 Y116.435 E332.0703
G1 X117.819 Y116.505
G0 F7200 X117.819 Y116.194
G0 X119.09 Y112.269
G0 X119.24 Y112.269
G1 F3000 X117.731 Y110.76 E332.09706
G1 X117.661 Y110.69
G0 F7200 X117.661 Y110.91
G0 X119.12 Y110.88
G0 X119.239 Y110.76
G1 F3000 X100.761 Y129.238 E332.42477
G1 X100.691 Y129.308
G0 F7200 X100.88 Y129.12
G0 X100.91 Y127.731
G0 X100.761 Y127.731
G1 F3000 X102.27 Y129.24 E332.45153
G1 X102.34 Y129.31
G0 F7200 X102.34 Y129.09
G0 X100.91 Y112.267
G0 X100.761 Y112.267
G1 F3000 X102.268 Y110.76 E332.47825
G1 X102.338 Y110.69
G0 F7200 X102.338 Y110.91
G0 X117.226 Y122.853
G0 X117.855 Y122.579
;TYPE:WALL-INNER
G1 F3000 X117.582 Y122.375 E332.48253
G1 X117.467 Y122.079 E332.48651
G1 X117.464 Y120.315 E332.50863
G1 X117.528 Y120.068 E332.51183
G1 X117.642 Y119.912 E332.51425
G1 F3092.8 X118.013 Y119.754 E332.51916
G1 F3191.5 X119.413 Y119.753 E332.53566
G1 F3208.6 X119.413 Y119.379 E332.54005
G1 F3191.5 X118.013 Y119.378 E332.55655
G1 F3092.8 X117.642 Y119.22 E332.56146
G1 F3000 X117.528 Y119.064 E332.56388
G1 X117.467 Y118.86 E332.56655
G1 X117.471 Y117.043 E332.58933
G1 X117.502 Y116.904 E332.59112
G1 X117.638 Y116.685 E332.59435
G1 X117.932 Y116.504 E332.59868
G1 X119.4 Y116.501 E332.61709
G1 X119.4 Y110.6 E332.69109
G1 X112.172 Y110.6 E332.78173
G1 X112.172 Y111.896 E332.79799
G1 X112.137 Y112.1 E332.80058
G1 X111.958 Y112.357 E332.80451
G1 X111.824 Y112.441 E332.80649
G1 X111.572 Y112.497 E332.80973
G1 X109.888 Y112.493 E332.83085
G1 X109.661 Y112.419 E332.83384
G1 X109.556 Y112.256 E332.83627
G1 X109.451 Y112.419 E332.83871
G1 X109.185 Y112.496 E332.84218
G1 X107.431 Y112.493 E332.86417
G1 X107.129 Y112.372 E332.86825
G1 X106.988 Y112.216 E332.87089
G1 X106.896 Y111.896 E332.87507
G1 X106.896 Y110.6 E332.89132
G1 X100.601 Y110.601 E332.97026
G1 X100.6 Y129.4 E333.20601
G1 X119.4 Y129.4 E333.44177
G1 X119.4 Y122.619 E333.5268
G1 X118.062 Y122.616 E333.54358
G1 X117.855 Y122.579 E333.54622
G0 F7200 X118.063 Y122.216
;TYPE:WALL-OUTER
G1 F1500 X117.952 Y122.183 E333.54767
G1 X117.864 Y122.071 E333.54946
G1 X117.866 Y120.306 E333.57159
G1 X117.923 Y120.197 E333.57313
G1 X118.046 Y120.14 E333.57483
G1 X119.8 Y120.14 E333.59683
G1 X119.8 Y118.992 E333.61122
G1 X118.046 Y118.992 E333.63322
G1 X117.923 Y118.935 E333.63492
G1 X117.866 Y118.826 E333.63646
G1 X117.869 Y117.053 E333.6587
G1 X118.021 Y116.904 E333.66137
G1 X119.8 Y116.9 E333.68368
G1 X119.8 Y110.2 E333.7677
G1 X111.772 Y110.2 E333.86837
G1 X111.772 Y111.948 E333.89029
G1 X111.701 Y112.05 E333.89185
G1 X111.572 Y112.097 E333.89357
G1 X109.872 Y112.095 E333.91489
G1 X109.756 Y111.913 E333.9176
G1 F1503.8 X109.754 Y110.198 E333.93905
G1 F1511.3 X109.358 Y110.198 E333.94398
G1 F1503.8 X109.356 Y111.913 E333.96543
G1 F1500 X109.239 Y112.096 E333.96816
G1 X107.474 Y112.095 E333.99029
G1 X107.326 Y112.003 E333.99247
G1 X107.296 Y111.896 E333.99387
G1 X107.296 Y110.2 E334.01514
G1 X100.201 Y110.201 E334.10411
G1 X100.2 Y129.8 E334.34989
G1 X119.8 Y129.8 E334.59568
G1 X119.8 Y122.22 E334.69074
G1 X118.063 Y122.216 E334.71252
G0 F7200 X117.952 Y122.183
G0 X117.9 Y122.117
G0 X116.855 Y122.116
;MESH:NONMESH
G0 F600 X116.855 Y122.116 Z12.3
G0 F7200 X100.88 Y110.88
G0 X100.76 Y110.76
;TIME_ELAPSED:833.708586
;LAYER:60
;TYPE:FILL
;MESH:xyzCalibration_cube.glb
G1 F3000 X119.24 Y129.24 E335.04026
G1 X119.31 Y129.31
G0 F7200 X119.12 Y129.12
G0 X117.73 Y129.09
G0 X117.73 Y129.24
G1 F3000 X119.239 Y127.73 E335.06703
G1 X119.309 Y127.66
G0 F7200 X119.09 Y127.66
G0 X119.09 Y123.583
G0 X119.24 Y123.583
G1 F3000 X118.546 Y122.89 E335.07933
G1 X118.424 Y122.889
G1 X112.073 Y129.24 E335.19196
G1 X112.003 Y129.31
G0 F7200 X112.003 Y129.09
G0 X113.583 Y129.09
G0 X113.583 Y129.24
G1 F3000 X100.76 Y116.417 E335.41937
G1 X100.69 Y116.347
G0 F7200 X100.91 Y116.347
G0 X100.91 Y117.925
G0 X100.761 Y117.925
G1 F3000 X106.647 Y112.039 E335.52376
G1 X106.717 Y111.969
G0 F7200 X106.475 Y111.968
G0 X106.476 Y110.966
G0 X106.624 Y110.967
G1 F3000 X106.417 Y110.76 E335.52743
G0 F7200 X106.417 Y110.91
G0 X106.546 Y112.738
G0 X108.312 Y112.81
G0 X108.312 Y112.656
G1 F3000 X117.308 Y121.651 E335.68696
G1 X117.378 Y121.721
G0 F7200 X117.157 Y121.72
G0 X117.158 Y118.346
G0 X117.309 Y118.347
G1 F3000 X106.416 Y129.24 E335.88015
G1 X106.346 Y129.31
G0 F7200 X106.346 Y129.09
G0 X107.926 Y129.09
G0 X107.926 Y129.24
G1 F3000 X100.76 Y122.074 E336.00724
G1 X100.69 Y122.004
G0 F7200 X100.91 Y122.004
G0 X100.91 Y123.582
G0 X100.761 Y123.582
G1 F3000 X111.687 Y112.656 E336.20101
G1 X111.757 Y112.586
G0 F7200 X112.46 Y111.883
G1 F3000 X113.583 Y110.76 E336.22092
G1 X113.653 Y110.69
G0 F7200 X113.653 Y110.91
G0 X112.611 Y111.146
G0 X112.46 Y111.146
G1 F3000 X117.664 Y116.35 E336.31321
G1 X117.734 Y116.42
G0 F7200 X117.734 Y116.073
G0 X119.09 Y112.269
G0 X119.24 Y112.269
G1 F3000 X117.731 Y110.76 E336.33998
G1 X117.661 Y110.69
G0 F7200 X117.661 Y110.91
G0 X119.12 Y110.88
G0 X119.239 Y110.76
G1 F3000 X100.761 Y129.239 E336.66769
G1 X100.691 Y129.309
G0 F7200 X100.88 Y129.12
G0 X100.91 Y127.73
G0 X100.76 Y127.73
G1 F3000 X102.27 Y129.24 E336.69447
G1 X102.34 Y129.31
G0 F7200 X102.34 Y129.09
G0 X100.91 Y112.268
G0 X100.761 Y112.268
G1 F3000 X102.269 Y110.76 E336.72121
G1 X102.339 Y110.69
G0 F7200 X102.339 Y110.91
G0 X117.228 Y122.967
G0 X117.859 Y122.693
;TYPE:WALL-INNER
G1 F3000 X117.651 Y122.564 E336.72428
G1 X117.534 Y122.411 E336.7267
G1 X117.467 Y122.192 E336.72957
G1 X117.465 Y120.408 E336.75194
G1 X117.545 Y120.145 E336.75539
G1 X117.673 Y119.992 E336.75789
G1 F2702.7 X118.008 Y119.806 E336.76322
G1 F2459 X119.356 Y119.806 E336.78385
G1 X119.356 Y119.318 E336.79131
G1 X118.008 Y119.318 E336.81194
G1 F2702.7 X117.673 Y119.132 E336.81727
G1 F3000 X117.545 Y118.979 E336.81977
G1 X117.464 Y118.764 E336.82265
G1 X117.471 Y116.923 E336.84574
G1 X117.583 Y116.629 E336.84968
G1 X117.779 Y116.457 E336.85295
G1 X118.066 Y116.384 E336.85667
G1 X119.4 Y116.381 E336.8734
G1 X119.4 Y110.6 E336.94589
G1 X112.3 Y110.6 E337.03493
G1 X112.3 Y111.9 E337.05123
G1 X112.2 Y112.233 E337.05559
G1 X112.023 Y112.407 E337.0587
G1 X111.795 Y112.502 E337.0618
G1 X110.007 Y112.492 E337.08422
G1 X109.725 Y112.381 E337.08803
G1 X109.562 Y112.09 E337.09221
G1 X109.399 Y112.381 E337.09639
G1 X109.076 Y112.496 E337.10069
G1 X107.32 Y112.497 E337.12271
G1 X107.014 Y112.374 E337.12685
G1 X106.872 Y112.215 E337.12952
G1 X106.784 Y111.9 E337.13362
G1 X106.784 Y110.6 E337.14992
G1 X100.6 Y110.6 E337.22747
G1 X100.6 Y129.4 E337.46323
G1 X119.4 Y129.4 E337.69899
G1 X119.4 Y122.731 E337.78262
G1 X118.062 Y122.728 E337.7994
G1 X117.859 Y122.693 E337.80199
G0 F7200 X118.012 Y122.328
;TYPE:WALL-OUTER
G1 F1500 X117.926 Y122.274 E337.80326
G1 X117.868 Y122.173 E337.80472
G1 X117.867 Y120.409 E337.82684
G1 X117.933 Y120.296 E337.82848
G1 X118.046 Y120.248 E337.83002
G1 X119.8 Y120.251 E337.85202
G1 X119.8 Y118.873 E337.8693
G1 X118.046 Y118.876 E337.89129
G1 X117.933 Y118.828 E337.89283
G1 X117.865 Y118.732 E337.89431
G1 X117.869 Y116.963 E337.91649
G1 X117.906 Y116.865 E337.91781
G1 X118.067 Y116.784 E337.92007
G1 X119.8 Y116.78 E337.9418
G1 X119.8 Y110.2 E338.02431
G1 X111.9 Y110.2 E338.12338
G1 X111.9 Y111.951 E338.14534
G1 X111.744 Y112.101 E338.14806
G1 X110.032 Y112.091 E338.16953
G1 F1304.3 X109.821 Y111.919 E338.17345
G1 F1156.1 X109.821 Y110.259 E338.20046
G1 F1158.3 X109.303 Y110.259 E338.20887
G1 F1156.1 X109.303 Y111.919 E338.23588
G1 F1304.3 X109.092 Y112.091 E338.23981
G1 F1500 X107.362 Y112.099 E338.2615
G1 X107.26 Y112.058 E338.26288
G1 X107.184 Y111.951 E338.26453
G1 X107.184 Y110.2 E338.28649
G1 X100.2 Y110.2 E338.37407
G1 X100.2 Y129.8 E338.61986
G1 X119.8 Y129.8 E338.86565
G1 X119.8 Y122.332 E338.9593
G1 X118.012 Y122.328 E338.98173
G0 F7200 X117.926 Y122.274
G0 X117.877 Y122.189
G0 X116.857 Y122.188
;MESH:NONMESH
G0 F600 X116.857 Y122.188 Z12.5
G0 F7200 X100.88 Y110.88
G0 X100.76 Y110.76
;TIME_ELAPSED:844.076672
;LAYER:61
;TYPE:FILL
;MESH:xyzCalibration_cube.glb
G1 F3000 X119.24 Y129.24 E339.30946
G1 X119.31 Y129.31
G0 F7200 X119.12 Y129.12
G0 X117.73 Y129.09
G0 X117.73 Y129.24
G1 F3000 X119.239 Y127.73 E339.33623
G1 X119.309 Y127.66
G0 F7200 X119.09 Y127.66
G0 X119.09 Y123.583
G0 X119.24 Y123.583
G1 F3000 X118.663 Y123.006 E339.34647
G0 F7200 X118.309 Y123.004
G1 F3000 X112.073 Y129.24 E339.45706
G1 X112.003 Y129.31
G0 F7200 X112.003 Y129.09
G0 X113.583 Y129.09
G0 X113.583 Y129.24
G1 F3000 X100.76 Y116.417 E339.68447
G1 X100.69 Y116.347
G0 F7200 X100.91 Y116.347
G0 X100.91 Y117.925
G0 X100.761 Y117.925
G1 F3000 X106.55 Y112.136 E339.78714
G1 X106.62 Y112.066
G0 F7200 X106.363 Y112.065
G0 X106.364 Y110.854
G0 X106.512 Y110.855
G1 F3000 X106.417 Y110.76 E339.78883
G0 F7200 X106.417 Y110.91
G0 X106.434 Y112.738
G0 X108.312 Y112.81
G0 X108.312 Y112.656
G1 F3000 X117.308 Y121.651 E339.94836
G1 X117.378 Y121.721
G0 F7200 X117.157 Y121.72
G0 X117.158 Y118.343
G0 X117.313 Y118.343
G1 F3000 X106.416 Y129.24 E340.14161
G1 X106.346 Y129.31
G0 F7200 X106.346 Y129.09
G0 X107.926 Y129.09
G0 X107.926 Y129.24
G1 F3000 X100.76 Y122.074 E340.2687
G1 X100.69 Y122.004
G0 F7200 X100.91 Y122.004
G0 X100.91 Y123.582
G0 X100.761 Y123.582
G1 F3000 X111.69 Y112.653 E340.46252
G1 X111.76 Y112.583
G0 F7200 X111.76 Y112.81
G0 X112.666 Y112.737
G0 X112.738 Y111.754
G0 X112.588 Y111.754
G1 F3000 X113.583 Y110.76 E340.48016
G1 X113.653 Y110.69
G0 F7200 X113.653 Y110.91
G0 X112.738 Y111.274
G0 X112.588 Y111.274
G1 F3000 X117.6 Y116.287 E340.56906
G1 X117.67 Y116.357
G0 F7200 X117.67 Y115.955
G0 X119.09 Y112.269
G0 X119.24 Y112.269
G1 F3000 X117.731 Y110.76 E340.59582
G1 X117.661 Y110.69
G0 F7200 X117.661 Y110.91
G0 X119.12 Y110.88
G0 X119.239 Y110.76
G1 F3000 X100.761 Y129.239 E340.92353
G1 X100.691 Y129.309
G0 F7200 X100.88 Y129.12
G0 X100.91 Y127.73
G0 X100.76 Y127.73
G1 F3000 X102.27 Y129.24 E340.95031
G1 X102.34 Y129.31
G0 F7200 X102.34 Y129.09
G0 X100.91 Y112.268
G0 X100.761 Y112.268
G1 F3000 X102.269 Y110.76 E340.97705
G1 X102.339 Y110.69
G0 F7200 X102.339 Y110.91
G0 X106.835 Y112.338
G0 X109.371 Y112.338
G0 X109.569 Y110.637
;TYPE:WALL-INNER
G1 F2515.7 X109.57 Y111.955 E340.99676
G0 F7200 X109.57 Y112.81
G0 X117.228 Y123.08
G0 X117.863 Y122.81
G1 F3000 X117.654 Y122.683 E340.99983
G1 X117.536 Y122.53 E341.00225
G1 X117.467 Y122.308 E341.00517
G1 X117.466 Y120.5 E341.02784
G1 X117.564 Y120.228 E341.03147
G1 X117.702 Y120.08 E341.03401
G1 X118.067 Y119.96 E341.03882
G1 X119.4 Y119.962 E341.05554
G1 X119.4 Y119.156 E341.06565
G1 X118.068 Y119.156 E341.08235
G1 X117.704 Y119.034 E341.08717
G1 X117.566 Y118.886 E341.0897
G1 X117.473 Y118.634 E341.09307
G1 X117.471 Y116.762 E341.11655
G1 X117.537 Y116.583 E341.11894
G1 X117.645 Y116.438 E341.12121
G1 X117.937 Y116.264 E341.12547
G1 X119.4 Y116.261 E341.14382
G1 X119.4 Y110.6 E341.21481
G1 X112.428 Y110.6 E341.30224
G1 X112.428 Y111.896 E341.31849
G1 X112.396 Y112.091 E341.32097
G1 X112.264 Y112.31 E341.32418
G1 X112.085 Y112.439 E341.32694
G1 X111.894 Y112.493 E341.32943
G1 X110.185 Y112.5 E341.35086
G1 X109.96 Y112.447 E341.35376
G1 X109.805 Y112.345 E341.35609
G1 F2727.3 X109.57 Y111.955 E341.36237
G1 X109.335 Y112.345 E341.36865
G1 F3000 X109.18 Y112.447 E341.37098
G1 X108.964 Y112.5 E341.37377
G1 X107.206 Y112.497 E341.39581
G1 X106.899 Y112.371 E341.39998
G1 X106.757 Y112.209 E341.40268
G1 X106.672 Y111.9 E341.4067
G1 X106.672 Y110.6 E341.423
G1 X100.6 Y110.6 E341.49914
G1 X100.6 Y129.4 E341.7349
G1 X119.4 Y129.4 E341.97066
G1 X119.4 Y122.847 E342.05284
G1 X118.062 Y122.844 E342.06962
G1 X117.863 Y122.81 E342.07215
G0 F7200 X118.063 Y122.444
;TYPE:WALL-OUTER
G1 F1500 X117.955 Y122.413 E342.07356
G1 X117.868 Y122.289 E342.07546
G1 X117.868 Y120.516 E342.09769
G1 X117.943 Y120.4 E342.09942
G1 X118.066 Y120.36 E342.10105
G1 X119.8 Y120.363 E342.12279
G1 X119.8 Y118.756 E342.14294
G1 X118.068 Y118.756 E342.16466
G1 X117.946 Y118.716 E342.16627
G1 X117.87 Y118.589 E342.16813
G1 X117.869 Y116.812 E342.19041
G1 X118.022 Y116.664 E342.19308
G1 X119.8 Y116.66 E342.21538
G1 X119.8 Y110.2 E342.29639
G1 X112.028 Y110.2 E342.39385
G1 X112.028 Y111.944 E342.41572
G1 X111.937 Y112.065 E342.41762
G1 X111.85 Y112.095 E342.41878
G1 X110.19 Y112.1 E342.43959
G1 X110.073 Y112.049 E342.4412
G1 X110.008 Y111.918 E342.44303
G1 X110.004 Y110.2 E342.46457
G1 X109.132 Y110.2 E342.47551
G1 X109.132 Y111.918 E342.49705
G1 X109.067 Y112.049 E342.49889
G1 X108.977 Y112.096 E342.50016
G1 X107.25 Y112.099 E342.52182
G1 X107.147 Y112.057 E342.52321
G1 X107.072 Y111.9 E342.52539
G1 X107.072 Y110.2 E342.54671
G1 X100.2 Y110.2 E342.63289
G1 X100.2 Y129.8 E342.87868
G1 X119.8 Y129.8 E343.12447
G1 X119.8 Y122.448 E343.21667
G1 X118.063 Y122.444 E343.23845
G0 F7200 X117.955 Y122.413
G0 X117.905 Y122.341
G0 X116.857 Y122.34
;MESH:NONMESH
G0 F600 X116.857 Y122.34 Z12.7
G0 F7200 X100.88 Y110.88
G0 X100.76 Y110.76
;TIME_ELAPSED:854.561676
;LAYER:62
;TYPE:FILL
;MESH:xyzCalibration_cube.glb
G1 F3000 X119.24 Y129.24 E343.56619
G1 X119.31 Y129.31
G0 F7200 X119.12 Y129.12
G0 X117.73 Y129.09
G0 X117.73 Y129.24
G1 F3000 X119.24 Y127.73 E343.59297
G1 X119.31 Y127.66
G0 F7200 X119.09 Y127.66
G0 X119.09 Y123.583
G0 X119.24 Y123.583
G1 F3000 X118.776 Y123.119 E343.6012
G0 F7200 X118.197 Y123.116
G1 F3000 X112.073 Y129.24 E343.70981
G1 X112.003 Y129.31
G0 F7200 X112.003 Y129.09
G0 X113.583 Y129.09
G0 X113.583 Y129.24
G1 F3000 X100.76 Y116.417 E343.93722
G1 X100.69 Y116.347
G0 F7200 X100.91 Y116.347
G0 X100.91 Y117.925
G0 X100.761 Y117.925
G1 F3000 X106.472 Y112.214 E344.0385
G1 X106.542 Y112.144
G0 F7200 X106.25 Y112.143
G0 X108.315 Y112.81
G0 X108.315 Y112.658
G1 F3000 X117.306 Y121.649 E344.19796
G1 X117.376 Y121.719
G0 F7200 X117.157 Y121.718
G0 X117.159 Y118.347
G0 X117.308 Y118.348
G1 F3000 X106.416 Y129.24 E344.39112
G1 X106.346 Y129.31
G0 F7200 X106.346 Y129.09
G0 X107.926 Y129.09
G0 X107.926 Y129.24
G1 F3000 X100.76 Y122.074 E344.51821
G1 X100.69 Y122.004
G0 F7200 X100.91 Y122.004
G0 X100.91 Y123.582
G0 X100.761 Y123.582
G1 F3000 X111.689 Y112.653 E344.71202
G1 X111.759 Y112.583
G0 F7200 X111.759 Y112.81
G0 X112.794 Y112.737
G0 X112.866 Y111.627
G0 X112.716 Y111.627
G1 F3000 X113.583 Y110.76 E344.7274
G1 X113.653 Y110.69
G0 F7200 X113.653 Y110.91
G0 X112.866 Y111.402
G0 X112.716 Y111.402
G1 F3000 X117.526 Y116.212 E344.81271
G1 X117.596 Y116.282
G0 F7200 X117.159 Y116.281
G0 X119.09 Y112.269
G0 X119.24 Y112.269
G1 F3000 X117.731 Y110.76 E344.83947
G1 X117.661 Y110.69
G0 F7200 X117.661 Y110.91
G0 X119.12 Y110.88
G0 X119.239 Y110.76
G1 F3000 X100.761 Y129.239 E345.16718
G1 X100.691 Y129.309
G0 F7200 X100.88 Y129.12
G0 X100.91 Y127.73
G0 X100.76 Y127.73
G1 F3000 X102.27 Y129.24 E345.19396
G1 X102.34 Y129.31
G0 F7200 X102.34 Y129.09
G0 X100.91 Y112.268
G0 X100.761 Y112.268
G1 F3000 X102.269 Y110.76 E345.2207
G1 X102.339 Y110.69
G0 F7200 X102.339 Y110.91
G0 X117.228 Y123.193
G0 X117.744 Y122.864
;TYPE:WALL-INNER
G1 F3000 X117.588 Y122.723 E345.22334
G1 X117.467 Y122.421 E345.22742
G1 X117.465 Y120.623 E345.24997
G1 X117.525 Y120.405 E345.2528
G1 X117.727 Y120.174 E345.25665
G1 X118.067 Y120.072 E345.2611
G1 X119.4 Y120.074 E345.27782
G1 X119.4 Y119.04 E345.29078
G1 X118.068 Y119.04 E345.30749
G1 X117.73 Y118.936 E345.31192
G1 X117.584 Y118.796 E345.31446
G1 X117.474 Y118.527 E345.3181
G1 X117.468 Y116.677 E345.3413
G1 X117.504 Y116.538 E345.3431
G1 X117.648 Y116.314 E345.34644
G1 X117.792 Y116.21 E345.34867
G1 X118.066 Y116.144 E345.35221
G1 X119.4 Y116.141 E345.36894
G1 X119.4 Y110.6 E345.43842
G1 X112.556 Y110.6 E345.52425
G1 X112.556 Y111.896 E345.5405
G1 X112.526 Y112.086 E345.54291
G1 X112.393 Y112.309 E345.54617
G1 X112.183 Y112.452 E345.54935
G1 X112.023 Y112.493 E345.55143
G1 X110.265 Y112.5 E345.57347
G1 X110.048 Y112.429 E345.57633
G1 X109.893 Y112.31 E345.57879
G1 F3157.9 X109.755 Y111.951 E345.58337
G1 F3352 X109.754 Y110.578 E345.59878
G1 F3370.8 X109.398 Y110.578 E345.60275
G1 F3352 X109.397 Y111.951 E345.61816
G1 F3157.9 X109.259 Y112.31 E345.62274
G1 F3000 X109.104 Y112.429 E345.62519
G1 X108.852 Y112.5 E345.62848
G1 X107.094 Y112.497 E345.65052
G1 X106.784 Y112.368 E345.65473
G1 X106.642 Y112.204 E345.65745
G1 X106.56 Y111.9 E345.6614
G1 X106.56 Y110.6 E345.6777
G1 X100.6 Y110.6 E345.75245
G1 X100.6 Y129.4 E345.9882
G1 X119.4 Y129.4 E346.22396
G1 X119.4 Y122.959 E346.30474
G1 X118.062 Y122.956 E346.32151
G1 X117.744 Y122.864 E346.32567
G0 F7200 X118.063 Y122.556
;TYPE:WALL-OUTER
G1 F1500 X117.905 Y122.479 E346.32787
G1 X117.865 Y122.378 E346.32923
G1 X117.864 Y120.655 E346.35084
G1 X117.951 Y120.506 E346.353
G1 X118.066 Y120.472 E346.35451
G1 X119.8 Y120.475 E346.37625
G1 X119.8 Y118.64 E346.39926
G1 X118.068 Y118.64 E346.42098
G1 X117.955 Y118.606 E346.42246
G1 X117.873 Y118.488 E346.42427
G1 X117.87 Y116.712 E346.44654
G1 X117.928 Y116.6 E346.44812
G1 X118.025 Y116.544 E346.44952
G1 X119.8 Y116.54 E346.47178
G1 X119.8 Y110.2 E346.55129
G1 X112.156 Y110.2 E346.64715
G1 X112.156 Y111.896 E346.66842
G1 X112.128 Y112 E346.66977
G1 X111.979 Y112.095 E346.67198
G1 X110.312 Y112.1 E346.69289
G1 X110.185 Y112.037 E346.69467
G1 X110.132 Y111.918 E346.6963
G1 X110.132 Y110.2 E346.71784
G1 X109.02 Y110.2 E346.73179
G1 X109.02 Y111.918 E346.75333
G1 X108.967 Y112.037 E346.75497
G1 X108.871 Y112.1 E346.75641
G1 X107.138 Y112.099 E346.77814
G1 X107.009 Y112.032 E346.77996
G1 X106.96 Y111.946 E346.7812
G1 X106.96 Y110.2 E346.8031
G1 X100.2 Y110.2 E346.88787
G1 X100.2 Y129.8 E347.13366
G1 X119.8 Y129.8 E347.37945
G1 X119.8 Y122.56 E347.47025
G1 X118.063 Y122.556 E347.49203
G0 F7200 X117.905 Y122.479
G0 X117.897 Y122.457
G0 X116.857 Y122.456
;MESH:NONMESH
G0 F600 X116.857 Y122.456 Z12.9
G0 F7200 X100.88 Y110.88
G0 X100.76 Y110.76
;TIME_ELAPSED:864.908923
;LAYER:63
;TYPE:FILL
;MESH:xyzCalibration_cube.glb
G1 F3000 X119.24 Y129.24 E347.81977
G1 X119.31 Y129.31
G0 F7200 X119.12 Y129.12
G0 X117.73 Y129.09
G0 X117.73 Y129.24
G1 F3000 X119.24 Y127.73 E347.84655
G1 X119.31 Y127.66
G0 F7200 X119.09 Y127.66
G0 X119.09 Y123.583
G0 X119.24 Y123.583
G1 F3000 X118.887 Y123.23 E347.85281
G0 F7200 X118.085 Y123.228
G1 F3000 X112.073 Y129.24 E347.95943
G1 X112.003 Y129.31
G0 F7200 X112.003 Y129.09
G0 X113.583 Y129.09
G0 X113.583 Y129.239
G1 F3000 X100.76 Y116.417 E348.18683
G1 X100.69 Y116.347
G0 F7200 X100.91 Y116.347
G0 X100.91 Y117.925
G0 X100.761 Y117.925
G1 F3000 X106.408 Y112.277 E348.28699
G1 X106.478 Y112.207
G0 F7200 X106.138 Y112.206
G0 X108.315 Y112.81
G0 X108.315 Y112.658
G1 F3000 X117.308 Y121.651 E348.44648
G1 X117.378 Y121.721
G0 F7200 X117.157 Y121.72
G0 X117.159 Y118.347
G0 X117.308 Y118.348
G1 F3000 X106.416 Y129.24 E348.63965
G1 X106.346 Y129.31
G0 F7200 X106.346 Y129.09
G0 X107.926 Y129.09
G0 X107.926 Y129.239
G1 F3000 X100.761 Y122.074 E348.76671
G1 X100.691 Y122.004
G0 F7200 X100.91 Y122.004
G0 X100.91 Y123.581
G0 X100.761 Y123.581
G1 F3000 X111.689 Y112.653 E348.96052
G1 X111.759 Y112.583
G0 F7200 X111.759 Y112.81
G0 X112.922 Y112.737
G0 X112.994 Y111.531
G0 X112.844 Y111.531
G1 F3000 X117.473 Y116.159 E349.04261
G1 X117.543 Y116.229
G0 F7200 X117.159 Y116.228
G0 X119.09 Y112.269
G0 X119.24 Y112.269
G1 F3000 X117.731 Y110.76 E349.06937
G1 X117.661 Y110.69
G0 F7200 X117.661 Y110.91
G0 X119.12 Y110.88
G0 X119.239 Y110.76
G1 F3000 X100.761 Y129.238 E349.39707
G1 X100.691 Y129.308
G0 F7200 X100.88 Y129.12
G0 X100.91 Y127.731
G0 X100.761 Y127.731
G1 F3000 X102.269 Y129.239 E349.42381
G1 X102.339 Y129.309
G0 F7200 X102.339 Y129.09
G0 X100.91 Y112.268
G0 X100.761 Y112.268
G1 F3000 X102.269 Y110.76 E349.45056
G1 X102.339 Y110.69
G0 F7200 X102.339 Y110.91
G0 X106.209 Y112.738
G0 X112.922 Y112.737
G0 X112.994 Y111.498
G0 X112.844 Y111.498
G1 F3000 X113.583 Y110.76 E349.46366
G1 X113.653 Y110.69
G0 F7200 X113.653 Y110.91
G0 X117.227 Y123.308
G0 X117.749 Y122.979
;TYPE:WALL-INNER
G1 F3000 X117.59 Y122.837 E349.46633
G1 X117.467 Y122.532 E349.47045
G1 X117.468 Y120.665 E349.49387
G1 X117.602 Y120.405 E349.49753
G1 X117.754 Y120.272 E349.50007
G1 X118.016 Y120.186 E349.50352
G1 X119.4 Y120.187 E349.52088
G1 X119.4 Y118.924 E349.53672
G1 X118.016 Y118.922 E349.55407
G1 X117.754 Y118.836 E349.55753
G1 X117.602 Y118.703 E349.56007
G1 X117.468 Y118.443 E349.56373
G1 X117.468 Y116.554 E349.58742
G1 X117.566 Y116.294 E349.59091
G1 X117.799 Y116.087 E349.59482
G1 X118.068 Y116.024 E349.59828
G1 X119.4 Y116.024 E349.61498
G1 X119.4 Y110.6 E349.683
G1 X112.684 Y110.6 E349.76722
G1 X112.684 Y112.034 E349.78521
G1 X112.518 Y112.311 E349.78926
G1 X112.314 Y112.451 E349.79236
G1 X112.152 Y112.493 E349.79446
G1 X110.355 Y112.5 E349.81699
G1 X110.142 Y112.41 E349.81989
G1 X109.992 Y112.276 E349.82242
G1 F2727.3 X109.822 Y111.956 E349.82741
G1 F2510.5 X109.819 Y110.638 E349.84716
G1 F2521 X109.345 Y110.638 E349.85424
G1 F2510.5 X109.342 Y111.956 E349.87399
G1 F2727.3 X109.172 Y112.276 E349.87899
G1 F3000 X109.022 Y112.41 E349.88151
G1 X108.752 Y112.499 E349.88508
G1 X106.969 Y112.495 E349.90744
G1 X106.791 Y112.443 E349.90976
G1 X106.604 Y112.305 E349.91268
G1 X106.448 Y112.033 E349.91661
G1 X106.448 Y110.6 E349.93458
G1 X100.6 Y110.6 E350.00791
G1 X100.601 Y129.399 E350.24366
G1 X119.4 Y129.4 E350.47941
G1 X119.4 Y123.071 E350.55877
G1 X118.062 Y123.068 E350.57555
G1 X117.749 Y122.979 E350.57963
G0 F7200 X118.016 Y122.668
;TYPE:WALL-OUTER
G1 F1500 X117.929 Y122.617 E350.5809
G1 X117.865 Y122.49 E350.58268
G1 X117.874 Y120.731 E350.60474
G1 X117.963 Y120.613 E350.60659
G1 X118.05 Y120.584 E350.60774
G1 X119.8 Y120.587 E350.62969
G1 X119.8 Y118.524 E350.65556
G1 X118.05 Y118.524 E350.67751
G1 X117.912 Y118.451 E350.67946
G1 X117.87 Y118.357 E350.68076
G1 X117.87 Y116.592 E350.70289
G1 X118.002 Y116.424 E350.70557
G1 X119.8 Y116.424 E350.72812
G1 X119.8 Y110.2 E350.80617
G1 X112.284 Y110.2 E350.90042
G1 X112.284 Y111.943 E350.92228
G1 X112.229 Y112.035 E350.92362
G1 X112.131 Y112.091 E350.92504
G1 X110.411 Y112.095 E350.94661
G1 X110.304 Y112.026 E350.9482
G1 X110.26 Y111.918 E350.94967
G1 X110.256 Y110.2 E350.97121
G1 X108.908 Y110.2 E350.98812
G1 X108.904 Y111.918 E351.00966
G1 X108.86 Y112.026 E351.01112
G1 X108.753 Y112.095 E351.01272
G1 X107.021 Y112.099 E351.03444
G1 X106.9 Y112.035 E351.03616
G1 X106.848 Y111.944 E351.03747
G1 X106.848 Y110.2 E351.05934
G1 X100.2 Y110.2 E351.14271
G1 X100.201 Y129.799 E351.38849
G1 X119.8 Y129.8 E351.63427
G1 X119.8 Y122.672 E351.72365
G1 X118.016 Y122.668 E351.74603
G0 F7200 X117.929 Y122.617
G0 X117.885 Y122.529
G0 X116.856 Y122.528
;MESH:NONMESH
G0 F600 X116.856 Y122.528 Z13.1
G0 F7200 X100.88 Y110.88
G0 X100.761 Y110.761
;TIME_ELAPSED:875.337015
;LAYER:64
;TYPE:FILL
;MESH:xyzCalibration_cube.glb
G1 F3000 X119.24 Y129.24 E352.07375
G1 X119.31 Y129.31
G0 F7200 X119.12 Y129.12
G0 X117.73 Y129.09
G0 X117.73 Y129.24
G1 F3000 X119.24 Y127.73 E352.10053
G1 X119.31 Y127.66
G0 F7200 X119.09 Y127.66
G0 X119.09 Y123.583
G0 X119.24 Y123.583
G1 F3000 X119.004 Y123.347 E352.10471
G0 F7200 X119.003 Y123.495
G0 X117.981 Y123.493
G0 X117.982 Y123.331
G1 F3000 X112.073 Y129.24 E352.20951
G1 X112.003 Y129.31
G0 F7200 X112.003 Y129.09
G0 X113.583 Y129.09
G0 X113.583 Y129.239
G1 F3000 X100.761 Y116.418 E352.43689
G1 X100.691 Y116.348
G0 F7200 X100.91 Y116.348
G0 X100.91 Y117.924
G0 X100.761 Y117.924
G1 F3000 X106.334 Y112.351 E352.53573
G1 X106.404 Y112.281
G0 F7200 X106.025 Y112.28
G0 X108.316 Y112.81
G0 X108.316 Y112.659
G1 F3000 X117.309 Y121.652 E352.69522
G1 X117.379 Y121.722
G0 F7200 X117.158 Y121.721
G0 X117.159 Y118.337
G0 X117.319 Y118.337
G1 F3000 X106.416 Y129.24 E352.88858
G1 X106.346 Y129.31
G0 F7200 X106.346 Y129.09
G0 X107.926 Y129.09
G0 X107.926 Y129.239
G1 F3000 X100.761 Y122.075 E353.01564
G1 X100.691 Y122.005
G0 F7200 X100.91 Y122.005
G0 X100.91 Y123.581
G0 X100.761 Y123.581
G1 F3000 X111.689 Y112.653 E353.20945
G1 X111.759 Y112.583
G0 F7200 X111.759 Y112.81
G0 X113.05 Y112.737
G0 X113.122 Y111.658
G0 X112.972 Y111.658
G1 F3000 X117.425 Y116.111 E353.28842
G1 X117.495 Y116.181
G0 F7200 X117.159 Y116.181
G0 X119.09 Y112.269
G0 X119.24 Y112.269
G1 F3000 X117.731 Y110.76 E353.31518
G1 X117.661 Y110.69
G0 F7200 X117.661 Y110.91
G0 X119.12 Y110.88
G0 X119.239 Y110.76
G1 F3000 X100.761 Y129.238 E353.64288
G1 X100.691 Y129.308
G0 F7200 X100.88 Y129.12
G0 X100.91 Y127.732
G0 X100.761 Y127.732
G1 F3000 X102.269 Y129.239 E353.66962
G1 X102.339 Y129.309
G0 F7200 X102.339 Y129.09
G0 X100.91 Y112.267
G0 X100.761 Y112.267
G1 F3000 X102.268 Y110.76 E353.69634
G1 X102.338 Y110.69
G0 F7200 X102.338 Y110.91
G0 X106.096 Y112.738
G0 X113.05 Y112.737
G0 X113.122 Y111.371
G0 X112.972 Y111.371
G1 F3000 X113.583 Y110.76 E353.70718
G1 X113.653 Y110.69
G0 F7200 X113.653 Y110.91
G0 X117.229 Y123.42
G0 X117.926 Y123.184
;TYPE:WALL-INNER
G1 F3000 X117.664 Y123.032 E353.71098
G1 X117.539 Y122.876 E353.71349
G1 X117.467 Y122.648 E353.71648
G1 X117.469 Y120.856 E353.73896
G1 X117.502 Y120.694 E353.74103
G1 X117.62 Y120.496 E353.74392
G1 X117.775 Y120.372 E353.74641
G1 X118.015 Y120.298 E353.74956
G1 X119.4 Y120.298 E353.76693
G1 X119.4 Y118.806 E353.78564
G1 X118.015 Y118.806 E353.80301
G1 X117.775 Y118.732 E353.80616
G1 X117.62 Y118.608 E353.80865
G1 X117.468 Y118.278 E353.8132
G1 X117.468 Y116.434 E353.83633
G1 X117.505 Y116.293 E353.83815
G1 X117.655 Y116.067 E353.84156
G1 X117.806 Y115.963 E353.84385
G1 X118.068 Y115.904 E353.84722
G1 X119.4 Y115.904 E353.86393
G1 X119.4 Y110.6 E353.93044
G1 X112.81 Y110.6 E354.01308
G1 X112.812 Y112.019 E354.03088
G1 X112.714 Y112.225 E354.03374
G1 X112.549 Y112.393 E354.03669
G1 X112.281 Y112.493 E354.04028
G1 X110.469 Y112.502 E354.063
G1 X110.237 Y112.39 E354.06623
G1 X110.093 Y112.247 E354.06878
G1 X109.986 Y111.953 E354.0727
G1 X109.984 Y110.6 E354.08967
G1 X109.192 Y110.6 E354.0996
G1 X109.19 Y111.953 E354.11657
G1 X109.083 Y112.247 E354.12049
G1 X108.939 Y112.39 E354.12303
G1 X108.678 Y112.5 E354.12659
G1 X106.853 Y112.495 E354.14947
G1 X106.672 Y112.442 E354.15184
G1 X106.485 Y112.301 E354.15477
G1 X106.332 Y112.03 E354.15868
G1 X106.334 Y110.6 E354.17661
G1 X100.601 Y110.601 E354.2485
G1 X100.601 Y129.399 E354.48424
G1 X119.4 Y129.4 E354.71998
G1 X119.4 Y123.187 E354.7979
G1 X117.926 Y123.184 E354.81638
G0 F7200 X118.019 Y122.784
;TYPE:WALL-OUTER
G1 F1500 X117.865 Y122.639 E354.81903
G1 X117.869 Y120.872 E354.84119
G1 X117.918 Y120.762 E354.8427
G1 X118.05 Y120.696 E354.84455
G1 X119.8 Y120.699 E354.8665
G1 X119.8 Y118.405 E354.89527
G1 X118.05 Y118.408 E354.91721
G1 X117.918 Y118.342 E354.91906
G1 X117.87 Y118.242 E354.92046
G1 X117.87 Y116.471 E354.94266
G1 X118.001 Y116.304 E354.94533
G1 X119.8 Y116.304 E354.96789
G1 X119.8 Y110.2 E355.04443
G1 X112.409 Y110.2 E355.13712
G1 X112.412 Y111.936 E355.15889
G1 X112.325 Y112.062 E355.16081
G1 X112.235 Y112.095 E355.16201
G1 X110.544 Y112.097 E355.18322
G1 X110.42 Y112.016 E355.18507
G1 X110.384 Y111.918 E355.18638
G1 X110.384 Y110.2 E355.20793
G1 X108.792 Y110.2 E355.22789
G1 X108.792 Y111.918 E355.24944
G1 X108.756 Y112.016 E355.25075
G1 X108.632 Y112.097 E355.2526
G1 X106.905 Y112.099 E355.27426
G1 X106.783 Y112.034 E355.27599
G1 X106.732 Y111.945 E355.27728
G1 X106.735 Y110.2 E355.29916
G1 X100.201 Y110.201 E355.3811
G1 X100.201 Y129.799 E355.62687
G1 X119.8 Y129.8 E355.87265
G1 X119.8 Y122.788 E355.96058
G1 X118.019 Y122.784 E355.98291
G0 F7200 X117.874 Y122.648
G0 X116.858 Y122.647
;MESH:NONMESH
G0 F600 X116.858 Y122.647 Z13.3
G0 F7200 X100.88 Y110.88
G0 X100.76 Y110.76
;TIME_ELAPSED:885.767067
;LAYER:65
;TYPE:FILL
;MESH:xyzCalibration_cube.glb
G1 F3000 X119.24 Y129.24 E356.31065
G1 X119.31 Y129.31
G0 F7200 X119.12 Y129.12
G0 X117.73 Y129.09
G0 X117.73 Y129.24
G1 F3000 X119.24 Y127.73 E356.33743
G1 X119.31 Y127.66
G0 F7200 X119.09 Y127.66
G0 X119.09 Y123.583
G0 X119.24 Y123.583
G1 F3000 X119.116 Y123.459 E356.33963
G0 F7200 X119.115 Y123.608
G0 X117.884 Y123.606
G0 X117.885 Y123.428
G1 F3000 X112.073 Y129.24 E356.44271
G1 X112.003 Y129.31
G0 F7200 X112.003 Y129.09
G0 X113.583 Y129.09
G0 X113.583 Y129.24
G1 F3000 X100.76 Y116.417 E356.67012
G1 X100.69 Y116.347
G0 F7200 X100.91 Y116.347
G0 X100.91 Y117.925
G0 X100.761 Y117.925
G1 F3000 X106.27 Y112.416 E356.76782
G1 X106.34 Y112.346
G0 F7200 X105.913 Y112.345
G0 X108.317 Y112.81
G0 X108.317 Y112.66
G1 F3000 X117.308 Y121.651 E356.92727
G1 X117.378 Y121.721
G0 F7200 X117.158 Y121.72
G0 X117.16 Y118.313
G0 X117.343 Y118.313
G1 F3000 X106.416 Y129.24 E357.12106
G1 X106.346 Y129.31
G0 F7200 X106.346 Y129.09
G0 X107.926 Y129.09
G0 X107.926 Y129.24
G1 F3000 X100.76 Y122.074 E357.24815
G1 X100.69 Y122.004
G0 F7200 X100.91 Y122.004
G0 X100.91 Y123.582
G0 X100.761 Y123.582
G1 F3000 X111.688 Y112.654 E357.44194
G1 X111.758 Y112.584
G0 F7200 X111.758 Y112.81
G0 X113.178 Y112.737
G0 X113.25 Y111.786
G0 X113.1 Y111.786
G1 F3000 X117.391 Y116.077 E357.51804
G1 X117.461 Y116.147
G0 F7200 X117.16 Y116.147
G0 X119.09 Y112.269
G0 X119.24 Y112.269
G1 F3000 X117.731 Y110.76 E357.54481
G1 X117.661 Y110.69
G0 F7200 X117.661 Y110.91
G0 X119.12 Y110.88
G0 X119.239 Y110.76
G1 F3000 X100.761 Y129.239 E357.87252
G1 X100.691 Y129.309
G0 F7200 X100.88 Y129.12
G0 X100.91 Y127.73
G0 X100.76 Y127.73
G1 F3000 X102.27 Y129.24 E357.8993
G1 X102.34 Y129.31
G0 F7200 X102.34 Y129.09
G0 X100.91 Y112.268
G0 X100.761 Y112.268
G1 F3000 X102.269 Y110.76 E357.92604
G1 X102.339 Y110.69
G0 F7200 X102.339 Y110.91
G0 X105.984 Y112.738
G0 X113.178 Y112.737
G0 X113.25 Y111.243
G0 X113.1 Y111.243
G1 F3000 X113.582 Y110.76 E357.9346
G0 F7200 X113.582 Y110.91
G0 X117.229 Y123.533
G0 X117.928 Y123.296
;TYPE:WALL-INNER
G1 F3000 X117.668 Y123.148 E357.93835
G1 X117.54 Y122.991 E357.94089
G1 X117.467 Y122.761 E357.94392
G1 X117.469 Y120.956 E357.96655
G1 X117.564 Y120.677 E357.97025
G1 X117.793 Y120.47 E357.97412
G1 X118.015 Y120.406 E357.97702
G1 X119.4 Y120.406 E357.99438
G1 X119.4 Y118.688 E358.01593
G1 X118.015 Y118.686 E358.0333
G1 X117.793 Y118.622 E358.03619
G1 X117.637 Y118.506 E358.03863
G1 X117.508 Y118.306 E358.04162
G1 X117.468 Y118.161 E358.0435
G1 X117.468 Y116.312 E358.06669
G1 X117.568 Y116.051 E358.0702
G1 X117.814 Y115.84 E358.07426
G1 X118.068 Y115.784 E358.07752
G1 X119.4 Y115.784 E358.09423
G1 X119.4 Y110.6 E358.15923
G1 X112.938 Y110.6 E358.24027
G1 X112.94 Y112.027 E358.25817
G1 X112.779 Y112.306 E358.2622
G1 X112.577 Y112.448 E358.2653
G1 X112.41 Y112.493 E358.26747
G1 X110.664 Y112.499 E358.28937
G1 X110.431 Y112.431 E358.29241
G1 X110.204 Y112.221 E358.29629
G1 X110.114 Y111.952 E358.29984
G1 X110.109 Y110.6 E358.3168
G1 X109.08 Y110.6 E358.3297
G1 X109.078 Y111.952 E358.34666
G1 X108.988 Y112.221 E358.35022
G1 X108.761 Y112.431 E358.35409
G1 X108.538 Y112.498 E358.35701
G1 X106.74 Y112.495 E358.37956
G1 X106.558 Y112.44 E358.38195
G1 X106.369 Y112.297 E358.38492
G1 X106.22 Y112.026 E358.3888
G1 X106.222 Y110.6 E358.40668
G1 X100.6 Y110.6 E358.47718
G1 X100.6 Y129.4 E358.71294
G1 X119.4 Y129.4 E358.9487
G1 X119.4 Y123.299 E359.02521
G1 X117.928 Y123.296 E359.04367
G0 F7200 X118.018 Y122.896
;TYPE:WALL-OUTER
G1 F1500 X117.932 Y122.847 E359.04491
G1 X117.869 Y122.742 E359.04644
G1 X117.869 Y120.977 E359.06858
G1 X117.9 Y120.895 E359.06968
G1 X118.05 Y120.804 E359.07188
G1 X119.8 Y120.807 E359.09382
G1 X119.8 Y118.288 E359.12541
G1 X118.05 Y118.288 E359.14736
G1 X117.924 Y118.228 E359.14911
G1 X117.87 Y118.122 E359.1506
G1 X117.87 Y116.351 E359.17281
G1 X118.004 Y116.184 E359.17549
G1 X119.8 Y116.184 E359.19802
G1 X119.8 Y110.2 E359.27306
G1 X112.537 Y110.2 E359.36414
G1 X112.54 Y111.938 E359.38593
G1 X112.388 Y112.091 E359.38864
G1 X110.672 Y112.1 E359.41016
G1 X110.542 Y112.007 E359.41216
G1 X110.512 Y111.918 E359.41334
G1 X110.508 Y110.2 E359.43488
G1 X108.68 Y110.2 E359.45781
G1 X108.68 Y111.918 E359.47935
G1 X108.65 Y112.007 E359.48053
G1 X108.525 Y112.096 E359.48245
G1 X106.793 Y112.099 E359.50417
G1 X106.669 Y112.033 E359.50594
G1 X106.62 Y111.942 E359.50723
G1 X106.623 Y110.2 E359.52908
G1 X100.2 Y110.2 E359.60962
G1 X100.2 Y129.8 E359.85541
G1 X119.8 Y129.8 E360.10121
G1 X119.8 Y122.9 E360.18773
G1 X118.018 Y122.896 E360.21008
G0 F7200 X117.932 Y122.847
G0 X117.88 Y122.761
G0 X116.858 Y122.76
;MESH:NONMESH
G0 F600 X116.858 Y122.76 Z13.5
G0 F7200 X100.88 Y110.88
G0 X100.76 Y110.76
;TIME_ELAPSED:896.191975
;LAYER:66
;TYPE:FILL
;MESH:xyzCalibration_cube.glb
G1 F3000 X119.24 Y129.24 E360.53782
G1 X119.31 Y129.31
G0 F7200 X119.12 Y129.12
G0 X117.73 Y129.09
G0 X117.73 Y129.24
G1 F3000 X119.24 Y127.73 E360.5646
G1 X119.31 Y127.66
G0 F7200 X119.09 Y127.66
G0 X117.796 Y123.72
G0 X117.797 Y123.516
G1 F3000 X112.073 Y129.24 E360.66611
G1 X112.003 Y129.31
G0 F7200 X112.003 Y129.09
G0 X113.583 Y129.09
G0 X113.583 Y129.239
G1 F3000 X100.76 Y116.417 E360.89352
G1 X100.69 Y116.347
G0 F7200 X100.91 Y116.347
G0 X100.91 Y117.925
G0 X100.761 Y117.925
G1 F3000 X106.222 Y112.464 E360.99037
G1 X106.292 Y112.394
G0 F7200 X106.292 Y112.811
G0 X108.314 Y112.811
G0 X108.314 Y112.657
G1 F3000 X117.309 Y121.652 E361.14989
G1 X117.379 Y121.722
G0 F7200 X117.158 Y121.721
G0 X117.16 Y118.273
G0 X117.383 Y118.274
G1 F3000 X106.416 Y129.24 E361.34438
G1 X106.346 Y129.31
G0 F7200 X106.346 Y129.09
G0 X107.926 Y129.09
G0 X107.926 Y129.239
G1 F3000 X100.761 Y122.074 E361.47145
G1 X100.691 Y122.004
G0 F7200 X100.91 Y122.004
G0 X100.91 Y123.581
G0 X100.761 Y123.581
G1 F3000 X111.687 Y112.656 E361.66521
G1 X111.757 Y112.586
G0 F7200 X111.757 Y112.811
G0 X113.306 Y112.739
G0 X113.378 Y111.912
G0 X113.225 Y111.912
G1 F3000 X117.359 Y116.045 E361.73852
G1 X117.429 Y116.115
G0 F7200 X117.16 Y116.114
G0 X119.09 Y112.269
G0 X119.24 Y112.269
G1 F3000 X117.731 Y110.76 E361.76528
G1 X117.661 Y110.69
G0 F7200 X117.661 Y110.91
G0 X119.12 Y110.88
G0 X119.239 Y110.76
G1 F3000 X100.761 Y129.238 E362.09298
G1 X100.691 Y129.308
G0 F7200 X100.88 Y129.12
G0 X100.91 Y127.731
G0 X100.761 Y127.731
G1 F3000 X102.269 Y129.239 E362.11973
G1 X102.339 Y129.309
G0 F7200 X102.339 Y129.09
G0 X100.91 Y112.268
G0 X100.761 Y112.268
G1 F3000 X102.269 Y110.76 E362.14647
G1 X102.339 Y110.69
G0 F7200 X102.339 Y110.91
G0 X105.871 Y112.739
G0 X113.306 Y112.739
G0 X113.378 Y111.115
G0 X113.227 Y111.115
G1 F3000 X113.583 Y110.76 E362.15277
G0 F7200 X113.583 Y110.91
G0 X117.229 Y123.648
G0 X117.765 Y123.329
;TYPE:WALL-INNER
G1 F3000 X117.598 Y123.186 E362.15553
G1 X117.467 Y122.873 E362.15979
G1 X117.47 Y121.059 E362.18253
G1 X117.514 Y120.883 E362.18481
G1 X117.654 Y120.681 E362.18789
G1 X117.81 Y120.574 E362.19026
G1 X118.015 Y120.518 E362.19293
G1 X119.4 Y120.518 E362.2103
G1 X119.4 Y118.572 E362.2347
G1 X118.015 Y118.57 E362.25207
G1 X117.81 Y118.514 E362.25473
G1 X117.576 Y118.317 E362.25857
G1 X117.468 Y118.046 E362.26223
G1 X117.468 Y116.194 E362.28545
G1 X117.564 Y115.937 E362.28889
G1 X117.821 Y115.716 E362.29314
G1 X118.068 Y115.664 E362.29631
G1 X119.4 Y115.664 E362.31301
G1 X119.4 Y110.6 E362.37652
G1 X113.066 Y110.6 E362.45595
G1 X113.068 Y112.025 E362.47382
G1 X112.917 Y112.3 E362.47775
G1 X112.709 Y112.45 E362.48097
G1 X112.538 Y112.496 E362.48319
G1 X110.71 Y112.498 E362.50611
G1 X110.443 Y112.351 E362.50994
G1 X110.318 Y112.197 E362.51242
G1 X110.242 Y111.953 E362.51563
G1 X110.237 Y110.6 E362.5326
G1 X108.968 Y110.6 E362.54851
G1 X108.966 Y111.953 E362.56548
G1 X108.89 Y112.197 E362.56868
G1 X108.765 Y112.351 E362.57117
G1 X108.496 Y112.499 E362.57502
G1 X106.627 Y112.495 E362.59846
G1 X106.443 Y112.439 E362.60087
G1 X106.254 Y112.293 E362.60386
G1 X106.108 Y112.023 E362.60771
G1 X106.11 Y110.6 E362.62556
G1 X100.6 Y110.6 E362.69465
G1 X100.601 Y129.399 E362.9304
G1 X119.4 Y129.4 E363.16615
G1 X119.4 Y123.411 E363.24125
G1 X118.062 Y123.408 E363.25803
G1 X117.765 Y123.329 E363.26189
G0 F7200 X118.063 Y123.008
;TYPE:WALL-OUTER
G1 F1500 X117.908 Y122.934 E363.26404
G1 X117.865 Y122.83 E363.26545
G1 X117.868 Y121.066 E363.28757
G1 X117.93 Y120.971 E363.28899
G1 X118.05 Y120.916 E363.29065
G1 X119.8 Y120.919 E363.3126
G1 X119.8 Y118.172 E363.34704
G1 X118.002 Y118.172 E363.36959
G1 X117.87 Y118.046 E363.37188
G1 X117.87 Y116.23 E363.39465
G1 X118.005 Y116.064 E363.39734
G1 X119.8 Y116.064 E363.41985
G1 X119.8 Y110.2 E363.49338
G1 X112.665 Y110.2 E363.58286
G1 X112.668 Y111.974 E363.6051
G1 X112.533 Y112.099 E363.60741
G1 X110.821 Y112.1 E363.62888
G1 X110.707 Y112.051 E363.63044
G1 X110.64 Y111.918 E363.6323
G1 X110.636 Y110.2 E363.65385
G1 X108.568 Y110.2 E363.67978
G1 X108.568 Y111.975 E363.70204
G1 X108.431 Y112.1 E363.70437
G1 X106.681 Y112.099 E363.72631
G1 X106.556 Y112.031 E363.7281
G1 X106.508 Y111.943 E363.72935
G1 X106.511 Y110.2 E363.75121
G1 X100.2 Y110.2 E363.83036
G1 X100.201 Y129.799 E364.07613
G1 X119.8 Y129.8 E364.32191
G1 X119.8 Y123.012 E364.40704
G1 X118.063 Y123.008 E364.42882
G0 F7200 X117.908 Y122.934
G0 X117.898 Y122.909
G0 X116.858 Y122.908
;MESH:NONMESH
G0 F600 X116.858 Y122.908 Z13.7
G0 F7200 X100.88 Y110.88
G0 X100.761 Y110.761
;TIME_ELAPSED:906.546390
;LAYER:67
;TYPE:FILL
;MESH:xyzCalibration_cube.glb
G1 F3000 X119.24 Y129.24 E364.75654
G1 X119.31 Y129.31
G0 F7200 X119.12 Y129.12
G0 X117.73 Y129.09
G0 X117.73 Y129.24
G1 F3000 X119.239 Y127.73 E364.78331
G1 X119.309 Y127.66
G0 F7200 X119.09 Y127.66
G0 X117.719 Y123.832
G0 X117.72 Y123.593
G1 F3000 X112.073 Y129.24 E364.88346
G1 X112.003 Y129.31
G0 F7200 X112.003 Y129.09
G0 X113.583 Y129.09
G0 X113.583 Y129.24
G1 F3000 X100.761 Y116.417 E365.11086
G1 X100.691 Y116.347
G0 F7200 X100.91 Y116.347
G0 X100.91 Y117.924
G0 X100.761 Y117.924
G1 F3000 X106.173 Y112.513 E365.20683
G1 X106.243 Y112.443
G0 F7200 X106.243 Y112.811
G0 X108.313 Y112.811
G0 X108.313 Y112.656
G1 F3000 X117.308 Y121.651 E365.36636
G1 X117.378 Y121.721
G0 F7200 X117.159 Y121.72
G0 X117.161 Y118.234
G0 X117.422 Y118.234
G1 F3000 X106.416 Y129.24 E365.56155
G1 X106.346 Y129.31
G0 F7200 X106.346 Y129.09
G0 X107.926 Y129.09
G0 X107.926 Y129.24
G1 F3000 X100.761 Y122.074 E365.68863
G1 X100.691 Y122.004
G0 F7200 X100.91 Y122.004
G0 X100.91 Y123.581
G0 X100.761 Y123.581
G1 F3000 X111.685 Y112.658 E365.88235
G1 X111.755 Y112.588
G0 F7200 X111.755 Y112.811
G0 X113.434 Y112.739
G0 X113.327 Y112.013
G1 F3000 X117.325 Y116.011 E365.95326
G1 X117.395 Y116.081
G0 F7200 X117.161 Y116.081
G0 X119.09 Y112.269
G0 X119.24 Y112.269
G1 F3000 X117.731 Y110.76 E365.98002
G1 X117.661 Y110.69
G0 F7200 X117.661 Y110.91
G0 X119.12 Y110.88
G0 X119.239 Y110.76
G1 F3000 X100.761 Y129.238 E366.30772
G1 X100.691 Y129.308
G0 F7200 X100.88 Y129.12
G0 X100.91 Y127.731
G0 X100.761 Y127.731
G1 F3000 X102.27 Y129.24 E366.33448
G1 X102.34 Y129.31
G0 F7200 X102.34 Y129.09
G0 X100.91 Y112.267
G0 X100.761 Y112.267
G1 F3000 X102.268 Y110.76 E366.36121
G1 X102.338 Y110.69
G0 F7200 X102.338 Y110.91
G0 X105.759 Y112.739
G0 X113.434 Y112.739
G0 X113.506 Y110.987
G0 X113.355 Y110.987
G1 F3000 X113.582 Y110.76 E366.36523
G0 F7200 X113.582 Y110.91
G0 X117.228 Y123.76
G0 X117.771 Y123.448
;TYPE:WALL-INNER
G1 F3000 X117.6 Y123.306 E366.36802
G1 X117.467 Y122.99 E366.37232
G1 X117.469 Y121.095 E366.39608
G1 X117.588 Y120.866 E366.39932
G1 X117.825 Y120.679 E366.40311
G1 X118.015 Y120.63 E366.40557
G1 X119.4 Y120.63 E366.42294
G1 X119.4 Y118.456 E366.4502
G1 X118.015 Y118.454 E366.46757
G1 X117.825 Y118.405 E366.47003
G1 X117.588 Y118.218 E366.47381
G1 X117.468 Y117.987 E366.47708
G1 X117.468 Y116.072 E366.50109
G1 X117.563 Y115.818 E366.50449
G1 X117.667 Y115.696 E366.5065
G1 X117.829 Y115.593 E366.50891
G1 X118.068 Y115.544 E366.51197
G1 X119.4 Y115.544 E366.52867
G1 X119.4 Y110.6 E366.59067
G1 X113.194 Y110.6 E366.6685
G1 X113.196 Y112.015 E366.68624
G1 X113.101 Y112.226 E366.68915
G1 X112.947 Y112.388 E366.69195
G1 X112.668 Y112.496 E366.6957
G1 X110.876 Y112.5 E366.71817
G1 X110.587 Y112.368 E366.72216
G1 X110.454 Y112.217 E366.72468
G1 X110.366 Y111.953 E366.72817
G1 X110.364 Y110.6 E366.74514
G1 X108.856 Y110.6 E366.76405
G1 X108.85 Y111.953 E366.78102
G1 X108.762 Y112.217 E366.78451
G1 X108.629 Y112.368 E366.78703
G1 X108.389 Y112.498 E366.79045
G1 X106.515 Y112.495 E366.81395
G1 X106.329 Y112.438 E366.81639
G1 X106.138 Y112.289 E366.81943
G1 X105.996 Y112.021 E366.82323
G1 X105.998 Y110.6 E366.84105
G1 X100.601 Y110.601 E366.90873
G1 X100.6 Y129.4 E367.14448
G1 X119.4 Y129.4 E367.38024
G1 X119.4 Y123.527 E367.45389
G1 X118.062 Y123.524 E367.47067
G1 X117.771 Y123.448 E367.47444
G0 F7200 X118.019 Y123.124
;TYPE:WALL-OUTER
G1 F1500 X117.865 Y122.98 E367.47708
G1 X117.872 Y121.183 E367.49962
G1 X117.935 Y121.078 E367.50115
G1 X118.05 Y121.028 E367.50273
G1 X119.8 Y121.031 E367.52467
G1 X119.8 Y118.056 E367.56198
G1 X118.05 Y118.056 E367.58393
G1 X117.935 Y118.006 E367.5855
G1 X117.871 Y117.896 E367.58709
G1 X117.87 Y116.11 E367.60949
G1 X118.007 Y115.944 E367.61219
G1 X119.8 Y115.944 E367.63468
G1 X119.8 Y110.2 E367.70671
G1 X112.793 Y110.2 E367.79458
G1 X112.796 Y111.939 E367.81639
G1 X112.713 Y112.063 E367.81826
G1 X112.62 Y112.099 E367.81951
G1 X110.924 Y112.097 E367.84078
G1 X110.794 Y112.006 E367.84277
G1 X110.764 Y111.918 E367.84393
G1 X110.764 Y110.2 E367.86548
G1 X108.456 Y110.2 E367.89442
G1 X108.452 Y111.918 E367.91596
G1 X108.422 Y112.006 E367.91713
G1 X108.304 Y112.094 E367.91898
G1 X106.569 Y112.099 E367.94073
G1 X106.443 Y112.03 E367.94253
G1 X106.396 Y111.941 E367.9438
G1 X106.399 Y110.2 E367.96563
G1 X100.201 Y110.201 E368.04335
G1 X100.2 Y129.8 E368.28913
G1 X119.8 Y129.8 E368.53492
G1 X119.8 Y123.128 E368.61859
G1 X118.019 Y123.124 E368.64093
G0 F7200 X117.874 Y122.988
G0 X116.857 Y122.987
;MESH:NONMESH
G0 F600 X116.857 Y122.987 Z13.9
G0 F7200 X100.88 Y110.88
G0 X100.76 Y110.76
;TIME_ELAPSED:916.880520
;LAYER:68
;TYPE:FILL
;MESH:xyzCalibration_cube.glb
G1 F3000 X119.24 Y129.24 E368.96867
G1 X119.31 Y129.31
G0 F7200 X119.12 Y129.12
G0 X117.73 Y129.09
G0 X117.73 Y129.24
G1 F3000 X119.24 Y127.73 E368.99545
G1 X119.31 Y127.66
G0 F7200 X119.09 Y127.66
G0 X117.655 Y123.945
G0 X117.656 Y123.657
G1 F3000 X112.073 Y129.24 E369.09446
G1 X112.003 Y129.31
G0 F7200 X112.003 Y129.09
G0 X113.583 Y129.09
G0 X113.583 Y129.24
G1 F3000 X100.76 Y116.417 E369.32187
G1 X100.69 Y116.347
G0 F7200 X100.91 Y116.347
G0 X100.91 Y117.925
G0 X100.761 Y117.925
G1 F3000 X106.123 Y112.563 E369.41697
G1 X106.193 Y112.493
G0 F7200 X106.193 Y112.811
G0 X108.296 Y112.811
G0 X108.296 Y112.639
G1 F3000 X117.308 Y121.651 E369.57679
G1 X117.378 Y121.721
G0 F7200 X117.159 Y121.72
G0 X117.161 Y118.19
G0 X117.466 Y118.19
G1 F3000 X106.416 Y129.24 E369.77276
G1 X106.346 Y129.31
G0 F7200 X106.346 Y129.09
G0 X107.926 Y129.09
G0 X107.926 Y129.24
G1 F3000 X100.76 Y122.074 E369.89985
G1 X100.69 Y122.004
G0 F7200 X100.91 Y122.004
G0 X100.91 Y123.582
G0 X100.761 Y123.582
G1 F3000 X111.685 Y112.657 E370.09359
G1 X111.755 Y112.587
G0 F7200 X111.755 Y112.811
G0 X113.562 Y112.739
G0 X113.431 Y112.117
G1 F3000 X117.308 Y115.995 E370.16236
G1 X117.378 Y116.065
G0 F7200 X117.161 Y116.065
G0 X117.233 Y115.191
G0 X119.09 Y112.269
G0 X119.24 Y112.269
G1 F3000 X117.731 Y110.76 E370.18912
G1 X117.661 Y110.69
G0 F7200 X117.661 Y110.91
G0 X119.12 Y110.88
G0 X119.239 Y110.76
G1 F3000 X100.761 Y129.239 E370.51683
G1 X100.691 Y129.309
G0 F7200 X100.88 Y129.12
G0 X100.91 Y127.73
G0 X100.76 Y127.73
G1 F3000 X102.27 Y129.24 E370.54361
G1 X102.34 Y129.31
G0 F7200 X102.34 Y129.09
G0 X100.91 Y112.268
G0 X100.761 Y112.268
G1 F3000 X102.269 Y110.76 E370.57036
G1 X102.339 Y110.69
G0 F7200 X102.339 Y110.91
G0 X105.646 Y112.739
G0 X113.562 Y112.739
G0 X113.634 Y110.859
G0 X113.483 Y110.859
G1 F3000 X113.583 Y110.76 E370.57212
G0 F7200 X113.583 Y110.91
G0 X117.23 Y123.873
G0 X117.941 Y123.636
;TYPE:WALL-INNER
G1 F3000 X117.67 Y123.486 E370.576
G1 X117.527 Y123.297 E370.57898
G1 X117.473 Y123.116 E370.58134
G1 X117.468 Y121.31 E370.60399
G1 X117.5 Y121.143 E370.60613
G1 X117.601 Y120.962 E370.60872
G1 X117.839 Y120.785 E370.61244
G1 X118.015 Y120.742 E370.61472
G1 X119.4 Y120.742 E370.63208
G1 X119.4 Y118.338 E370.66223
G1 X118.015 Y118.338 E370.6796
G1 X117.839 Y118.295 E370.68187
G1 X117.686 Y118.203 E370.68411
G1 X117.5 Y117.937 E370.68818
G1 X117.468 Y117.74 E370.69068
G1 X117.468 Y115.954 E370.71308
G1 X117.563 Y115.703 E370.71645
G1 X117.672 Y115.576 E370.71855
G1 X117.837 Y115.473 E370.72098
G1 X118.066 Y115.428 E370.72391
G1 X119.4 Y115.425 E370.74064
G1 X119.4 Y110.6 E370.80115
G1 X113.322 Y110.6 E370.87737
G1 X113.324 Y111.898 E370.89365
G1 X113.261 Y112.169 E370.89713
G1 X113.166 Y112.307 E370.89924
G1 X112.972 Y112.447 E370.90224
G1 X112.797 Y112.496 E370.90451
G1 X111.055 Y112.499 E370.92636
G1 X110.85 Y112.45 E370.929
G1 X110.695 Y112.351 E370.93131
G1 X110.57 Y112.197 E370.9338
G1 X110.494 Y111.953 E370.937
G1 X110.489 Y110.6 E370.95397
G1 X108.74 Y110.6 E370.9759
G1 X108.738 Y111.953 E370.99287
G1 X108.662 Y112.197 E370.99607
G1 X108.537 Y112.351 E370.99856
G1 X108.382 Y112.45 E371.00087
G1 X108.2 Y112.498 E371.00323
G1 X106.402 Y112.495 E371.02578
G1 X106.215 Y112.437 E371.02823
G1 X106.022 Y112.285 E371.03131
G1 X105.946 Y112.167 E371.03307
G1 X105.884 Y111.9 E371.03651
G1 X105.884 Y110.6 E371.05281
G1 X100.6 Y110.6 E371.11907
G1 X100.6 Y129.4 E371.35483
G1 X119.4 Y129.4 E371.59059
G1 X119.4 Y123.639 E371.66284
G1 X117.941 Y123.636 E371.68113
G0 F7200 X118.024 Y123.236
;TYPE:WALL-OUTER
G1 F1500 X117.935 Y123.186 E371.68241
G1 X117.869 Y123.063 E371.68417
G1 X117.868 Y121.322 E371.706
G1 X117.94 Y121.185 E371.70794
G1 X118.05 Y121.14 E371.70943
G1 X119.8 Y121.143 E371.73137
G1 X119.8 Y117.937 E371.77158
G1 X118.05 Y117.94 E371.79352
G1 X117.94 Y117.895 E371.79502
G1 X117.868 Y117.792 E371.79659
G1 X117.87 Y115.994 E371.81914
G1 X118.009 Y115.828 E371.82185
G1 X119.8 Y115.824 E371.84431
G1 X119.8 Y110.2 E371.91484
G1 X112.921 Y110.2 E372.00111
G1 X112.924 Y111.969 E372.02329
G1 X112.791 Y112.099 E372.02562
G1 X111.079 Y112.1 E372.04709
G1 X110.959 Y112.051 E372.04872
G1 X110.892 Y111.918 E372.05058
G1 X110.888 Y110.2 E372.07213
G1 X108.34 Y110.2 E372.10408
G1 X108.34 Y111.918 E372.12563
G1 X108.273 Y112.051 E372.12749
G1 X108.16 Y112.1 E372.12904
G1 X106.414 Y112.099 E372.15093
G1 X106.284 Y111.969 E372.15324
G1 X106.284 Y110.2 E372.17542
G1 X100.2 Y110.2 E372.25172
G1 X100.2 Y129.8 E372.49751
G1 X119.8 Y129.8 E372.7433
G1 X119.8 Y123.24 E372.82557
G1 X118.024 Y123.236 E372.84784
G0 F7200 X117.935 Y123.186
G0 X117.889 Y123.1
G0 X116.859 Y123.099
;MESH:NONMESH
G0 F600 X116.859 Y123.099 Z14.1
G0 F7200 X100.88 Y110.88
G0 X100.76 Y110.76
;TIME_ELAPSED:927.218036
;LAYER:69
;TYPE:FILL
;MESH:xyzCalibration_cube.glb
G1 F3000 X119.24 Y129.24 E373.17558
G1 X119.31 Y129.31
G0 F7200 X119.12 Y129.12
G0 X117.73 Y129.09
G0 X117.73 Y129.24
G1 F3000 X119.24 Y127.73 E373.20236
G1 X119.31 Y127.66
G0 F7200 X119.09 Y127.66
G0 X117.583 Y124.06
G0 X117.584 Y123.729
G1 F3000 X112.073 Y129.24 E373.30009
G1 X112.003 Y129.31
G0 F7200 X112.003 Y129.09
G0 X113.583 Y129.09
G0 X113.583 Y129.239
G1 F3000 X100.76 Y116.417 E373.5275
G1 X100.69 Y116.347
G0 F7200 X100.91 Y116.347
G0 X100.91 Y117.925
G0 X100.761 Y117.925
G1 F3000 X106.089 Y112.596 E373.622
G1 X106.159 Y112.526
G0 F7200 X106.159 Y112.811
G0 X108.269 Y112.811
G0 X108.269 Y112.612
G1 F3000 X117.309 Y121.652 E373.78232
G1 X117.379 Y121.722
G0 F7200 X117.159 Y121.721
G0 X117.161 Y118.135
G0 X117.52 Y118.136
G1 F3000 X106.416 Y129.24 E373.97924
G1 X106.346 Y129.31
G0 F7200 X106.346 Y129.09
G0 X107.926 Y129.09
G0 X107.926 Y129.239
G1 F3000 X100.761 Y122.074 E374.10631
G1 X100.691 Y122.004
G0 F7200 X100.91 Y122.004
G0 X100.91 Y123.581
G0 X100.761 Y123.581
G1 F3000 X111.683 Y112.659 E374.30001
G1 X111.753 Y112.589
G0 F7200 X111.753 Y112.811
G0 X113.69 Y112.739
G0 X113.537 Y112.223
G1 F3000 X117.308 Y115.995 E374.3669
G1 X117.378 Y116.065
G0 F7200 X117.161 Y116.064
G0 X117.233 Y115.071
G0 X119.09 Y112.269
G0 X119.24 Y112.269
G1 F3000 X117.731 Y110.76 E374.39366
G1 X117.661 Y110.69
G0 F7200 X117.661 Y110.91
G0 X119.12 Y110.88
G0 X119.239 Y110.76
G1 F3000 X100.761 Y129.238 E374.72136
G1 X100.691 Y129.308
G0 F7200 X100.88 Y129.12
G0 X100.91 Y127.731
G0 X100.761 Y127.731
G1 F3000 X102.269 Y129.239 E374.74811
G1 X102.339 Y129.309
G0 F7200 X102.339 Y129.09
G0 X100.91 Y112.268
G0 X100.761 Y112.268
G1 F3000 X102.269 Y110.76 E374.77485
G1 X102.339 Y110.69
G0 F7200 X102.339 Y110.91
G0 X117.23 Y123.988
G0 X117.942 Y123.748
;TYPE:WALL-INNER
G1 F3000 X117.673 Y123.601 E374.7787
G1 X117.528 Y123.412 E374.78168
G1 X117.473 Y123.228 E374.78409
G1 X117.47 Y121.392 E374.80712
G1 X117.563 Y121.126 E374.81065
G1 X117.7 Y120.977 E374.81319
G1 X118.015 Y120.854 E374.81743
G1 X119.4 Y120.854 E374.8348
G1 X119.4 Y118.222 E374.8678
G1 X118.015 Y118.222 E374.88517
G1 X117.7 Y118.099 E374.88941
G1 X117.534 Y117.9 E374.89266
G1 X117.468 Y117.704 E374.89526
G1 X117.468 Y115.833 E374.91872
G1 X117.579 Y115.559 E374.92243
G1 X117.846 Y115.35 E374.92668
G1 X118.066 Y115.308 E374.92949
G1 X119.4 Y115.305 E374.94622
G1 X119.4 Y110.6 E375.00522
G1 X113.45 Y110.6 E375.07983
G1 X113.452 Y111.898 E375.09611
G1 X113.393 Y112.161 E375.09949
G1 X113.295 Y112.306 E375.10169
G1 X113.104 Y112.445 E375.10465
G1 X112.926 Y112.496 E375.10697
G1 X111.171 Y112.499 E375.12898
G1 X111.002 Y112.461 E375.13115
G1 X110.802 Y112.335 E375.13412
G1 X110.684 Y112.179 E375.13657
G1 X110.618 Y111.953 E375.13952
G1 X110.616 Y110.6 E375.15649
G1 X108.628 Y110.6 E375.18142
G1 X108.626 Y111.953 E375.19839
G1 X108.56 Y112.179 E375.20134
G1 X108.442 Y112.335 E375.20379
G1 X108.242 Y112.461 E375.20676
G1 X108.096 Y112.497 E375.20864
G1 X106.289 Y112.495 E375.2313
G1 X106.1 Y112.436 E375.23378
G1 X105.907 Y112.28 E375.2369
G1 X105.831 Y112.16 E375.23868
G1 X105.772 Y111.9 E375.24202
G1 X105.772 Y110.6 E375.25832
G1 X100.6 Y110.6 E375.32318
G1 X100.601 Y129.399 E375.55893
G1 X119.4 Y129.4 E375.79468
G1 X119.4 Y123.751 E375.86552
G1 X117.942 Y123.748 E375.8838
G0 F7200 X118.024 Y123.348
;TYPE:WALL-OUTER
G1 F1500 X117.936 Y123.299 E375.88506
G1 X117.869 Y123.175 E375.88683
G1 X117.868 Y121.432 E375.90869
G1 X117.945 Y121.293 E375.91068
G1 X118.05 Y121.252 E375.91209
G1 X119.8 Y121.255 E375.93404
G1 X119.8 Y117.821 E375.9771
G1 X118.05 Y117.824 E375.99905
G1 X117.945 Y117.783 E376.00046
G1 X117.868 Y117.664 E376.00224
G1 X117.87 Y115.873 E376.0247
G1 X117.905 Y115.791 E376.02582
G1 X118.012 Y115.708 E376.02752
G1 X119.8 Y115.704 E376.04994
G1 X119.8 Y110.2 E376.11896
G1 X113.049 Y110.2 E376.20362
G1 X113.052 Y111.968 E376.22579
G1 X112.919 Y112.099 E376.22813
G1 X111.17 Y112.1 E376.25007
G1 X111.078 Y112.045 E376.25141
G1 X111.016 Y111.918 E376.25318
G1 X111.016 Y110.2 E376.27473
G1 X108.228 Y110.2 E376.30969
G1 X108.228 Y111.977 E376.33197
G1 X108.066 Y112.097 E376.3345
G1 X106.301 Y112.099 E376.35664
G1 X106.172 Y111.968 E376.35894
G1 X106.172 Y110.2 E376.38111
G1 X100.2 Y110.2 E376.456
G1 X100.201 Y129.799 E376.70178
G1 X119.8 Y129.8 E376.94756
G1 X119.8 Y123.352 E377.02842
G1 X118.024 Y123.348 E377.05069
G0 F7200 X117.936 Y123.299
G0 X117.889 Y123.212
G0 X116.859 Y123.211
;MESH:NONMESH
G0 F600 X116.859 Y123.211 Z14.3
G0 F7200 X100.88 Y110.88
G0 X100.76 Y110.76
;TIME_ELAPSED:937.417844
;LAYER:70
;TYPE:FILL
;MESH:xyzCalibration_cube.glb
G1 F3000 X119.24 Y129.24 E377.37843
G1 X119.31 Y129.31
G0 F7200 X119.12 Y129.12
G0 X117.73 Y129.09
G0 X117.73 Y129.24
G1 F3000 X119.24 Y127.73 E377.40521
G1 X119.31 Y127.66
G0 F7200 X119.09 Y127.66
G0 X117.23 Y124.1
G0 X117.53 Y123.783
G1 F3000 X112.073 Y129.24 E377.50199
G1 X112.003 Y129.31
G0 F7200 X112.003 Y129.09
G0 X113.583 Y129.09
G0 X113.583 Y129.24
G1 F3000 X100.76 Y116.417 E377.7294
G1 X100.69 Y116.347
G0 F7200 X100.91 Y116.347
G0 X100.91 Y117.925
G0 X100.761 Y117.925
G1 F3000 X106.064 Y112.622 E377.82345
G1 X106.134 Y112.552
G0 F7200 X106.134 Y112.811
G0 X108.232 Y112.811
G0 X108.232 Y112.575
G1 F3000 X117.31 Y121.653 E377.98445
G1 X117.38 Y121.723
G0 F7200 X117.159 Y121.722
G0 X117.579 Y118.416
G0 X117.579 Y118.077
G1 F3000 X106.416 Y129.24 E378.18242
G1 X106.346 Y129.31
G0 F7200 X106.346 Y129.09
G0 X107.926 Y129.09
G0 X107.926 Y129.24
G1 F3000 X100.76 Y122.074 E378.30951
G1 X100.69 Y122.004
G0 F7200 X100.91 Y122.004
G0 X100.91 Y123.582
G0 X100.761 Y123.582
G1 F3000 X111.685 Y112.657 E378.50325
G1 X111.755 Y112.587
G0 F7200 X111.755 Y112.811
G0 X113.817 Y112.738
G0 X113.613 Y112.299
G1 F3000 X117.312 Y115.998 E378.56885
G1 X117.382 Y116.068
G0 F7200 X117.162 Y116.068
G0 X117.234 Y114.952
G0 X119.09 Y112.269
G0 X119.24 Y112.269
G1 F3000 X117.731 Y110.76 E378.59561
G1 X117.661 Y110.69
G0 F7200 X117.661 Y110.91
G0 X119.12 Y110.88
G0 X119.239 Y110.76
G1 F3000 X100.761 Y129.239 E378.92333
G1 X100.691 Y129.309
G0 F7200 X100.88 Y129.12
G0 X100.91 Y127.73
G0 X100.76 Y127.73
G1 F3000 X102.27 Y129.24 E378.9501
G1 X102.34 Y129.31
G0 F7200 X102.34 Y129.09
G0 X100.91 Y112.268
G0 X100.761 Y112.268
G1 F3000 X102.269 Y110.76 E378.97685
G1 X102.339 Y110.69
G0 F7200 X102.339 Y110.91
G0 X117.23 Y124.1
G0 X117.946 Y123.864
;TYPE:WALL-INNER
G1 F3000 X117.678 Y123.721 E378.98066
G1 X117.53 Y123.53 E378.98369
G1 X117.473 Y123.345 E378.98612
G1 X117.469 Y121.514 E379.00908
G1 X117.5 Y121.365 E379.01099
G1 X117.619 Y121.16 E379.01396
G1 X117.841 Y121.004 E379.01736
G1 X118.039 Y120.96 E379.0199
G1 X119.4 Y120.962 E379.03697
G1 X119.4 Y118.104 E379.07281
G1 X118.041 Y118.104 E379.08985
G1 X117.844 Y118.06 E379.09239
G1 X117.622 Y117.902 E379.0958
G1 X117.472 Y117.585 E379.1002
G1 X117.472 Y115.714 E379.12366
G1 X117.565 Y115.466 E379.12699
G1 X117.684 Y115.329 E379.12926
G1 X117.858 Y115.227 E379.13179
G1 X118.07 Y115.188 E379.13449
G1 X119.4 Y115.185 E379.15117
G1 X119.4 Y110.6 E379.20867
G1 X113.576 Y110.6 E379.28171
G1 X113.576 Y111.9 E379.29801
G1 X113.521 Y112.153 E379.30125
G1 X113.42 Y112.304 E379.30353
G1 X113.233 Y112.443 E379.30645
G1 X113.052 Y112.496 E379.30882
G1 X111.316 Y112.5 E379.33059
G1 X111.07 Y112.435 E379.33378
G1 X110.914 Y112.32 E379.33621
G1 X110.805 Y112.164 E379.3386
G1 X110.746 Y111.952 E379.34136
G1 X110.741 Y110.6 E379.35831
G1 X108.516 Y110.6 E379.38621
G1 X108.514 Y111.952 E379.40317
G1 X108.455 Y112.164 E379.40593
G1 X108.346 Y112.32 E379.40831
G1 X108.144 Y112.456 E379.41137
G1 X107.992 Y112.496 E379.41334
G1 X106.176 Y112.495 E379.43611
G1 X105.985 Y112.434 E379.43863
G1 X105.791 Y112.275 E379.44177
G1 X105.715 Y112.153 E379.44358
G1 X105.66 Y111.9 E379.44682
G1 X105.66 Y110.6 E379.46312
G1 X100.6 Y110.6 E379.52658
G1 X100.6 Y129.4 E379.76234
G1 X119.4 Y129.4 E379.9981
G1 X119.4 Y123.867 E380.06748
G1 X117.946 Y123.864 E380.08572
G0 F7200 X118.026 Y123.464
;TYPE:WALL-OUTER
G1 F1500 X117.938 Y123.417 E380.08697
G1 X117.869 Y123.291 E380.08877
G1 X117.868 Y121.512 E380.11108
G1 X118.012 Y121.36 E380.1137
G1 X119.8 Y121.363 E380.13613
G1 X119.8 Y117.704 E380.18201
G1 X118.013 Y117.704 E380.20442
G1 X117.875 Y117.541 E380.2071
G1 X117.875 Y115.753 E380.22952
G1 X117.909 Y115.67 E380.23065
G1 X118.017 Y115.588 E380.23235
G1 X119.8 Y115.584 E380.25471
G1 X119.8 Y110.2 E380.32222
G1 X113.176 Y110.2 E380.40529
G1 X113.176 Y111.967 E380.42745
G1 X113.044 Y112.099 E380.42979
G1 X111.295 Y112.1 E380.45172
G1 X111.2 Y112.04 E380.45313
G1 X111.144 Y111.918 E380.45482
G1 X111.14 Y110.2 E380.47636
G1 X108.116 Y110.2 E380.51428
G1 X108.116 Y111.918 E380.53583
G1 X108.06 Y112.04 E380.53751
G1 X107.949 Y112.098 E380.53908
G1 X106.188 Y112.099 E380.56116
G1 X106.06 Y111.966 E380.56348
G1 X106.06 Y110.2 E380.58563
G1 X100.2 Y110.2 E380.65911
G1 X100.2 Y129.8 E380.9049
G1 X119.8 Y129.8 E381.1507
G1 X119.8 Y123.468 E381.2301
G1 X118.026 Y123.464 E381.25235
G0 F7200 X117.938 Y123.417
G0 X117.891 Y123.33
G0 X116.859 Y123.329
;MESH:NONMESH
G0 F600 X116.859 Y123.329 Z14.5
G0 F7200 X100.88 Y110.88
G0 X100.761 Y110.761
;TIME_ELAPSED:947.617566
;LAYER:71
;TYPE:FILL
;MESH:xyzCalibration_cube.glb
G1 F3000 X119.24 Y129.24 E381.58007
G1 X119.31 Y129.31
G0 F7200 X119.12 Y129.12
G0 X117.73 Y129.09
G0 X117.73 Y129.24
G1 F3000 X119.24 Y127.73 E381.60685
G1 X119.31 Y127.66
G0 F7200 X119.09 Y127.66
G0 X117.23 Y124.213
G0 X117.48 Y123.833
G1 F3000 X112.073 Y129.24 E381.70274
G1 X112.003 Y129.31
G0 F7200 X112.003 Y129.09
G0 X113.583 Y129.09
G0 X113.583 Y129.24
G1 F3000 X100.761 Y116.417 E381.93014
G1 X100.691 Y116.347
G0 F7200 X100.91 Y116.347
G0 X100.91 Y117.924
G0 X100.761 Y117.924
G1 F3000 X106.037 Y112.648 E382.02371
G1 X106.107 Y112.578
G0 F7200 X106.107 Y112.811
G0 X108.187 Y112.811
G0 X108.187 Y112.53
G1 F3000 X117.311 Y121.654 E382.18552
G1 X117.381 Y121.724
G0 F7200 X117.161 Y121.723
G0 X117.644 Y118.299
G0 X117.644 Y118.012
G1 F3000 X106.416 Y129.24 E382.38465
G1 X106.346 Y129.31
G0 F7200 X106.346 Y129.09
G0 X107.926 Y129.09
G0 X107.926 Y129.24
G1 F3000 X100.761 Y122.074 E382.51173
G1 X100.691 Y122.004
G0 F7200 X100.91 Y122.004
G0 X100.91 Y123.581
G0 X100.761 Y123.581
G1 F3000 X111.686 Y112.656 E382.70548
G1 X111.756 Y112.586
G0 F7200 X111.756 Y112.811
G0 X113.945 Y112.738
G0 X113.689 Y112.376
G1 F3000 X117.313 Y115.999 E382.76974
G1 X117.383 Y116.069
G0 F7200 X117.162 Y116.069
G0 X117.234 Y114.832
G0 X119.09 Y112.269
G0 X119.24 Y112.269
G1 F3000 X117.731 Y110.76 E382.7965
G1 X117.661 Y110.69
G0 F7200 X117.661 Y110.91
G0 X119.12 Y110.88
G0 X119.239 Y110.76
G1 F3000 X100.761 Y129.238 E383.12421
G1 X100.691 Y129.308
G0 F7200 X100.88 Y129.12
G0 X100.91 Y127.731
G0 X100.761 Y127.731
G1 F3000 X102.27 Y129.24 E383.15097
G1 X102.34 Y129.31
G0 F7200 X102.34 Y129.09
G0 X100.91 Y112.267
G0 X100.761 Y112.267
G1 F3000 X102.268 Y110.76 E383.1777
G1 X102.338 Y110.69
G0 F7200 X102.338 Y110.91
G0 X117.23 Y124.213
G0 X117.799 Y123.913
;TYPE:WALL-INNER
G1 F3000 X117.682 Y123.836 E383.17945
G1 X117.531 Y123.645 E383.18251
G1 X117.473 Y123.458 E383.18496
G1 X117.47 Y121.618 E383.20803
G1 X117.503 Y121.467 E383.20997
G1 X117.623 Y121.268 E383.21289
G1 X117.827 Y121.122 E383.21603
G1 X118.006 Y121.075 E383.21835
G1 X119.4 Y121.074 E383.23584
G1 X119.4 Y117.988 E383.27453
G1 X118.009 Y117.985 E383.29198
G1 X117.83 Y117.938 E383.2943
G1 X117.626 Y117.791 E383.29745
G1 X117.472 Y117.467 E383.30195
G1 X117.472 Y115.593 E383.32545
G1 X117.564 Y115.348 E383.32873
G1 X117.689 Y115.205 E383.33112
G1 X117.868 Y115.103 E383.3337
G1 X118.07 Y115.068 E383.33627
G1 X119.4 Y115.065 E383.35295
G1 X119.4 Y110.6 E383.40894
G1 X113.704 Y110.6 E383.48037
G1 X113.704 Y111.9 E383.49667
G1 X113.653 Y112.144 E383.4998
G1 X113.549 Y112.303 E383.50218
G1 X113.366 Y112.441 E383.50506
G1 X113.181 Y112.496 E383.50748
G1 X111.436 Y112.5 E383.52936
G1 X111.113 Y112.385 E383.53366
G1 X110.922 Y112.15 E383.53746
G1 X110.87 Y111.953 E383.54001
G1 X110.868 Y110.6 E383.55698
G1 X108.403 Y110.6 E383.58789
G1 X108.398 Y111.953 E383.60486
G1 X108.346 Y112.15 E383.60741
G1 X108.244 Y112.305 E383.60974
G1 X108.089 Y112.427 E383.61221
G1 X107.883 Y112.495 E383.61493
G1 X106.064 Y112.495 E383.63775
G1 X105.87 Y112.433 E383.6403
G1 X105.675 Y112.27 E383.64349
G1 X105.6 Y112.146 E383.6453
G1 X105.548 Y111.9 E383.64846
G1 X105.548 Y110.6 E383.66476
G1 X100.601 Y110.601 E383.7268
G1 X100.6 Y129.4 E383.96254
G1 X119.4 Y129.4 E384.1983
G1 X119.4 Y123.979 E384.26628
G1 X118.066 Y123.976 E384.28301
G1 X117.799 Y123.913 E384.28645
G0 F7200 X118.004 Y123.576
;TYPE:WALL-OUTER
G1 F1500 X117.909 Y123.499 E384.28799
G1 X117.869 Y123.404 E384.28928
G1 X117.868 Y121.654 E384.31122
G1 X117.903 Y121.557 E384.31252
G1 X118.005 Y121.473 E384.31417
G1 X119.8 Y121.475 E384.33668
G1 X119.8 Y117.588 E384.38543
G1 X118.051 Y117.587 E384.40736
G1 X117.949 Y117.547 E384.40874
G1 X117.872 Y117.388 E384.41095
G1 X117.875 Y115.632 E384.43297
G1 X117.944 Y115.513 E384.4347
G1 X118.023 Y115.468 E384.43584
G1 X119.8 Y115.464 E384.45812
G1 X119.8 Y110.2 E384.52413
G1 X113.304 Y110.2 E384.6056
G1 X113.304 Y111.964 E384.62772
G1 X113.175 Y112.099 E384.63006
G1 X111.448 Y112.1 E384.65172
G1 X111.32 Y112.035 E384.65352
G1 X111.268 Y111.918 E384.65512
G1 X111.268 Y110.2 E384.67667
G1 X108.004 Y110.2 E384.7176
G1 X108 Y111.918 E384.73914
G1 X107.948 Y112.035 E384.74075
G1 X107.828 Y112.099 E384.74245
G1 X106.075 Y112.099 E384.76444
G1 X105.948 Y111.964 E384.76676
G1 X105.948 Y110.2 E384.78888
G1 X100.201 Y110.201 E384.86095
G1 X100.2 Y129.8 E385.10673
G1 X119.8 Y129.8 E385.35252
G1 X119.8 Y123.58 E385.43052
G1 X118.004 Y123.576 E385.45305
G0 F7200 X117.909 Y123.499
G0 X117.879 Y123.428
G0 X116.859 Y123.427
;MESH:NONMESH
G0 F600 X116.859 Y123.427 Z14.7
G0 F7200 X100.88 Y110.88
G0 X100.76 Y110.76
;TIME_ELAPSED:957.818096
;LAYER:72
;TYPE:FILL
;MESH:xyzCalibration_cube.glb
G1 F3000 X119.24 Y129.24 E385.78079
G1 X119.31 Y129.31
G0 F7200 X119.12 Y129.12
G0 X117.73 Y129.09
G0 X117.73 Y129.24
G1 F3000 X119.24 Y127.73 E385.80756
G1 X119.31 Y127.66
G0 F7200 X119.09 Y127.66
G0 X117.231 Y124.328
G0 X117.431 Y123.882
G1 F3000 X112.073 Y129.24 E385.90259
G1 X112.003 Y129.31
G0 F7200 X112.003 Y129.09
G0 X113.583 Y129.09
G0 X113.583 Y129.24
G1 F3000 X100.76 Y116.417 E386.13
G1 X100.69 Y116.347
G0 F7200 X100.91 Y116.347
G0 X100.91 Y117.925
G0 X100.761 Y117.925
G1 F3000 X106.026 Y112.659 E386.22338
G1 X106.096 Y112.589
G0 F7200 X106.096 Y112.812
G0 X108.149 Y112.812
G0 X108.149 Y112.492
G1 F3000 X117.321 Y121.664 E386.38605
G1 X117.391 Y121.734
G0 F7200 X117.16 Y121.733
G0 X117.719 Y118.182
G0 X117.719 Y117.937
G1 F3000 X106.416 Y129.24 E386.5865
G1 X106.346 Y129.31
G0 F7200 X106.346 Y129.09
G0 X107.926 Y129.09
G0 X107.926 Y129.24
G1 F3000 X100.76 Y122.074 E386.71359
G1 X100.69 Y122.004
G0 F7200 X100.91 Y122.004
G0 X100.91 Y123.582
G0 X100.761 Y123.582
G1 F3000 X111.687 Y112.656 E386.90736
G1 X111.757 Y112.586
G0 F7200 X111.757 Y112.812
G0 X113.754 Y112.812
G0 X113.754 Y112.441
G1 F3000 X117.313 Y115.999 E386.97047
G1 X117.383 Y116.069
G0 F7200 X117.162 Y116.069
G0 X117.234 Y114.711
G0 X119.09 Y112.269
G0 X119.24 Y112.269
G1 F3000 X117.731 Y110.76 E386.99723
G1 X117.661 Y110.69
G0 F7200 X117.661 Y110.91
G0 X119.12 Y110.88
G0 X119.239 Y110.76
G1 F3000 X100.761 Y129.239 E387.32494
G1 X100.691 Y129.309
G0 F7200 X100.88 Y129.12
G0 X100.91 Y127.73
G0 X100.76 Y127.73
G1 F3000 X102.27 Y129.24 E387.35172
G1 X102.34 Y129.31
G0 F7200 X102.34 Y129.09
G0 X100.91 Y112.268
G0 X100.761 Y112.268
G1 F3000 X102.269 Y110.76 E387.37847
G1 X102.339 Y110.69
G0 F7200 X102.339 Y110.91
G0 X117.231 Y124.328
G0 X117.806 Y124.028
;TYPE:WALL-INNER
G1 F3000 X117.687 Y123.952 E387.38024
G1 X117.532 Y123.759 E387.38334
G1 X117.473 Y123.57 E387.38582
G1 X117.473 Y121.699 E387.40929
G1 X117.53 Y121.516 E387.41169
G1 X117.7 Y121.309 E387.41505
G1 X117.999 Y121.184 E387.41911
G1 X119.4 Y121.186 E387.43668
G1 X119.4 Y117.87 E387.47827
G1 X118.001 Y117.872 E387.49581
G1 X117.817 Y117.816 E387.49822
G1 X117.63 Y117.679 E387.50113
G1 X117.472 Y117.353 E387.50567
G1 X117.472 Y115.47 E387.52929
G1 X117.563 Y115.229 E387.53252
G1 X117.693 Y115.081 E387.53499
G1 X117.877 Y114.98 E387.53762
G1 X118.072 Y114.948 E387.5401
G1 X119.4 Y114.948 E387.55675
G1 X119.4 Y110.6 E387.61128
G1 X113.832 Y110.6 E387.6811
G1 X113.832 Y111.9 E387.6974
G1 X113.785 Y112.136 E387.70042
G1 X113.609 Y112.368 E387.70407
G1 X113.353 Y112.5 E387.70768
G1 X111.529 Y112.497 E387.73056
G1 X111.378 Y112.46 E387.73251
G1 X111.144 Y112.296 E387.73609
G1 X111.049 Y112.148 E387.7383
G1 X110.998 Y111.953 E387.74082
G1 X110.993 Y110.6 E387.75779
G1 X108.291 Y110.6 E387.79168
G1 X108.286 Y111.953 E387.80864
G1 X108.235 Y112.148 E387.81117
G1 X108.14 Y112.296 E387.81338
G1 X107.906 Y112.46 E387.81696
G1 X107.736 Y112.499 E387.81915
G1 X105.951 Y112.494 E387.84153
G1 X105.756 Y112.431 E387.8441
G1 X105.559 Y112.265 E387.84733
G1 X105.485 Y112.138 E387.84917
G1 X105.436 Y111.9 E387.85222
G1 X105.436 Y110.6 E387.86852
G1 X100.6 Y110.6 E387.92917
G1 X100.6 Y129.4 E388.16493
G1 X119.4 Y129.4 E388.40069
G1 X119.4 Y124.091 E388.46726
G1 X118.066 Y124.088 E388.48399
G1 X117.806 Y124.028 E388.48734
G0 F7200 X118.005 Y123.688
;TYPE:WALL-OUTER
G1 F1500 X117.91 Y123.612 E388.48887
G1 X117.869 Y123.516 E388.49017
G1 X117.869 Y121.755 E388.51226
G1 X117.945 Y121.625 E388.51415
G1 X118.037 Y121.586 E388.5154
G1 X119.8 Y121.587 E388.53751
G1 X119.8 Y117.469 E388.58915
G1 X118.04 Y117.47 E388.61122
G1 X117.924 Y117.408 E388.61287
G1 X117.872 Y117.317 E388.61418
G1 X117.875 Y115.512 E388.63682
G1 X117.945 Y115.392 E388.63856
G1 X118.025 Y115.348 E388.63971
G1 X119.8 Y115.348 E388.66197
G1 X119.8 Y110.2 E388.72652
G1 X113.432 Y110.2 E388.80638
G1 X113.432 Y111.963 E388.82849
G1 X113.302 Y112.1 E388.83086
G1 X111.54 Y112.099 E388.85295
G1 X111.445 Y112.032 E388.85441
G1 X111.396 Y111.918 E388.85597
G1 X111.392 Y110.2 E388.87751
G1 X107.892 Y110.2 E388.9214
G1 X107.888 Y111.918 E388.94295
G1 X107.839 Y112.032 E388.9445
G1 X107.704 Y112.1 E388.9464
G1 X105.961 Y112.098 E388.96826
G1 X105.836 Y111.963 E388.97056
G1 X105.836 Y110.2 E388.99267
G1 X100.2 Y110.2 E389.06335
G1 X100.2 Y129.8 E389.30914
G1 X119.8 Y129.8 E389.55493
G1 X119.8 Y123.692 E389.63153
G1 X118.005 Y123.688 E389.65404
G0 F7200 X117.91 Y123.612
G0 X117.88 Y123.54
G0 X116.86 Y123.539
;MESH:NONMESH
G0 F600 X116.86 Y123.539 Z14.9
G0 F7200 X100.88 Y110.88
G0 X100.76 Y110.76
;TIME_ELAPSED:968.017124
;LAYER:73
;TYPE:FILL
;MESH:xyzCalibration_cube.glb
G1 F3000 X119.24 Y129.24 E389.98178
G1 X119.31 Y129.31
G0 F7200 X119.12 Y129.12
G0 X117.73 Y129.09
G0 X117.73 Y129.24
G1 F3000 X119.24 Y127.73 E390.00856
G1 X119.31 Y127.66
G0 F7200 X119.09 Y127.66
G0 X117.231 Y124.44
G0 X117.384 Y123.929
G1 F3000 X112.073 Y129.24 E390.10275
G1 X112.003 Y129.31
G0 F7200 X112.003 Y129.09
G0 X113.583 Y129.09
G0 X113.583 Y129.24
G1 F3000 X100.76 Y116.417 E390.33016
G1 X100.69 Y116.347
G0 F7200 X100.91 Y116.347
G0 X100.91 Y117.925
G0 X100.761 Y117.925
G1 F3000 X106.026 Y112.659 E390.42354
G1 X106.096 Y112.589
G0 F7200 X106.096 Y112.812
G0 X108.098 Y112.812
G0 X108.098 Y112.441
G1 F3000 X117.349 Y121.692 E390.58761
G1 X117.419 Y121.762
G0 F7200 X117.16 Y121.761
G0 X117.812 Y118.065
G0 X117.812 Y117.844
G1 F3000 X106.416 Y129.24 E390.78971
G1 X106.346 Y129.31
G0 F7200 X106.346 Y129.09
G0 X107.926 Y129.09
G0 X107.926 Y129.24
G1 F3000 X100.76 Y122.074 E390.9168
G1 X100.69 Y122.004
G0 F7200 X100.91 Y122.004
G0 X100.91 Y123.582
G0 X100.761 Y123.582
G1 F3000 X111.683 Y112.659 E391.11051
G1 X111.753 Y112.589
G0 F7200 X111.753 Y112.812
G0 X113.815 Y112.812
G0 X113.815 Y112.501
G1 F3000 X117.312 Y115.998 E391.17253
G1 X117.382 Y116.068
G0 F7200 X117.163 Y116.068
G0 X117.235 Y114.593
G0 X119.09 Y112.269
G0 X119.24 Y112.269
G1 F3000 X117.731 Y110.76 E391.19929
G1 X117.661 Y110.69
G0 F7200 X117.661 Y110.91
G0 X119.12 Y110.88
G0 X119.239 Y110.76
G1 F3000 X100.761 Y129.239 E391.527
G1 X100.691 Y129.309
G0 F7200 X100.88 Y129.12
G0 X100.91 Y127.73
G0 X100.76 Y127.73
G1 F3000 X102.27 Y129.24 E391.55378
G1 X102.34 Y129.31
G0 F7200 X102.34 Y129.09
G0 X100.91 Y112.268
G0 X100.761 Y112.268
G1 F3000 X102.269 Y110.76 E391.58052
G1 X102.339 Y110.69
G0 F7200 X102.339 Y110.91
G0 X117.231 Y124.44
G0 X117.813 Y124.148
;TYPE:WALL-INNER
G1 F3000 X117.691 Y124.072 E391.58233
G1 X117.533 Y123.878 E391.58546
G1 X117.473 Y123.687 E391.58797
G1 X117.472 Y121.826 E391.61131
G1 X117.555 Y121.583 E391.61453
G1 X117.698 Y121.422 E391.61723
G1 X117.981 Y121.296 E391.62112
G1 X119.4 Y121.298 E391.63891
G1 X119.4 Y117.752 E391.68338
G1 X117.984 Y117.752 E391.70114
G1 X117.701 Y117.625 E391.70503
G1 X117.524 Y117.399 E391.70863
G1 X117.472 Y117.233 E391.71081
G1 X117.472 Y115.353 E391.73438
G1 X117.52 Y115.191 E391.7365
G1 X117.699 Y114.957 E391.7402
G1 X117.939 Y114.828 E391.74361
G1 X119.4 Y114.828 E391.76194
G1 X119.4 Y110.6 E391.81496
G1 X113.96 Y110.6 E391.88318
G1 X113.96 Y111.9 E391.89948
G1 X113.917 Y112.126 E391.90236
G1 X113.743 Y112.363 E391.90605
G1 X113.483 Y112.5 E391.90974
G1 X111.645 Y112.496 E391.93279
G1 X111.348 Y112.371 E391.93683
G1 X111.179 Y112.16 E391.94022
G1 X111.122 Y111.953 E391.94291
G1 X111.12 Y110.6 E391.95988
G1 X108.176 Y110.6 E391.99679
G1 X108.174 Y111.953 E392.01376
G1 X108.117 Y112.16 E392.01645
G1 X107.948 Y112.371 E392.01984
G1 X107.628 Y112.498 E392.02416
G1 X105.834 Y112.494 E392.04666
G1 X105.637 Y112.43 E392.04926
G1 X105.439 Y112.26 E392.05253
G1 X105.365 Y112.13 E392.05441
G1 X105.32 Y111.898 E392.05737
G1 X105.322 Y110.6 E392.07365
G1 X100.6 Y110.6 E392.13286
G1 X100.6 Y129.4 E392.36862
G1 X119.4 Y129.4 E392.60438
G1 X119.4 Y124.207 E392.6695
G1 X118.066 Y124.204 E392.68623
G1 X117.813 Y124.148 E392.68948
G0 F7200 X118.002 Y123.804
;TYPE:WALL-OUTER
G1 F1500 X117.869 Y123.677 E392.69179
G1 X117.871 Y121.857 E392.71461
G1 X117.922 Y121.759 E392.716
G1 X118.027 Y121.7 E392.71751
G1 X119.8 Y121.699 E392.73974
G1 X119.8 Y117.352 E392.79425
G1 X118.031 Y117.348 E392.81644
G1 X117.948 Y117.31 E392.81758
G1 X117.875 Y117.19 E392.81934
G1 X117.875 Y115.391 E392.8419
G1 X117.922 Y115.294 E392.84325
G1 X118.024 Y115.228 E392.84478
G1 X119.8 Y115.228 E392.86705
G1 X119.8 Y110.2 E392.9301
G1 X113.56 Y110.2 E393.00836
G1 X113.56 Y111.957 E393.03039
G1 X113.402 Y112.1 E393.03306
G1 X111.64 Y112.099 E393.05516
G1 X111.52 Y111.966 E393.0574
G1 X111.52 Y110.2 E393.07955
G1 X107.776 Y110.2 E393.1265
G1 X107.776 Y111.966 E393.14865
G1 X107.68 Y112.072 E393.15044
G1 X107.594 Y112.1 E393.15157
G1 X105.891 Y112.098 E393.17293
G1 X105.759 Y112.02 E393.17485
G1 X105.72 Y111.899 E393.17645
G1 X105.723 Y110.2 E393.19775
G1 X100.2 Y110.2 E393.26701
G1 X100.2 Y129.8 E393.51281
G1 X119.8 Y129.8 E393.7586
G1 X119.8 Y123.808 E393.83374
G1 X118.002 Y123.804 E393.85629
G0 F7200 X117.869 Y123.677
G0 X117.869 Y123.661
G0 X116.86 Y123.66
;MESH:NONMESH
G0 F600 X116.86 Y123.66 Z15.1
G0 F7200 X100.88 Y110.88
G0 X100.76 Y110.76
;TIME_ELAPSED:978.223420
;LAYER:74
;TYPE:FILL
;MESH:xyzCalibration_cube.glb
G1 F3000 X119.24 Y129.24 E394.18403
G1 X119.31 Y129.31
G0 F7200 X119.12 Y129.12
G0 X117.73 Y129.09
G0 X117.73 Y129.24
G1 F3000 X119.239 Y127.73 E394.2108
G1 X119.309 Y127.66
G0 F7200 X119.09 Y127.66
G0 X117.231 Y124.553
G0 X117.358 Y123.955
G1 F3000 X112.073 Y129.24 E394.30452
G1 X112.003 Y129.31
G0 F7200 X112.003 Y129.09
G0 X113.583 Y129.09
G0 X113.583 Y129.24
G1 F3000 X100.76 Y116.417 E394.53194
G1 X100.69 Y116.347
G0 F7200 X100.91 Y116.347
G0 X100.91 Y117.925
G0 X100.761 Y117.925
G1 F3000 X106.026 Y112.659 E394.62532
G1 X106.096 Y112.589
G0 F7200 X106.096 Y112.812
G0 X108.301 Y112.74
G0 X108.034 Y112.377
G1 F3000 X117.382 Y121.725 E394.7911
G1 X117.452 Y121.795
G0 F7200 X117.16 Y121.794
G0 X117.884 Y117.948
G0 X117.884 Y117.772
G1 F3000 X106.416 Y129.24 E394.99449
G1 X106.346 Y129.31
G0 F7200 X106.346 Y129.09
G0 X107.926 Y129.09
G0 X107.926 Y129.24
G1 F3000 X100.76 Y122.074 E395.12157
G1 X100.69 Y122.004
G0 F7200 X100.91 Y122.004
G0 X100.91 Y123.582
G0 X100.761 Y123.582
G1 F3000 X111.712 Y112.631 E395.31579
G1 X111.782 Y112.561
G0 F7200 X111.782 Y112.812
G0 X113.86 Y112.812
G0 X113.86 Y112.546
G1 F3000 X117.313 Y115.999 E395.37702
G1 X117.383 Y116.069
G0 F7200 X117.163 Y116.069
G0 X117.235 Y117.876
G0 X119.11 Y117.948
G0 X119.11 Y117.796
G1 F3000 X119.24 Y117.926 E395.37933
G0 F7200 X119.09 Y117.926
G0 X117.235 Y117.876
G0 X117.235 Y114.473
G0 X119.09 Y112.269
G0 X119.24 Y112.269
G1 F3000 X117.731 Y110.76 E395.40609
G1 X117.661 Y110.69
G0 F7200 X117.661 Y110.91
G0 X119.12 Y110.88
G0 X119.239 Y110.76
G1 F3000 X100.761 Y129.239 E395.7338
G1 X100.691 Y129.309
G0 F7200 X100.88 Y129.12
G0 X100.91 Y127.73
G0 X100.76 Y127.73
G1 F3000 X102.27 Y129.24 E395.76058
G1 X102.34 Y129.31
G0 F7200 X102.34 Y129.09
G0 X100.91 Y112.268
G0 X100.761 Y112.268
G1 F3000 X102.269 Y110.76 E395.78733
G1 X102.339 Y110.69
G0 F7200 X102.339 Y110.91
G0 X117.231 Y124.553
G0 X117.82 Y124.263
;TYPE:WALL-INNER
G1 F3000 X117.696 Y124.188 E395.78914
G1 X117.535 Y123.993 E395.79232
G1 X117.473 Y123.8 E395.79486
G1 X117.473 Y121.93 E395.81831
G1 X117.535 Y121.73 E395.82093
G1 X117.661 Y121.566 E395.82353
G1 X117.963 Y121.408 E395.8278
G1 X119.4 Y121.41 E395.84582
G1 X119.4 Y117.636 E395.89315
G1 X117.965 Y117.636 E395.91115
G1 X117.766 Y117.553 E395.91385
G1 X117.602 Y117.41 E395.91658
G1 X117.472 Y117.115 E395.92062
G1 X117.472 Y115.23 E395.94426
G1 X117.521 Y115.068 E395.94638
G1 X117.704 Y114.833 E395.95012
G1 X117.946 Y114.708 E395.95353
G1 X119.4 Y114.708 E395.97177
G1 X119.4 Y110.6 E396.02328
G1 X114.088 Y110.6 E396.0899
G1 X114.088 Y111.9 E396.1062
G1 X114.048 Y112.116 E396.10895
G1 X113.876 Y112.358 E396.11268
G1 X113.615 Y112.5 E396.1164
G1 X111.802 Y112.499 E396.13914
G1 X111.53 Y112.41 E396.14273
G1 X111.313 Y112.172 E396.14677
G1 X111.253 Y111.986 E396.14922
G1 X111.248 Y110.6 E396.1666
G1 X108.064 Y110.6 E396.20653
G1 X108.059 Y111.986 E396.22391
G1 X107.999 Y112.172 E396.22636
G1 X107.782 Y112.41 E396.2304
G1 X107.52 Y112.498 E396.23386
G1 X105.721 Y112.494 E396.25642
G1 X105.522 Y112.428 E396.25905
G1 X105.323 Y112.254 E396.26237
G1 X105.25 Y112.122 E396.26426
G1 X105.208 Y111.898 E396.26712
G1 X105.21 Y110.6 E396.2834
G1 X100.6 Y110.6 E396.34121
G1 X100.6 Y129.4 E396.57697
G1 X119.4 Y129.4 E396.81272
G1 X119.4 Y124.319 E396.87644
G1 X118.066 Y124.316 E396.89317
G1 X117.82 Y124.263 E396.89633
G0 F7200 X118.067 Y123.916
;TYPE:WALL-OUTER
G1 F1500 X117.944 Y123.874 E396.89796
G1 X117.869 Y123.744 E396.89984
G1 X117.87 Y121.974 E396.92204
G1 X117.898 Y121.901 E396.92302
G1 X118.018 Y121.814 E396.92487
G1 X119.8 Y121.811 E396.94722
G1 X119.8 Y117.236 E397.00459
G1 X118.022 Y117.23 E397.02689
G1 X117.902 Y117.143 E397.02875
G1 X117.872 Y117.036 E397.03014
G1 X117.875 Y115.271 E397.05228
G1 X117.914 Y115.184 E397.05347
G1 X118.03 Y115.108 E397.05521
G1 X119.8 Y115.108 E397.07741
G1 X119.8 Y110.2 E397.13896
G1 X113.688 Y110.2 E397.2156
G1 X113.688 Y111.954 E397.2376
G1 X113.531 Y112.1 E397.24029
G1 X111.82 Y112.099 E397.26174
G1 X111.697 Y112.032 E397.2635
G1 X111.649 Y111.929 E397.26492
G1 X111.648 Y110.2 E397.28661
G1 X107.664 Y110.2 E397.33657
G1 X107.663 Y111.929 E397.35825
G1 X107.615 Y112.032 E397.35968
G1 X107.483 Y112.1 E397.36154
G1 X105.779 Y112.098 E397.38291
G1 X105.646 Y112.018 E397.38485
G1 X105.608 Y111.899 E397.38642
G1 X105.611 Y110.2 E397.40773
G1 X100.2 Y110.2 E397.47558
G1 X100.2 Y129.8 E397.72137
G1 X119.8 Y129.8 E397.96716
G1 X119.8 Y123.92 E398.0409
G1 X118.067 Y123.916 E398.06263
G0 F7200 X117.944 Y123.874
G0 X117.909 Y123.814
G0 X116.86 Y123.813
;MESH:NONMESH
G0 F600 X116.86 Y123.813 Z15.3
G0 F7200 X100.88 Y110.88
G0 X100.761 Y110.761
;TIME_ELAPSED:988.588236
;LAYER:75
;TYPE:FILL
;MESH:xyzCalibration_cube.glb
G1 F3000 X119.24 Y129.24 E398.39035
G1 X119.31 Y129.31
G0 F7200 X119.12 Y129.12
G0 X117.73 Y129.09
G0 X117.73 Y129.24
G1 F3000 X119.24 Y127.73 E398.41713
G1 X119.31 Y127.66
G0 F7200 X119.09 Y127.66
G0 X117.231 Y124.668
G0 X117.332 Y123.981
G1 F3000 X112.073 Y129.24 E398.5104
G1 X112.003 Y129.31
G0 F7200 X112.003 Y129.09
G0 X113.583 Y129.09
G0 X113.583 Y129.239
G1 F3000 X100.761 Y116.418 E398.73779
G1 X100.691 Y116.348
G0 F7200 X100.91 Y116.348
G0 X100.91 Y117.924
G0 X100.761 Y117.924
G1 F3000 X106.026 Y112.66 E398.83115
G1 X106.096 Y112.59
G0 F7200 X106.096 Y112.812
G0 X108.188 Y112.74
G0 X107.972 Y112.315
G1 F3000 X117.409 Y121.752 E398.99851
G1 X117.479 Y121.822
G0 F7200 X117.163 Y121.821
G0 X117.989 Y117.831
G0 X117.989 Y117.667
G1 F3000 X106.416 Y129.24 E399.20376
G1 X106.346 Y129.31
G0 F7200 X106.346 Y129.09
G0 X107.926 Y129.09
G0 X107.926 Y129.239
G1 F3000 X100.761 Y122.075 E399.33082
G1 X100.691 Y122.005
G0 F7200 X100.91 Y122.005
G0 X100.91 Y123.581
G0 X100.761 Y123.581
G1 F3000 X111.732 Y112.61 E399.52539
G1 X111.802 Y112.54
G0 F7200 X111.802 Y112.812
G0 X113.904 Y112.812
G0 X113.904 Y112.59
G1 F3000 X117.313 Y115.999 E399.58585
G1 X117.383 Y116.069
G0 F7200 X117.163 Y116.069
G0 X117.235 Y117.759
G0 X118.994 Y117.831
G0 X118.994 Y117.68
G1 F3000 X119.24 Y117.926 E399.59021
G0 F7200 X119.09 Y117.926
G0 X117.235 Y117.759
G0 X117.235 Y114.354
G0 X119.09 Y112.269
G0 X119.24 Y112.269
G1 F3000 X117.731 Y110.76 E399.61697
G1 X117.661 Y110.69
G0 F7200 X117.661 Y110.91
G0 X119.12 Y110.88
G0 X119.239 Y110.76
G1 F3000 X100.761 Y129.238 E399.94467
G1 X100.691 Y129.308
G0 F7200 X100.88 Y129.12
G0 X100.91 Y127.732
G0 X100.761 Y127.732
G1 F3000 X102.269 Y129.239 E399.97141
G1 X102.339 Y129.309
G0 F7200 X102.339 Y129.09
G0 X100.91 Y112.267
G0 X100.761 Y112.267
G1 F3000 X102.268 Y110.76 E399.99813
G1 X102.338 Y110.69
G0 F7200 X102.338 Y110.91
G0 X117.231 Y124.668
G0 X117.828 Y124.379
;TYPE:WALL-INNER
G1 F3000 X117.701 Y124.303 E399.99999
G1 X117.536 Y124.107 E400.0032
G1 X117.473 Y123.911 E400.00579
G1 X117.478 Y122.033 E400.02934
G1 X117.543 Y121.835 E400.03195
G1 X117.664 Y121.679 E400.03443
G1 X117.94 Y121.52 E400.03842
G1 X119.4 Y121.52 E400.05673
G1 X119.4 Y117.52 E400.10689
G1 X117.953 Y117.52 E400.12504
G1 X117.757 Y117.432 E400.12773
G1 X117.605 Y117.298 E400.13027
G1 X117.515 Y117.145 E400.1325
G1 X117.472 Y116.92 E400.13537
G1 X117.472 Y115.107 E400.15811
G1 X117.523 Y114.944 E400.16025
G1 X117.709 Y114.709 E400.16401
G1 X117.953 Y114.588 E400.16742
G1 X119.4 Y114.588 E400.18557
G1 X119.4 Y110.6 E400.23558
G1 X114.216 Y110.6 E400.30059
G1 X114.216 Y111.9 E400.31689
G1 X114.18 Y112.106 E400.31951
G1 X114.011 Y112.353 E400.32327
G1 X113.746 Y112.5 E400.32707
G1 X111.925 Y112.498 E400.3499
G1 X111.781 Y112.468 E400.35175
G1 X111.594 Y112.364 E400.35443
G1 X111.447 Y112.184 E400.35734
G1 X111.376 Y111.987 E400.35997
G1 X111.373 Y110.6 E400.37736
G1 X107.951 Y110.6 E400.42028
G1 X107.948 Y111.987 E400.43767
G1 X107.8 Y112.296 E400.44197
G1 X107.629 Y112.431 E400.4447
G1 X107.409 Y112.497 E400.44758
G1 X105.608 Y112.494 E400.47016
G1 X105.407 Y112.426 E400.47283
G1 X105.207 Y112.248 E400.47618
G1 X105.134 Y112.113 E400.47811
G1 X105.096 Y111.898 E400.48085
G1 X105.098 Y110.6 E400.49712
G1 X100.601 Y110.601 E400.55352
G1 X100.601 Y129.399 E400.78925
G1 X119.4 Y129.4 E401.025
G1 X119.4 Y124.431 E401.08731
G1 X118.066 Y124.428 E401.10404
G1 X117.828 Y124.379 E401.10709
G0 F7200 X118.009 Y124.028
;TYPE:WALL-OUTER
G1 F1500 X117.913 Y123.955 E401.1086
G1 X117.869 Y123.856 E401.10996
G1 X117.876 Y122.075 E401.13229
G1 X117.967 Y121.949 E401.13424
G1 X118.072 Y121.92 E401.13561
G1 X119.8 Y121.92 E401.15728
G1 X119.8 Y117.12 E401.21747
G1 X118.031 Y117.12 E401.23966
G1 X117.916 Y117.046 E401.24137
G1 X117.875 Y116.959 E401.24258
G1 X117.875 Y115.15 E401.26526
G1 X117.951 Y115.028 E401.26706
G1 X118.031 Y114.988 E401.26819
G1 X119.8 Y114.988 E401.29037
G1 X119.8 Y110.2 E401.35041
G1 X113.816 Y110.2 E401.42545
G1 X113.816 Y111.948 E401.44738
G1 X113.663 Y112.1 E401.45008
G1 X111.959 Y112.1 E401.47145
G1 X111.867 Y112.069 E401.47267
G1 X111.779 Y111.939 E401.47463
G1 X111.772 Y110.2 E401.49644
G1 X107.552 Y110.2 E401.54936
G1 X107.545 Y111.939 E401.57117
G1 X107.457 Y112.069 E401.57314
G1 X107.387 Y112.097 E401.57408
G1 X105.618 Y112.098 E401.59627
G1 X105.496 Y111.957 E401.59861
G1 X105.499 Y110.2 E401.62064
G1 X100.201 Y110.201 E401.68708
G1 X100.201 Y129.799 E401.93285
G1 X119.8 Y129.8 E402.17862
G1 X119.8 Y124.032 E402.25096
G1 X118.009 Y124.028 E402.27342
G0 F7200 X117.913 Y123.955
G0 X117.881 Y123.883
G0 X116.86 Y123.882
;MESH:NONMESH
G0 F600 X116.86 Y123.882 Z15.5
G0 F7200 X100.88 Y110.88
G0 X100.761 Y110.761
;TIME_ELAPSED:998.957960
;LAYER:76
;TYPE:FILL
;MESH:xyzCalibration_cube.glb
G1 F3000 X119.24 Y129.24 E402.60114
G1 X119.31 Y129.31
G0 F7200 X119.12 Y129.12
G0 X117.73 Y129.09
G0 X117.73 Y129.24
G1 F3000 X119.24 Y127.73 E402.62792
G1 X119.31 Y127.66
G0 F7200 X119.09 Y127.66
G0 X117.232 Y124.78
G0 X117.308 Y124.005
G1 F3000 X112.073 Y129.24 E402.72076
G1 X112.003 Y129.31
G0 F7200 X112.003 Y129.09
G0 X113.583 Y129.09
G0 X113.583 Y129.24
G1 F3000 X100.761 Y116.417 E402.94816
G1 X100.691 Y116.347
G0 F7200 X100.91 Y116.347
G0 X100.91 Y117.924
G0 X100.761 Y117.924
G1 F3000 X106.027 Y112.658 E403.04155
G1 X106.097 Y112.588
G0 F7200 X106.097 Y112.812
G0 X108.075 Y112.74
G0 X107.907 Y112.25
G1 F3000 X117.453 Y121.796 E403.21085
G1 X117.523 Y121.866
G0 F7200 X117.161 Y121.865
G0 X119.09 Y117.926
G0 X119.24 Y117.926
G1 F3000 X118.877 Y117.563 E403.21729
G0 F7200 X118.092 Y117.564
G1 F3000 X106.416 Y129.24 E403.42436
G1 X106.346 Y129.31
G0 F7200 X106.346 Y129.09
G0 X107.926 Y129.09
G0 X107.926 Y129.24
G1 F3000 X100.761 Y122.074 E403.55144
G1 X100.691 Y122.004
G0 F7200 X100.91 Y122.004
G0 X100.91 Y123.581
G0 X100.761 Y123.581
G1 F3000 X111.767 Y112.576 E403.74662
G1 X111.837 Y112.506
G0 F7200 X111.837 Y112.812
G0 X113.942 Y112.812
G0 X113.942 Y112.629
G1 F3000 X117.312 Y115.998 E403.80637
G1 X117.382 Y116.068
G0 F7200 X117.164 Y116.068
G0 X117.236 Y114.234
G0 X119.09 Y112.269
G0 X119.24 Y112.269
G1 F3000 X117.731 Y110.76 E403.83314
G1 X117.661 Y110.69
G0 F7200 X117.661 Y110.91
G0 X119.12 Y110.88
G0 X119.239 Y110.76
G1 F3000 X100.761 Y129.238 E404.16084
G1 X100.691 Y129.308
G0 F7200 X100.88 Y129.12
G0 X100.91 Y127.731
G0 X100.761 Y127.731
G1 F3000 X102.27 Y129.24 E404.1876
G1 X102.34 Y129.31
G0 F7200 X102.34 Y129.09
G0 X100.91 Y112.267
G0 X100.761 Y112.267
G1 F3000 X102.268 Y110.76 E404.21433
G1 X102.338 Y110.69
G0 F7200 X102.338 Y110.91
G0 X117.232 Y124.78
G0 X117.835 Y124.498
;TYPE:WALL-INNER
G1 F3000 X117.707 Y124.424 E404.21618
G1 X117.538 Y124.226 E404.21945
G1 X117.474 Y124.03 E404.22203
G1 X117.469 Y122.182 E404.24521
G1 X117.527 Y121.967 E404.248
G1 X117.604 Y121.846 E404.2498
G1 X117.871 Y121.66 E404.25388
G1 X118.07 Y121.628 E404.25641
G1 X119.4 Y121.63 E404.27308
G1 X119.4 Y117.402 E404.3261
G1 X118.074 Y117.404 E404.34273
G1 X117.875 Y117.371 E404.34526
G1 X117.608 Y117.185 E404.34934
G1 X117.472 Y116.888 E404.35344
G1 X117.472 Y114.979 E404.37738
G1 X117.558 Y114.756 E404.38038
G1 X117.715 Y114.585 E404.38329
G1 X117.961 Y114.468 E404.3867
G1 X119.4 Y114.468 E404.40475
G1 X119.4 Y110.6 E404.45326
G1 X114.344 Y110.6 E404.51666
G1 X114.344 Y111.9 E404.53296
G1 X114.312 Y112.095 E404.53544
G1 X114.146 Y112.347 E404.53922
G1 X113.879 Y112.5 E404.54308
G1 X112.045 Y112.498 E404.56608
G1 X111.896 Y112.465 E404.568
G1 X111.715 Y112.361 E404.57061
G1 X111.577 Y112.196 E404.57331
G1 X111.5 Y112.004 E404.57591
G1 X111.5 Y110.6 E404.59351
G1 X107.839 Y110.6 E404.63942
G1 X107.836 Y112.004 E404.65703
G1 X107.759 Y112.196 E404.65962
G1 X107.567 Y112.401 E404.66315
G1 X107.301 Y112.497 E404.66669
G1 X105.495 Y112.494 E404.68934
G1 X105.291 Y112.425 E404.69204
G1 X105.09 Y112.242 E404.69545
G1 X105.019 Y112.104 E404.6974
G1 X104.984 Y111.898 E404.70002
G1 X104.986 Y110.6 E404.71629
G1 X100.601 Y110.601 E404.77128
G1 X100.6 Y129.4 E405.00703
G1 X119.4 Y129.4 E405.24279
G1 X119.4 Y124.547 E405.30365
G1 X118.066 Y124.544 E405.32038
G1 X117.835 Y124.498 E405.32333
G0 F7200 X118.01 Y124.144
;TYPE:WALL-OUTER
G1 F1500 X117.914 Y124.073 E405.32483
G1 X117.87 Y123.973 E405.3262
G1 X117.868 Y122.212 E405.34828
G1 X117.913 Y122.1 E405.34979
G1 X118.016 Y122.028 E405.35137
G1 X119.8 Y122.031 E405.37374
G1 X119.8 Y117.001 E405.43682
G1 X118.073 Y117.004 E405.45848
G1 X117.964 Y116.973 E405.4599
G1 X117.875 Y116.843 E405.46187
G1 X117.875 Y115.029 E405.48462
G1 X117.916 Y114.941 E405.48584
G1 X118.021 Y114.874 E405.4874
G1 X119.8 Y114.868 E405.50971
G1 X119.8 Y110.2 E405.56825
G1 X113.944 Y110.2 E405.64169
G1 X113.944 Y111.95 E405.66363
G1 X113.789 Y112.1 E405.66634
G1 X112.081 Y112.1 E405.68776
G1 X111.971 Y112.054 E405.68925
G1 X111.905 Y111.949 E405.69081
G1 X111.9 Y110.2 E405.71274
G1 X107.44 Y110.2 E405.76867
G1 X107.431 Y111.949 E405.7906
G1 X107.365 Y112.054 E405.79216
G1 X107.258 Y112.099 E405.79361
G1 X105.554 Y112.098 E405.81498
G1 X105.419 Y112.014 E405.81698
G1 X105.384 Y111.899 E405.81848
G1 X105.387 Y110.2 E405.83979
G1 X100.201 Y110.201 E405.90482
G1 X100.2 Y129.8 E406.1506
G1 X119.8 Y129.8 E406.39639
G1 X119.8 Y124.148 E406.46727
G1 X118.01 Y124.144 E406.48972
G0 F7200 X117.914 Y124.073
G0 X117.882 Y123.999
G0 X116.861 Y123.998
;MESH:NONMESH
G0 F600 X116.861 Y123.998 Z15.7
G0 F7200 X100.88 Y110.88
G0 X100.76 Y110.76
;TIME_ELAPSED:1009.231341
;LAYER:77
;TYPE:FILL
;MESH:xyzCalibration_cube.glb
G1 F3000 X119.24 Y129.24 E406.81746
G1 X119.31 Y129.31
G0 F7200 X119.12 Y129.12
G0 X117.73 Y129.09
G0 X117.73 Y129.24
G1 F3000 X119.24 Y127.73 E406.84424
G1 X119.31 Y127.66
G0 F7200 X119.09 Y127.66
G0 X117.232 Y124.893
G0 X117.161 Y124.004
G0 X117.308 Y124.005
G1 F3000 X112.073 Y129.24 E406.93708
G1 X112.003 Y129.31
G0 F7200 X112.003 Y129.09
G0 X113.583 Y129.09
G0 X113.583 Y129.239
G1 F3000 X100.76 Y116.417 E407.16448
G1 X100.69 Y116.347
G0 F7200 X100.91 Y116.347
G0 X100.91 Y117.925
G0 X100.761 Y117.925
G1 F3000 X106.028 Y112.658 E407.25789
G1 X106.098 Y112.588
G0 F7200 X106.098 Y112.812
G0 X107.962 Y112.74
G0 X107.825 Y112.168
G1 F3000 X117.504 Y121.847 E407.42955
G1 X117.574 Y121.917
G0 F7200 X117.161 Y121.916
G0 X119.09 Y117.926
G0 X119.24 Y117.926
G1 F3000 X118.758 Y117.444 E407.4381
G0 F7200 X118.212 Y117.444
G1 F3000 X106.416 Y129.24 E407.64729
G1 X106.346 Y129.31
G0 F7200 X106.346 Y129.09
G0 X107.926 Y129.09
G0 X107.926 Y129.239
G1 F3000 X100.761 Y122.074 E407.77436
G1 X100.691 Y122.004
G0 F7200 X100.91 Y122.004
G0 X100.91 Y123.581
G0 X100.761 Y123.581
G1 F3000 X111.818 Y112.524 E407.97046
G1 X111.888 Y112.454
G0 F7200 X111.888 Y112.812
G0 X113.959 Y112.812
G0 X113.959 Y112.646
G1 F3000 X117.312 Y115.998 E408.02991
G1 X117.382 Y116.068
G0 F7200 X117.164 Y116.068
G0 X117.236 Y114.113
G0 X119.09 Y112.269
G0 X119.24 Y112.269
G1 F3000 X117.731 Y110.76 E408.05668
G1 X117.661 Y110.69
G0 F7200 X117.661 Y110.91
G0 X119.12 Y110.88
G0 X119.239 Y110.76
G1 F3000 X100.761 Y129.238 E408.38438
G1 X100.691 Y129.308
G0 F7200 X100.88 Y129.12
G0 X100.91 Y127.731
G0 X100.761 Y127.731
G1 F3000 X102.269 Y129.239 E408.41112
G1 X102.339 Y129.309
G0 F7200 X102.339 Y129.09
G0 X100.91 Y112.268
G0 X100.761 Y112.268
G1 F3000 X102.269 Y110.76 E408.43787
G1 X102.339 Y110.69
G0 F7200 X102.339 Y110.91
G0 X117.232 Y124.893
G0 X117.843 Y124.613
;TYPE:WALL-INNER
G1 F3000 X117.712 Y124.54 E408.43975
G1 X117.539 Y124.341 E408.44305
G1 X117.474 Y124.142 E408.44568
G1 X117.47 Y122.29 E408.4689
G1 X117.572 Y122.001 E408.47275
G1 X117.737 Y121.838 E408.47566
G1 X118.07 Y121.74 E408.48001
G1 X119.4 Y121.742 E408.49669
G1 X119.4 Y117.284 E408.55259
G1 X118.072 Y117.284 E408.56925
G1 X117.74 Y117.185 E408.57359
G1 X117.551 Y116.984 E408.57705
G1 X117.472 Y116.774 E408.57986
G1 X117.472 Y114.865 E408.6038
G1 X117.527 Y114.696 E408.60603
G1 X117.721 Y114.461 E408.60985
G1 X117.968 Y114.348 E408.61326
G1 X119.4 Y114.348 E408.63122
G1 X119.4 Y110.6 E408.67822
G1 X114.472 Y110.6 E408.74002
G1 X114.472 Y112.039 E408.75806
G1 X114.28 Y112.341 E408.76255
G1 X114.059 Y112.471 E408.76577
G1 X113.872 Y112.5 E408.76814
G1 X112.196 Y112.5 E408.78916
G1 X111.966 Y112.441 E408.79214
G1 X111.712 Y112.207 E408.79647
G1 X111.628 Y111.902 E408.80043
G1 X111.625 Y110.6 E408.81676
G1 X107.724 Y110.6 E408.86568
G1 X107.724 Y112.028 E408.88359
G1 X107.573 Y112.299 E408.88748
G1 X107.461 Y112.397 E408.88935
G1 X107.245 Y112.496 E408.89232
G1 X105.382 Y112.494 E408.91569
G1 X105.176 Y112.423 E408.91842
G1 X104.974 Y112.236 E408.92187
G1 X104.904 Y112.095 E408.92385
G1 X104.872 Y111.9 E408.92632
G1 X104.872 Y110.6 E408.94263
G1 X100.6 Y110.6 E408.9962
G1 X100.601 Y129.399 E409.23195
G1 X119.4 Y129.4 E409.46769
G1 X119.4 Y124.659 E409.52715
G1 X118.066 Y124.656 E409.54387
G1 X117.843 Y124.613 E409.54672
G0 F7200 X118.067 Y124.256
;TYPE:WALL-OUTER
G1 F1500 X117.949 Y124.218 E409.54828
G1 X117.87 Y124.085 E409.55022
G1 X117.868 Y122.323 E409.57231
G1 X117.914 Y122.211 E409.57383
G1 X118.013 Y122.14 E409.57536
G1 X119.8 Y122.143 E409.59777
G1 X119.8 Y116.884 E409.66372
G1 X118.018 Y116.884 E409.68607
G1 X117.935 Y116.831 E409.6873
G1 X117.875 Y116.724 E409.68884
G1 X117.875 Y114.909 E409.7116
G1 X117.955 Y114.785 E409.71345
G1 X118.025 Y114.753 E409.71442
G1 X119.8 Y114.748 E409.73668
G1 X119.8 Y110.2 E409.79371
G1 X114.072 Y110.2 E409.86554
G1 X114.072 Y111.945 E409.88742
G1 X114.024 Y112.032 E409.88867
G1 X113.921 Y112.1 E409.89022
G1 X112.2 Y112.099 E409.9118
G1 X112.098 Y112.053 E409.9132
G1 X112.028 Y111.946 E409.91481
G1 X112.024 Y110.2 E409.9367
G1 X107.324 Y110.2 E409.99564
G1 X107.324 Y111.94 E410.01746
G1 X107.254 Y112.053 E410.01913
G1 X107.168 Y112.096 E410.02033
G1 X105.442 Y112.098 E410.04198
G1 X105.306 Y112.012 E410.044
G1 X105.272 Y111.9 E410.04546
G1 X105.272 Y110.2 E410.06678
G1 X100.2 Y110.2 E410.13039
G1 X100.201 Y129.799 E410.37617
G1 X119.8 Y129.8 E410.62194
G1 X119.8 Y124.26 E410.69142
G1 X118.067 Y124.256 E410.71315
G0 F7200 X117.949 Y124.218
G0 X117.911 Y124.153
G0 X116.861 Y124.152
;MESH:NONMESH
G0 F600 X116.861 Y124.152 Z15.9
G0 F7200 X100.88 Y110.88
G0 X100.76 Y110.76
;TIME_ELAPSED:1019.524162
;LAYER:78
;TYPE:FILL
;MESH:xyzCalibration_cube.glb
G1 F3000 X119.24 Y129.24 E411.04089
G1 X119.31 Y129.31
G0 F7200 X119.12 Y129.12
G0 X117.73 Y129.09
G0 X117.73 Y129.24
G1 F3000 X119.24 Y127.73 E411.06767
G1 X119.31 Y127.66
G0 F7200 X119.09 Y127.66
G0 X117.232 Y125.008
G0 X117.161 Y124.004
G0 X117.308 Y124.005
G1 F3000 X112.073 Y129.24 E411.16051
G1 X112.003 Y129.31
G0 F7200 X112.003 Y129.09
G0 X113.583 Y129.09
G0 X113.583 Y129.239
G1 F3000 X100.76 Y116.417 E411.38791
G1 X100.69 Y116.347
G0 F7200 X100.91 Y116.347
G0 X100.91 Y117.925
G0 X100.761 Y117.925
G1 F3000 X106.029 Y112.657 E411.48134
G1 X106.099 Y112.587
G0 F7200 X106.099 Y112.812
G0 X107.849 Y112.74
G0 X107.741 Y112.084
G1 F3000 X117.563 Y121.906 E411.65553
G1 X117.633 Y121.976
G0 F7200 X117.634 Y121.542
G0 X119.09 Y117.926
G0 X119.24 Y117.926
G1 F3000 X118.642 Y117.328 E411.66614
G0 F7200 X118.328 Y117.328
G1 F3000 X106.416 Y129.24 E411.87739
G1 X106.346 Y129.31
G0 F7200 X106.346 Y129.09
G0 X107.926 Y129.09
G0 X107.926 Y129.239
G1 F3000 X100.761 Y122.074 E412.00446
G1 X100.691 Y122.004
G0 F7200 X100.91 Y122.004
G0 X100.91 Y123.581
G0 X100.761 Y123.581
G1 F3000 X111.862 Y112.48 E412.20134
G1 X111.932 Y112.41
G0 F7200 X111.932 Y112.812
G0 X113.974 Y112.812
G0 X113.974 Y112.66
G1 F3000 X117.312 Y115.998 E412.26054
G1 X117.382 Y116.068
G0 F7200 X117.164 Y116.068
G0 X117.236 Y113.995
G0 X119.09 Y112.269
G0 X119.24 Y112.269
G1 F3000 X117.731 Y110.76 E412.2873
G1 X117.661 Y110.69
G0 F7200 X117.661 Y110.91
G0 X119.12 Y110.88
G0 X119.239 Y110.76
G1 F3000 X100.761 Y129.238 E412.615
G1 X100.691 Y129.308
G0 F7200 X100.88 Y129.12
G0 X100.91 Y127.731
G0 X100.761 Y127.731
G1 F3000 X102.269 Y129.239 E412.64174
G1 X102.339 Y129.309
G0 F7200 X102.339 Y129.09
G0 X100.91 Y112.268
G0 X100.761 Y112.268
G1 F3000 X102.269 Y110.76 E412.66849
G1 X102.339 Y110.69
G0 F7200 X102.339 Y110.91
G0 X104.522 Y112.74
G0 X107.849 Y112.74
G0 X107.922 Y110.914
G0 X107.772 Y110.913
G1 F3000 X107.926 Y110.76 E412.67121
G0 F7200 X107.926 Y110.91
G0 X117.232 Y125.008
G0 X117.852 Y124.728
;TYPE:WALL-INNER
G1 F3000 X117.718 Y124.656 E412.67312
G1 X117.541 Y124.456 E412.67647
G1 X117.474 Y124.255 E412.67912
G1 X117.47 Y122.398 E412.70241
G1 X117.499 Y122.26 E412.70418
G1 X117.609 Y122.064 E412.707
G1 X117.829 Y121.901 E412.71043
G1 X118.07 Y121.852 E412.71352
G1 X119.4 Y121.854 E412.7302
G1 X119.4 Y117.168 E412.78896
G1 X118.072 Y117.168 E412.80561
G1 X117.832 Y117.119 E412.80868
G1 X117.662 Y117.007 E412.81124
G1 X117.538 Y116.844 E412.81381
G1 X117.472 Y116.655 E412.81632
G1 X117.472 Y114.746 E412.84026
G1 X117.529 Y114.576 E412.8425
G1 X117.727 Y114.34 E412.84637
G1 X117.974 Y114.232 E412.84975
G1 X119.4 Y114.229 E412.86763
G1 X119.4 Y110.6 E412.91314
G1 X114.6 Y110.6 E412.97333
G1 X114.6 Y112.033 E412.9913
G1 X114.415 Y112.334 E412.99573
G1 X114.191 Y112.469 E412.99901
G1 X114 Y112.5 E413.00144
G1 X112.21 Y112.5 E413.02389
G1 X111.905 Y112.301 E413.02846
G1 X111.785 Y112.097 E413.03142
G1 X111.752 Y111.9 E413.03393
G1 X111.752 Y110.6 E413.05023
G1 X107.612 Y110.6 E413.10215
G1 X107.612 Y111.9 E413.11845
G1 X107.579 Y112.097 E413.12096
G1 X107.402 Y112.357 E413.1249
G1 X107.087 Y112.496 E413.12922
G1 X105.269 Y112.494 E413.15202
G1 X105.061 Y112.421 E413.15478
G1 X104.858 Y112.229 E413.15828
G1 X104.76 Y111.9 E413.16259
G1 X104.76 Y110.6 E413.17889
G1 X100.6 Y110.6 E413.23106
G1 X100.601 Y129.399 E413.46681
G1 X119.4 Y129.4 E413.70255
G1 X119.4 Y124.771 E413.7606
G1 X118.066 Y124.768 E413.77733
G1 X117.852 Y124.728 E413.78006
G0 F7200 X118.014 Y124.368
;TYPE:WALL-OUTER
G1 F1500 X117.87 Y124.218 E413.78267
G1 X117.868 Y122.434 E413.80504
G1 X117.896 Y122.349 E413.80616
G1 X118.006 Y122.252 E413.808
G1 X119.8 Y122.255 E413.8305
G1 X119.8 Y116.768 E413.89931
G1 X118.012 Y116.768 E413.92173
G1 X117.878 Y116.62 E413.92423
G1 X117.875 Y114.792 E413.94716
G1 X117.92 Y114.701 E413.94843
G1 X118.029 Y114.636 E413.95002
G1 X119.8 Y114.628 E413.97223
G1 X119.8 Y110.2 E414.02776
G1 X114.2 Y110.2 E414.09799
G1 X114.2 Y111.945 E414.11987
G1 X114.139 Y112.045 E414.12134
G1 X114.047 Y112.1 E414.12268
G1 X112.314 Y112.097 E414.14441
G1 X112.222 Y112.053 E414.14569
G1 X112.152 Y111.95 E414.14726
G1 X112.152 Y110.2 E414.1692
G1 X107.212 Y110.2 E414.23115
G1 X107.212 Y111.95 E414.2531
G1 X107.142 Y112.053 E414.25466
G1 X107.037 Y112.099 E414.2561
G1 X105.329 Y112.098 E414.27751
G1 X105.192 Y112.01 E414.27956
G1 X105.16 Y111.9 E414.28099
G1 X105.16 Y110.2 E414.30231
G1 X100.2 Y110.2 E414.36451
G1 X100.201 Y129.799 E414.61029
G1 X119.8 Y129.8 E414.85607
G1 X119.8 Y124.372 E414.92414
G1 X118.014 Y124.368 E414.94654
G0 F7200 X117.876 Y124.224
G0 X116.861 Y124.223
;MESH:NONMESH
G0 F600 X116.861 Y124.223 Z16.1
G0 F7200 X100.88 Y110.88
G0 X100.76 Y110.76
;TIME_ELAPSED:1029.928583
;LAYER:79
;TYPE:FILL
;MESH:xyzCalibration_cube.glb
G1 F3000 X119.24 Y129.24 E415.27427
G1 X119.31 Y129.31
G0 F7200 X119.12 Y129.12
G0 X117.73 Y129.09
G0 X117.73 Y129.24
G1 F3000 X119.24 Y127.73 E415.30105
G1 X119.31 Y127.66
G0 F7200 X119.09 Y127.66
G0 X117.233 Y125.12
G0 X117.162 Y124.003
G0 X117.309 Y124.004
G1 F3000 X112.073 Y129.24 E415.39391
G1 X112.003 Y129.31
G0 F7200 X112.003 Y129.09
G0 X113.583 Y129.09
G0 X113.583 Y129.24
G1 F3000 X100.76 Y116.417 E415.62133
G1 X100.69 Y116.347
G0 F7200 X100.91 Y116.347
G0 X100.91 Y117.925
G0 X100.761 Y117.925
G1 F3000 X106.024 Y112.662 E415.71466
G1 X106.094 Y112.592
G0 F7200 X108.11 Y112.453
G1 F3000 X117.631 Y121.974 E415.88352
G1 X117.701 Y122.044
G0 F7200 X117.702 Y121.653
G0 X117.975 Y117.681
G1 F3000 X106.416 Y129.24 E416.08851
G1 X106.346 Y129.31
G0 F7200 X106.346 Y129.09
G0 X107.926 Y129.09
G0 X107.926 Y129.24
G1 F3000 X100.76 Y122.074 E416.2156
G1 X100.69 Y122.004
G0 F7200 X100.91 Y122.004
G0 X100.91 Y123.582
G0 X100.761 Y123.582
G1 F3000 X111.68 Y112.662 E416.40925
G1 X111.75 Y112.592
G0 F7200 X113.976 Y112.662
G1 F3000 X117.314 Y116 E416.46845
G1 X117.384 Y116.07
G0 F7200 X118.995 Y117.681
G1 F3000 X119.24 Y117.926 E416.4728
G0 F7200 X119.09 Y117.926
G0 X119.09 Y112.269
G0 X119.24 Y112.269
G1 F3000 X117.731 Y110.76 E416.49956
G1 X117.661 Y110.69
G0 F7200 X117.661 Y110.91
G0 X119.12 Y110.88
G0 X119.239 Y110.76
G1 F3000 X100.761 Y129.239 E416.82727
G1 X100.691 Y129.309
G0 F7200 X100.88 Y129.12
G0 X100.91 Y127.73
G0 X100.76 Y127.73
G1 F3000 X102.27 Y129.24 E416.85405
G1 X102.34 Y129.31
G0 F7200 X102.34 Y129.09
G0 X100.91 Y112.268
G0 X100.761 Y112.268
G1 F3000 X102.269 Y110.76 E416.8808
G1 X102.339 Y110.69
G0 F7200 X102.339 Y110.91
G0 X117.233 Y125.12
G0 X117.861 Y124.848
;TYPE:WALL-INNER
G1 F3000 X117.723 Y124.776 E416.88275
G1 X117.542 Y124.575 E416.88614
G1 X117.468 Y124.345 E416.88917
G1 X117.474 Y122.505 E416.91224
G1 X117.529 Y122.307 E416.91482
G1 X117.676 Y122.112 E416.91788
G1 X117.877 Y121.996 E416.92079
G1 X118.074 Y121.964 E416.9233
G1 X119.4 Y121.966 E416.93992
G1 X119.4 Y110.6 E417.08246
G1 X100.6 Y110.6 E417.31822
G1 X100.6 Y129.4 E417.55398
G1 X119.4 Y129.4 E417.78974
G1 X119.4 Y124.887 E417.84633
G1 X118.066 Y124.884 E417.86306
G1 X117.861 Y124.848 E417.86567
G0 F7200 X118.016 Y124.484
;TYPE:WALL-OUTER
G1 F1500 X117.868 Y124.33 E417.86835
G1 X117.872 Y122.544 E417.89074
G1 X117.94 Y122.413 E417.8926
G1 X118.024 Y122.364 E417.89382
G1 X119.8 Y122.367 E417.91609
G1 X119.8 Y110.2 E418.06867
G1 X100.2 Y110.2 E418.31446
G1 X100.2 Y129.8 E418.56025
G1 X119.8 Y129.8 E418.80604
G1 X119.8 Y124.488 E418.87265
G1 X118.016 Y124.484 E418.89503
G0 F7200 X117.878 Y124.341
G0 X117.162 Y124.34
G0 X117.234 Y121.724
G0 X119.02 Y117.54
;TYPE:SKIN
G1 F1500 X117.452 Y117.54 E418.91469
G1 X117.452 Y114.212 E418.95642
G1 X119.02 Y114.209 E418.97609
G1 X119.02 Y117.54 E419.01786
G0 F7200 X118.82 Y117.071
G1 F1500 X118.551 Y117.339 E419.02262
G0 F7200 X117.986 Y117.339
G1 F1500 X118.82 Y116.505 E419.03741
G0 F7200 X118.82 Y115.939
G1 F1500 X117.652 Y117.107 E419.05813
G0 F7200 X117.652 Y116.542
G1 F1500 X118.82 Y115.374 E419.07884
G0 F7200 X118.82 Y114.808
G1 F1500 X117.652 Y115.976 E419.09955
G0 F7200 X117.652 Y115.41
G1 F1500 X118.653 Y114.409 E419.11731
G0 F7200 X118.086 Y114.411
G1 F1500 X117.652 Y114.845 E419.125
G0 F7200 X114.623 Y112.52
G1 F1500 X111.356 Y112.52 E419.16597
G1 X111.353 Y110.98 E419.18529
G1 X114.62 Y110.98 E419.22625
G1 X114.623 Y112.52 E419.24557
G0 F7200 X114.421 Y111.853
G1 F1500 X113.954 Y112.32 E419.25385
G0 F7200 X113.388 Y112.32
G1 F1500 X114.42 Y111.289 E419.27214
G0 F7200 X113.963 Y111.18
G1 F1500 X112.822 Y112.32 E419.29237
G0 F7200 X112.257 Y112.32
G1 F1500 X113.397 Y111.18 E419.31259
G0 F7200 X112.832 Y111.18
G1 F1500 X111.691 Y112.32 E419.33281
G0 F7200 X111.555 Y111.89
G1 F1500 X112.266 Y111.18 E419.34541
G0 F7200 X111.7 Y111.18
G1 F1500 X111.554 Y111.326 E419.348
G0 F7200 X107.968 Y112.519
G1 F1500 X104.74 Y112.52 E419.38848
G1 X104.74 Y110.98 E419.4078
G1 X107.971 Y110.981 E419.44831
G1 X107.968 Y112.519 E419.4676
G0 F7200 X107.166 Y112.32
G1 F1500 X107.769 Y111.717 E419.47829
G0 F7200 X107.74 Y111.181
G1 F1500 X106.601 Y112.32 E419.49849
G0 F7200 X106.035 Y112.32
G1 F1500 X107.174 Y111.181 E419.51869
G0 F7200 X106.608 Y111.181
G1 F1500 X105.469 Y112.32 E419.53889
G0 F7200 X104.94 Y112.283
G1 F1500 X106.043 Y111.18 E419.55846
G0 F7200 X105.478 Y111.18
G1 F1500 X104.94 Y111.717 E419.56799
;MESH:NONMESH
G0 F600 X104.94 Y111.717 Z16.3
G0 F7200 X100.88 Y110.88
G0 X100.76 Y110.76
;TIME_ELAPSED:1042.102190
;LAYER:80
;TYPE:FILL
;MESH:xyzCalibration_cube.glb
G1 F3000 X119.24 Y129.24 E419.89573
G1 X119.31 Y129.31
G0 F7200 X119.12 Y129.12
G0 X117.73 Y129.09
G0 X117.73 Y129.24
G1 F3000 X119.24 Y127.73 E419.92251
G1 X119.31 Y127.66
G0 F7200 X119.09 Y127.66
G0 X117.31 Y124.002
G1 F3000 X112.073 Y129.24 E420.01539
G1 X112.003 Y129.31
G0 F7200 X112.003 Y129.09
G0 X113.583 Y129.09
G0 X113.583 Y129.24
G1 F3000 X100.76 Y116.417 E420.2428
G1 X100.69 Y116.347
G0 F7200 X100.91 Y116.347
G0 X100.91 Y117.925
G0 X100.761 Y117.925
G1 F3000 X106.024 Y112.662 E420.33614
G1 X106.094 Y112.592
G0 F7200 X107.996 Y112.339
G1 F3000 X117.311 Y121.654 E420.50134
G1 X117.381 Y121.724
G0 F7200 X118.092 Y117.564
G1 F3000 X106.416 Y129.24 E420.70841
G1 X106.346 Y129.31
G0 F7200 X106.346 Y129.09
G0 X107.926 Y129.09
G0 X107.926 Y129.24
G1 F3000 X100.76 Y122.074 E420.8355
G1 X100.69 Y122.004
G0 F7200 X100.91 Y122.004
G0 X100.91 Y123.582
G0 X100.761 Y123.582
G1 F3000 X111.68 Y112.662 E421.02915
G1 X111.75 Y112.592
G0 F7200 X113.976 Y112.662
G1 F3000 X117.315 Y116.001 E421.08837
G1 X117.385 Y116.071
G0 F7200 X118.877 Y117.564
G1 F3000 X119.24 Y117.926 E421.0948
G0 F7200 X119.09 Y117.926
G0 X119.09 Y112.269
G0 X119.24 Y112.269
G1 F3000 X117.731 Y110.76 E421.12156
G1 X117.661 Y110.69
G0 F7200 X117.661 Y110.91
G0 X119.12 Y110.88
G0 X119.239 Y110.76
G1 F3000 X100.761 Y129.239 E421.44927
G1 X100.691 Y129.309
G0 F7200 X100.88 Y129.12
G0 X100.91 Y127.73
G0 X100.76 Y127.73
G1 F3000 X102.27 Y129.24 E421.47605
G1 X102.34 Y129.31
G0 F7200 X102.34 Y129.09
G0 X100.91 Y112.268
G0 X100.761 Y112.268
G1 F3000 X102.269 Y110.76 E421.5028
G1 X102.339 Y110.69
G0 F7200 X102.339 Y110.91
G0 X119.12 Y129.12
G0 X119.4 Y129.4
;TYPE:WALL-INNER
G1 F3000 X119.4 Y110.6 E421.73856
G1 X100.6 Y110.6 E421.97432
G1 X100.6 Y129.4 E422.21007
G1 X119.4 Y129.4 E422.44583
G0 F7200 X119.8 Y129.8
;TYPE:WALL-OUTER
G1 F1500 X119.8 Y110.2 E422.69162
G1 X100.2 Y110.2 E422.93742
G1 X100.2 Y129.8 E423.18321
G1 X119.8 Y129.8 E423.429
G0 F7200 X119.8 Y129.6
G0 X119.12 Y129.12
G0 X119.02 Y124.903
;TYPE:SKIN
G1 F1500 X117.448 Y124.9 E423.44871
G1 X117.448 Y121.609 E423.48998
G1 X119.02 Y121.612 E423.5097
G1 X119.02 Y124.903 E423.55097
G0 F7200 X117.912 Y124.7
G1 F1500 X117.648 Y124.436 E423.55565
G0 F7200 X117.648 Y123.87
G1 F1500 X118.479 Y124.702 E423.57039
G0 F7200 X118.82 Y124.477
G1 F1500 X117.648 Y123.305 E423.59118
G0 F7200 X117.648 Y122.739
G1 F1500 X118.82 Y123.911 E423.61196
G0 F7200 X118.82 Y123.346
G1 F1500 X117.648 Y122.173 E423.63276
G0 F7200 X117.85 Y121.81
G1 F1500 X118.82 Y122.78 E423.64996
G0 F7200 X118.82 Y122.214
G1 F1500 X118.418 Y121.812 E423.65709
G0 F7200 X119.02 Y117.42
G1 F1500 X117.452 Y117.423 E423.67675
G1 X117.452 Y114.212 E423.71702
G1 X119.02 Y114.209 E423.73668
G1 X119.02 Y117.42 E423.77695
G0 F7200 X117.788 Y117.223
G1 F1500 X117.652 Y117.086 E423.77937
G0 F7200 X117.652 Y116.521
G1 F1500 X118.352 Y117.221 E423.79179
G0 F7200 X118.82 Y117.123
G1 F1500 X117.652 Y115.955 E423.8125
G0 F7200 X117.652 Y115.389
G1 F1500 X118.82 Y116.557 E423.83322
G0 F7200 X118.82 Y115.992
G1 F1500 X117.652 Y114.824 E423.85393
G0 F7200 X117.806 Y114.412
G1 F1500 X118.82 Y115.426 E423.87191
G0 F7200 X118.82 Y114.86
G1 F1500 X118.37 Y114.411 E423.87988
G0 F7200 X114.623 Y112.52
G1 F1500 X111.484 Y112.52 E423.91925
G1 X111.481 Y110.98 E423.93856
G1 X114.62 Y110.98 E423.97792
G1 X114.623 Y112.52 E423.99724
G0 F7200 X114.009 Y111.181
G1 F1500 X114.421 Y111.593 E424.00454
G0 F7200 X114.423 Y112.161
G1 F1500 X113.443 Y111.181 E424.02192
G0 F7200 X112.878 Y111.181
G1 F1500 X114.017 Y112.32 E424.04212
G0 F7200 X113.452 Y112.32
G1 F1500 X112.312 Y111.181 E424.06233
G0 F7200 X111.746 Y111.181
G1 F1500 X112.886 Y112.32 E424.08254
G0 F7200 X112.32 Y112.32
G1 F1500 X111.682 Y111.682 E424.09386
G0 F7200 X111.683 Y112.249
G1 F1500 X111.755 Y112.32 E424.09512
G0 F7200 X107.856 Y112.52
G1 F1500 X104.74 Y112.52 E424.1342
G1 X104.74 Y110.98 E424.15351
G1 X107.856 Y110.98 E424.19259
G1 X107.856 Y112.52 E424.2119
G0 F7200 X107.656 Y111.616
G1 F1500 X107.22 Y111.18 E424.21963
G0 F7200 X106.654 Y111.18
G1 F1500 X107.656 Y112.182 E424.2374
G0 F7200 X107.229 Y112.32
G1 F1500 X106.089 Y111.18 E424.25762
G0 F7200 X105.523 Y111.18
G1 F1500 X106.663 Y112.32 E424.27784
G0 F7200 X106.097 Y112.32
G1 F1500 X104.957 Y111.18 E424.29806
G0 F7200 X104.94 Y111.729
G1 F1500 X105.531 Y112.32 E424.30854
G1 X105.601 Y112.39
;MESH:NONMESH
G0 F600 X105.601 Y112.39 Z16.5
G0 F7200 X100.88 Y110.88
G0 X100.76 Y110.76
;TIME_ELAPSED:1054.920019
;LAYER:81
;TYPE:FILL
;MESH:xyzCalibration_cube.glb
G1 F3000 X119.24 Y129.24 E424.63628
G1 X119.31 Y129.31
G0 F7200 X119.12 Y129.12
G0 X117.73 Y129.09
G0 X117.73 Y129.24
G1 F3000 X119.24 Y127.73 E424.66305
G1 X119.31 Y127.66
G0 F7200 X119.09 Y127.66
G0 X117.311 Y124.002
G1 F3000 X112.073 Y129.24 E424.75595
G1 X112.003 Y129.31
G0 F7200 X112.003 Y129.09
G0 X113.583 Y129.09
G0 X113.583 Y129.24
G1 F3000 X100.76 Y116.417 E424.98336
G1 X100.69 Y116.347
G0 F7200 X100.91 Y116.347
G0 X100.91 Y117.925
G0 X100.761 Y117.925
G1 F3000 X106.024 Y112.662 E425.0767
G1 X106.094 Y112.592
G0 F7200 X107.883 Y112.226
G1 F3000 X117.311 Y121.654 E425.2439
G1 X117.381 Y121.724
G0 F7200 X119.09 Y117.926
G0 X119.24 Y117.926
G1 F3000 X118.76 Y117.446 E425.25242
G0 F7200 X118.209 Y117.447
G1 F3000 X106.416 Y129.24 E425.46156
G1 X106.346 Y129.31
G0 F7200 X106.346 Y129.09
G0 X107.926 Y129.09
G0 X107.926 Y129.24
G1 F3000 X100.76 Y122.074 E425.58865
G1 X100.69 Y122.004
G0 F7200 X100.91 Y122.004
G0 X100.91 Y123.582
G0 X100.761 Y123.582
G1 F3000 X111.68 Y112.662 E425.7823
G1 X111.75 Y112.592
G0 F7200 X113.976 Y112.662
G1 F3000 X117.314 Y116 E425.8415
G1 X117.384 Y116.07
G0 F7200 X119.09 Y112.269
G0 X119.24 Y112.269
G1 F3000 X117.731 Y110.76 E425.86826
G1 X117.661 Y110.69
G0 F7200 X117.661 Y110.91
G0 X119.12 Y110.88
G0 X119.239 Y110.76
G1 F3000 X100.761 Y129.239 E426.19598
G1 X100.691 Y129.309
G0 F7200 X100.88 Y129.12
G0 X100.91 Y127.73
G0 X100.76 Y127.73
G1 F3000 X102.27 Y129.24 E426.22276
G1 X102.34 Y129.31
G0 F7200 X102.34 Y129.09
G0 X100.91 Y112.268
G0 X100.761 Y112.268
G1 F3000 X102.269 Y110.76 E426.2495
G1 X102.339 Y110.69
G0 F7200 X102.339 Y110.91
G0 X119.12 Y129.12
G0 X119.4 Y129.4
;TYPE:WALL-INNER
G1 F3000 X119.4 Y110.6 E426.48526
G1 X100.6 Y110.6 E426.72102
G1 X100.6 Y129.4 E426.95678
G1 X119.4 Y129.4 E427.19254
G0 F7200 X119.8 Y129.8
;TYPE:WALL-OUTER
G1 F1500 X119.8 Y110.2 E427.43833
G1 X100.2 Y110.2 E427.68412
G1 X100.2 Y129.8 E427.92991
G1 X119.8 Y129.8 E428.1757
G0 F7200 X119.8 Y129.6
G0 X119.12 Y129.12
G0 X119.02 Y124.903
;TYPE:SKIN
G1 F1500 X117.448 Y124.9 E428.19541
G1 X117.448 Y121.721 E428.23528
G1 X119.02 Y121.724 E428.25499
G1 X119.02 Y124.903 E428.29486
G0 F7200 X118.542 Y124.703
G1 F1500 X118.82 Y124.425 E428.29979
G0 F7200 X118.82 Y123.859
G1 F1500 X117.977 Y124.702 E428.31474
G0 F7200 X117.648 Y124.465
G1 F1500 X118.82 Y123.293 E428.33553
G0 F7200 X118.82 Y122.728
G1 F1500 X117.648 Y123.899 E428.3563
G0 F7200 X117.648 Y123.334
G1 F1500 X118.82 Y122.162 E428.37709
G0 F7200 X118.493 Y121.923
G1 F1500 X117.648 Y122.768 E428.39207
G0 F7200 X117.648 Y122.202
G1 F1500 X117.929 Y121.921 E428.39706
G0 F7200 X119.02 Y117.304
G1 F1500 X117.452 Y117.307 E428.41672
G1 X117.452 Y114.212 E428.45553
G1 X119.02 Y114.209 E428.4752
G1 X119.02 Y117.304 E428.51401
G0 F7200 X118.819 Y116.506
G1 F1500 X118.219 Y117.106 E428.52465
G0 F7200 X117.652 Y117.107
G1 F1500 X118.819 Y115.94 E428.54535
G0 F7200 X118.819 Y115.374
G1 F1500 X117.652 Y116.542 E428.56605
G0 F7200 X117.652 Y115.976
G1 F1500 X118.819 Y114.809 E428.58675
G0 F7200 X118.653 Y114.409
G1 F1500 X117.652 Y115.41 E428.6045
G0 F7200 X117.652 Y114.845
G1 F1500 X118.086 Y114.411 E428.6122
G0 F7200 X114.623 Y112.52
G1 F1500 X111.608 Y112.52 E428.65001
G1 X111.608 Y110.98 E428.66932
G1 X114.62 Y110.98 E428.70709
G1 X114.623 Y112.52 E428.7264
G0 F7200 X114.421 Y111.853
G1 F1500 X113.954 Y112.32 E428.73468
G0 F7200 X113.388 Y112.32
G1 F1500 X114.42 Y111.289 E428.75298
G0 F7200 X113.963 Y111.18
G1 F1500 X112.822 Y112.32 E428.7732
G0 F7200 X112.257 Y112.32
G1 F1500 X113.397 Y111.18 E428.79342
G0 F7200 X112.832 Y111.18
G1 F1500 X111.808 Y112.204 E428.81158
G0 F7200 X111.808 Y111.638
G1 F1500 X112.266 Y111.18 E428.8197
G0 F7200 X107.74 Y112.519
G1 F1500 X104.74 Y112.52 E428.85733
G1 X104.74 Y110.98 E428.87664
G1 X107.743 Y110.981 E428.9143
G1 X107.74 Y112.519 E428.93358
G0 F7200 X107.54 Y111.946
G1 F1500 X107.166 Y112.32 E428.94022
G0 F7200 X106.601 Y112.32
G1 F1500 X107.542 Y111.379 E428.9569
G0 F7200 X107.174 Y111.181
G1 F1500 X106.035 Y112.32 E428.9771
G0 F7200 X105.469 Y112.32
G1 F1500 X106.608 Y111.181 E428.9973
G0 F7200 X106.043 Y111.18
G1 F1500 X104.94 Y112.283 E429.01687
G0 F7200 X104.94 Y111.717
G1 F1500 X105.478 Y111.18 E429.0264
G0 F7200 X105.478 Y111.21
;MESH:NONMESH
G0 F600 X105.478 Y111.21 Z16.7
G0 F7200 X100.88 Y110.88
G0 X100.76 Y110.76
;TIME_ELAPSED:1067.549107
;LAYER:82
;TYPE:FILL
;MESH:xyzCalibration_cube.glb
G1 F3000 X119.24 Y129.24 E429.35414
G1 X119.31 Y129.31
G0 F7200 X119.12 Y129.12
G0 X117.73 Y129.09
G0 X117.73 Y129.24
G1 F3000 X119.24 Y127.73 E429.38092
G1 X119.31 Y127.66
G0 F7200 X119.09 Y127.66
G0 X117.31 Y124.002
G1 F3000 X112.073 Y129.24 E429.4738
G1 X112.003 Y129.31
G0 F7200 X112.003 Y129.09
G0 X113.583 Y129.09
G0 X113.583 Y129.24
G1 F3000 X100.76 Y116.417 E429.70121
G1 X100.69 Y116.347
G0 F7200 X100.91 Y116.347
G0 X100.91 Y117.925
G0 X100.761 Y117.925
G1 F3000 X106.024 Y112.662 E429.79455
G1 X106.094 Y112.592
G0 F7200 X107.771 Y112.114
G1 F3000 X117.35 Y121.693 E429.96443
G1 X117.42 Y121.763
G0 F7200 X119.09 Y117.926
G0 X119.24 Y117.926
G1 F3000 X118.644 Y117.33 E429.975
G0 F7200 X118.327 Y117.33
G1 F3000 X106.416 Y129.24 E430.18623
G1 X106.346 Y129.31
G0 F7200 X106.346 Y129.09
G0 X107.926 Y129.09
G0 X107.926 Y129.24
G1 F3000 X100.76 Y122.074 E430.31332
G1 X100.69 Y122.004
G0 F7200 X100.91 Y122.004
G0 X100.91 Y123.582
G0 X100.761 Y123.582
G1 F3000 X111.68 Y112.662 E430.50698
G1 X111.75 Y112.592
G0 F7200 X113.976 Y112.662
G1 F3000 X117.314 Y116 E430.56617
G1 X117.384 Y116.07
G0 F7200 X119.09 Y112.269
G0 X119.24 Y112.269
G1 F3000 X117.731 Y110.76 E430.59294
G1 X117.661 Y110.69
G0 F7200 X117.661 Y110.91
G0 X119.12 Y110.88
G0 X119.239 Y110.76
G1 F3000 X100.761 Y129.239 E430.92065
G1 X100.691 Y129.309
G0 F7200 X100.88 Y129.12
G0 X100.91 Y127.73
G0 X100.76 Y127.73
G1 F3000 X102.27 Y129.24 E430.94743
G1 X102.34 Y129.31
G0 F7200 X102.34 Y129.09
G0 X100.91 Y112.268
G0 X100.761 Y112.268
G1 F3000 X102.269 Y110.76 E430.97417
G1 X102.339 Y110.69
G0 F7200 X102.339 Y110.91
G0 X107.773 Y110.913
G1 F3000 X107.926 Y110.76 E430.97689
G0 F7200 X107.926 Y110.91
G0 X119.12 Y129.12
G0 X119.4 Y129.4
;TYPE:WALL-INNER
G1 F3000 X119.4 Y110.6 E431.21264
G1 X100.6 Y110.6 E431.4484
G1 X100.6 Y129.4 E431.68416
G1 X119.4 Y129.4 E431.91992
G0 F7200 X119.8 Y129.8
;TYPE:WALL-OUTER
G1 F1500 X119.8 Y110.2 E432.16571
G1 X100.2 Y110.2 E432.4115
G1 X100.2 Y129.8 E432.6573
G1 X119.8 Y129.8 E432.90309
G0 F7200 X119.8 Y129.6
G0 X119.12 Y129.12
G0 X119.02 Y124.903
;TYPE:SKIN
G1 F1500 X117.448 Y124.9 E432.9228
G1 X117.448 Y121.832 E432.96127
G1 X119.02 Y121.832 E432.98099
G1 X119.02 Y124.903 E433.0195
G0 F7200 X117.912 Y124.7
G1 F1500 X117.648 Y124.436 E433.02418
G0 F7200 X117.648 Y123.87
G1 F1500 X118.479 Y124.702 E433.03893
G0 F7200 X118.82 Y124.477
G1 F1500 X117.648 Y123.305 E433.05971
G0 F7200 X117.648 Y122.739
G1 F1500 X118.82 Y123.911 E433.0805
G0 F7200 X118.82 Y123.346
G1 F1500 X117.648 Y122.173 E433.10129
G0 F7200 X118.072 Y122.032
G1 F1500 X118.82 Y122.78 E433.11456
G0 F7200 X118.82 Y122.214
G1 F1500 X118.638 Y122.032 E433.11778
G0 F7200 X119.02 Y117.188
G1 F1500 X117.452 Y117.188 E433.13745
G1 X117.452 Y114.212 E433.17477
G1 X119.02 Y114.209 E433.19443
G1 X119.02 Y117.188 E433.23179
G0 F7200 X118.119 Y116.988
G1 F1500 X117.652 Y116.521 E433.24007
G0 F7200 X117.652 Y115.955
G1 F1500 X118.685 Y116.988 E433.25839
G0 F7200 X118.82 Y116.557
G1 F1500 X117.652 Y115.389 E433.27911
G0 F7200 X117.652 Y114.824
G1 F1500 X118.82 Y115.992 E433.29982
G0 F7200 X118.82 Y115.426
G1 F1500 X117.806 Y114.412 E433.3178
G0 F7200 X118.37 Y114.411
G1 F1500 X118.82 Y114.86 E433.32577
G0 F7200 X114.623 Y112.52
G1 F1500 X111.736 Y112.52 E433.36198
G1 X111.733 Y110.98 E433.38129
G1 X114.62 Y110.98 E433.41749
G1 X114.623 Y112.52 E433.43681
G0 F7200 X114.009 Y111.181
G1 F1500 X114.421 Y111.593 E433.44411
G0 F7200 X114.423 Y112.161
G1 F1500 X113.443 Y111.181 E433.46149
G0 F7200 X112.878 Y111.181
G1 F1500 X114.017 Y112.32 E433.48169
G0 F7200 X113.452 Y112.32
G1 F1500 X112.312 Y111.181 E433.5019
G0 F7200 X111.933 Y111.367
G1 F1500 X112.886 Y112.32 E433.5188
G0 F7200 X112.32 Y112.32
G1 F1500 X111.934 Y111.934 E433.52565
G0 F7200 X107.628 Y112.519
G1 F1500 X104.74 Y112.52 E433.56187
G1 X104.74 Y110.98 E433.58118
G1 X107.631 Y110.981 E433.61743
G1 X107.628 Y112.519 E433.63672
G0 F7200 X107.43 Y111.39
G1 F1500 X107.221 Y111.181 E433.64043
G0 F7200 X106.655 Y111.181
G1 F1500 X107.429 Y111.955 E433.65415
G0 F7200 X107.228 Y112.319
G1 F1500 X106.089 Y111.181 E433.67434
G0 F7200 X105.524 Y111.181
G1 F1500 X106.662 Y112.319 E433.69453
G0 F7200 X106.096 Y112.319
G1 F1500 X104.958 Y111.181 E433.71471
G0 F7200 X104.94 Y111.729
G1 F1500 X105.531 Y112.319 E433.72518
G1 X105.601 Y112.389
;MESH:NONMESH
G0 F600 X105.601 Y112.389 Z16.9
G0 F7200 X100.88 Y110.88
G0 X100.76 Y110.76
;TIME_ELAPSED:1080.186887
;LAYER:83
;TYPE:FILL
;MESH:xyzCalibration_cube.glb
G1 F3000 X119.24 Y129.24 E434.05292
G1 X119.31 Y129.31
G0 F7200 X119.12 Y129.12
G0 X117.73 Y129.09
G0 X117.73 Y129.24
G1 F3000 X119.24 Y127.73 E434.0797
G1 X119.31 Y127.66
G0 F7200 X119.09 Y127.66
G0 X117.311 Y124.002
G1 F3000 X112.073 Y129.24 E434.17259
G1 X112.003 Y129.31
G0 F7200 X112.003 Y129.09
G0 X113.583 Y129.09
G0 X113.583 Y129.24
G1 F3000 X100.76 Y116.417 E434.40001
G1 X100.69 Y116.347
G0 F7200 X100.91 Y116.347
G0 X100.91 Y117.925
G0 X100.761 Y117.925
G1 F3000 X107.926 Y110.76 E434.52708
G1 X107.996 Y110.69
G0 F7200 X107.996 Y110.91
G0 X106.417 Y110.91
G0 X106.417 Y110.76
G1 F3000 X117.461 Y121.804 E434.72294
G1 X117.531 Y121.874
G0 F7200 X119.09 Y117.926
G0 X119.24 Y117.926
G1 F3000 X112.074 Y110.76 E434.85003
G1 X112.004 Y110.69
G0 F7200 X112.004 Y110.91
G0 X113.583 Y110.91
G0 X113.583 Y110.76
G1 F3000 X100.761 Y123.582 E435.07742
G1 X100.691 Y123.652
G0 F7200 X100.91 Y123.652
G0 X100.91 Y122.074
G0 X100.76 Y122.074
G1 F3000 X107.926 Y129.24 E435.20451
G1 X107.996 Y129.31
G0 F7200 X107.996 Y129.09
G0 X106.416 Y129.09
G0 X106.416 Y129.24
G1 F3000 X119.24 Y116.416 E435.43194
G1 X119.31 Y116.346
G0 F7200 X119.09 Y116.346
G0 X119.09 Y112.269
G0 X119.24 Y112.269
G1 F3000 X117.731 Y110.76 E435.4587
G1 X117.661 Y110.69
G0 F7200 X117.661 Y110.91
G0 X119.12 Y110.88
G0 X119.239 Y110.76
G1 F3000 X100.761 Y129.239 E435.78641
G1 X100.691 Y129.309
G0 F7200 X100.88 Y129.12
G0 X100.91 Y127.73
G0 X100.76 Y127.73
G1 F3000 X102.27 Y129.24 E435.81319
G1 X102.34 Y129.31
G0 F7200 X102.34 Y129.09
G0 X100.91 Y112.268
G0 X100.761 Y112.268
G1 F3000 X102.269 Y110.76 E435.83994
G1 X102.339 Y110.69
G0 F7200 X102.339 Y110.91
G0 X119.12 Y129.12
G0 X119.4 Y129.4
;TYPE:WALL-INNER
G1 F3000 X119.4 Y110.6 E436.07569
G1 X100.6 Y110.6 E436.31145
G1 X100.6 Y129.4 E436.54721
G1 X119.4 Y129.4 E436.78297
G0 F7200 X119.8 Y129.8
;TYPE:WALL-OUTER
G1 F1500 X119.8 Y110.2 E437.02876
G1 X100.2 Y110.2 E437.27455
G1 X100.2 Y129.8 E437.52035
G1 X119.8 Y129.8 E437.76614
G0 F7200 X119.8 Y129.6
G0 X119.12 Y129.12
G0 X119.02 Y124.903
;TYPE:SKIN
G1 F1500 X117.449 Y124.9 E437.78584
G1 X117.452 Y121.944 E437.82291
G1 X119.02 Y121.944 E437.84257
G1 X119.02 Y124.903 E437.87968
G0 F7200 X118.542 Y124.703
G1 F1500 X118.82 Y124.425 E437.88461
G0 F7200 X118.82 Y123.859
G1 F1500 X117.977 Y124.702 E437.89956
G0 F7200 X117.65 Y124.464
G1 F1500 X118.82 Y123.293 E437.92032
G0 F7200 X118.82 Y122.728
G1 F1500 X117.651 Y123.897 E437.94105
G0 F7200 X117.651 Y123.331
G1 F1500 X118.82 Y122.162 E437.96178
G0 F7200 X118.273 Y122.144
G1 F1500 X117.652 Y122.764 E437.97278
G1 X117.582 Y122.834
;MESH:NONMESH
G0 F600 X117.582 Y122.834 Z17.1
G0 F7200 X100.88 Y110.88
G0 X100.76 Y110.76
;TIME_ELAPSED:1090.592670
;LAYER:84
;TYPE:FILL
;MESH:xyzCalibration_cube.glb
G1 F3000 X107.922 Y117.923 E438.09981
G1 X109.327 Y120.672 E438.13853
G1 X110.628 Y119.373 E438.16158
G1 X111.93 Y121.928 E438.19754
G1 X112.995 Y122.996 E438.21646
G1 X114.484 Y126.829 E438.26802
G1 X119.24 Y122.073 E438.35237
G1 X119.31 Y122.003
G0 F7200 X119.09 Y122.003
G0 X119.09 Y123.583
G0 X119.24 Y123.583
G1 F3000 X111.258 Y115.6 E438.49394
G0 F7200 X111.013 Y115.356
G1 F3000 X111.258 Y115.6 E438.49827
G1 X114.398 Y115.6 E438.53765
G1 X114.798 Y115.2 E438.54474
G0 F7200 X114.398 Y115.6
G1 F3000 X112.24 Y117.759 E438.58302
G1 X111.013 Y115.356 E438.61686
G1 X110.858 Y115.2 E438.61962
G0 F7200 X110.458 Y114.8
G1 F3000 X110.858 Y115.2 E438.62671
G1 X114.798 Y115.2 E438.67612
G1 X115.198 Y114.8 E438.68321
G1 X110.458 Y114.8 E438.74266
G1 X109.464 Y113.807 E438.76027
G1 X109.394 Y113.737
G0 F7200 X109.733 Y114.611
G1 F3000 X110.345 Y114 E438.77112
G1 X115.313 Y114 E438.83342
G1 X119.24 Y117.926 E438.90306
G1 X119.31 Y117.996
G0 F7200 X119.09 Y117.996
G0 X119.09 Y116.416
G0 X119.24 Y116.416
G1 F3000 X112.592 Y123.064 E439.02096
G0 F7200 X112.995 Y122.996
G1 F3000 X119.24 Y129.24 E439.1317
G1 X119.31 Y129.31
G0 F7200 X119.12 Y129.12
G0 X117.73 Y129.09
G0 X117.73 Y129.24
G1 F3000 X119.24 Y127.73 E439.15848
G1 X119.31 Y127.66
G0 F7200 X119.09 Y127.66
G0 X114.484 Y126.829
G1 F3000 X114.175 Y127.138 E439.16396
G1 X112.592 Y123.064 E439.21877
G1 X111.975 Y123.683 E439.22973
G0 F7200 X111.665 Y123.992
G1 F3000 X111.975 Y123.683 E439.23522
G1 X113.556 Y127.756 E439.29001
G1 X114.175 Y127.138 E439.30098
G1 X114.245 Y127.068
G0 F7200 X113.556 Y127.756
G1 F3000 X113.247 Y128.064 E439.30645
G1 X111.665 Y123.992 E439.36123
G1 X111.356 Y124.301 E439.36671
G0 F7200 X111.178 Y124.479
G1 F3000 X110.881 Y124.776 E439.37198
G1 X108.968 Y121.032 E439.42471
G1 X108.671 Y121.328 E439.42996
G0 F7200 X108.968 Y121.032
G1 F3000 X109.265 Y120.734 E439.43524
G1 X111.178 Y124.479 E439.48798
G1 X111.356 Y124.301 E439.49113
G1 X112.938 Y128.374 E439.54593
G1 X113.247 Y128.064 E439.55142
G0 F7200 X112.938 Y128.374
G1 F3000 X112.073 Y129.24 E439.56677
G1 X112.003 Y129.31
G0 F7200 X112.003 Y129.09
G0 X113.583 Y129.09
G0 X113.583 Y129.24
G1 F3000 X111.675 Y127.331 E439.60061
G1 X110.738 Y124.919 E439.63306
G1 X110.583 Y125.073 E439.6358
G1 X108.671 Y121.328 E439.68853
G1 X108.374 Y121.626 E439.69381
G1 X108.304 Y121.696
G0 F7200 X109.265 Y120.734
G1 F3000 X109.327 Y120.672 E439.69491
G0 F7200 X110.628 Y119.373
G1 F3000 X110.753 Y119.246 E439.69714
G0 F7200 X111.348 Y118.651
G1 F3000 X110.753 Y119.246 E439.70769
G1 X108.842 Y115.503 E439.7604
G1 X108.781 Y115.562 E439.76146
G1 X107.083 Y111.605 E439.81546
G1 X106.778 Y111.91 E439.82087
G0 F7200 X107.083 Y111.605
G1 F3000 X107.926 Y110.76 E439.83584
G1 X107.996 Y110.69
G0 F7200 X107.996 Y110.91
G0 X107.712 Y112.056
G1 F3000 X109.464 Y113.807 E439.8669
G1 X110.537 Y113.805 E439.88036
G1 X110.745 Y113.6 E439.88402
G1 X114.913 Y113.6 E439.93629
G1 X115.313 Y114 E439.94338
G0 F7200 X114.913 Y113.6
G1 F3000 X112.074 Y110.76 E439.99374
G1 X112.004 Y110.69
G0 F7200 X112.004 Y110.91
G0 X113.583 Y110.91
G0 X113.583 Y110.76
G1 F3000 X110.745 Y113.6 E440.04409
G0 F7200 X110.537 Y113.805
G1 F3000 X110.345 Y114 E440.04752
G0 F7200 X109.436 Y114.908
G1 F3000 X109.733 Y114.611 E440.05279
G1 X111.645 Y118.354 E440.10549
G1 X112.24 Y117.759 E440.11605
G1 X112.31 Y117.689
G0 F7200 X111.645 Y118.354
G1 F3000 X111.348 Y118.651 E440.12131
G1 X109.436 Y114.908 E440.17402
G1 X109.085 Y115.257 E440.18023
G1 X107.712 Y112.056 E440.22391
G1 X106.417 Y110.76 E440.24688
G1 X106.347 Y110.69
G0 F7200 X106.347 Y110.91
G0 X106.169 Y112.518
G1 F3000 X106.778 Y111.91 E440.25767
G1 X108.476 Y115.867 E440.31167
G1 X108.781 Y115.562 E440.31708
G1 X108.842 Y115.503
G1 X109.085 Y115.257 E440.32142
G0 F7200 X108.476 Y115.867
G1 F3000 X107.867 Y116.476 E440.33222
G1 X106.169 Y112.518 E440.38623
G1 X105.864 Y112.823 E440.39164
G0 F7200 X105.559 Y113.127
G1 F3000 X105.864 Y112.823 E440.39704
G1 X107.562 Y116.78 E440.45103
G1 X107.867 Y116.476 E440.45643
G0 F7200 X107.562 Y116.78
G1 F3000 X107.258 Y117.085 E440.46183
G1 X105.559 Y113.127 E440.51585
G1 X100.761 Y117.925 E440.60094
G1 X100.691 Y117.995
G0 F7200 X100.91 Y117.995
G0 X100.91 Y116.417
G0 X100.76 Y116.417
G1 F3000 X108.742 Y124.4 E440.74251
G0 F7200 X109.142 Y124.8
G1 F3000 X108.742 Y124.4 E440.7496
G1 X105.601 Y124.4 E440.78899
G1 X105.201 Y124.8 E440.79609
G0 F7200 X104.801 Y125.2
G1 F3000 X105.201 Y124.8 E440.80318
G1 X109.142 Y124.8 E440.8526
G1 X109.542 Y125.2 E440.85969
G0 F7200 X109.942 Y125.6
G1 F3000 X109.542 Y125.2 E440.86679
G1 X104.801 Y125.2 E440.92624
G1 X104.401 Y125.6 E440.93334
G1 X104.331 Y125.67
G0 F7200 X105.087 Y126.4
G1 F3000 X105.487 Y126.8 E440.94043
G1 X108.855 Y126.8 E440.98267
G1 X109.258 Y126.4 E440.98979
G1 X110.742 Y126.4 E441.0084
G1 X111.675 Y127.331 E441.02493
G1 X111.745 Y127.401
G0 F7200 X110.742 Y126.4
G1 F3000 X109.942 Y125.6 E441.03911
G1 X104.401 Y125.6 E441.1086
G1 X100.761 Y129.239 E441.17315
G1 X100.691 Y129.309
G0 F7200 X100.88 Y129.12
G0 X100.91 Y127.73
G0 X100.76 Y127.73
G1 F3000 X102.27 Y129.24 E441.19992
G1 X102.34 Y129.31
G0 F7200 X102.34 Y129.09
G0 X105.487 Y126.8
G1 F3000 X107.926 Y129.24 E441.24319
G1 X107.996 Y129.31
G0 F7200 X107.996 Y129.09
G0 X106.416 Y129.09
G0 X106.416 Y129.24
G1 F3000 X108.855 Y126.8 E441.28645
G0 F7200 X109.255 Y126.4
G0 X110.286 Y125.371
G1 F3000 X109.255 Y126.4 E441.30472
G1 X105.087 Y126.4 E441.35699
G1 X100.76 Y122.074 E441.43372
G1 X100.69 Y122.004
G0 F7200 X100.91 Y122.004
G0 X100.91 Y123.582
G0 X100.761 Y123.582
G1 F3000 X107.258 Y117.085 E441.54894
G1 X107.328 Y117.015
G0 F7200 X107.922 Y117.923
G1 F3000 X111.93 Y121.928 E441.61999
G1 X112 Y121.998
G0 F7200 X110.881 Y124.776
G1 F3000 X110.738 Y124.919 E441.62253
G0 F7200 X110.583 Y125.073
G1 F3000 X110.286 Y125.371 E441.62781
G1 X108.374 Y121.626 E441.68054
G1 X105.601 Y124.4 E441.72972
G1 X105.531 Y124.47
G0 F7200 X100.91 Y112.268
G0 X100.761 Y112.268
G1 F3000 X102.269 Y110.76 E441.75647
G1 X102.339 Y110.69
G0 F7200 X102.339 Y110.91
G0 X115.198 Y114.8
G1 F3000 X119.239 Y110.76 E441.82813
G1 X119.309 Y110.69
G0 F7200 X119.12 Y110.88
G0 X117.731 Y110.91
G0 X117.731 Y110.76
G1 F3000 X119.24 Y112.269 E441.85489
G1 X119.31 Y112.339
G0 F7200 X119.09 Y112.339
G0 X119.12 Y129.12
G0 X119.4 Y129.4
;TYPE:WALL-INNER
G1 F3000 X119.4 Y110.6 E442.09065
G1 X100.6 Y110.6 E442.32641
G1 X100.6 Y129.4 E442.56216
G1 X119.4 Y129.4 E442.79792
G0 F7200 X119.8 Y129.8
;TYPE:WALL-OUTER
G1 F1500 X119.8 Y110.2 E443.04371
G1 X100.2 Y110.2 E443.28951
G1 X100.2 Y129.8 E443.5353
G1 X119.8 Y129.8 E443.78109
G0 F7200 X119.8 Y129.6
G0 X118.79 Y128.908
;MESH:NONMESH
G0 F600 X118.79 Y128.908 Z17.3
G0 F7200 X100.88 Y110.88
G0 X100.76 Y110.76
;TIME_ELAPSED:1104.284022
;LAYER:85
;TYPE:FILL
;MESH:xyzCalibration_cube.glb
G1 F3000 X106.553 Y116.552 E443.88382
G1 X106.623 Y116.622
G0 F7200 X106.97 Y117.373
G1 F3000 X100.761 Y123.582 E443.99393
G1 X100.691 Y123.652
G0 F7200 X100.91 Y123.652
G0 X100.91 Y122.074
G0 X100.76 Y122.074
G1 F3000 X105.649 Y126.962 E444.08063
G1 X105.765 Y127.078
G1 X107.926 Y129.24 E444.11896
G1 X107.996 Y129.31
G0 F7200 X107.996 Y129.09
G0 X106.416 Y129.09
G0 X106.416 Y129.24
G1 F3000 X108.578 Y127.078 E444.1573
G1 X108.648 Y127.008
G0 F7200 X111.422 Y127.078
G1 F3000 X113.583 Y129.24 E444.19564
G1 X113.653 Y129.31
G0 F7200 X113.653 Y129.09
G0 X112.073 Y129.09
G0 X112.073 Y129.24
G1 F3000 X114.235 Y127.078 E444.23398
G0 F7200 X114.688 Y126.624
G1 F3000 X119.24 Y122.073 E444.3147
G1 X119.31 Y122.003
G0 F7200 X119.09 Y122.003
G0 X119.09 Y123.583
G0 X119.24 Y123.583
G1 F3000 X111.937 Y116.28 E444.44422
G1 X111.867 Y116.21
G0 F7200 X113.719 Y116.28
G1 F3000 X111.166 Y118.833 E444.48949
G1 X111.096 Y118.903
G0 F7200 X108.88 Y121.119
G1 F3000 X105.954 Y124.045 E444.54139
G0 F7200 X105.645 Y124.355
G1 F3000 X100.761 Y129.239 E444.628
G1 X100.691 Y129.309
G0 F7200 X100.88 Y129.12
G0 X100.91 Y127.73
G0 X100.76 Y127.73
G1 F3000 X102.27 Y129.24 E444.65478
G1 X102.34 Y129.31
G0 F7200 X102.34 Y129.09
G0 X108.388 Y124.045
G1 F3000 X100.76 Y116.417 E444.79006
G1 X100.69 Y116.347
G0 F7200 X100.91 Y116.347
G0 X100.91 Y117.925
G0 X100.761 Y117.925
G1 F3000 X107.926 Y110.76 E444.91713
G1 X107.996 Y110.69
G0 F7200 X107.996 Y110.91
G0 X106.417 Y110.91
G0 X106.417 Y110.76
G1 F3000 X108.904 Y113.247 E444.96124
G1 X108.974 Y113.317
G0 F7200 X111.095 Y113.247
G1 F3000 X113.583 Y110.76 E445.00535
G1 X113.653 Y110.69
G0 F7200 X113.653 Y110.91
G0 X112.074 Y110.91
G0 X112.074 Y110.76
G1 F3000 X114.56 Y113.247 E445.04945
G0 F7200 X114.872 Y113.558
G1 F3000 X119.24 Y117.926 E445.12692
G1 X119.31 Y117.996
G0 F7200 X119.09 Y117.996
G0 X119.09 Y116.416
G0 X119.24 Y116.416
G1 F3000 X113.081 Y122.575 E445.23615
G1 X113.011 Y122.645
G0 F7200 X113.609 Y123.609
G1 F3000 X119.24 Y129.24 E445.33601
G1 X119.31 Y129.31
G0 F7200 X119.12 Y129.12
G0 X117.73 Y129.09
G0 X117.73 Y129.24
G1 F3000 X119.24 Y127.73 E445.36279
G1 X119.31 Y127.66
G0 F7200 X119.09 Y127.66
G0 X114.872 Y115.128
G1 F3000 X119.239 Y110.76 E445.44025
G1 X119.309 Y110.69
G0 F7200 X119.12 Y110.88
G0 X117.731 Y110.91
G0 X117.731 Y110.76
G1 F3000 X119.24 Y112.269 E445.46701
G1 X119.31 Y112.339
G0 F7200 X119.09 Y112.339
G0 X102.269 Y110.91
G0 X102.269 Y110.76
G1 F3000 X100.761 Y112.268 E445.49375
G1 X100.691 Y112.338
G0 F7200 X100.91 Y112.338
G0 X119.12 Y129.12
G0 X119.4 Y129.4
;TYPE:WALL-INNER
G1 F3000 X119.4 Y110.6 E445.72951
G1 X100.6 Y110.6 E445.96527
G1 X100.6 Y129.4 E446.20103
G1 X119.4 Y129.4 E446.43679
G0 F7200 X119.8 Y129.8
;TYPE:WALL-OUTER
G1 F1500 X119.8 Y110.2 E446.68258
G1 X100.2 Y110.2 E446.92837
G1 X100.2 Y129.8 E447.17416
G1 X119.8 Y129.8 E447.41995
G0 F7200 X119.8 Y129.6
G0 X119.12 Y129.12
G0 X110.445 Y124.087
;TYPE:SKIN
G1 F1500 X110.451 Y123.893 E447.42239
G1 X105.7 Y114.579 E447.55351
G1 X105.7 Y113.388 E447.56844
G1 X114.732 Y113.384 E447.68171
G1 X114.732 Y116.14 E447.71627
G1 X109.921 Y116.143 E447.7766
G1 X109.784 Y116.237 E447.77868
G1 X109.777 Y116.432 E447.78113
G1 X114.544 Y125.745 E447.91233
G1 X114.547 Y126.936 E447.92726
G1 X105.788 Y126.936 E448.03711
G1 X105.785 Y124.184 E448.07162
G1 X110.307 Y124.181 E448.12832
G1 X110.445 Y124.087 E448.13042
G0 F7200 X114.346 Y126.636
G1 F1500 X114.246 Y126.736 E448.13219
G0 F7200 X113.68 Y126.736
G1 F1500 X114.344 Y126.072 E448.14397
G0 F7200 X114.247 Y125.604
G1 F1500 X113.114 Y126.736 E448.16405
G0 F7200 X112.549 Y126.736
G1 F1500 X114.055 Y125.23 E448.19076
G0 F7200 X113.863 Y124.856
G1 F1500 X111.983 Y126.736 E448.2241
G0 F7200 X111.417 Y126.736
G1 F1500 X113.672 Y124.482 E448.26409
G0 F7200 X113.481 Y124.107
G1 F1500 X110.852 Y126.736 E448.31071
G0 F7200 X110.286 Y126.736
G1 F1500 X113.289 Y123.733 E448.36397
G0 F7200 X113.097 Y123.359
G1 F1500 X109.72 Y126.736 E448.42386
G0 F7200 X109.155 Y126.736
G1 F1500 X112.906 Y122.985 E448.49038
G0 F7200 X112.714 Y122.611
G1 F1500 X108.589 Y126.736 E448.56354
G0 F7200 X108.023 Y126.736
G1 F1500 X110.406 Y124.353 E448.6058
G0 F7200 X110.638 Y124.121
G1 F1500 X112.523 Y122.237 E448.63922
G0 F7200 X112.332 Y121.862
G1 F1500 X110.549 Y123.645 E448.67084
G0 F7200 X110.358 Y123.27
G1 F1500 X112.14 Y121.488 E448.70244
G0 F7200 X111.948 Y121.114
G1 F1500 X110.167 Y122.895 E448.73403
G0 F7200 X109.976 Y122.521
G1 F1500 X111.757 Y120.74 E448.76562
G0 F7200 X111.565 Y120.366
G1 F1500 X109.785 Y122.146 E448.79718
G0 F7200 X109.594 Y121.772
G1 F1500 X111.374 Y119.992 E448.82875
G0 F7200 X111.182 Y119.618
G1 F1500 X109.403 Y121.397 E448.8603
G0 F7200 X109.211 Y121.023
G1 F1500 X110.991 Y119.243 E448.89187
G0 F7200 X110.799 Y118.869
G1 F1500 X109.02 Y120.648 E448.92342
G0 F7200 X108.829 Y120.273
G1 F1500 X110.608 Y118.495 E448.95496
G0 F7200 X110.416 Y118.121
G1 F1500 X108.638 Y119.898 E448.98648
G0 F7200 X108.448 Y119.524
G1 F1500 X110.225 Y117.747 E449.018
G0 F7200 X110.033 Y117.373
G1 F1500 X108.256 Y119.15 E449.04951
G0 F7200 X108.065 Y118.775
G1 F1500 X109.841 Y116.999 E449.08101
G0 F7200 X109.65 Y116.624
G1 F1500 X107.874 Y118.4 E449.11251
G0 F7200 X107.683 Y118.025
G1 F1500 X112.124 Y113.585 E449.19126
G0 F7200 X112.689 Y113.585
G1 F1500 X110.328 Y115.946 E449.23313
G0 F7200 X110.895 Y115.945
G1 F1500 X113.256 Y113.584 E449.275
G0 F7200 X113.822 Y113.584
G1 F1500 X111.461 Y115.944 E449.31686
G0 F7200 X112.028 Y115.944
G1 F1500 X114.387 Y113.584 E449.35871
G0 F7200 X114.531 Y114.005
G1 F1500 X112.594 Y115.943 E449.39307
G0 F7200 X113.16 Y115.942
G1 F1500 X114.531 Y114.571 E449.41739
G0 F7200 X114.531 Y115.137
G1 F1500 X113.727 Y115.941 E449.43164
G0 F7200 X114.293 Y115.941
G1 F1500 X114.531 Y115.702 E449.43587
G0 F7200 X111.558 Y113.585
G1 F1500 X107.492 Y117.651 E449.50798
G0 F7200 X107.301 Y117.276
G1 F1500 X110.992 Y113.585 E449.57344
G0 F7200 X110.426 Y113.585
G1 F1500 X107.11 Y116.902 E449.63226
G0 F7200 X106.919 Y116.527
G1 F1500 X109.86 Y113.585 E449.68443
G0 F7200 X109.294 Y113.586
G1 F1500 X106.728 Y116.152 E449.72993
G0 F7200 X106.536 Y115.778
G1 F1500 X108.728 Y113.586 E449.76881
G0 F7200 X108.163 Y113.586
G1 F1500 X106.345 Y115.403 E449.80104
G0 F7200 X106.154 Y115.029
G1 F1500 X107.596 Y113.587 E449.82662
G0 F7200 X107.031 Y113.587
G1 F1500 X105.963 Y114.654 E449.84555
G0 F7200 X105.9 Y114.152
G1 F1500 X106.465 Y113.587 E449.85557
G0 F7200 X106.417 Y124.383
G1 F1500 X105.985 Y124.814 E449.86322
G0 F7200 X105.987 Y125.379
G1 F1500 X106.983 Y124.382 E449.88089
G0 F7200 X107.55 Y124.381
G1 F1500 X105.988 Y125.943 E449.90859
G0 F7200 X105.988 Y126.508
G1 F1500 X108.116 Y124.381 E449.94632
G0 F7200 X108.682 Y124.38
G1 F1500 X106.326 Y126.736 E449.98811
G0 F7200 X106.892 Y126.736
G1 F1500 X109.249 Y124.379 E450.02991
G0 F7200 X109.816 Y124.378
G1 F1500 X107.458 Y126.736 E450.07173
G1 X107.388 Y126.806
;MESH:NONMESH
G0 F600 X107.388 Y126.806 Z17.5
G0 F7200 X100.88 Y110.88
G0 X100.76 Y110.76
;TIME_ELAPSED:1123.425027
;LAYER:86
;TYPE:FILL
;MESH:xyzCalibration_cube.glb
G1 F3000 X106.554 Y116.554 E450.17448
G1 X106.624 Y116.624
G0 F7200 X106.97 Y117.372
G1 F3000 X100.761 Y123.582 E450.28461
G1 X100.691 Y123.652
G0 F7200 X100.91 Y123.652
G0 X100.91 Y122.074
G0 X100.76 Y122.074
G1 F3000 X105.646 Y126.96 E450.37126
G1 X105.765 Y127.078
G1 X107.926 Y129.24 E450.40959
G1 X107.996 Y129.31
G0 F7200 X107.996 Y129.09
G0 X106.416 Y129.09
G0 X106.416 Y129.24
G1 F3000 X108.578 Y127.078 E450.44793
G1 X108.648 Y127.008
G0 F7200 X111.422 Y127.078
G1 F3000 X113.583 Y129.24 E450.48627
G1 X113.653 Y129.31
G0 F7200 X113.653 Y129.09
G0 X112.073 Y129.09
G0 X112.073 Y129.24
G1 F3000 X114.235 Y127.078 E450.52461
G0 F7200 X114.687 Y126.626
G1 F3000 X119.24 Y122.073 E450.60536
G1 X119.31 Y122.003
G0 F7200 X119.09 Y122.003
G0 X119.09 Y123.583
G0 X119.24 Y123.583
G1 F3000 X111.937 Y116.28 E450.73487
G1 X111.867 Y116.21
G0 F7200 X113.72 Y116.279
G1 F3000 X111.166 Y118.833 E450.78017
G1 X111.096 Y118.903
G0 F7200 X108.881 Y121.118
G1 F3000 X105.954 Y124.045 E450.83208
G0 F7200 X105.646 Y124.353
G1 F3000 X100.761 Y129.239 E450.91872
G1 X100.691 Y129.309
G0 F7200 X100.88 Y129.12
G0 X100.91 Y127.73
G0 X100.76 Y127.73
G1 F3000 X102.27 Y129.24 E450.9455
G1 X102.34 Y129.31
G0 F7200 X102.34 Y129.09
G0 X108.388 Y124.045
G1 F3000 X100.76 Y116.417 E451.08078
G1 X100.69 Y116.347
G0 F7200 X100.91 Y116.347
G0 X100.91 Y117.925
G0 X100.761 Y117.925
G1 F3000 X107.926 Y110.76 E451.20785
G1 X107.996 Y110.69
G0 F7200 X107.996 Y110.91
G0 X106.417 Y110.91
G0 X106.417 Y110.76
G1 F3000 X108.904 Y113.247 E451.25196
G1 X108.974 Y113.317
G0 F7200 X111.096 Y113.247
G1 F3000 X113.583 Y110.76 E451.29606
G1 X113.653 Y110.69
G0 F7200 X113.653 Y110.91
G0 X112.074 Y110.91
G0 X112.074 Y110.76
G1 F3000 X114.56 Y113.247 E451.34016
G0 F7200 X114.872 Y113.558
G1 F3000 X119.24 Y117.926 E451.41763
G1 X119.31 Y117.996
G0 F7200 X119.09 Y117.996
G0 X119.09 Y116.416
G0 X119.24 Y116.416
G1 F3000 X113.081 Y122.575 E451.52686
G1 X113.011 Y122.645
G0 F7200 X113.609 Y123.609
G1 F3000 X119.24 Y129.24 E451.62672
G1 X119.31 Y129.31
G0 F7200 X119.12 Y129.12
G0 X117.73 Y129.09
G0 X117.73 Y129.24
G1 F3000 X119.24 Y127.73 E451.6535
G1 X119.31 Y127.66
G0 F7200 X119.09 Y127.66
G0 X114.872 Y115.128
G1 F3000 X119.239 Y110.76 E451.73096
G1 X119.309 Y110.69
G0 F7200 X119.12 Y110.88
G0 X117.731 Y110.91
G0 X117.731 Y110.76
G1 F3000 X119.24 Y112.269 E451.75772
G1 X119.31 Y112.339
G0 F7200 X119.09 Y112.339
G0 X102.269 Y110.91
G0 X102.269 Y110.76
G1 F3000 X100.761 Y112.268 E451.78446
G1 X100.691 Y112.338
G0 F7200 X100.91 Y112.338
G0 X119.12 Y129.12
G0 X119.4 Y129.4
;TYPE:WALL-INNER
G1 F3000 X119.4 Y110.6 E452.02022
G1 X100.6 Y110.6 E452.25598
G1 X100.6 Y129.4 E452.49174
G1 X119.4 Y129.4 E452.7275
G0 F7200 X119.8 Y129.8
;TYPE:WALL-OUTER
G1 F1500 X119.8 Y110.2 E452.97329
G1 X100.2 Y110.2 E453.21908
G1 X100.2 Y129.8 E453.46487
G1 X119.8 Y129.8 E453.71066
G0 F7200 X119.8 Y129.6
G0 X119.12 Y129.12
G0 X110.445 Y124.087
;TYPE:SKIN
G1 F1500 X110.451 Y123.893 E453.7131
G1 X105.7 Y114.575 E453.84426
G1 X105.7 Y113.384 E453.8592
G1 X114.732 Y113.384 E453.97246
G1 X114.732 Y116.14 E454.00702
G1 X109.921 Y116.143 E454.06735
G1 X109.784 Y116.237 E454.06944
G1 X109.778 Y116.432 E454.07188
G1 X114.544 Y125.745 E454.20308
G1 X114.544 Y126.936 E454.21801
G1 X105.784 Y126.936 E454.32787
G1 X105.784 Y124.184 E454.36238
G1 X110.307 Y124.181 E454.4191
G1 X110.445 Y124.087 E454.42119
G0 F7200 X106.371 Y126.735
G1 F1500 X105.984 Y126.349 E454.42805
G0 F7200 X105.984 Y125.783
G1 F1500 X106.936 Y126.735 E454.44493
G0 F7200 X107.502 Y126.735
G1 F1500 X105.984 Y125.217 E454.47185
G0 F7200 X105.984 Y124.652
G1 F1500 X108.068 Y126.735 E454.5088
G0 F7200 X108.634 Y126.735
G1 F1500 X106.282 Y124.384 E454.5505
G0 F7200 X106.847 Y124.384
G1 F1500 X109.199 Y126.735 E454.59221
G0 F7200 X109.765 Y126.735
G1 F1500 X107.412 Y124.383 E454.63393
G0 F7200 X107.977 Y124.381
G1 F1500 X110.331 Y126.735 E454.67568
G0 F7200 X110.896 Y126.735
G1 F1500 X108.542 Y124.381 E454.71742
G0 F7200 X109.107 Y124.38
G1 F1500 X111.462 Y126.735 E454.75919
G0 F7200 X112.028 Y126.735
G1 F1500 X109.672 Y124.379 E454.80097
G0 F7200 X110.237 Y124.379
G1 F1500 X112.593 Y126.735 E454.84276
G0 F7200 X113.159 Y126.735
G1 F1500 X110.615 Y124.191 E454.88787
G0 F7200 X110.459 Y123.47
G1 F1500 X113.725 Y126.735 E454.94579
G0 F7200 X114.29 Y126.735
G1 F1500 X109.871 Y122.316 E455.02416
G1 X109.801 Y122.246
G0 F7200 X109.283 Y121.162
G1 F1500 X114.344 Y126.224 E455.11392
G0 F7200 X114.202 Y125.516
G1 F1500 X108.694 Y120.008 E455.2116
G1 X108.624 Y119.938
G0 F7200 X108.106 Y118.854
G1 F1500 X113.609 Y124.357 E455.3092
G1 X113.679 Y124.427
G0 F7200 X113.017 Y123.199
G1 F1500 X107.518 Y117.7 E455.40672
G1 X107.448 Y117.63
G0 F7200 X106.929 Y116.546
G1 F1500 X112.424 Y122.04 E455.50417
G1 X112.494 Y122.11
G0 F7200 X111.831 Y120.882
G1 F1500 X106.341 Y115.392 E455.60153
G1 X106.271 Y115.322
G0 F7200 X105.9 Y114.385
G1 F1500 X111.238 Y119.723 E455.6962
G1 X111.308 Y119.793
G0 F7200 X110.645 Y118.565
G1 F1500 X105.9 Y113.819 E455.78036
G0 F7200 X106.23 Y113.584
G1 F1500 X110.053 Y117.407 E455.84816
G1 X110.123 Y117.477
G0 F7200 X109.565 Y116.354
G1 F1500 X106.796 Y113.584 E455.89727
G0 F7200 X107.361 Y113.584
G1 F1500 X109.768 Y115.99 E455.93995
G0 F7200 X110.288 Y115.945
G1 F1500 X107.927 Y113.584 E455.98182
G0 F7200 X108.493 Y113.584
G1 F1500 X110.853 Y115.944 E456.02368
G0 F7200 X111.418 Y115.944
G1 F1500 X109.058 Y113.584 E456.06553
G0 F7200 X109.624 Y113.584
G1 F1500 X111.983 Y115.943 E456.10737
G0 F7200 X112.548 Y115.942
G1 F1500 X110.19 Y113.584 E456.14919
G0 F7200 X110.756 Y113.584
G1 F1500 X113.113 Y115.941 E456.19099
G0 F7200 X113.678 Y115.941
G1 F1500 X111.321 Y113.584 E456.23279
G0 F7200 X111.887 Y113.584
G1 F1500 X114.243 Y115.94 E456.27457
G0 F7200 X114.531 Y115.663
G1 F1500 X112.453 Y113.584 E456.31143
G0 F7200 X113.018 Y113.584
G1 F1500 X114.531 Y115.097 E456.33827
G0 F7200 X114.531 Y114.531
G1 F1500 X113.584 Y113.584 E456.35506
G0 F7200 X114.15 Y113.584
G1 F1500 X114.531 Y113.966 E456.36183
;MESH:NONMESH
G0 F600 X114.531 Y113.966 Z17.7
G0 F7200 X100.88 Y110.88
G0 X100.76 Y110.76
;TIME_ELAPSED:1142.270527
;LAYER:87
;TYPE:FILL
;MESH:xyzCalibration_cube.glb
G1 F3000 X106.554 Y116.554 E456.46458
G1 X106.624 Y116.624
G0 F7200 X106.97 Y117.372
G1 F3000 X100.761 Y123.582 E456.57471
G1 X100.691 Y123.652
G0 F7200 X100.91 Y123.652
G0 X100.91 Y122.074
G0 X100.76 Y122.074
G1 F3000 X105.646 Y126.96 E456.66136
G1 X105.765 Y127.078
G1 X107.926 Y129.24 E456.69969
G1 X107.996 Y129.31
G0 F7200 X107.996 Y129.09
G0 X106.416 Y129.09
G0 X106.416 Y129.24
G1 F3000 X108.578 Y127.078 E456.73803
G1 X108.648 Y127.008
G0 F7200 X111.422 Y127.078
G1 F3000 X113.583 Y129.24 E456.77637
G1 X113.653 Y129.31
G0 F7200 X113.653 Y129.09
G0 X112.073 Y129.09
G0 X112.073 Y129.24
G1 F3000 X114.235 Y127.078 E456.81471
G0 F7200 X114.687 Y126.626
G1 F3000 X119.24 Y122.073 E456.89546
G1 X119.31 Y122.003
G0 F7200 X119.09 Y122.003
G0 X119.09 Y123.583
G0 X119.24 Y123.583
G1 F3000 X111.937 Y116.28 E457.02497
G1 X111.867 Y116.21
G0 F7200 X113.72 Y116.279
G1 F3000 X111.166 Y118.833 E457.07027
G1 X111.096 Y118.903
G0 F7200 X108.881 Y121.118
G1 F3000 X105.954 Y124.045 E457.12218
G0 F7200 X105.646 Y124.353
G1 F3000 X100.761 Y129.239 E457.20882
G1 X100.691 Y129.309
G0 F7200 X100.88 Y129.12
G0 X100.91 Y127.73
G0 X100.76 Y127.73
G1 F3000 X102.27 Y129.24 E457.2356
G1 X102.34 Y129.31
G0 F7200 X102.34 Y129.09
G0 X108.388 Y124.045
G1 F3000 X100.76 Y116.417 E457.37088
G1 X100.69 Y116.347
G0 F7200 X100.91 Y116.347
G0 X100.91 Y117.925
G0 X100.761 Y117.925
G1 F3000 X107.926 Y110.76 E457.49795
G1 X107.996 Y110.69
G0 F7200 X107.996 Y110.91
G0 X106.417 Y110.91
G0 X106.417 Y110.76
G1 F3000 X108.904 Y113.247 E457.54206
G1 X108.974 Y113.317
G0 F7200 X111.096 Y113.247
G1 F3000 X113.583 Y110.76 E457.58616
G1 X113.653 Y110.69
G0 F7200 X113.653 Y110.91
G0 X112.074 Y110.91
G0 X112.074 Y110.76
G1 F3000 X114.56 Y113.247 E457.63026
G0 F7200 X114.872 Y113.558
G1 F3000 X119.24 Y117.926 E457.70773
G1 X119.31 Y117.996
G0 F7200 X119.09 Y117.996
G0 X119.09 Y116.416
G0 X119.24 Y116.416
G1 F3000 X113.081 Y122.575 E457.81696
G1 X113.011 Y122.645
G0 F7200 X113.609 Y123.609
G1 F3000 X119.24 Y129.24 E457.91682
G1 X119.31 Y129.31
G0 F7200 X119.12 Y129.12
G0 X117.73 Y129.09
G0 X117.73 Y129.24
G1 F3000 X119.24 Y127.73 E457.9436
G1 X119.31 Y127.66
G0 F7200 X119.09 Y127.66
G0 X114.872 Y115.128
G1 F3000 X119.239 Y110.76 E458.02106
G1 X119.309 Y110.69
G0 F7200 X119.12 Y110.88
G0 X117.731 Y110.91
G0 X117.731 Y110.76
G1 F3000 X119.24 Y112.269 E458.04782
G1 X119.31 Y112.339
G0 F7200 X119.09 Y112.339
G0 X102.269 Y110.91
G0 X102.269 Y110.76
G1 F3000 X100.761 Y112.268 E458.07456
G1 X100.691 Y112.338
G0 F7200 X100.91 Y112.338
G0 X119.12 Y129.12
G0 X119.4 Y129.4
;TYPE:WALL-INNER
G1 F3000 X119.4 Y110.6 E458.31032
G1 X100.6 Y110.6 E458.54608
G1 X100.6 Y129.4 E458.78184
G1 X119.4 Y129.4 E459.0176
G0 F7200 X119.8 Y129.8
;TYPE:WALL-OUTER
G1 F1500 X119.8 Y110.2 E459.26339
G1 X100.2 Y110.2 E459.50918
G1 X100.2 Y129.8 E459.75497
G1 X119.8 Y129.8 E460.00076
G0 F7200 X119.8 Y129.6
G0 X119.12 Y129.12
G0 X110.445 Y124.087
;TYPE:SKIN
G1 F1500 X110.451 Y123.893 E460.0032
G1 X105.7 Y114.575 E460.13436
G1 X105.7 Y113.384 E460.1493
G1 X114.732 Y113.384 E460.26256
G1 X114.732 Y116.14 E460.29712
G1 X109.921 Y116.143 E460.35745
G1 X109.784 Y116.237 E460.35954
G1 X109.778 Y116.432 E460.36198
G1 X114.544 Y125.745 E460.49318
G1 X114.544 Y126.936 E460.50811
G1 X105.784 Y126.936 E460.61797
G1 X105.784 Y124.184 E460.65248
G1 X110.307 Y124.181 E460.7092
G1 X110.445 Y124.087 E460.71129
G0 F7200 X114.344 Y126.638
G1 F1500 X114.246 Y126.736 E460.71303
G0 F7200 X113.68 Y126.736
G1 F1500 X114.344 Y126.072 E460.72481
G0 F7200 X114.247 Y125.604
G1 F1500 X113.114 Y126.736 E460.74489
G0 F7200 X112.549 Y126.736
G1 F1500 X114.055 Y125.23 E460.7716
G0 F7200 X113.863 Y124.856
G1 F1500 X111.983 Y126.736 E460.80494
G0 F7200 X111.417 Y126.736
G1 F1500 X113.672 Y124.481 E460.84493
G0 F7200 X113.481 Y124.107
G1 F1500 X110.852 Y126.736 E460.89156
G0 F7200 X110.286 Y126.736
G1 F1500 X113.289 Y123.733 E460.94481
G0 F7200 X113.097 Y123.359
G1 F1500 X109.72 Y126.736 E461.0047
G0 F7200 X109.155 Y126.736
G1 F1500 X112.906 Y122.985 E461.07123
G0 F7200 X112.715 Y122.61
G1 F1500 X108.589 Y126.736 E461.1444
G0 F7200 X108.023 Y126.736
G1 F1500 X110.406 Y124.353 E461.18666
G0 F7200 X110.638 Y124.121
G1 F1500 X112.523 Y122.236 E461.22009
G0 F7200 X112.332 Y121.862
G1 F1500 X110.549 Y123.645 E461.25171
G0 F7200 X110.358 Y123.27
G1 F1500 X112.14 Y121.488 E461.28332
G0 F7200 X111.949 Y121.113
G1 F1500 X110.167 Y122.895 E461.31492
G0 F7200 X109.976 Y122.52
G1 F1500 X111.758 Y120.739 E461.34652
G0 F7200 X111.566 Y120.365
G1 F1500 X109.785 Y122.146 E461.3781
G0 F7200 X109.594 Y121.772
G1 F1500 X111.374 Y119.991 E461.40968
G0 F7200 X111.183 Y119.617
G1 F1500 X109.403 Y121.397 E461.44125
G0 F7200 X109.212 Y121.022
G1 F1500 X110.992 Y119.242 E461.47281
G0 F7200 X110.8 Y118.868
G1 F1500 X109.021 Y120.647 E461.50436
G0 F7200 X108.83 Y120.272
G1 F1500 X110.608 Y118.494 E461.5359
G0 F7200 X110.417 Y118.12
G1 F1500 X108.639 Y119.898 E461.56743
G0 F7200 X108.448 Y119.524
G1 F1500 X110.225 Y117.746 E461.59895
G0 F7200 X110.034 Y117.371
G1 F1500 X108.257 Y119.149 E461.63048
G0 F7200 X108.066 Y118.774
G1 F1500 X109.843 Y116.997 E461.66199
G0 F7200 X109.651 Y116.623
G1 F1500 X107.875 Y118.399 E461.69349
G0 F7200 X107.684 Y118.025
G1 F1500 X112.125 Y113.584 E461.77225
G0 F7200 X112.69 Y113.584
G1 F1500 X110.328 Y115.946 E461.81414
G0 F7200 X110.895 Y115.945
G1 F1500 X113.256 Y113.584 E461.85601
G0 F7200 X113.822 Y113.584
G1 F1500 X111.461 Y115.944 E461.89787
G0 F7200 X112.028 Y115.944
G1 F1500 X114.387 Y113.584 E461.93972
G0 F7200 X114.531 Y114.005
G1 F1500 X112.594 Y115.943 E461.97408
G0 F7200 X113.16 Y115.942
G1 F1500 X114.531 Y114.571 E461.99839
G0 F7200 X114.531 Y115.137
G1 F1500 X113.727 Y115.941 E462.01265
G0 F7200 X114.293 Y115.941
G1 F1500 X114.531 Y115.702 E462.01688
G0 F7200 X111.559 Y113.584
G1 F1500 X107.493 Y117.65 E462.08899
G0 F7200 X107.302 Y117.275
G1 F1500 X110.993 Y113.584 E462.15445
G0 F7200 X110.427 Y113.584
G1 F1500 X107.111 Y116.9 E462.21326
G0 F7200 X106.919 Y116.526
G1 F1500 X109.862 Y113.584 E462.26544
G0 F7200 X109.296 Y113.584
G1 F1500 X106.729 Y116.151 E462.31097
G0 F7200 X106.538 Y115.777
G1 F1500 X108.73 Y113.584 E462.34985
G0 F7200 X108.165 Y113.584
G1 F1500 X106.347 Y115.402 E462.38209
G0 F7200 X106.156 Y115.027
G1 F1500 X107.599 Y113.584 E462.40768
G0 F7200 X107.033 Y113.584
G1 F1500 X105.965 Y114.652 E462.42662
G0 F7200 X105.901 Y114.151
G1 F1500 X106.468 Y113.584 E462.43668
G1 X106.538 Y113.514
G0 F7200 X106.416 Y124.384
G1 F1500 X105.984 Y124.816 E462.44434
G0 F7200 X105.984 Y125.381
G1 F1500 X106.983 Y124.382 E462.46206
G0 F7200 X107.55 Y124.381
G1 F1500 X105.984 Y125.947 E462.48983
G0 F7200 X105.984 Y126.513
G1 F1500 X108.116 Y124.381 E462.52764
G0 F7200 X108.682 Y124.38
G1 F1500 X106.326 Y126.736 E462.56942
G0 F7200 X106.892 Y126.736
G1 F1500 X109.249 Y124.379 E462.61123
G0 F7200 X109.815 Y124.379
G1 F1500 X107.458 Y126.736 E462.65303
G1 X107.388 Y126.806
;MESH:NONMESH
G0 F600 X107.388 Y126.806 Z17.9
G0 F7200 X100.88 Y110.88
G0 X100.76 Y110.76
;TIME_ELAPSED:1161.417708
;LAYER:88
;TYPE:FILL
;MESH:xyzCalibration_cube.glb
G1 F3000 X106.554 Y116.554 E462.75578
G1 X106.624 Y116.624
G0 F7200 X106.97 Y117.372
G1 F3000 X100.761 Y123.582 E462.86591
G1 X100.691 Y123.652
G0 F7200 X100.91 Y123.652
G0 X100.91 Y122.074
G0 X100.76 Y122.074
G1 F3000 X105.646 Y126.96 E462.95256
G1 X105.765 Y127.078
G1 X107.926 Y129.24 E462.99089
G1 X107.996 Y129.31
G0 F7200 X107.996 Y129.09
G0 X106.416 Y129.09
G0 X106.416 Y129.24
G1 F3000 X108.578 Y127.078 E463.02923
G1 X108.648 Y127.008
G0 F7200 X111.422 Y127.078
G1 F3000 X113.583 Y129.24 E463.06757
G1 X113.653 Y129.31
G0 F7200 X113.653 Y129.09
G0 X112.073 Y129.09
G0 X112.073 Y129.24
G1 F3000 X114.235 Y127.078 E463.10591
G0 F7200 X114.687 Y126.626
G1 F3000 X119.24 Y122.073 E463.18666
G1 X119.31 Y122.003
G0 F7200 X119.09 Y122.003
G0 X119.09 Y123.583
G0 X119.24 Y123.583
G1 F3000 X111.937 Y116.28 E463.31617
G1 X111.867 Y116.21
G0 F7200 X113.72 Y116.279
G1 F3000 X111.166 Y118.833 E463.36147
G1 X111.096 Y118.903
G0 F7200 X108.881 Y121.118
G1 F3000 X105.954 Y124.045 E463.41338
G0 F7200 X105.646 Y124.353
G1 F3000 X100.761 Y129.239 E463.50002
G1 X100.691 Y129.309
G0 F7200 X100.88 Y129.12
G0 X100.91 Y127.73
G0 X100.76 Y127.73
G1 F3000 X102.27 Y129.24 E463.5268
G1 X102.34 Y129.31
G0 F7200 X102.34 Y129.09
G0 X108.388 Y124.045
G1 F3000 X100.76 Y116.417 E463.66208
G1 X100.69 Y116.347
G0 F7200 X100.91 Y116.347
G0 X100.91 Y117.925
G0 X100.761 Y117.925
G1 F3000 X107.926 Y110.76 E463.78915
G1 X107.996 Y110.69
G0 F7200 X107.996 Y110.91
G0 X106.417 Y110.91
G0 X106.417 Y110.76
G1 F3000 X108.904 Y113.247 E463.83326
G1 X108.974 Y113.317
G0 F7200 X111.096 Y113.247
G1 F3000 X113.583 Y110.76 E463.87736
G1 X113.653 Y110.69
G0 F7200 X113.653 Y110.91
G0 X112.074 Y110.91
G0 X112.074 Y110.76
G1 F3000 X114.56 Y113.247 E463.92146
G0 F7200 X114.872 Y113.558
G1 F3000 X119.24 Y117.926 E463.99893
G1 X119.31 Y117.996
G0 F7200 X119.09 Y117.996
G0 X119.09 Y116.416
G0 X119.24 Y116.416
G1 F3000 X113.081 Y122.575 E464.10815
G1 X113.011 Y122.645
G0 F7200 X113.609 Y123.609
G1 F3000 X119.24 Y129.24 E464.20802
G1 X119.31 Y129.31
G0 F7200 X119.12 Y129.12
G0 X117.73 Y129.09
G0 X117.73 Y129.24
G1 F3000 X119.24 Y127.73 E464.2348
G1 X119.31 Y127.66
G0 F7200 X119.09 Y127.66
G0 X114.872 Y115.128
G1 F3000 X119.239 Y110.76 E464.31226
G1 X119.309 Y110.69
G0 F7200 X119.12 Y110.88
G0 X117.731 Y110.91
G0 X117.731 Y110.76
G1 F3000 X119.24 Y112.269 E464.33902
G1 X119.31 Y112.339
G0 F7200 X119.09 Y112.339
G0 X102.269 Y110.91
G0 X102.269 Y110.76
G1 F3000 X100.761 Y112.268 E464.36576
G1 X100.691 Y112.338
G0 F7200 X100.91 Y112.338
G0 X119.12 Y129.12
G0 X119.4 Y129.4
;TYPE:WALL-INNER
G1 F3000 X119.4 Y110.6 E464.60152
G1 X100.6 Y110.6 E464.83728
G1 X100.6 Y129.4 E465.07304
G1 X119.4 Y129.4 E465.3088
G0 F7200 X119.8 Y129.8
;TYPE:WALL-OUTER
G1 F1500 X119.8 Y110.2 E465.55459
G1 X100.2 Y110.2 E465.80038
G1 X100.2 Y129.8 E466.04617
G1 X119.8 Y129.8 E466.29196
G0 F7200 X119.8 Y129.6
G0 X119.12 Y129.12
G0 X110.445 Y124.087
;TYPE:SKIN
G1 F1500 X110.451 Y123.893 E466.2944
G1 X105.7 Y114.575 E466.42556
G1 X105.7 Y113.384 E466.4405
G1 X114.732 Y113.384 E466.55376
G1 X114.732 Y116.14 E466.58832
G1 X109.921 Y116.143 E466.64865
G1 X109.784 Y116.237 E466.65074
G1 X109.778 Y116.432 E466.65318
G1 X114.544 Y125.745 E466.78438
G1 X114.544 Y126.936 E466.79931
G1 X105.784 Y126.936 E466.90917
G1 X105.784 Y124.184 E466.94368
G1 X110.307 Y124.181 E467.0004
G1 X110.445 Y124.087 E467.00249
G0 F7200 X106.371 Y126.735
G1 F1500 X105.984 Y126.349 E467.00934
G0 F7200 X105.984 Y125.783
G1 F1500 X106.936 Y126.735 E467.02623
G0 F7200 X107.502 Y126.735
G1 F1500 X105.984 Y125.217 E467.05315
G0 F7200 X105.984 Y124.652
G1 F1500 X108.068 Y126.735 E467.0901
G0 F7200 X108.634 Y126.735
G1 F1500 X106.282 Y124.384 E467.1318
G0 F7200 X106.847 Y124.384
G1 F1500 X109.199 Y126.735 E467.17351
G0 F7200 X109.765 Y126.735
G1 F1500 X107.412 Y124.383 E467.21523
G0 F7200 X107.977 Y124.381
G1 F1500 X110.331 Y126.735 E467.25698
G0 F7200 X110.896 Y126.735
G1 F1500 X108.542 Y124.381 E467.29872
G0 F7200 X109.107 Y124.38
G1 F1500 X111.462 Y126.735 E467.34049
G0 F7200 X112.028 Y126.735
G1 F1500 X109.672 Y124.379 E467.38227
G0 F7200 X110.237 Y124.379
G1 F1500 X112.593 Y126.735 E467.42405
G0 F7200 X113.159 Y126.735
G1 F1500 X110.615 Y124.191 E467.46917
G0 F7200 X110.459 Y123.47
G1 F1500 X113.725 Y126.735 E467.52708
G0 F7200 X114.29 Y126.735
G1 F1500 X109.871 Y122.316 E467.60545
G1 X109.801 Y122.246
G0 F7200 X109.283 Y121.162
G1 F1500 X114.344 Y126.224 E467.69522
G0 F7200 X114.202 Y125.516
G1 F1500 X108.694 Y120.008 E467.7929
G1 X108.624 Y119.938
G0 F7200 X108.106 Y118.854
G1 F1500 X113.609 Y124.357 E467.8905
G1 X113.679 Y124.427
G0 F7200 X113.017 Y123.199
G1 F1500 X107.518 Y117.7 E467.98802
G1 X107.448 Y117.63
G0 F7200 X106.929 Y116.546
G1 F1500 X112.424 Y122.04 E468.08546
G1 X112.494 Y122.11
G0 F7200 X111.831 Y120.882
G1 F1500 X106.341 Y115.392 E468.18283
G1 X106.271 Y115.322
G0 F7200 X105.9 Y114.385
G1 F1500 X111.238 Y119.723 E468.2775
G1 X111.308 Y119.793
G0 F7200 X110.645 Y118.565
G1 F1500 X105.9 Y113.819 E468.36166
G0 F7200 X106.23 Y113.584
G1 F1500 X110.053 Y117.407 E468.42946
G1 X110.123 Y117.477
G0 F7200 X109.565 Y116.354
G1 F1500 X106.796 Y113.584 E468.47857
G0 F7200 X107.361 Y113.584
G1 F1500 X109.768 Y115.99 E468.52125
G0 F7200 X110.288 Y115.945
G1 F1500 X107.927 Y113.584 E468.56312
G0 F7200 X108.493 Y113.584
G1 F1500 X110.853 Y115.944 E468.60498
G0 F7200 X111.418 Y115.944
G1 F1500 X109.058 Y113.584 E468.64683
G0 F7200 X109.624 Y113.584
G1 F1500 X111.983 Y115.943 E468.68867
G0 F7200 X112.548 Y115.942
G1 F1500 X110.19 Y113.584 E468.73049
G0 F7200 X110.756 Y113.584
G1 F1500 X113.113 Y115.941 E468.77229
G0 F7200 X113.678 Y115.941
G1 F1500 X111.321 Y113.584 E468.81409
G0 F7200 X111.887 Y113.584
G1 F1500 X114.243 Y115.94 E468.85587
G0 F7200 X114.531 Y115.663
G1 F1500 X112.453 Y113.584 E468.89273
G0 F7200 X113.018 Y113.584
G1 F1500 X114.531 Y115.097 E468.91957
G0 F7200 X114.531 Y114.531
G1 F1500 X113.584 Y113.584 E468.93636
G0 F7200 X114.15 Y113.584
G1 F1500 X114.531 Y113.966 E468.94313
;MESH:NONMESH
G0 F600 X114.531 Y113.966 Z18.1
G0 F7200 X100.88 Y110.88
G0 X100.76 Y110.76
;TIME_ELAPSED:1180.263208
;LAYER:89
;TYPE:FILL
;MESH:xyzCalibration_cube.glb
G1 F3000 X106.55 Y116.55 E469.04581
G1 X106.62 Y116.62
G0 F7200 X106.969 Y117.373
G1 F3000 X100.761 Y123.582 E469.15592
G1 X100.691 Y123.652
G0 F7200 X100.91 Y123.652
G0 X100.91 Y122.074
G0 X100.76 Y122.074
G1 F3000 X107.926 Y129.24 E469.283
G1 X107.996 Y129.31
G0 F7200 X107.996 Y129.09
G0 X106.416 Y129.09
G0 X106.416 Y129.24
G1 F3000 X108.58 Y127.076 E469.32138
G1 X108.65 Y127.006
G0 F7200 X108.65 Y127.228
G0 X111.419 Y127.228
G0 X111.419 Y127.076
G1 F3000 X113.583 Y129.24 E469.35976
G1 X113.653 Y129.31
G0 F7200 X113.653 Y129.09
G0 X112.073 Y129.09
G0 X112.073 Y129.24
G1 F3000 X114.451 Y126.862 E469.40193
G1 X114.459 Y126.854
G1 X119.24 Y122.073 E469.48672
G1 X119.31 Y122.003
G0 F7200 X119.09 Y122.003
G0 X119.09 Y123.583
G0 X119.24 Y123.583
G1 F3000 X111.937 Y116.28 E469.61624
G1 X111.867 Y116.21
G0 F7200 X111.867 Y116.43
G0 X113.72 Y116.43
G0 X113.72 Y116.279
G1 F3000 X111.166 Y118.833 E469.66153
G1 X111.096 Y118.903
G0 F7200 X111.314 Y118.793
G0 X114.95 Y116.358
G0 X114.95 Y113.169
G0 X105.482 Y113.17
G0 X105.475 Y114.633
G0 X108.747 Y121.185
G0 X108.881 Y121.118
G1 F3000 X100.761 Y129.239 E469.80555
G1 X100.691 Y129.309
G0 F7200 X100.88 Y129.12
G0 X100.91 Y127.73
G0 X100.76 Y127.73
G1 F3000 X102.27 Y129.24 E469.83233
G1 X102.34 Y129.31
G0 F7200 X102.34 Y129.09
G0 X105.567 Y123.967
G0 X108.387 Y123.895
G0 X108.387 Y124.044
G1 F3000 X100.76 Y116.417 E469.96759
G1 X100.69 Y116.347
G0 F7200 X100.91 Y116.347
G0 X100.91 Y117.925
G0 X100.761 Y117.925
G1 F3000 X107.926 Y110.76 E470.09466
G1 X107.996 Y110.69
G0 F7200 X107.996 Y110.91
G0 X106.417 Y110.91
G0 X106.417 Y110.76
G1 F3000 X108.904 Y113.247 E470.13877
G1 X108.974 Y113.317
G0 F7200 X108.974 Y113.097
G0 X111.096 Y113.097
G0 X111.096 Y113.246
G1 F3000 X113.583 Y110.76 E470.18287
G1 X113.653 Y110.69
G0 F7200 X113.653 Y110.91
G0 X112.074 Y110.91
G0 X112.074 Y110.76
G1 F3000 X119.24 Y117.926 E470.30995
G1 X119.31 Y117.996
G0 F7200 X119.09 Y117.996
G0 X119.09 Y116.416
G0 X119.24 Y116.416
G1 F3000 X113.081 Y122.576 E470.41919
G1 X113.011 Y122.646
G0 F7200 X113.229 Y122.536
G0 X113.743 Y123.542
G0 X113.609 Y123.609
G1 F3000 X119.24 Y129.24 E470.51905
G1 X119.31 Y129.31
G0 F7200 X119.12 Y129.12
G0 X117.73 Y129.09
G0 X117.73 Y129.24
G1 F3000 X119.24 Y127.73 E470.54583
G1 X119.31 Y127.66
G0 F7200 X119.09 Y127.66
G0 X115.022 Y115.127
G0 X114.872 Y115.127
G1 F3000 X119.239 Y110.76 E470.62328
G1 X119.309 Y110.69
G0 F7200 X119.12 Y110.88
G0 X117.731 Y110.91
G0 X117.731 Y110.76
G1 F3000 X119.24 Y112.269 E470.65004
G1 X119.31 Y112.339
G0 F7200 X119.09 Y112.339
G0 X102.269 Y110.91
G0 X102.269 Y110.76
G1 F3000 X100.761 Y112.268 E470.67679
G1 X100.691 Y112.338
G0 F7200 X100.91 Y112.338
G0 X105.57 Y127.156
G0 X114.344 Y127.228
G0 X114.344 Y126.745
;TYPE:WALL-INNER
G1 F3000 X114.159 Y126.869 E470.67958
G1 X113.997 Y126.916 E470.6817
G1 X106.404 Y126.916 E470.77691
G1 X106.155 Y126.863 E470.78011
G1 X105.966 Y126.727 E470.78303
G1 X105.856 Y126.561 E470.78552
G1 X105.81 Y126.403 E470.78759
G1 X105.804 Y124.699 E470.80896
G1 X105.956 Y124.404 E470.81312
G1 X106.148 Y124.26 E470.81613
G1 X106.404 Y124.204 E470.81941
G1 X110.635 Y124.204 E470.87247
G1 X105.738 Y114.609 E471.00756
G1 X105.717 Y113.909 E471.01635
G1 X105.798 Y113.711 E471.01903
G1 X105.915 Y113.564 E471.02138
G1 X106.244 Y113.408 E471.02595
G1 X114.111 Y113.404 E471.12461
G1 X114.32 Y113.441 E471.12727
G1 X114.493 Y113.539 E471.12976
G1 X114.68 Y113.809 E471.13388
G1 X114.712 Y114.004 E471.13636
G1 X114.712 Y115.633 E471.15679
G1 X114.626 Y115.831 E471.15949
G1 X114.428 Y116.031 E471.16302
G1 X114.199 Y116.12 E471.1661
G1 X109.597 Y116.12 E471.22381
G1 X114.526 Y125.752 E471.3595
G1 X114.516 Y126.42 E471.36788
G1 X114.459 Y126.589 E471.37011
G1 X114.344 Y126.745 E471.37254
G0 F7200 X114.344 Y127.228
G0 X119.12 Y129.12
G0 X119.4 Y129.4
G1 F3000 X119.4 Y110.6 E471.6083
G1 X100.6 Y110.6 E471.84406
G1 X100.6 Y129.4 E472.07982
G1 X119.4 Y129.4 E472.31558
G0 F7200 X119.8 Y129.8
;TYPE:WALL-OUTER
G1 F1500 X119.8 Y110.2 E472.56137
G1 X100.2 Y110.2 E472.80716
G1 X100.2 Y129.8 E473.05295
G1 X119.8 Y129.8 E473.29874
G0 F7200 X119.8 Y129.6
G0 X119.12 Y129.12
G0 X114.838 Y126.35
G0 X114.122 Y126.351
G1 F1500 X114.064 Y126.459 E473.30028
G1 X113.959 Y126.513 E473.30176
G1 X106.344 Y126.516 E473.39726
G1 X106.258 Y126.453 E473.39859
G1 X106.206 Y126.345 E473.4001
G1 X106.21 Y124.753 E473.42006
G1 X106.254 Y124.67 E473.42124
G1 X106.356 Y124.609 E473.42273
G1 X111.289 Y124.604 E473.48459
G1 X106.125 Y114.476 E473.62716
G1 X106.126 Y113.958 E473.63365
G1 X106.185 Y113.86 E473.63509
G1 X106.285 Y113.81 E473.63649
G1 X114.161 Y113.804 E473.73526
G1 X114.312 Y113.953 E473.73792
G1 X114.31 Y115.555 E473.75801
G1 X114.2 Y115.717 E473.76046
G1 X108.943 Y115.72 E473.82639
G1 X114.119 Y125.848 E473.96902
G1 X114.122 Y126.351 E473.97533
G0 F7200 X114.064 Y126.459
G0 X113.996 Y126.494
G0 X113.996 Y127.528
;MESH:NONMESH
G0 F600 X113.996 Y127.528 Z18.3
G0 F7200 X105.57 Y127.156
G0 X100.88 Y110.88
G0 X100.76 Y110.76
;TIME_ELAPSED:1193.591502
;LAYER:90
;TYPE:FILL
;MESH:xyzCalibration_cube.glb
G1 F3000 X106.55 Y116.55 E474.07801
G1 X106.62 Y116.62
G0 F7200 X106.969 Y117.373
G1 F3000 X100.761 Y123.582 E474.18812
G1 X100.691 Y123.652
G0 F7200 X100.91 Y123.652
G0 X100.91 Y122.074
G0 X100.76 Y122.074
G1 F3000 X107.926 Y129.24 E474.31521
G1 X107.996 Y129.31
G0 F7200 X107.996 Y129.09
G0 X106.416 Y129.09
G0 X106.416 Y129.24
G1 F3000 X108.58 Y127.076 E474.35359
G1 X108.65 Y127.006
G0 F7200 X108.65 Y127.228
G0 X111.419 Y127.228
G0 X111.419 Y127.076
G1 F3000 X113.583 Y129.24 E474.39196
G1 X113.653 Y129.31
G0 F7200 X113.653 Y129.09
G0 X112.073 Y129.09
G0 X112.073 Y129.24
G1 F3000 X114.451 Y126.862 E474.43414
G1 X114.459 Y126.854
G1 X119.24 Y122.073 E474.51893
G1 X119.31 Y122.003
G0 F7200 X119.09 Y122.003
G0 X119.09 Y123.583
G0 X119.24 Y123.583
G1 F3000 X111.937 Y116.28 E474.64844
G1 X111.867 Y116.21
G0 F7200 X111.867 Y116.43
G0 X113.72 Y116.43
G0 X113.72 Y116.279
G1 F3000 X111.166 Y118.833 E474.69374
G1 X111.096 Y118.903
G0 F7200 X111.313 Y118.793
G0 X114.95 Y116.358
G0 X114.95 Y113.169
G0 X105.484 Y113.169
G0 X105.474 Y114.631
G0 X108.747 Y121.185
G0 X108.881 Y121.118
G1 F3000 X100.761 Y129.239 E474.83775
G1 X100.691 Y129.309
G0 F7200 X100.88 Y129.12
G0 X100.91 Y127.73
G0 X100.76 Y127.73
G1 F3000 X102.27 Y129.24 E474.86453
G1 X102.34 Y129.31
G0 F7200 X102.34 Y129.09
G0 X105.568 Y123.967
G0 X108.387 Y123.895
G0 X108.387 Y124.044
G1 F3000 X100.76 Y116.417 E474.9998
G1 X100.69 Y116.347
G0 F7200 X100.91 Y116.347
G0 X100.91 Y117.925
G0 X100.761 Y117.925
G1 F3000 X107.926 Y110.76 E475.12687
G1 X107.996 Y110.69
G0 F7200 X107.996 Y110.91
G0 X106.417 Y110.91
G0 X106.417 Y110.76
G1 F3000 X108.901 Y113.244 E475.17092
G1 X108.971 Y113.314
G0 F7200 X108.971 Y113.097
G0 X111.098 Y113.097
G0 X111.098 Y113.245
G1 F3000 X113.583 Y110.76 E475.21499
G1 X113.653 Y110.69
G0 F7200 X113.653 Y110.91
G0 X112.074 Y110.91
G0 X112.074 Y110.76
G1 F3000 X119.24 Y117.926 E475.34208
G1 X119.31 Y117.996
G0 F7200 X119.09 Y117.996
G0 X119.09 Y116.416
G0 X119.24 Y116.416
G1 F3000 X113.081 Y122.576 E475.45131
G1 X113.011 Y122.646
G0 F7200 X113.228 Y122.536
G0 X113.743 Y123.542
G0 X113.609 Y123.609
G1 F3000 X119.24 Y129.24 E475.55118
G1 X119.31 Y129.31
G0 F7200 X119.12 Y129.12
G0 X117.73 Y129.09
G0 X117.73 Y129.24
G1 F3000 X119.24 Y127.73 E475.57796
G1 X119.31 Y127.66
G0 F7200 X119.09 Y127.66
G0 X115.022 Y115.127
G0 X114.872 Y115.127
G1 F3000 X119.239 Y110.76 E475.65541
G1 X119.309 Y110.69
G0 F7200 X119.12 Y110.88
G0 X117.731 Y110.91
G0 X117.731 Y110.76
G1 F3000 X119.24 Y112.269 E475.68217
G1 X119.31 Y112.339
G0 F7200 X119.09 Y112.339
G0 X102.269 Y110.91
G0 X102.269 Y110.76
G1 F3000 X100.761 Y112.268 E475.70891
G1 X100.691 Y112.338
G0 F7200 X100.91 Y112.338
G0 X105.568 Y127.156
G0 X114.344 Y127.228
G0 X114.344 Y126.745
;TYPE:WALL-INNER
G1 F3000 X114.159 Y126.869 E475.71171
G1 X113.997 Y126.916 E475.71382
G1 X106.404 Y126.916 E475.80904
G1 X106.155 Y126.863 E475.81223
G1 X105.966 Y126.727 E475.81515
G1 X105.856 Y126.561 E475.81765
G1 X105.81 Y126.403 E475.81971
G1 X105.804 Y124.699 E475.84108
G1 X105.956 Y124.404 E475.84524
G1 X106.148 Y124.26 E475.84825
G1 X106.404 Y124.204 E475.85154
G1 X110.635 Y124.204 E475.9046
G1 X105.738 Y114.609 E476.03969
G1 X105.717 Y113.907 E476.04849
G1 X105.798 Y113.707 E476.0512
G1 X105.915 Y113.561 E476.05355
G1 X106.244 Y113.404 E476.05812
G1 X114.112 Y113.404 E476.15679
G1 X114.32 Y113.441 E476.15944
G1 X114.493 Y113.54 E476.16194
G1 X114.68 Y113.809 E476.16604
G1 X114.712 Y114.004 E476.16852
G1 X114.712 Y115.633 E476.18895
G1 X114.626 Y115.831 E476.19166
G1 X114.428 Y116.031 E476.19519
G1 X114.19 Y116.12 E476.19837
G1 X109.597 Y116.12 E476.25597
G1 X114.526 Y125.752 E476.39166
G1 X114.516 Y126.42 E476.40003
G1 X114.459 Y126.589 E476.40227
G1 X114.344 Y126.745 E476.4047
G0 F7200 X114.344 Y127.228
G0 X119.12 Y129.12
G0 X119.4 Y129.4
G1 F3000 X119.4 Y110.6 E476.64046
G1 X100.6 Y110.6 E476.87622
G1 X100.6 Y129.4 E477.11198
G1 X119.4 Y129.4 E477.34774
G0 F7200 X119.8 Y129.8
;TYPE:WALL-OUTER
G1 F1500 X119.8 Y110.2 E477.59353
G1 X100.2 Y110.2 E477.83932
G1 X100.2 Y129.8 E478.08511
G1 X119.8 Y129.8 E478.3309
G0 F7200 X119.8 Y129.6
G0 X119.12 Y129.12
G0 X114.837 Y126.351
G0 X114.122 Y126.351
G1 F1500 X114.064 Y126.459 E478.33244
G1 X113.959 Y126.513 E478.33392
G1 X106.344 Y126.516 E478.42942
G1 X106.258 Y126.453 E478.43075
G1 X106.206 Y126.345 E478.43226
G1 X106.21 Y124.753 E478.45222
G1 X106.342 Y124.604 E478.45472
G1 X111.289 Y124.604 E478.51675
G1 X106.125 Y114.476 E478.65932
G1 X106.126 Y113.954 E478.66586
G1 X106.185 Y113.856 E478.6673
G1 X106.285 Y113.806 E478.6687
G1 X114.161 Y113.804 E478.76747
G1 X114.312 Y113.953 E478.77013
G1 X114.31 Y115.555 E478.79022
G1 X114.2 Y115.717 E478.79267
G1 X108.943 Y115.72 E478.8586
G1 X114.119 Y125.848 E479.00123
G1 X114.122 Y126.351 E479.00754
G0 F7200 X114.064 Y126.459
G0 X113.996 Y126.494
G0 X113.996 Y127.528
;MESH:NONMESH
G0 F600 X113.996 Y127.528 Z18.5
G0 F7200 X105.568 Y127.156
G0 X100.88 Y110.88
G0 X100.76 Y110.76
;TIME_ELAPSED:1206.919817
;LAYER:91
;TYPE:FILL
;MESH:xyzCalibration_cube.glb
G1 F3000 X106.55 Y116.55 E479.11023
G1 X106.62 Y116.62
G0 F7200 X106.969 Y117.373
G1 F3000 X100.761 Y123.582 E479.22033
G1 X100.691 Y123.652
G0 F7200 X100.91 Y123.652
G0 X100.91 Y122.074
G0 X100.76 Y122.074
G1 F3000 X107.926 Y129.24 E479.34742
G1 X107.996 Y129.31
G0 F7200 X107.996 Y129.09
G0 X106.416 Y129.09
G0 X106.416 Y129.24
G1 F3000 X108.58 Y127.076 E479.3858
G1 X108.65 Y127.006
G0 F7200 X108.65 Y127.228
G0 X111.419 Y127.228
G0 X111.419 Y127.076
G1 F3000 X113.583 Y129.24 E479.42418
G1 X113.653 Y129.31
G0 F7200 X113.653 Y129.09
G0 X112.073 Y129.09
G0 X112.073 Y129.24
G1 F3000 X114.451 Y126.862 E479.46635
G1 X114.459 Y126.854
G1 X119.24 Y122.073 E479.55114
G1 X119.31 Y122.003
G0 F7200 X119.09 Y122.003
G0 X119.09 Y123.583
G0 X119.24 Y123.583
G1 F3000 X111.937 Y116.28 E479.68066
G1 X111.867 Y116.21
G0 F7200 X111.867 Y116.43
G0 X113.72 Y116.43
G0 X113.72 Y116.279
G1 F3000 X111.166 Y118.833 E479.72595
G1 X111.096 Y118.903
G0 F7200 X111.313 Y118.793
G0 X114.95 Y116.358
G0 X114.95 Y113.169
G0 X105.484 Y113.169
G0 X105.474 Y114.631
G0 X108.747 Y121.185
G0 X108.881 Y121.118
G1 F3000 X100.761 Y129.239 E479.86997
G1 X100.691 Y129.309
G0 F7200 X100.88 Y129.12
G0 X100.91 Y127.73
G0 X100.76 Y127.73
G1 F3000 X102.27 Y129.24 E479.89674
G1 X102.34 Y129.31
G0 F7200 X102.34 Y129.09
G0 X105.568 Y123.967
G0 X108.387 Y123.895
G0 X108.387 Y124.044
G1 F3000 X100.76 Y116.417 E480.03201
G1 X100.69 Y116.347
G0 F7200 X100.91 Y116.347
G0 X100.91 Y117.925
G0 X100.761 Y117.925
G1 F3000 X107.926 Y110.76 E480.15908
G1 X107.996 Y110.69
G0 F7200 X107.996 Y110.91
G0 X106.417 Y110.91
G0 X106.417 Y110.76
G1 F3000 X108.901 Y113.244 E480.20313
G1 X108.971 Y113.314
G0 F7200 X108.971 Y113.097
G0 X111.098 Y113.097
G0 X111.098 Y113.245
G1 F3000 X113.583 Y110.76 E480.2472
G1 X113.653 Y110.69
G0 F7200 X113.653 Y110.91
G0 X112.074 Y110.91
G0 X112.074 Y110.76
G1 F3000 X119.24 Y117.926 E480.37429
G1 X119.31 Y117.996
G0 F7200 X119.09 Y117.996
G0 X119.09 Y116.416
G0 X119.24 Y116.416
G1 F3000 X113.081 Y122.576 E480.48353
G1 X113.011 Y122.646
G0 F7200 X113.228 Y122.536
G0 X113.743 Y123.542
G0 X113.609 Y123.609
G1 F3000 X119.24 Y129.24 E480.58339
G1 X119.31 Y129.31
G0 F7200 X119.12 Y129.12
G0 X117.73 Y129.09
G0 X117.73 Y129.24
G1 F3000 X119.24 Y127.73 E480.61017
G1 X119.31 Y127.66
G0 F7200 X119.09 Y127.66
G0 X115.022 Y115.127
G0 X114.872 Y115.127
G1 F3000 X119.239 Y110.76 E480.68762
G1 X119.309 Y110.69
G0 F7200 X119.12 Y110.88
G0 X117.731 Y110.91
G0 X117.731 Y110.76
G1 F3000 X119.24 Y112.269 E480.71438
G1 X119.31 Y112.339
G0 F7200 X119.09 Y112.339
G0 X102.269 Y110.91
G0 X102.269 Y110.76
G1 F3000 X100.761 Y112.268 E480.74112
G1 X100.691 Y112.338
G0 F7200 X100.91 Y112.338
G0 X105.568 Y127.156
G0 X114.344 Y127.228
G0 X114.344 Y126.745
;TYPE:WALL-INNER
G1 F3000 X114.159 Y126.869 E480.74392
G1 X113.997 Y126.916 E480.74603
G1 X106.404 Y126.916 E480.84125
G1 X106.155 Y126.863 E480.84444
G1 X105.966 Y126.727 E480.84736
G1 X105.856 Y126.561 E480.84986
G1 X105.81 Y126.403 E480.85192
G1 X105.804 Y124.699 E480.87329
G1 X105.956 Y124.404 E480.87745
G1 X106.148 Y124.26 E480.88046
G1 X106.404 Y124.204 E480.88375
G1 X110.635 Y124.204 E480.93681
G1 X105.738 Y114.609 E481.0719
G1 X105.717 Y113.907 E481.08071
G1 X105.798 Y113.707 E481.08341
G1 X105.915 Y113.561 E481.08576
G1 X106.244 Y113.404 E481.09033
G1 X114.112 Y113.404 E481.189
G1 X114.32 Y113.441 E481.19165
G1 X114.493 Y113.54 E481.19415
G1 X114.68 Y113.809 E481.19825
G1 X114.712 Y114.004 E481.20073
G1 X114.712 Y115.633 E481.22116
G1 X114.626 Y115.831 E481.22387
G1 X114.428 Y116.031 E481.2274
G1 X114.19 Y116.12 E481.23058
G1 X109.597 Y116.12 E481.28818
G1 X114.526 Y125.752 E481.42387
G1 X114.516 Y126.42 E481.43225
G1 X114.459 Y126.589 E481.43448
G1 X114.344 Y126.745 E481.43691
G0 F7200 X114.344 Y127.228
G0 X119.12 Y129.12
G0 X119.4 Y129.4
G1 F3000 X119.4 Y110.6 E481.67267
G1 X100.6 Y110.6 E481.90843
G1 X100.6 Y129.4 E482.14419
G1 X119.4 Y129.4 E482.37995
G0 F7200 X119.8 Y129.8
;TYPE:WALL-OUTER
G1 F1500 X119.8 Y110.2 E482.62574
G1 X100.2 Y110.2 E482.87153
G1 X100.2 Y129.8 E483.11732
G1 X119.8 Y129.8 E483.36311
G0 F7200 X119.8 Y129.6
G0 X119.12 Y129.12
G0 X114.837 Y126.351
G0 X114.122 Y126.351
G1 F1500 X114.064 Y126.459 E483.36465
G1 X113.959 Y126.513 E483.36613
G1 X106.344 Y126.516 E483.46163
G1 X106.258 Y126.453 E483.46296
G1 X106.206 Y126.345 E483.46447
G1 X106.21 Y124.753 E483.48443
G1 X106.342 Y124.604 E483.48693
G1 X111.289 Y124.604 E483.54896
G1 X106.125 Y114.476 E483.69153
G1 X106.126 Y113.954 E483.69808
G1 X106.185 Y113.856 E483.69951
G1 X106.285 Y113.806 E483.70091
G1 X114.161 Y113.804 E483.79968
G1 X114.312 Y113.953 E483.80234
G1 X114.31 Y115.555 E483.82243
G1 X114.2 Y115.717 E483.82489
G1 X108.943 Y115.72 E483.89081
G1 X114.119 Y125.848 E484.03344
G1 X114.122 Y126.351 E484.03975
G0 F7200 X114.064 Y126.459
G0 X113.996 Y126.494
G0 X113.996 Y127.528
;MESH:NONMESH
G0 F600 X113.996 Y127.528 Z18.7
G0 F7200 X105.568 Y127.156
G0 X100.88 Y110.88
G0 X100.76 Y110.76
;TIME_ELAPSED:1220.248132
;LAYER:92
;TYPE:FILL
;MESH:xyzCalibration_cube.glb
G1 F3000 X106.55 Y116.55 E484.14244
G1 X106.62 Y116.62
G0 F7200 X106.969 Y117.373
G1 F3000 X100.761 Y123.582 E484.25254
G1 X100.691 Y123.652
G0 F7200 X100.91 Y123.652
G0 X100.91 Y122.074
G0 X100.76 Y122.074
G1 F3000 X107.926 Y129.24 E484.37963
G1 X107.996 Y129.31
G0 F7200 X107.996 Y129.09
G0 X106.416 Y129.09
G0 X106.416 Y129.24
G1 F3000 X108.58 Y127.076 E484.41801
G1 X108.65 Y127.006
G0 F7200 X108.65 Y127.228
G0 X111.419 Y127.228
G0 X111.419 Y127.076
G1 F3000 X113.583 Y129.24 E484.45639
G1 X113.653 Y129.31
G0 F7200 X113.653 Y129.09
G0 X112.073 Y129.09
G0 X112.073 Y129.24
G1 F3000 X114.451 Y126.862 E484.49856
G1 X114.459 Y126.854
G1 X119.24 Y122.073 E484.58335
G1 X119.31 Y122.003
G0 F7200 X119.09 Y122.003
G0 X119.09 Y123.583
G0 X119.24 Y123.583
G1 F3000 X111.937 Y116.28 E484.71287
G1 X111.867 Y116.21
G0 F7200 X111.867 Y116.43
G0 X113.72 Y116.43
G0 X113.72 Y116.279
G1 F3000 X111.166 Y118.833 E484.75816
G1 X111.096 Y118.903
G0 F7200 X111.313 Y118.793
G0 X114.95 Y116.358
G0 X114.95 Y113.169
G0 X105.484 Y113.169
G0 X105.474 Y114.631
G0 X108.747 Y121.185
G0 X108.881 Y121.118
G1 F3000 X100.761 Y129.239 E484.90218
G1 X100.691 Y129.309
G0 F7200 X100.88 Y129.12
G0 X100.91 Y127.73
G0 X100.76 Y127.73
G1 F3000 X102.27 Y129.24 E484.92896
G1 X102.34 Y129.31
G0 F7200 X102.34 Y129.09
G0 X105.568 Y123.967
G0 X108.387 Y123.895
G0 X108.387 Y124.044
G1 F3000 X100.76 Y116.417 E485.06422
G1 X100.69 Y116.347
G0 F7200 X100.91 Y116.347
G0 X100.91 Y117.925
G0 X100.761 Y117.925
G1 F3000 X107.926 Y110.76 E485.19129
G1 X107.996 Y110.69
G0 F7200 X107.996 Y110.91
G0 X106.417 Y110.91
G0 X106.417 Y110.76
G1 F3000 X108.901 Y113.244 E485.23534
G1 X108.971 Y113.314
G0 F7200 X108.971 Y113.097
G0 X111.098 Y113.097
G0 X111.098 Y113.245
G1 F3000 X113.583 Y110.76 E485.27941
G1 X113.653 Y110.69
G0 F7200 X113.653 Y110.91
G0 X112.074 Y110.91
G0 X112.074 Y110.76
G1 F3000 X119.24 Y117.926 E485.4065
G1 X119.31 Y117.996
G0 F7200 X119.09 Y117.996
G0 X119.09 Y116.416
G0 X119.24 Y116.416
G1 F3000 X113.081 Y122.576 E485.51574
G1 X113.011 Y122.646
G0 F7200 X113.228 Y122.536
G0 X113.743 Y123.542
G0 X113.609 Y123.609
G1 F3000 X119.24 Y129.24 E485.6156
G1 X119.31 Y129.31
G0 F7200 X119.12 Y129.12
G0 X117.73 Y129.09
G0 X117.73 Y129.24
G1 F3000 X119.24 Y127.73 E485.64238
G1 X119.31 Y127.66
G0 F7200 X119.09 Y127.66
G0 X115.022 Y115.127
G0 X114.872 Y115.127
G1 F3000 X119.239 Y110.76 E485.71983
G1 X119.309 Y110.69
G0 F7200 X119.12 Y110.88
G0 X117.731 Y110.91
G0 X117.731 Y110.76
G1 F3000 X119.24 Y112.269 E485.74659
G1 X119.31 Y112.339
G0 F7200 X119.09 Y112.339
G0 X102.269 Y110.91
G0 X102.269 Y110.76
G1 F3000 X100.761 Y112.268 E485.77333
G1 X100.691 Y112.338
G0 F7200 X100.91 Y112.338
G0 X105.568 Y127.156
G0 X114.344 Y127.228
G0 X114.344 Y126.745
;TYPE:WALL-INNER
G1 F3000 X114.159 Y126.869 E485.77613
G1 X113.997 Y126.916 E485.77824
G1 X106.404 Y126.916 E485.87346
G1 X106.155 Y126.863 E485.87665
G1 X105.966 Y126.727 E485.87957
G1 X105.856 Y126.561 E485.88207
G1 X105.81 Y126.403 E485.88413
G1 X105.804 Y124.699 E485.9055
G1 X105.956 Y124.404 E485.90967
G1 X106.148 Y124.26 E485.91267
G1 X106.404 Y124.204 E485.91596
G1 X110.635 Y124.204 E485.96902
G1 X105.738 Y114.609 E486.10411
G1 X105.717 Y113.907 E486.11292
G1 X105.798 Y113.707 E486.11562
G1 X105.915 Y113.561 E486.11797
G1 X106.244 Y113.404 E486.12254
G1 X114.112 Y113.404 E486.22121
G1 X114.32 Y113.441 E486.22386
G1 X114.493 Y113.54 E486.22636
G1 X114.68 Y113.809 E486.23047
G1 X114.712 Y114.004 E486.23294
G1 X114.712 Y115.633 E486.25337
G1 X114.626 Y115.831 E486.25608
G1 X114.428 Y116.031 E486.25961
G1 X114.19 Y116.12 E486.26279
G1 X109.597 Y116.12 E486.32039
G1 X114.526 Y125.752 E486.45608
G1 X114.516 Y126.42 E486.46446
G1 X114.459 Y126.589 E486.46669
G1 X114.344 Y126.745 E486.46912
G0 F7200 X114.344 Y127.228
G0 X119.12 Y129.12
G0 X119.4 Y129.4
G1 F3000 X119.4 Y110.6 E486.70488
G1 X100.6 Y110.6 E486.94064
G1 X100.6 Y129.4 E487.1764
G1 X119.4 Y129.4 E487.41216
G0 F7200 X119.8 Y129.8
;TYPE:WALL-OUTER
G1 F1500 X119.8 Y110.2 E487.65795
G1 X100.2 Y110.2 E487.90374
G1 X100.2 Y129.8 E488.14953
G1 X119.8 Y129.8 E488.39532
G0 F7200 X119.8 Y129.6
G0 X119.12 Y129.12
G0 X114.837 Y126.351
G0 X114.122 Y126.351
G1 F1500 X114.064 Y126.459 E488.39686
G1 X113.959 Y126.513 E488.39834
G1 X106.344 Y126.516 E488.49384
G1 X106.258 Y126.453 E488.49517
G1 X106.206 Y126.345 E488.49668
G1 X106.21 Y124.753 E488.51664
G1 X106.342 Y124.604 E488.51914
G1 X111.289 Y124.604 E488.58117
G1 X106.125 Y114.476 E488.72374
G1 X106.126 Y113.954 E488.73029
G1 X106.185 Y113.856 E488.73172
G1 X106.285 Y113.806 E488.73312
G1 X114.161 Y113.804 E488.83189
G1 X114.312 Y113.953 E488.83455
G1 X114.31 Y115.555 E488.85464
G1 X114.2 Y115.717 E488.8571
G1 X108.943 Y115.72 E488.92302
G1 X114.119 Y125.848 E489.06566
G1 X114.122 Y126.351 E489.07196
G0 F7200 X114.064 Y126.459
G0 X113.996 Y126.494
G0 X113.996 Y127.528
;MESH:NONMESH
G0 F600 X113.996 Y127.528 Z18.9
G0 F7200 X105.568 Y127.156
G0 X100.88 Y110.88
G0 X100.76 Y110.76
;TIME_ELAPSED:1233.576447
;LAYER:93
;TYPE:FILL
;MESH:xyzCalibration_cube.glb
G1 F3000 X106.55 Y116.55 E489.17465
G1 X106.62 Y116.62
G0 F7200 X106.969 Y117.373
G1 F3000 X100.761 Y123.582 E489.28475
G1 X100.691 Y123.652
G0 F7200 X100.91 Y123.652
G0 X100.91 Y122.074
G0 X100.76 Y122.074
G1 F3000 X107.926 Y129.24 E489.41184
G1 X107.996 Y129.31
G0 F7200 X107.996 Y129.09
G0 X106.416 Y129.09
G0 X106.416 Y129.24
G1 F3000 X108.58 Y127.076 E489.45022
G1 X108.65 Y127.006
G0 F7200 X108.65 Y127.228
G0 X111.419 Y127.228
G0 X111.419 Y127.076
G1 F3000 X113.583 Y129.24 E489.4886
G1 X113.653 Y129.31
G0 F7200 X113.653 Y129.09
G0 X112.073 Y129.09
G0 X112.073 Y129.24
G1 F3000 X114.451 Y126.862 E489.53077
G1 X114.459 Y126.854
G1 X119.24 Y122.073 E489.61556
G1 X119.31 Y122.003
G0 F7200 X119.09 Y122.003
G0 X119.09 Y123.583
G0 X119.24 Y123.583
G1 F3000 X111.937 Y116.28 E489.74508
G1 X111.867 Y116.21
G0 F7200 X111.867 Y116.43
G0 X113.72 Y116.43
G0 X113.72 Y116.279
G1 F3000 X111.166 Y118.833 E489.79037
G1 X111.096 Y118.903
G0 F7200 X111.313 Y118.793
G0 X114.95 Y116.358
G0 X114.95 Y113.169
G0 X105.484 Y113.169
G0 X105.474 Y114.631
G0 X108.747 Y121.185
G0 X108.881 Y121.118
G1 F3000 X100.761 Y129.239 E489.93439
G1 X100.691 Y129.309
G0 F7200 X100.88 Y129.12
G0 X100.91 Y127.73
G0 X100.76 Y127.73
G1 F3000 X102.27 Y129.24 E489.96117
G1 X102.34 Y129.31
G0 F7200 X102.34 Y129.09
G0 X105.568 Y123.967
G0 X108.387 Y123.895
G0 X108.387 Y124.044
G1 F3000 X100.76 Y116.417 E490.09643
G1 X100.69 Y116.347
G0 F7200 X100.91 Y116.347
G0 X100.91 Y117.925
G0 X100.761 Y117.925
G1 F3000 X107.926 Y110.76 E490.2235
G1 X107.996 Y110.69
G0 F7200 X107.996 Y110.91
G0 X106.417 Y110.91
G0 X106.417 Y110.76
G1 F3000 X108.901 Y113.244 E490.26755
G1 X108.971 Y113.314
G0 F7200 X108.971 Y113.097
G0 X111.098 Y113.097
G0 X111.098 Y113.245
G1 F3000 X113.583 Y110.76 E490.31162
G1 X113.653 Y110.69
G0 F7200 X113.653 Y110.91
G0 X112.074 Y110.91
G0 X112.074 Y110.76
G1 F3000 X119.24 Y117.926 E490.43871
G1 X119.31 Y117.996
G0 F7200 X119.09 Y117.996
G0 X119.09 Y116.416
G0 X119.24 Y116.416
G1 F3000 X113.081 Y122.576 E490.54795
G1 X113.011 Y122.646
G0 F7200 X113.228 Y122.536
G0 X113.743 Y123.542
G0 X113.609 Y123.609
G1 F3000 X119.24 Y129.24 E490.64781
G1 X119.31 Y129.31
G0 F7200 X119.12 Y129.12
G0 X117.73 Y129.09
G0 X117.73 Y129.24
G1 F3000 X119.24 Y127.73 E490.67459
G1 X119.31 Y127.66
G0 F7200 X119.09 Y127.66
G0 X115.022 Y115.127
G0 X114.872 Y115.127
G1 F3000 X119.239 Y110.76 E490.75204
G1 X119.309 Y110.69
G0 F7200 X119.12 Y110.88
G0 X117.731 Y110.91
G0 X117.731 Y110.76
G1 F3000 X119.24 Y112.269 E490.7788
G1 X119.31 Y112.339
G0 F7200 X119.09 Y112.339
G0 X102.269 Y110.91
G0 X102.269 Y110.76
G1 F3000 X100.761 Y112.268 E490.80555
G1 X100.691 Y112.338
G0 F7200 X100.91 Y112.338
G0 X105.568 Y127.156
G0 X114.344 Y127.228
G0 X114.344 Y126.745
;TYPE:WALL-INNER
G1 F3000 X114.159 Y126.869 E490.80834
G1 X113.997 Y126.916 E490.81045
G1 X106.404 Y126.916 E490.90567
G1 X106.155 Y126.863 E490.90886
G1 X105.966 Y126.727 E490.91178
G1 X105.856 Y126.561 E490.91428
G1 X105.81 Y126.403 E490.91635
G1 X105.804 Y124.699 E490.93771
G1 X105.956 Y124.404 E490.94188
G1 X106.148 Y124.26 E490.94489
G1 X106.404 Y124.204 E490.94817
G1 X110.635 Y124.204 E491.00123
G1 X105.738 Y114.609 E491.13632
G1 X105.717 Y113.907 E491.14513
G1 X105.798 Y113.707 E491.14783
G1 X105.915 Y113.561 E491.15018
G1 X106.244 Y113.404 E491.15475
G1 X114.112 Y113.404 E491.25342
G1 X114.32 Y113.441 E491.25607
G1 X114.493 Y113.54 E491.25857
G1 X114.68 Y113.809 E491.26268
G1 X114.712 Y114.004 E491.26515
G1 X114.712 Y115.633 E491.28558
G1 X114.626 Y115.831 E491.28829
G1 X114.428 Y116.031 E491.29182
G1 X114.19 Y116.12 E491.29501
G1 X109.597 Y116.12 E491.3526
G1 X114.526 Y125.752 E491.48829
G1 X114.516 Y126.42 E491.49667
G1 X114.459 Y126.589 E491.4989
G1 X114.344 Y126.745 E491.50133
G0 F7200 X114.344 Y127.228
G0 X119.12 Y129.12
G0 X119.4 Y129.4
G1 F3000 X119.4 Y110.6 E491.73709
G1 X100.6 Y110.6 E491.97285
G1 X100.6 Y129.4 E492.20861
G1 X119.4 Y129.4 E492.44437
G0 F7200 X119.8 Y129.8
;TYPE:WALL-OUTER
G1 F1500 X119.8 Y110.2 E492.69016
G1 X100.2 Y110.2 E492.93595
G1 X100.2 Y129.8 E493.18174
G1 X119.8 Y129.8 E493.42753
G0 F7200 X119.8 Y129.6
G0 X119.12 Y129.12
G0 X114.837 Y126.351
G0 X114.122 Y126.351
G1 F1500 X114.064 Y126.459 E493.42907
G1 X113.959 Y126.513 E493.43055
G1 X106.344 Y126.516 E493.52605
G1 X106.258 Y126.453 E493.52738
G1 X106.206 Y126.345 E493.52889
G1 X106.21 Y124.753 E493.54885
G1 X106.342 Y124.604 E493.55135
G1 X111.289 Y124.604 E493.61339
G1 X106.125 Y114.476 E493.75595
G1 X106.126 Y113.954 E493.7625
G1 X106.185 Y113.856 E493.76393
G1 X106.285 Y113.806 E493.76533
G1 X114.161 Y113.804 E493.8641
G1 X114.312 Y113.953 E493.86676
G1 X114.31 Y115.555 E493.88685
G1 X114.2 Y115.717 E493.88931
G1 X108.943 Y115.72 E493.95523
G1 X114.119 Y125.848 E494.09787
G1 X114.122 Y126.351 E494.10417
G0 F7200 X114.064 Y126.459
G0 X113.996 Y126.494
G0 X113.996 Y127.528
;MESH:NONMESH
G0 F600 X113.996 Y127.528 Z19.1
G0 F7200 X105.568 Y127.156
G0 X100.88 Y110.88
G0 X100.76 Y110.76
;TIME_ELAPSED:1246.904762
;LAYER:94
;TYPE:FILL
;MESH:xyzCalibration_cube.glb
G1 F3000 X104.8 Y114.799 E494.17581
G1 X104.8 Y113.887 E494.18725
G1 X105.888 Y112.8 E494.20654
G1 X108.456 Y112.8 E494.23874
G1 X108.901 Y113.244 E494.24662
G0 F7200 X108.458 Y112.8
G0 X107.488 Y111.2
G1 F3000 X107.926 Y110.76 E494.25441
G0 F7200 X107.926 Y110.91
G0 X106.856 Y111.2
G1 F3000 X108.458 Y112.8 E494.2828
G1 X111.542 Y112.8 E494.32148
G1 X111.098 Y113.245 E494.32936
G0 F7200 X111.098 Y113.097
G0 X112.513 Y111.2
G1 F3000 X112.074 Y110.76 E494.33715
G0 F7200 X112.074 Y110.91
G0 X113.145 Y111.2
G1 F3000 X113.583 Y110.76 E494.34494
G0 F7200 X113.583 Y110.91
G0 X114.113 Y112.8
G1 F3000 X114.515 Y113.2 E494.35205
G1 X116.798 Y113.2 E494.38068
G1 X116.398 Y113.6 E494.38778
G1 X114.915 Y113.6 E494.40637
G1 X114.515 Y113.2 E494.41347
G0 F7200 X114.915 Y113.6
G1 F3000 X116.057 Y114.743 E494.43373
G1 X113.228 Y117.57 E494.48388
G1 X118.8 Y123.144 E494.58272
G1 X118.8 Y128.169 E494.64573
G1 X119.24 Y127.73 E494.65353
G0 F7200 X118.8 Y128.169
G1 F3000 X118.169 Y128.8 E494.66472
G1 X113.144 Y128.8 E494.72773
G1 X111.942 Y127.6 E494.74903
G1 X108.057 Y127.6 E494.79775
G1 X106.855 Y128.8 E494.81905
G1 X101.831 Y128.8 E494.88206
G1 X101.2 Y128.169 E494.89325
G1 X101.2 Y123.143 E494.95627
G1 X100.761 Y123.582 E494.96406
G0 F7200 X101.2 Y123.143
G1 F3000 X106.407 Y117.936 E495.0564
G1 X108.325 Y121.673 E495.10908
G1 X108.778 Y121.222 E495.1171
G1 X108.339 Y123.994 E495.15229
G1 X108.387 Y124.044 E495.15316
G1 X108.339 Y123.994
G1 X107.005 Y122.663 E495.17679
G0 F7200 X107.2 Y122.858
G1 F3000 X107.2 Y124.004 E495.19116
G1 X107.2 Y124.104
G0 F7200 X107.2 Y123.895
G0 X108.742 Y123.895
G0 X108.742 Y124.004
G1 F3000 X109.113 Y121.662 E495.2209
G0 F7200 X108.778 Y121.222
G1 F3000 X108.881 Y121.118 E495.22273
G0 F7200 X108.325 Y121.673
G1 F3000 X103.201 Y126.8 E495.31363
G0 F7200 X102.801 Y127.2
G1 F3000 X103.201 Y126.8 E495.32073
G1 X105.485 Y126.8 E495.34937
G1 X105.885 Y127.2 E495.35646
G0 F7200 X106.285 Y127.6
G1 F3000 X105.885 Y127.2 E495.36356
G1 X102.801 Y127.2 E495.40223
G1 X102.401 Y127.6 E495.40933
G1 X102.331 Y127.67
G0 F7200 X101.831 Y128.8
G1 F3000 X102.27 Y129.24 E495.41712
G0 F7200 X102.27 Y129.09
G0 X100.88 Y129.12
G0 X100.761 Y129.239
G1 F3000 X102.401 Y127.6 E495.4462
G1 X106.287 Y127.6 E495.49493
G1 X106.387 Y127.6
G0 F7200 X105.568 Y127.156
G0 X105.485 Y126.8
G1 F3000 X104.177 Y125.491 E495.51813
G1 X107.005 Y122.663 E495.56829
G1 X101.2 Y116.856 E495.67126
G1 X101.2 Y111.83 E495.73428
G1 X100.761 Y112.268 E495.74206
G0 F7200 X101.2 Y111.83
G1 F3000 X101.831 Y111.2 E495.75324
G0 F7200 X102.269 Y110.76
G1 F3000 X101.831 Y111.2 E495.76103
G1 X106.856 Y111.2 E495.82404
G1 X106.417 Y110.76 E495.83184
G1 X106.347 Y110.69
G0 F7200 X106.347 Y110.91
G0 X105.888 Y112.8
G1 F3000 X107.488 Y111.2 E495.86021
G1 X112.513 Y111.2 E495.92323
G1 X114.115 Y112.8 E495.95162
G1 X117.198 Y112.8 E495.99028
G1 X119.239 Y110.76 E496.02647
G1 X119.309 Y110.69
G0 F7200 X119.12 Y110.88
G0 X118.17 Y111.2
G1 F3000 X117.731 Y110.76 E496.03427
G0 F7200 X117.731 Y110.91
G0 X118.8 Y111.83
G1 F3000 X119.24 Y112.269 E496.04206
G0 F7200 X119.09 Y112.269
G0 X117.198 Y112.8
G1 F3000 X116.798 Y113.2 E496.04916
G0 F7200 X116.398 Y113.6
G1 F3000 X114.872 Y115.127 E496.07623
G1 X114.802 Y115.197
G0 F7200 X115.022 Y115.197
G0 X116.057 Y114.743
G1 F3000 X118.8 Y117.487 E496.12488
G1 X118.8 Y122.512 E496.1879
G1 X119.24 Y122.073 E496.19569
G0 F7200 X118.8 Y122.512
G1 F3000 X115.2 Y126.112 E496.25954
G1 X115.13 Y126.182
G0 F7200 X115.2 Y125.201
G1 F3000 X114.876 Y124.874 E496.26531
G1 X113.494 Y122.164 E496.30346
G1 X113.081 Y122.576 E496.31077
G0 F7200 X113.494 Y122.164
G1 F3000 X113.651 Y122.004 E496.31359
G0 F7200 X113.743 Y123.542
G0 X113.609 Y123.609
G1 F3000 X114.876 Y124.874 E496.33604
G1 X114.946 Y124.944
G0 F7200 X114.765 Y127.156
G0 X114.459 Y126.854
G1 F3000 X115.2 Y126.112 E496.34919
G1 X115.2 Y125.201 E496.36061
G1 X119.24 Y129.24 E496.43225
G1 X119.31 Y129.31
G0 F7200 X119.12 Y129.12
G0 X118.169 Y128.8
G1 F3000 X117.73 Y129.24 E496.44005
G0 F7200 X117.73 Y129.09
G0 X114.451 Y127.228
G0 X114.451 Y126.862
G1 F3000 X113.712 Y127.6 E496.45314
G1 X113.642 Y127.67
G0 F7200 X113.144 Y128.8
G1 F3000 X113.583 Y129.24 E496.46094
G0 F7200 X113.583 Y129.09
G0 X112.512 Y128.8
G1 F3000 X112.073 Y129.24 E496.46873
G0 F7200 X112.073 Y129.09
G0 X111.944 Y127.6
G1 F3000 X111.419 Y127.076 E496.47803
G0 F7200 X111.942 Y127.6
G1 F3000 X113.712 Y127.6 E496.50023
G1 X112.512 Y128.8 E496.52151
G1 X107.487 Y128.8 E496.58453
G1 X106.285 Y127.6 E496.60583
G1 X108.055 Y127.6 E496.62802
G1 X108.58 Y127.076 E496.63733
G0 F7200 X108.58 Y127.228
G0 X107.487 Y128.8
G1 F3000 X107.926 Y129.24 E496.64512
G0 F7200 X107.926 Y129.09
G0 X106.855 Y128.8
G1 F3000 X106.416 Y129.24 E496.65291
G0 F7200 X106.416 Y129.09
G0 X105.568 Y127.156
G0 X105.496 Y125.6
G0 X105.604 Y125.6
G1 F3000 X104.401 Y125.6 E496.668
G0 F7200 X104.177 Y125.491
G1 F3000 X101.2 Y122.513 E496.72081
G1 X101.2 Y117.487 E496.78383
G1 X100.761 Y117.925 E496.79161
G0 F7200 X101.2 Y117.487
G1 F3000 X104.8 Y113.887 E496.85546
G1 X104.87 Y113.817
G0 F7200 X104.8 Y114.799
G1 F3000 X105.164 Y115.165 E496.86193
G1 X106.521 Y117.82 E496.89932
G1 X106.969 Y117.373 E496.90726
G0 F7200 X106.521 Y117.82
G1 F3000 X106.407 Y117.936 E496.9093
G0 F7200 X106.417 Y116.617
G0 X106.55 Y116.55
G1 F3000 X105.164 Y115.165 E496.93387
G1 X105.094 Y115.095
G0 F7200 X101.2 Y116.856
G1 F3000 X100.76 Y116.417 E496.94166
G0 F7200 X100.91 Y116.417
G0 X100.91 Y122.074
G0 X100.76 Y122.074
G1 F3000 X101.2 Y122.513 E496.94946
G0 F7200 X100.91 Y127.73
G0 X100.76 Y127.73
G1 F3000 X101.2 Y128.169 E496.95725
G0 F7200 X105.568 Y123.967
G0 X109.147 Y123.895
G0 X109.147 Y124.004
G1 F3000 X109.422 Y122.268 E496.97929
G0 F7200 X109.731 Y122.874
G1 F3000 X109.552 Y124.004 E496.99364
G1 X109.537 Y124.102
G0 F7200 X109.537 Y123.895
G0 X105.568 Y123.967
G0 X105.568 Y127.156
G0 X114.765 Y127.156
G0 X114.775 Y125.694
G0 X111.299 Y118.766
G0 X111.166 Y118.833
G1 F3000 X111.737 Y118.263 E497.00376
G1 X113.651 Y122.004 E497.05645
G1 X118.8 Y116.855 E497.14777
G0 F7200 X119.24 Y116.416
G1 F3000 X118.8 Y116.855 E497.15557
G1 X118.8 Y111.83 E497.21858
G1 X118.17 Y111.2 E497.22975
G1 X113.145 Y111.2 E497.29277
G1 X111.545 Y112.8 E497.32114
G1 X114.113 Y112.8 E497.35335
G1 X114.215 Y112.8
G0 F7200 X114.95 Y113.169
G0 X114.95 Y116.358
G0 X113.72 Y116.43
G0 X113.72 Y116.279
G1 F3000 X113.198 Y116.8 E497.3626
G1 X112.458 Y116.8 E497.37188
G1 X111.937 Y116.28 E497.38111
G0 F7200 X111.329 Y116.32
G1 F3000 X112.125 Y117.874 E497.403
G0 F7200 X111.828 Y118.17
G1 F3000 X110.879 Y116.32 E497.42908
G0 F7200 X110.43 Y116.32
G1 F3000 X111.531 Y118.468 E497.45935
G0 F7200 X111.737 Y118.263
G1 F3000 X113.198 Y116.8 E497.48527
G0 F7200 X112.458 Y116.8
G1 F3000 X113.228 Y117.57 E497.49893
G1 X113.298 Y117.64
G0 F7200 X118.8 Y117.487
G1 F3000 X119.24 Y117.926 E497.50672
G0 F7200 X119.09 Y117.926
G0 X118.8 Y123.144
G1 F3000 X119.24 Y123.583 E497.51452
G0 F7200 X119.09 Y123.583
G0 X119.12 Y129.12
G0 X119.4 Y129.4
;TYPE:WALL-INNER
G1 F3000 X119.4 Y110.6 E497.75028
G1 X100.6 Y110.6 E497.98604
G1 X100.6 Y129.4 E498.2218
G1 X119.4 Y129.4 E498.45756
G0 F7200 X119.12 Y129.12
G0 X114.344 Y127.228
G0 X114.344 Y126.745
G1 F3000 X114.159 Y126.869 E498.46035
G1 X113.997 Y126.916 E498.46246
G1 X106.404 Y126.916 E498.55768
G1 X106.155 Y126.863 E498.56087
G1 X105.966 Y126.727 E498.56379
G1 X105.856 Y126.561 E498.56629
G1 X105.81 Y126.403 E498.56836
G1 X105.804 Y124.699 E498.58972
G1 X105.956 Y124.404 E498.59389
G1 X106.148 Y124.26 E498.5969
G1 X106.404 Y124.204 E498.60018
G1 X110.635 Y124.204 E498.65324
G1 X105.738 Y114.609 E498.78833
G1 X105.717 Y113.907 E498.79714
G1 X105.798 Y113.707 E498.79984
G1 X105.915 Y113.561 E498.80219
G1 X106.244 Y113.404 E498.80676
G1 X114.112 Y113.404 E498.90543
G1 X114.32 Y113.441 E498.90808
G1 X114.493 Y113.54 E498.91058
G1 X114.68 Y113.809 E498.91469
G1 X114.712 Y114.004 E498.91716
G1 X114.712 Y115.633 E498.93759
G1 X114.626 Y115.831 E498.9403
G1 X114.428 Y116.031 E498.94383
G1 X114.199 Y116.12 E498.94691
G1 X109.597 Y116.12 E499.00462
G1 X114.526 Y125.752 E499.14031
G1 X114.516 Y126.42 E499.14868
G1 X114.459 Y126.589 E499.15092
G1 X114.344 Y126.745 E499.15335
G0 F7200 X114.122 Y126.351
;TYPE:WALL-OUTER
G1 F1500 X114.064 Y126.459 E499.15489
G1 X113.959 Y126.513 E499.15637
G1 X106.344 Y126.516 E499.25186
G1 X106.258 Y126.453 E499.2532
G1 X106.206 Y126.345 E499.2547
G1 X106.21 Y124.753 E499.27467
G1 X106.342 Y124.604 E499.27716
G1 X111.289 Y124.604 E499.3392
G1 X106.125 Y114.476 E499.48177
G1 X106.126 Y113.954 E499.48831
G1 X106.185 Y113.856 E499.48975
G1 X106.285 Y113.806 E499.49115
G1 X114.161 Y113.804 E499.58992
G1 X114.312 Y113.953 E499.59258
G1 X114.31 Y115.555 E499.61267
G1 X114.2 Y115.717 E499.61512
G1 X108.943 Y115.72 E499.68105
G1 X114.119 Y125.848 E499.82368
G1 X114.122 Y126.351 E499.82999
G0 F7200 X114.064 Y126.459
G0 X113.996 Y126.494
G0 X113.996 Y127.228
G0 X119.52 Y129.52
G0 X119.8 Y129.8
G1 F1500 X119.8 Y110.2 E500.07578
G1 X100.2 Y110.2 E500.32157
G1 X100.2 Y129.8 E500.56736
G1 X119.8 Y129.8 E500.81316
G0 F7200 X119.8 Y129.6
G0 X118.79 Y128.908
;MESH:NONMESH
G0 F600 X118.79 Y128.908 Z19.3
G0 F7200 X114.344 Y127.228
G0 X114.344 Y126.745
;TIME_ELAPSED:1263.915468
;LAYER:95
;TYPE:WALL-INNER
;MESH:xyzCalibration_cube.glb
G1 F3000 X114.159 Y126.869 E500.81595
G1 X113.997 Y126.916 E500.81806
G1 X106.404 Y126.916 E500.91328
G1 X106.155 Y126.863 E500.91648
G1 X105.966 Y126.727 E500.9194
G1 X105.856 Y126.561 E500.92189
G1 X105.81 Y126.403 E500.92396
G1 X105.804 Y124.699 E500.94533
G1 X105.956 Y124.404 E500.94949
G1 X106.148 Y124.26 E500.9525
G1 X106.404 Y124.204 E500.95578
G1 X110.635 Y124.204 E501.00884
G1 X105.738 Y114.609 E501.14393
G1 X105.717 Y113.907 E501.15274
G1 X105.798 Y113.707 E501.15544
G1 X105.915 Y113.561 E501.15779
G1 X106.244 Y113.404 E501.16236
G1 X114.112 Y113.404 E501.26103
G1 X114.32 Y113.441 E501.26368
G1 X114.493 Y113.54 E501.26618
G1 X114.68 Y113.809 E501.27029
G1 X114.712 Y114.004 E501.27276
G1 X114.712 Y115.633 E501.29319
G1 X114.626 Y115.831 E501.2959
G1 X114.428 Y116.031 E501.29943
G1 X114.199 Y116.12 E501.30251
G1 X109.597 Y116.12 E501.36022
G1 X114.526 Y125.752 E501.49591
G1 X114.516 Y126.42 E501.50428
G1 X114.459 Y126.589 E501.50652
G1 X114.344 Y126.745 E501.50895
G0 F7200 X114.344 Y127.228
G0 X119.12 Y129.12
G0 X119.4 Y129.4
G1 F3000 X119.4 Y110.6 E501.74471
G1 X100.6 Y110.6 E501.98047
G1 X100.6 Y129.4 E502.21623
G1 X119.4 Y129.4 E502.45199
G0 F7200 X119.8 Y129.8
;TYPE:WALL-OUTER
G1 F1500 X119.8 Y110.2 E502.69778
G1 X100.2 Y110.2 E502.94357
G1 X100.2 Y129.8 E503.18936
G1 X119.8 Y129.8 E503.43515
G0 F7200 X119.8 Y129.6
G0 X119.12 Y129.12
G0 X114.837 Y126.351
G0 X114.122 Y126.351
G1 F1500 X114.064 Y126.459 E503.43669
G1 X113.959 Y126.513 E503.43817
G1 X106.344 Y126.516 E503.53367
G1 X106.258 Y126.453 E503.535
G1 X106.206 Y126.345 E503.53651
G1 X106.21 Y124.753 E503.55647
G1 X106.342 Y124.604 E503.55897
G1 X111.289 Y124.604 E503.621
G1 X106.125 Y114.476 E503.76357
G1 X106.126 Y113.954 E503.77012
G1 X106.185 Y113.856 E503.77155
G1 X106.285 Y113.806 E503.77295
G1 X114.161 Y113.804 E503.87172
G1 X114.312 Y113.953 E503.87438
G1 X114.31 Y115.555 E503.89447
G1 X114.2 Y115.717 E503.89693
G1 X108.943 Y115.72 E503.96285
G1 X114.119 Y125.848 E504.10548
G1 X114.122 Y126.351 E504.11179
G0 F7200 X114.064 Y126.459
G0 X113.996 Y126.494
G0 X113.996 Y127.228
G0 X119.02 Y129.02
;TYPE:SKIN
G1 F1500 X100.98 Y129.02 E504.33802
G1 X100.98 Y110.98 E504.56425
G1 X119.02 Y110.98 E504.79048
G1 X119.02 Y129.02 E505.01671
G0 F7200 X114.578 Y127.228
G0 X114.578 Y127.04
G1 F1500 X114.778 Y126.786 E505.02076
G1 X114.886 Y126.507 E505.02451
G1 X114.904 Y125.777 E505.03367
G1 X114.809 Y125.471 E505.03769
G1 X110.216 Y116.5 E505.16407
G1 X114.143 Y116.498 E505.21332
G1 X114.419 Y116.45 E505.21683
G1 X114.799 Y116.217 E505.22242
G1 X115.033 Y115.835 E505.22804
G1 X115.09 Y115.546 E505.23173
G1 X115.09 Y113.97 E505.2515
G1 X115.038 Y113.683 E505.25516
G1 X114.939 Y113.482 E505.25797
G1 X114.754 Y113.263 E505.26156
G1 X114.483 Y113.097 E505.26555
G1 X114.138 Y113.026 E505.26996
G1 X106.185 Y113.026 E505.3697
G1 X105.921 Y113.11 E505.37317
G1 X105.636 Y113.302 E505.37748
G1 X105.453 Y113.542 E505.38126
G1 X105.335 Y113.845 E505.38534
G1 X105.363 Y114.719 E505.39631
G1 X110.013 Y123.824 E505.52452
G1 X106.366 Y123.828 E505.57025
G1 X105.983 Y123.914 E505.57517
G1 X105.668 Y124.152 E505.58013
G1 X105.43 Y124.602 E505.58651
G1 X105.426 Y126.432 E505.60946
G1 X105.495 Y126.682 E505.61271
G1 X105.67 Y126.96 E505.61683
G1 X105.963 Y127.187 E505.62148
G1 X106.365 Y127.292 E505.62669
G1 X114.051 Y127.294 E505.72307
G1 X114.283 Y127.224 E505.72611
G1 X114.578 Y127.04 E505.73047
G0 F7200 X114.578 Y127.228
G0 X118.385 Y128.82
G1 F1500 X118.82 Y128.384 E505.7382
G0 F7200 X118.82 Y127.819
G1 F1500 X117.819 Y128.82 E505.75595
G0 F7200 X117.253 Y128.82
G1 F1500 X118.82 Y127.253 E505.78374
G0 F7200 X118.82 Y126.687
G1 F1500 X116.687 Y128.82 E505.82157
G0 F7200 X116.122 Y128.82
G1 F1500 X118.82 Y126.122 E505.86942
G0 F7200 X118.82 Y125.556
G1 F1500 X115.556 Y128.82 E505.9273
G0 F7200 X114.99 Y128.82
G1 F1500 X118.82 Y124.99 E505.99523
G0 F7200 X118.82 Y124.425
G1 F1500 X114.425 Y128.82 E506.07317
G0 F7200 X113.859 Y128.82
G1 F1500 X118.82 Y123.859 E506.16115
G0 F7200 X118.82 Y123.293
G1 F1500 X113.293 Y128.82 E506.25917
G0 F7200 X112.728 Y128.82
G1 F1500 X114.057 Y127.491 E506.28274
G0 F7200 X113.491 Y127.491
G1 F1500 X112.162 Y128.82 E506.30631
G0 F7200 X111.596 Y128.82
G1 F1500 X112.925 Y127.491 E506.32988
G0 F7200 X112.359 Y127.491
G1 F1500 X111.031 Y128.82 E506.35344
G0 F7200 X110.465 Y128.82
G1 F1500 X111.793 Y127.492 E506.37699
G0 F7200 X111.227 Y127.492
G1 F1500 X109.899 Y128.82 E506.40054
G0 F7200 X109.334 Y128.82
G1 F1500 X110.661 Y127.493 E506.42408
G0 F7200 X110.094 Y127.493
G1 F1500 X108.768 Y128.82 E506.4476
G0 F7200 X108.202 Y128.82
G1 F1500 X109.529 Y127.493 E506.47114
G0 F7200 X108.962 Y127.494
G1 F1500 X107.637 Y128.82 E506.49465
G0 F7200 X107.071 Y128.82
G1 F1500 X108.397 Y127.494 E506.51816
G0 F7200 X107.83 Y127.495
G1 F1500 X106.505 Y128.82 E506.54166
G0 F7200 X105.939 Y128.82
G1 F1500 X107.264 Y127.496 E506.56515
G0 F7200 X106.698 Y127.496
G1 F1500 X105.374 Y128.82 E506.58863
G0 F7200 X104.808 Y128.82
G1 F1500 X106.178 Y127.45 E506.61293
G0 F7200 X105.773 Y127.289
G1 F1500 X104.242 Y128.82 E506.64008
G0 F7200 X103.677 Y128.82
G1 F1500 X105.474 Y127.023 E506.67195
G0 F7200 X105.279 Y126.652
G1 F1500 X103.111 Y128.82 E506.7104
G0 F7200 X102.545 Y128.82
G1 F1500 X105.227 Y126.139 E506.75795
G0 F7200 X105.226 Y125.574
G1 F1500 X101.98 Y128.82 E506.81552
G0 F7200 X101.414 Y128.82
G1 F1500 X105.225 Y125.009 E506.88311
G0 F7200 X105.351 Y124.317
G1 F1500 X101.181 Y128.488 E506.95707
G0 F7200 X101.181 Y127.922
G1 F1500 X108.263 Y120.84 E507.08267
G0 F7200 X108.455 Y121.214
G1 F1500 X105.945 Y123.723 E507.12717
G0 F7200 X106.61 Y123.624
G1 F1500 X108.646 Y121.588 E507.16328
G0 F7200 X108.836 Y121.963
G1 F1500 X107.175 Y123.624 E507.19274
G0 F7200 X107.741 Y123.624
G1 F1500 X109.028 Y122.337 E507.21556
G0 F7200 X109.219 Y122.712
G1 F1500 X108.307 Y123.624 E507.23174
G0 F7200 X108.873 Y123.624
G1 F1500 X109.411 Y123.086 E507.24128
G0 F7200 X109.602 Y123.461
G1 F1500 X109.438 Y123.624 E507.24418
G0 F7200 X108.072 Y120.465
G1 F1500 X101.181 Y127.356 E507.36639
G0 F7200 X101.181 Y126.791
G1 F1500 X107.88 Y120.091 E507.4852
G0 F7200 X107.69 Y119.716
G1 F1500 X101.181 Y126.225 E507.60064
G0 F7200 X101.181 Y125.659
G1 F1500 X107.498 Y119.342 E507.71267
G0 F7200 X107.307 Y118.967
G1 F1500 X101.181 Y125.094 E507.82132
G0 F7200 X101.181 Y124.528
G1 F1500 X107.115 Y118.593 E507.92657
G0 F7200 X106.924 Y118.218
G1 F1500 X101.181 Y123.962 E508.02843
G0 F7200 X101.181 Y123.396
G1 F1500 X106.733 Y117.844 E508.12689
G0 F7200 X106.542 Y117.47
G1 F1500 X101.181 Y122.831 E508.22197
G0 F7200 X101.181 Y122.265
G1 F1500 X106.351 Y117.095 E508.31366
G0 F7200 X106.159 Y116.721
G1 F1500 X101.181 Y121.699 E508.40194
G0 F7200 X101.181 Y121.134
G1 F1500 X105.968 Y116.346 E508.48684
G0 F7200 X105.777 Y115.972
G1 F1500 X101.181 Y120.568 E508.56835
G0 F7200 X101.181 Y120.002
G1 F1500 X105.586 Y115.597 E508.64648
G0 F7200 X105.394 Y115.223
G1 F1500 X101.181 Y119.437 E508.7212
G0 F7200 X101.181 Y118.871
G1 F1500 X105.203 Y114.848 E508.79254
G0 F7200 X105.151 Y114.335
G1 F1500 X101.181 Y118.305 E508.86295
G0 F7200 X101.181 Y117.74
G1 F1500 X105.15 Y113.77 E508.93334
G1 X105.22 Y113.7
G0 F7200 X106.061 Y112.859
G1 F1500 X107.74 Y111.18 E508.96312
G0 F7200 X107.175 Y111.18
G1 F1500 X101.181 Y117.174 E509.06942
G0 F7200 X101.181 Y116.608
G1 F1500 X106.609 Y111.18 E509.16569
G0 F7200 X106.043 Y111.18
G1 F1500 X101.181 Y116.043 E509.25192
G0 F7200 X101.181 Y115.477
G1 F1500 X105.478 Y111.18 E509.32813
G0 F7200 X104.912 Y111.18
G1 F1500 X101.181 Y114.911 E509.3943
G0 F7200 X101.181 Y114.346
G1 F1500 X104.346 Y111.18 E509.45044
G0 F7200 X103.781 Y111.18
G1 F1500 X101.181 Y113.78 E509.49655
G0 F7200 X101.181 Y113.214
G1 F1500 X103.215 Y111.18 E509.53262
G0 F7200 X102.649 Y111.18
G1 F1500 X101.181 Y112.648 E509.55865
G0 F7200 X101.181 Y112.083
G1 F1500 X102.084 Y111.18 E509.57467
G0 F7200 X101.518 Y111.18
G1 F1500 X101.181 Y111.517 E509.58064
G0 F7200 X106.657 Y112.829
G1 F1500 X108.306 Y111.18 E509.60989
G0 F7200 X108.872 Y111.18
G1 F1500 X107.223 Y112.829 E509.63913
G0 F7200 X107.789 Y112.829
G1 F1500 X109.438 Y111.18 E509.66838
G0 F7200 X110.003 Y111.18
G1 F1500 X108.354 Y112.829 E509.69762
G0 F7200 X108.92 Y112.829
G1 F1500 X110.569 Y111.18 E509.72687
G0 F7200 X111.135 Y111.18
G1 F1500 X109.486 Y112.829 E509.75611
G0 F7200 X110.051 Y112.829
G1 F1500 X111.7 Y111.18 E509.78536
G0 F7200 X112.266 Y111.18
G1 F1500 X110.617 Y112.829 E509.8146
G0 F7200 X111.183 Y112.829
G1 F1500 X112.832 Y111.18 E509.84385
G0 F7200 X113.397 Y111.18
G1 F1500 X111.748 Y112.829 E509.87309
G0 F7200 X112.314 Y112.829
G1 F1500 X113.963 Y111.18 E509.90234
G0 F7200 X114.529 Y111.18
G1 F1500 X112.88 Y112.829 E509.93158
G0 F7200 X113.445 Y112.829
G1 F1500 X115.094 Y111.18 E509.96083
G0 F7200 X115.66 Y111.18
G1 F1500 X114.011 Y112.829 E509.99007
G0 F7200 X114.5 Y112.905
G1 F1500 X116.226 Y111.18 E510.02067
G0 F7200 X116.791 Y111.18
G1 F1500 X114.865 Y113.106 E510.05483
G0 F7200 X115.127 Y113.41
G1 F1500 X117.357 Y111.18 E510.09438
G0 F7200 X117.923 Y111.18
G1 F1500 X115.268 Y113.834 E510.14145
G0 F7200 X115.287 Y114.381
G1 F1500 X118.488 Y111.18 E510.19822
G0 F7200 X118.82 Y111.414
G1 F1500 X115.288 Y114.946 E510.26086
G0 F7200 X115.288 Y115.512
G1 F1500 X118.82 Y111.98 E510.3235
G0 F7200 X118.82 Y112.545
G1 F1500 X111.939 Y119.427 E510.44554
G0 F7200 X112.13 Y119.801
G1 F1500 X118.82 Y113.111 E510.56419
G0 F7200 X118.82 Y113.677
G1 F1500 X112.322 Y120.175 E510.67943
G0 F7200 X112.513 Y120.549
G1 F1500 X118.82 Y114.242 E510.79128
G0 F7200 X118.82 Y114.808
G1 F1500 X112.705 Y120.923 E510.89973
G0 F7200 X112.896 Y121.298
G1 F1500 X118.82 Y115.374 E511.00479
G0 F7200 X118.82 Y115.939
G1 F1500 X113.088 Y121.672 E511.10646
G0 F7200 X113.279 Y122.046
G1 F1500 X118.82 Y116.505 E511.20472
G0 F7200 X118.82 Y117.071
G1 F1500 X113.471 Y122.42 E511.29959
G0 F7200 X113.662 Y122.794
G1 F1500 X118.82 Y117.636 E511.39106
G0 F7200 X118.82 Y118.202
G1 F1500 X113.854 Y123.168 E511.47913
G0 F7200 X114.045 Y123.543
G1 F1500 X118.82 Y118.768 E511.56382
G0 F7200 X118.82 Y119.333
G1 F1500 X114.237 Y123.917 E511.6451
G0 F7200 X114.428 Y124.291
G1 F1500 X118.82 Y119.899 E511.723
G0 F7200 X118.82 Y120.465
G1 F1500 X114.62 Y124.665 E511.79748
G0 F7200 X114.812 Y125.039
G1 F1500 X118.82 Y121.031 E511.86856
G0 F7200 X118.82 Y121.596
G1 F1500 X115.001 Y125.415 E511.93629
G0 F7200 X115.101 Y125.881
G1 F1500 X118.82 Y122.162 E512.00225
G0 F7200 X118.82 Y122.728
G1 F1500 X115.086 Y126.462 E512.06847
G1 X115.016 Y126.532
G0 F7200 X111.747 Y119.053
G1 F1500 X114.105 Y116.695 E512.11029
G0 F7200 X113.539 Y116.695
G1 F1500 X111.556 Y118.678 E512.14546
G0 F7200 X111.364 Y118.304
G1 F1500 X112.972 Y116.696 E512.17397
G0 F7200 X112.406 Y116.697
G1 F1500 X111.173 Y117.93 E512.19584
G0 F7200 X110.981 Y117.556
G1 F1500 X111.839 Y116.698 E512.21106
G0 F7200 X111.272 Y116.699
G1 F1500 X110.789 Y117.182 E512.21962
G0 F7200 X110.598 Y116.808
G1 F1500 X110.706 Y116.699 E512.22155
G0 F7200 X110.706 Y116.73
;MESH:NONMESH
G0 F600 X110.706 Y116.73 Z19.5
G0 F7200 X114.775 Y125.694
G0 X114.765 Y127.156
G0 X114.344 Y126.745
;TIME_ELAPSED:1300.962529
;LAYER:96
;TYPE:WALL-INNER
;MESH:xyzCalibration_cube.glb
G1 F3000 X114.159 Y126.869 E512.22434
G1 X113.997 Y126.916 E512.22645
G1 X106.404 Y126.916 E512.32167
G1 X106.155 Y126.863 E512.32487
G1 X105.966 Y126.727 E512.32779
G1 X105.856 Y126.561 E512.33028
G1 X105.81 Y126.403 E512.33235
G1 X105.804 Y124.699 E512.35372
G1 X105.956 Y124.404 E512.35788
G1 X106.148 Y124.26 E512.36089
G1 X106.404 Y124.204 E512.36417
G1 X110.635 Y124.204 E512.41723
G1 X105.738 Y114.609 E512.55232
G1 X105.717 Y113.907 E512.56113
G1 X105.798 Y113.707 E512.56383
G1 X105.915 Y113.561 E512.56618
G1 X106.244 Y113.404 E512.57075
G1 X114.112 Y113.404 E512.66942
G1 X114.32 Y113.441 E512.67207
G1 X114.493 Y113.54 E512.67457
G1 X114.68 Y113.809 E512.67868
G1 X114.712 Y114.004 E512.68116
G1 X114.712 Y115.633 E512.70158
G1 X114.626 Y115.831 E512.70429
G1 X114.428 Y116.031 E512.70782
G1 X114.199 Y116.12 E512.7109
G1 X109.597 Y116.12 E512.76861
G1 X114.526 Y125.752 E512.9043
G1 X114.516 Y126.42 E512.91268
G1 X114.459 Y126.589 E512.91491
G1 X114.344 Y126.745 E512.91734
G0 F7200 X114.344 Y127.228
G0 X119.12 Y129.12
G0 X119.4 Y129.4
G1 F3000 X119.4 Y110.6 E513.1531
G1 X100.6 Y110.6 E513.38886
G1 X100.6 Y129.4 E513.62462
G1 X119.4 Y129.4 E513.86038
G0 F7200 X119.8 Y129.8
;TYPE:WALL-OUTER
G1 F1500 X119.8 Y110.2 E514.10617
G1 X100.2 Y110.2 E514.35196
G1 X100.2 Y129.8 E514.59775
G1 X119.8 Y129.8 E514.84354
G0 F7200 X119.8 Y129.6
G0 X119.12 Y129.12
G0 X114.837 Y126.351
G0 X114.122 Y126.351
G1 F1500 X114.064 Y126.459 E514.84508
G1 X113.959 Y126.513 E514.84656
G1 X106.344 Y126.516 E514.94206
G1 X106.258 Y126.453 E514.94339
G1 X106.206 Y126.345 E514.9449
G1 X106.21 Y124.753 E514.96486
G1 X106.342 Y124.604 E514.96736
G1 X111.289 Y124.604 E515.02939
G1 X106.125 Y114.476 E515.17196
G1 X106.126 Y113.954 E515.17851
G1 X106.185 Y113.856 E515.17994
G1 X106.285 Y113.806 E515.18134
G1 X114.161 Y113.804 E515.28011
G1 X114.312 Y113.953 E515.28277
G1 X114.31 Y115.555 E515.30286
G1 X114.2 Y115.717 E515.30532
G1 X108.943 Y115.72 E515.37124
G1 X114.119 Y125.848 E515.51387
G1 X114.122 Y126.351 E515.52018
G0 F7200 X114.064 Y126.459
G0 X113.996 Y126.494
G0 X113.996 Y127.228
G0 X119.02 Y129.02
;TYPE:SKIN
G1 F1500 X100.98 Y129.02 E515.74641
G1 X100.98 Y110.98 E515.97264
G1 X119.02 Y110.98 E516.19887
G1 X119.02 Y129.02 E516.4251
G0 F7200 X114.578 Y127.228
G0 X114.578 Y127.04
G1 F1500 X114.778 Y126.786 E516.42915
G1 X114.886 Y126.507 E516.4329
G1 X114.904 Y125.777 E516.44206
G1 X114.809 Y125.471 E516.44608
G1 X110.216 Y116.5 E516.57246
G1 X114.143 Y116.498 E516.62171
G1 X114.419 Y116.45 E516.62522
G1 X114.799 Y116.217 E516.63081
G1 X115.033 Y115.835 E516.63643
G1 X115.092 Y115.516 E516.6405
G1 X115.09 Y113.97 E516.65989
G1 X115.038 Y113.683 E516.66354
G1 X114.939 Y113.482 E516.66635
G1 X114.754 Y113.263 E516.66995
G1 X114.483 Y113.097 E516.67393
G1 X114.138 Y113.026 E516.67835
G1 X106.185 Y113.026 E516.77808
G1 X105.921 Y113.11 E516.78156
G1 X105.636 Y113.302 E516.78587
G1 X105.453 Y113.542 E516.78965
G1 X105.335 Y113.845 E516.79373
G1 X105.363 Y114.719 E516.8047
G1 X110.013 Y123.824 E516.93291
G1 X106.366 Y123.828 E516.97864
G1 X105.983 Y123.914 E516.98356
G1 X105.668 Y124.152 E516.98851
G1 X105.43 Y124.602 E516.9949
G1 X105.426 Y126.432 E517.01785
G1 X105.495 Y126.682 E517.0211
G1 X105.67 Y126.96 E517.02522
G1 X105.963 Y127.187 E517.02987
G1 X106.365 Y127.292 E517.03508
G1 X114.051 Y127.294 E517.13146
G1 X114.283 Y127.224 E517.1345
G1 X114.578 Y127.04 E517.13886
G0 F7200 X114.578 Y127.228
G0 X101.18 Y128.333
G1 F1500 X101.667 Y128.82 E517.1475
G0 F7200 X102.233 Y128.82
G1 F1500 X101.18 Y127.767 E517.16617
G0 F7200 X101.18 Y127.201
G1 F1500 X102.798 Y128.82 E517.19488
G0 F7200 X103.364 Y128.82
G1 F1500 X101.18 Y126.636 E517.23361
G0 F7200 X101.18 Y126.07
G1 F1500 X103.93 Y128.82 E517.28238
G0 F7200 X104.496 Y128.82
G1 F1500 X101.18 Y125.504 E517.34119
G0 F7200 X101.18 Y124.939
G1 F1500 X105.061 Y128.82 E517.41002
G0 F7200 X105.627 Y128.82
G1 F1500 X101.18 Y124.373 E517.48888
G0 F7200 X101.18 Y123.807
G1 F1500 X106.193 Y128.82 E517.57779
G0 F7200 X106.758 Y128.82
G1 F1500 X101.18 Y123.242 E517.67671
G0 F7200 X101.18 Y122.676
G1 F1500 X105.396 Y126.892 E517.75148
G0 F7200 X105.859 Y127.355
G1 F1500 X107.324 Y128.82 E517.77746
G0 F7200 X107.89 Y128.82
G1 F1500 X106.566 Y127.496 E517.80094
G0 F7200 X107.132 Y127.496
G1 F1500 X108.455 Y128.82 E517.82442
G0 F7200 X109.021 Y128.82
G1 F1500 X107.697 Y127.496 E517.8479
G0 F7200 X108.262 Y127.496
G1 F1500 X109.587 Y128.82 E517.87139
G0 F7200 X110.152 Y128.82
G1 F1500 X108.827 Y127.495 E517.89489
G0 F7200 X109.392 Y127.494
G1 F1500 X110.718 Y128.82 E517.9184
G0 F7200 X111.284 Y128.82
G1 F1500 X109.958 Y127.494 E517.94192
G0 F7200 X110.523 Y127.493
G1 F1500 X111.849 Y128.82 E517.96544
G0 F7200 X112.415 Y128.82
G1 F1500 X111.089 Y127.493 E517.98897
G0 F7200 X111.654 Y127.493
G1 F1500 X112.981 Y128.82 E518.0125
G0 F7200 X113.546 Y128.82
G1 F1500 X112.219 Y127.492 E518.03605
G0 F7200 X112.784 Y127.492
G1 F1500 X114.112 Y128.82 E518.0596
G0 F7200 X114.678 Y128.82
G1 F1500 X113.349 Y127.491 E518.08317
G0 F7200 X113.915 Y127.491
G1 F1500 X115.244 Y128.82 E518.10674
G0 F7200 X115.809 Y128.82
G1 F1500 X114.381 Y127.392 E518.13206
G0 F7200 X114.72 Y127.165
G1 F1500 X116.375 Y128.82 E518.16141
G0 F7200 X116.941 Y128.82
G1 F1500 X114.964 Y126.843 E518.19647
G0 F7200 X115.087 Y126.4
G1 F1500 X117.506 Y128.82 E518.23938
G0 F7200 X118.072 Y128.82
G1 F1500 X115.101 Y125.849 E518.29207
G1 X115.031 Y125.779
G0 F7200 X114.762 Y124.944
G1 F1500 X118.638 Y128.82 E518.36081
G0 F7200 X118.82 Y128.437
G1 F1500 X114.169 Y123.785 E518.44331
G1 X114.099 Y123.715
G0 F7200 X113.576 Y122.627
G1 F1500 X118.82 Y127.871 E518.53631
G0 F7200 X118.82 Y127.305
G1 F1500 X112.983 Y121.468 E518.63983
G1 X112.913 Y121.398
G0 F7200 X112.39 Y120.309
G1 F1500 X118.82 Y126.74 E518.75387
G0 F7200 X118.82 Y126.174
G1 F1500 X111.796 Y119.15 E518.87844
G1 X111.726 Y119.08
G0 F7200 X111.204 Y117.992
G1 F1500 X118.82 Y125.608 E519.01351
G0 F7200 X118.82 Y125.043
G1 F1500 X110.611 Y116.833 E519.1591
G0 F7200 X111.043 Y116.699
G1 F1500 X118.82 Y124.477 E519.29703
G0 F7200 X118.82 Y123.911
G1 F1500 X111.608 Y116.699 E519.42493
G0 F7200 X112.173 Y116.698
G1 F1500 X118.82 Y123.346 E519.54283
G0 F7200 X118.82 Y122.78
G1 F1500 X112.738 Y116.697 E519.6507
G0 F7200 X113.302 Y116.696
G1 F1500 X118.82 Y122.214 E519.74856
G0 F7200 X118.82 Y121.649
G1 F1500 X113.867 Y116.695 E519.83641
G0 F7200 X114.391 Y116.654
G1 F1500 X118.82 Y121.083 E519.91495
G0 F7200 X118.82 Y120.517
G1 F1500 X114.771 Y116.468 E519.98676
G0 F7200 X115.051 Y116.182
G1 F1500 X118.82 Y119.951 E520.0536
G0 F7200 X118.82 Y119.386
G1 F1500 X115.233 Y115.799 E520.11722
G0 F7200 X115.291 Y115.291
G1 F1500 X118.82 Y118.82 E520.17981
G0 F7200 X118.82 Y118.254
G1 F1500 X115.289 Y114.723 E520.24243
G0 F7200 X115.287 Y114.156
G1 F1500 X118.82 Y117.689 E520.30508
G0 F7200 X118.82 Y117.123
G1 F1500 X115.145 Y113.448 E520.37026
G0 F7200 X114.691 Y112.994
G1 F1500 X112.878 Y111.181 E520.40241
G0 F7200 X113.443 Y111.181
G1 F1500 X118.82 Y116.557 E520.49776
G0 F7200 X118.82 Y115.992
G1 F1500 X114.009 Y111.181 E520.58309
G0 F7200 X114.575 Y111.181
G1 F1500 X118.82 Y115.426 E520.65837
G0 F7200 X118.82 Y114.86
G1 F1500 X115.14 Y111.181 E520.72362
G0 F7200 X115.706 Y111.181
G1 F1500 X118.82 Y114.295 E520.77885
G0 F7200 X118.82 Y113.729
G1 F1500 X116.272 Y111.181 E520.82404
G0 F7200 X116.837 Y111.181
G1 F1500 X118.82 Y113.163 E520.8592
G0 F7200 X118.82 Y112.598
G1 F1500 X117.403 Y111.181 E520.88433
G0 F7200 X117.969 Y111.181
G1 F1500 X118.82 Y112.032 E520.89942
G0 F7200 X118.82 Y111.466
G1 F1500 X118.534 Y111.181 E520.90448
G0 F7200 X113.96 Y112.829
G1 F1500 X112.312 Y111.181 E520.93371
G0 F7200 X111.746 Y111.181
G1 F1500 X113.394 Y112.829 E520.96294
G0 F7200 X112.829 Y112.829
G1 F1500 X111.181 Y111.181 E520.99216
G0 F7200 X110.615 Y111.181
G1 F1500 X112.263 Y112.829 E521.02139
G0 F7200 X111.697 Y112.829
G1 F1500 X110.049 Y111.181 E521.05062
G0 F7200 X109.483 Y111.181
G1 F1500 X111.132 Y112.829 E521.07985
G0 F7200 X110.566 Y112.829
G1 F1500 X108.918 Y111.181 E521.10908
G0 F7200 X108.352 Y111.181
G1 F1500 X110 Y112.829 E521.13831
G0 F7200 X109.435 Y112.829
G1 F1500 X107.786 Y111.181 E521.16754
G0 F7200 X107.221 Y111.181
G1 F1500 X108.869 Y112.829 E521.19677
G0 F7200 X108.303 Y112.829
G1 F1500 X106.655 Y111.181 E521.226
G0 F7200 X106.089 Y111.181
G1 F1500 X107.738 Y112.829 E521.25523
G0 F7200 X107.172 Y112.829
G1 F1500 X105.524 Y111.181 E521.28446
G0 F7200 X104.958 Y111.181
G1 F1500 X106.606 Y112.829 E521.31369
G0 F7200 X106.068 Y112.856
G1 F1500 X104.392 Y111.181 E521.3434
G0 F7200 X103.827 Y111.181
G1 F1500 X105.681 Y113.035 E521.37628
G0 F7200 X105.386 Y113.306
G1 F1500 X103.261 Y111.181 E521.41397
G0 F7200 X102.695 Y111.181
G1 F1500 X105.188 Y113.674 E521.45818
G0 F7200 X105.147 Y114.198
G1 F1500 X102.13 Y111.181 E521.51169
G0 F7200 X101.564 Y111.181
G1 F1500 X105.175 Y114.792 E521.57573
G1 X105.245 Y114.862
G0 F7200 X105.765 Y115.948
G1 F1500 X101.18 Y111.362 E521.65705
G0 F7200 X101.18 Y111.928
G1 F1500 X106.356 Y117.104 E521.74884
G1 X106.426 Y117.174
G0 F7200 X106.946 Y118.26
G1 F1500 X101.18 Y112.494 E521.8511
G0 F7200 X101.18 Y113.059
G1 F1500 X107.537 Y119.416 E521.96384
G1 X107.607 Y119.486
G0 F7200 X108.127 Y120.572
G1 F1500 X101.18 Y113.625 E522.08705
G0 F7200 X101.18 Y114.191
G1 F1500 X108.718 Y121.728 E522.22072
G1 X108.788 Y121.798
G0 F7200 X109.308 Y122.885
G1 F1500 X101.18 Y114.756 E522.36488
G0 F7200 X101.18 Y115.322
G1 F1500 X109.482 Y123.624 E522.51211
G0 F7200 X108.916 Y123.624
G1 F1500 X101.18 Y115.888 E522.64931
G0 F7200 X101.18 Y116.453
G1 F1500 X108.351 Y123.624 E522.77649
G0 F7200 X107.785 Y123.624
G1 F1500 X101.18 Y117.019 E522.89362
G0 F7200 X101.18 Y117.585
G1 F1500 X107.219 Y123.624 E523.00072
G0 F7200 X106.654 Y123.624
G1 F1500 X101.18 Y118.15 E523.0978
G0 F7200 X101.18 Y118.716
G1 F1500 X106.144 Y123.68 E523.18584
G0 F7200 X105.746 Y123.848
G1 F1500 X101.18 Y119.282 E523.26682
G0 F7200 X101.18 Y119.848
G1 F1500 X105.459 Y124.126 E523.34269
G0 F7200 X105.256 Y124.489
G1 F1500 X101.18 Y120.413 E523.41498
G0 F7200 X101.18 Y120.979
G1 F1500 X105.225 Y125.024 E523.48672
G0 F7200 X105.227 Y125.591
G1 F1500 X101.18 Y121.545 E523.55848
G0 F7200 X101.18 Y122.11
G1 F1500 X105.228 Y126.158 E523.63027
G1 X105.298 Y126.228
G0 F7200 X105.196 Y126.228
;MESH:NONMESH
G0 F600 X105.196 Y126.228 Z19.7
G0 F7200 X105.568 Y127.156
G0 X114.344 Y127.228
G0 X114.344 Y126.745
;TIME_ELAPSED:1337.840685
;LAYER:97
;TYPE:WALL-INNER
;MESH:xyzCalibration_cube.glb
G1 F3000 X114.159 Y126.869 E523.63306
G1 X113.997 Y126.916 E523.63518
G1 X106.404 Y126.916 E523.7304
G1 X106.155 Y126.863 E523.73359
G1 X105.966 Y126.727 E523.73651
G1 X105.856 Y126.561 E523.73901
G1 X105.81 Y126.403 E523.74107
G1 X105.804 Y124.699 E523.76244
G1 X105.956 Y124.404 E523.7666
G1 X106.148 Y124.26 E523.76961
G1 X106.404 Y124.204 E523.7729
G1 X110.635 Y124.204 E523.82596
G1 X105.738 Y114.609 E523.96105
G1 X105.717 Y113.907 E523.96985
G1 X105.798 Y113.707 E523.97256
G1 X105.915 Y113.561 E523.97491
G1 X106.244 Y113.404 E523.97948
G1 X114.112 Y113.404 E524.07815
G1 X114.32 Y113.441 E524.0808
G1 X114.493 Y113.54 E524.08329
G1 X114.68 Y113.809 E524.0874
G1 X114.712 Y114.004 E524.08988
G1 X114.712 Y115.633 E524.11031
G1 X114.626 Y115.831 E524.11302
G1 X114.428 Y116.031 E524.11655
G1 X114.19 Y116.12 E524.11973
G1 X109.597 Y116.12 E524.17733
G1 X114.526 Y125.752 E524.31302
G1 X114.516 Y126.42 E524.32139
G1 X114.459 Y126.589 E524.32363
G1 X114.344 Y126.745 E524.32606
G0 F7200 X114.344 Y127.228
G0 X119.12 Y129.12
G0 X119.4 Y129.4
G1 F3000 X119.4 Y110.6 E524.56182
G1 X100.6 Y110.6 E524.79758
G1 X100.6 Y129.4 E525.03334
G1 X119.4 Y129.4 E525.2691
G0 F7200 X119.8 Y129.8
;TYPE:WALL-OUTER
G1 F1500 X119.8 Y110.2 E525.51489
G1 X100.2 Y110.2 E525.76068
G1 X100.2 Y129.8 E526.00647
G1 X119.8 Y129.8 E526.25226
G0 F7200 X119.8 Y129.6
G0 X119.12 Y129.12
G0 X114.837 Y126.351
G0 X114.122 Y126.351
G1 F1500 X114.064 Y126.459 E526.2538
G1 X113.959 Y126.513 E526.25528
G1 X106.344 Y126.516 E526.35077
G1 X106.258 Y126.453 E526.35211
G1 X106.206 Y126.345 E526.35361
G1 X106.21 Y124.753 E526.37358
G1 X106.342 Y124.604 E526.37608
G1 X111.289 Y124.604 E526.43811
G1 X106.125 Y114.476 E526.58068
G1 X106.126 Y113.954 E526.58722
G1 X106.185 Y113.856 E526.58866
G1 X106.285 Y113.806 E526.59006
G1 X114.161 Y113.804 E526.68883
G1 X114.312 Y113.953 E526.69149
G1 X114.31 Y115.555 E526.71158
G1 X114.2 Y115.717 E526.71403
G1 X108.943 Y115.72 E526.77996
G1 X114.119 Y125.848 E526.92259
G1 X114.122 Y126.351 E526.9289
G0 F7200 X114.064 Y126.459
G0 X113.996 Y126.494
G0 X113.996 Y127.228
G0 X119.02 Y129.02
;TYPE:SKIN
G1 F1500 X100.98 Y129.02 E527.15513
G1 X100.98 Y110.98 E527.38136
G1 X119.02 Y110.98 E527.60759
G1 X119.02 Y129.02 E527.83381
G0 F7200 X114.578 Y127.228
G0 X114.578 Y127.04
G1 F1500 X114.778 Y126.786 E527.83787
G1 X114.886 Y126.507 E527.84162
G1 X114.904 Y125.777 E527.85078
G1 X114.809 Y125.471 E527.8548
G1 X110.216 Y116.5 E527.98118
G1 X114.143 Y116.498 E528.03043
G1 X114.419 Y116.45 E528.03394
G1 X114.799 Y116.217 E528.03953
G1 X115.033 Y115.835 E528.04515
G1 X115.09 Y115.546 E528.04884
G1 X115.09 Y113.97 E528.06861
G1 X115.038 Y113.683 E528.07226
G1 X114.939 Y113.482 E528.07507
G1 X114.754 Y113.263 E528.07867
G1 X114.483 Y113.097 E528.08265
G1 X114.138 Y113.026 E528.08707
G1 X106.185 Y113.026 E528.18681
G1 X105.921 Y113.11 E528.19028
G1 X105.636 Y113.302 E528.19459
G1 X105.453 Y113.542 E528.19837
G1 X105.335 Y113.845 E528.20245
G1 X105.363 Y114.719 E528.21342
G1 X110.013 Y123.824 E528.34163
G1 X106.366 Y123.828 E528.38736
G1 X105.983 Y123.914 E528.39228
G1 X105.668 Y124.152 E528.39723
G1 X105.43 Y124.602 E528.40362
G1 X105.426 Y126.432 E528.42657
G1 X105.495 Y126.682 E528.42982
G1 X105.67 Y126.96 E528.43394
G1 X105.963 Y127.187 E528.43859
G1 X106.365 Y127.292 E528.4438
G1 X114.051 Y127.294 E528.54018
G1 X114.283 Y127.224 E528.54322
G1 X114.578 Y127.04 E528.54758
G0 F7200 X114.578 Y127.228
G0 X118.385 Y128.82
G1 F1500 X118.82 Y128.384 E528.5553
G0 F7200 X118.82 Y127.819
G1 F1500 X117.819 Y128.82 E528.57306
G0 F7200 X117.253 Y128.82
G1 F1500 X118.82 Y127.253 E528.60085
G0 F7200 X118.82 Y126.687
G1 F1500 X116.687 Y128.82 E528.63868
G0 F7200 X116.122 Y128.82
G1 F1500 X118.82 Y126.122 E528.68652
G0 F7200 X118.82 Y125.556
G1 F1500 X115.556 Y128.82 E528.74441
G0 F7200 X114.99 Y128.82
G1 F1500 X118.82 Y124.99 E528.81233
G0 F7200 X118.82 Y124.425
G1 F1500 X114.425 Y128.82 E528.89028
G0 F7200 X113.859 Y128.82
G1 F1500 X118.82 Y123.859 E528.97826
G0 F7200 X118.82 Y123.293
G1 F1500 X113.293 Y128.82 E529.07628
G0 F7200 X112.728 Y128.82
G1 F1500 X114.057 Y127.491 E529.09985
G0 F7200 X113.491 Y127.491
G1 F1500 X112.162 Y128.82 E529.12342
G0 F7200 X111.596 Y128.82
G1 F1500 X112.925 Y127.491 E529.14699
G0 F7200 X112.359 Y127.491
G1 F1500 X111.031 Y128.82 E529.17055
G0 F7200 X110.465 Y128.82
G1 F1500 X111.793 Y127.492 E529.1941
G0 F7200 X111.227 Y127.492
G1 F1500 X109.899 Y128.82 E529.21765
G0 F7200 X109.334 Y128.82
G1 F1500 X110.661 Y127.493 E529.24119
G0 F7200 X110.094 Y127.493
G1 F1500 X108.768 Y128.82 E529.26471
G0 F7200 X108.202 Y128.82
G1 F1500 X109.529 Y127.493 E529.28825
G0 F7200 X108.962 Y127.494
G1 F1500 X107.637 Y128.82 E529.31175
G0 F7200 X107.071 Y128.82
G1 F1500 X108.397 Y127.494 E529.33527
G0 F7200 X107.83 Y127.495
G1 F1500 X106.505 Y128.82 E529.35877
G0 F7200 X105.939 Y128.82
G1 F1500 X107.264 Y127.496 E529.38226
G0 F7200 X106.698 Y127.496
G1 F1500 X105.374 Y128.82 E529.40574
G0 F7200 X104.808 Y128.82
G1 F1500 X106.178 Y127.45 E529.43004
G0 F7200 X105.773 Y127.289
G1 F1500 X104.242 Y128.82 E529.45719
G0 F7200 X103.677 Y128.82
G1 F1500 X105.474 Y127.023 E529.48906
G0 F7200 X105.279 Y126.652
G1 F1500 X103.111 Y128.82 E529.52751
G0 F7200 X102.545 Y128.82
G1 F1500 X105.227 Y126.139 E529.57506
G0 F7200 X105.226 Y125.574
G1 F1500 X101.98 Y128.82 E529.63263
G0 F7200 X101.414 Y128.82
G1 F1500 X105.225 Y125.009 E529.70022
G0 F7200 X105.351 Y124.317
G1 F1500 X101.181 Y128.488 E529.77418
G0 F7200 X101.181 Y127.922
G1 F1500 X108.263 Y120.84 E529.89978
G0 F7200 X108.455 Y121.214
G1 F1500 X105.945 Y123.723 E529.94428
G0 F7200 X106.61 Y123.624
G1 F1500 X108.646 Y121.588 E529.98039
G0 F7200 X108.836 Y121.963
G1 F1500 X107.175 Y123.624 E530.00985
G0 F7200 X107.741 Y123.624
G1 F1500 X109.028 Y122.337 E530.03267
G0 F7200 X109.219 Y122.712
G1 F1500 X108.307 Y123.624 E530.04885
G0 F7200 X108.873 Y123.624
G1 F1500 X109.411 Y123.086 E530.05839
G0 F7200 X109.602 Y123.461
G1 F1500 X109.438 Y123.624 E530.06129
G0 F7200 X108.072 Y120.465
G1 F1500 X101.181 Y127.356 E530.1835
G0 F7200 X101.181 Y126.791
G1 F1500 X107.88 Y120.091 E530.30231
G0 F7200 X107.69 Y119.716
G1 F1500 X101.181 Y126.225 E530.41775
G0 F7200 X101.181 Y125.659
G1 F1500 X107.498 Y119.342 E530.52978
G0 F7200 X107.307 Y118.967
G1 F1500 X101.181 Y125.094 E530.63843
G0 F7200 X101.181 Y124.528
G1 F1500 X107.115 Y118.593 E530.74368
G0 F7200 X106.924 Y118.218
G1 F1500 X101.181 Y123.962 E530.84554
G0 F7200 X101.181 Y123.396
G1 F1500 X106.733 Y117.844 E530.944
G0 F7200 X106.542 Y117.47
G1 F1500 X101.181 Y122.831 E531.03908
G0 F7200 X101.181 Y122.265
G1 F1500 X106.351 Y117.095 E531.13076
G0 F7200 X106.159 Y116.721
G1 F1500 X101.181 Y121.699 E531.21905
G0 F7200 X101.181 Y121.134
G1 F1500 X105.968 Y116.346 E531.30395
G0 F7200 X105.777 Y115.972
G1 F1500 X101.181 Y120.568 E531.38546
G0 F7200 X101.181 Y120.002
G1 F1500 X105.586 Y115.597 E531.46358
G0 F7200 X105.394 Y115.223
G1 F1500 X101.181 Y119.437 E531.53831
G0 F7200 X101.181 Y118.871
G1 F1500 X105.203 Y114.848 E531.60965
G0 F7200 X105.151 Y114.335
G1 F1500 X101.181 Y118.305 E531.68005
G0 F7200 X101.181 Y117.74
G1 F1500 X105.15 Y113.77 E531.75045
G1 X105.22 Y113.7
G0 F7200 X106.061 Y112.859
G1 F1500 X107.74 Y111.18 E531.78023
G0 F7200 X107.175 Y111.18
G1 F1500 X101.181 Y117.174 E531.88653
G0 F7200 X101.181 Y116.608
G1 F1500 X106.609 Y111.18 E531.9828
G0 F7200 X106.043 Y111.18
G1 F1500 X101.181 Y116.043 E532.06903
G0 F7200 X101.181 Y115.477
G1 F1500 X105.478 Y111.18 E532.14524
G0 F7200 X104.912 Y111.18
G1 F1500 X101.181 Y114.911 E532.21141
G0 F7200 X101.181 Y114.346
G1 F1500 X104.346 Y111.18 E532.26755
G0 F7200 X103.781 Y111.18
G1 F1500 X101.181 Y113.78 E532.31366
G0 F7200 X101.181 Y113.214
G1 F1500 X103.215 Y111.18 E532.34973
G0 F7200 X102.649 Y111.18
G1 F1500 X101.181 Y112.648 E532.37576
G0 F7200 X101.181 Y112.083
G1 F1500 X102.084 Y111.18 E532.39178
G0 F7200 X101.518 Y111.18
G1 F1500 X101.181 Y111.517 E532.39775
G0 F7200 X106.657 Y112.829
G1 F1500 X108.306 Y111.18 E532.427
G0 F7200 X108.872 Y111.18
G1 F1500 X107.223 Y112.829 E532.45624
G0 F7200 X107.789 Y112.829
G1 F1500 X109.438 Y111.18 E532.48549
G0 F7200 X110.003 Y111.18
G1 F1500 X108.354 Y112.829 E532.51473
G0 F7200 X108.92 Y112.829
G1 F1500 X110.569 Y111.18 E532.54398
G0 F7200 X111.135 Y111.18
G1 F1500 X109.486 Y112.829 E532.57322
G0 F7200 X110.051 Y112.829
G1 F1500 X111.7 Y111.18 E532.60247
G0 F7200 X112.266 Y111.18
G1 F1500 X110.617 Y112.829 E532.63171
G0 F7200 X111.183 Y112.829
G1 F1500 X112.832 Y111.18 E532.66096
G0 F7200 X113.397 Y111.18
G1 F1500 X111.748 Y112.829 E532.6902
G0 F7200 X112.314 Y112.829
G1 F1500 X113.963 Y111.18 E532.71944
G0 F7200 X114.529 Y111.18
G1 F1500 X112.88 Y112.829 E532.74869
G0 F7200 X113.445 Y112.829
G1 F1500 X115.094 Y111.18 E532.77793
G0 F7200 X115.66 Y111.18
G1 F1500 X114.011 Y112.829 E532.80718
G0 F7200 X114.5 Y112.905
G1 F1500 X116.226 Y111.18 E532.83778
G0 F7200 X116.791 Y111.18
G1 F1500 X114.865 Y113.106 E532.87194
G0 F7200 X115.127 Y113.41
G1 F1500 X117.357 Y111.18 E532.91149
G0 F7200 X117.923 Y111.18
G1 F1500 X115.268 Y113.834 E532.95856
G0 F7200 X115.287 Y114.381
G1 F1500 X118.488 Y111.18 E533.01533
G0 F7200 X118.82 Y111.414
G1 F1500 X115.288 Y114.946 E533.07797
G0 F7200 X115.288 Y115.512
G1 F1500 X118.82 Y111.98 E533.14061
G0 F7200 X118.82 Y112.545
G1 F1500 X111.939 Y119.427 E533.26265
G0 F7200 X112.13 Y119.801
G1 F1500 X118.82 Y113.111 E533.3813
G0 F7200 X118.82 Y113.677
G1 F1500 X112.322 Y120.175 E533.49654
G0 F7200 X112.513 Y120.549
G1 F1500 X118.82 Y114.242 E533.60839
G0 F7200 X118.82 Y114.808
G1 F1500 X112.705 Y120.923 E533.71684
G0 F7200 X112.896 Y121.298
G1 F1500 X118.82 Y115.374 E533.8219
G0 F7200 X118.82 Y115.939
G1 F1500 X113.088 Y121.672 E533.92356
G0 F7200 X113.279 Y122.046
G1 F1500 X118.82 Y116.505 E534.02183
G0 F7200 X118.82 Y117.071
G1 F1500 X113.471 Y122.42 E534.1167
G0 F7200 X113.662 Y122.794
G1 F1500 X118.82 Y117.636 E534.20817
G0 F7200 X118.82 Y118.202
G1 F1500 X113.854 Y123.168 E534.29624
G0 F7200 X114.045 Y123.543
G1 F1500 X118.82 Y118.768 E534.38093
G0 F7200 X118.82 Y119.333
G1 F1500 X114.237 Y123.917 E534.46221
G0 F7200 X114.428 Y124.291
G1 F1500 X118.82 Y119.899 E534.5401
G0 F7200 X118.82 Y120.465
G1 F1500 X114.62 Y124.665 E534.61459
G0 F7200 X114.812 Y125.039
G1 F1500 X118.82 Y121.031 E534.68567
G0 F7200 X118.82 Y121.596
G1 F1500 X115.001 Y125.415 E534.7534
G0 F7200 X115.101 Y125.881
G1 F1500 X118.82 Y122.162 E534.81936
G0 F7200 X118.82 Y122.728
G1 F1500 X115.086 Y126.462 E534.88558
G1 X115.016 Y126.532
G0 F7200 X111.747 Y119.053
G1 F1500 X114.105 Y116.695 E534.9274
G0 F7200 X113.539 Y116.695
G1 F1500 X111.556 Y118.678 E534.96256
G0 F7200 X111.364 Y118.304
G1 F1500 X112.972 Y116.696 E534.99108
G0 F7200 X112.406 Y116.697
G1 F1500 X111.173 Y117.93 E535.01295
G0 F7200 X110.981 Y117.556
G1 F1500 X111.839 Y116.698 E535.02817
G0 F7200 X111.272 Y116.699
G1 F1500 X110.789 Y117.182 E535.03673
G0 F7200 X110.598 Y116.808
G1 F1500 X110.706 Y116.699 E535.03866
G0 F7200 X110.706 Y116.73
;MESH:NONMESH
G0 F600 X110.706 Y116.73 Z19.9
G0 F7200 X114.775 Y125.694
G0 X114.765 Y127.156
G0 X114.344 Y126.745
;TIME_ELAPSED:1374.887773
;LAYER:98
;TYPE:WALL-INNER
;MESH:xyzCalibration_cube.glb
G1 F3000 X114.159 Y126.869 E535.04145
G1 X113.997 Y126.916 E535.04356
G1 X106.404 Y126.916 E535.13878
G1 X106.155 Y126.863 E535.14198
G1 X105.966 Y126.727 E535.1449
G1 X105.856 Y126.561 E535.14739
G1 X105.81 Y126.403 E535.14946
G1 X105.804 Y124.699 E535.17082
G1 X105.956 Y124.404 E535.17499
G1 X106.148 Y124.26 E535.178
G1 X106.404 Y124.204 E535.18128
G1 X110.635 Y124.204 E535.23434
G1 X105.738 Y114.609 E535.36943
G1 X105.717 Y113.907 E535.37824
G1 X105.798 Y113.707 E535.38094
G1 X105.915 Y113.561 E535.38329
G1 X106.244 Y113.404 E535.38786
G1 X114.112 Y113.404 E535.48653
G1 X114.32 Y113.441 E535.48918
G1 X114.493 Y113.54 E535.49168
G1 X114.68 Y113.809 E535.49579
G1 X114.712 Y114.004 E535.49826
G1 X114.712 Y115.633 E535.51869
G1 X114.626 Y115.831 E535.5214
G1 X114.428 Y116.031 E535.52493
G1 X114.199 Y116.12 E535.52801
G1 X109.597 Y116.12 E535.58572
G1 X114.526 Y125.752 E535.72141
G1 X114.516 Y126.42 E535.72978
G1 X114.459 Y126.589 E535.73202
G1 X114.344 Y126.745 E535.73445
G0 F7200 X114.344 Y127.228
G0 X119.12 Y129.12
G0 X119.4 Y129.4
G1 F3000 X119.4 Y110.6 E535.97021
G1 X100.6 Y110.6 E536.20597
G1 X100.6 Y129.4 E536.44173
G1 X119.4 Y129.4 E536.67749
G0 F7200 X119.8 Y129.8
;TYPE:WALL-OUTER
G1 F1500 X119.8 Y110.2 E536.92328
G1 X100.2 Y110.2 E537.16907
G1 X100.2 Y129.8 E537.41486
G1 X119.8 Y129.8 E537.66065
G0 F7200 X119.8 Y129.6
G0 X119.12 Y129.12
G0 X114.837 Y126.351
G0 X114.122 Y126.351
G1 F1500 X114.064 Y126.459 E537.66219
G1 X113.959 Y126.513 E537.66367
G1 X106.344 Y126.516 E537.75917
G1 X106.258 Y126.453 E537.7605
G1 X106.206 Y126.345 E537.76201
G1 X106.21 Y124.753 E537.78197
G1 X106.342 Y124.604 E537.78447
G1 X111.289 Y124.604 E537.8465
G1 X106.125 Y114.476 E537.98907
G1 X106.126 Y113.954 E537.99562
G1 X106.185 Y113.856 E537.99705
G1 X106.285 Y113.806 E537.99845
G1 X114.161 Y113.804 E538.09722
G1 X114.312 Y113.953 E538.09988
G1 X114.31 Y115.555 E538.11997
G1 X114.2 Y115.717 E538.12243
G1 X108.943 Y115.72 E538.18835
G1 X114.119 Y125.848 E538.33098
G1 X114.122 Y126.351 E538.33729
G0 F7200 X114.064 Y126.459
G0 X113.996 Y126.494
G0 X113.996 Y127.228
G0 X119.02 Y129.02
;TYPE:SKIN
G1 F1500 X100.98 Y129.02 E538.56352
G1 X100.98 Y110.98 E538.78975
G1 X119.02 Y110.98 E539.01598
G1 X119.02 Y129.02 E539.2422
G0 F7200 X114.578 Y127.228
G0 X114.578 Y127.04
G1 F1500 X114.778 Y126.786 E539.24626
G1 X114.886 Y126.507 E539.25001
G1 X114.904 Y125.777 E539.25917
G1 X114.809 Y125.471 E539.26319
G1 X110.216 Y116.5 E539.38957
G1 X114.143 Y116.498 E539.43882
G1 X114.419 Y116.45 E539.44233
G1 X114.799 Y116.217 E539.44792
G1 X115.033 Y115.835 E539.45354
G1 X115.092 Y115.516 E539.45761
G1 X115.09 Y113.97 E539.477
G1 X115.038 Y113.683 E539.48065
G1 X114.939 Y113.482 E539.48346
G1 X114.754 Y113.263 E539.48706
G1 X114.483 Y113.097 E539.49104
G1 X114.138 Y113.026 E539.49546
G1 X106.185 Y113.026 E539.59519
G1 X105.921 Y113.11 E539.59867
G1 X105.636 Y113.302 E539.60298
G1 X105.453 Y113.542 E539.60676
G1 X105.335 Y113.845 E539.61084
G1 X105.363 Y114.719 E539.62181
G1 X110.013 Y123.824 E539.75001
G1 X106.366 Y123.828 E539.79575
G1 X105.983 Y123.914 E539.80067
G1 X105.668 Y124.152 E539.80562
G1 X105.43 Y124.602 E539.81201
G1 X105.426 Y126.432 E539.83496
G1 X105.495 Y126.682 E539.83821
G1 X105.67 Y126.96 E539.84233
G1 X105.963 Y127.187 E539.84698
G1 X106.365 Y127.292 E539.85219
G1 X114.051 Y127.294 E539.94857
G1 X114.283 Y127.224 E539.95161
G1 X114.578 Y127.04 E539.95597
G0 F7200 X114.578 Y127.228
G0 X101.18 Y128.333
G1 F1500 X101.667 Y128.82 E539.96461
G0 F7200 X102.233 Y128.82
G1 F1500 X101.18 Y127.767 E539.98328
G0 F7200 X101.18 Y127.201
G1 F1500 X102.798 Y128.82 E540.01199
G0 F7200 X103.364 Y128.82
G1 F1500 X101.18 Y126.636 E540.05072
G0 F7200 X101.18 Y126.07
G1 F1500 X103.93 Y128.82 E540.09949
G0 F7200 X104.496 Y128.82
G1 F1500 X101.18 Y125.504 E540.1583
G0 F7200 X101.18 Y124.939
G1 F1500 X105.061 Y128.82 E540.22713
G0 F7200 X105.627 Y128.82
G1 F1500 X101.18 Y124.373 E540.30599
G0 F7200 X101.18 Y123.807
G1 F1500 X106.193 Y128.82 E540.3949
G0 F7200 X106.758 Y128.82
G1 F1500 X101.18 Y123.242 E540.49382
G0 F7200 X101.18 Y122.676
G1 F1500 X105.396 Y126.892 E540.56859
G0 F7200 X105.86 Y127.356
G1 F1500 X107.324 Y128.82 E540.59455
G0 F7200 X107.89 Y128.82
G1 F1500 X106.565 Y127.496 E540.61804
G0 F7200 X107.131 Y127.496
G1 F1500 X108.455 Y128.82 E540.64153
G0 F7200 X109.021 Y128.82
G1 F1500 X107.696 Y127.495 E540.66502
G0 F7200 X108.262 Y127.495
G1 F1500 X109.587 Y128.82 E540.68852
G0 F7200 X110.152 Y128.82
G1 F1500 X108.827 Y127.494 E540.71203
G0 F7200 X109.392 Y127.494
G1 F1500 X110.718 Y128.82 E540.73555
G0 F7200 X111.284 Y128.82
G1 F1500 X109.957 Y127.493 E540.75908
G0 F7200 X110.523 Y127.493
G1 F1500 X111.849 Y128.82 E540.78261
G0 F7200 X112.415 Y128.82
G1 F1500 X111.088 Y127.493 E540.80614
G0 F7200 X111.654 Y127.493
G1 F1500 X112.981 Y128.82 E540.82967
G0 F7200 X113.546 Y128.82
G1 F1500 X112.219 Y127.492 E540.85322
G0 F7200 X112.784 Y127.492
G1 F1500 X114.112 Y128.82 E540.87677
G0 F7200 X114.678 Y128.82
G1 F1500 X113.349 Y127.491 E540.90034
G0 F7200 X113.915 Y127.491
G1 F1500 X115.244 Y128.82 E540.92391
G0 F7200 X115.809 Y128.82
G1 F1500 X114.381 Y127.392 E540.94923
G0 F7200 X114.72 Y127.165
G1 F1500 X116.375 Y128.82 E540.97858
G0 F7200 X116.941 Y128.82
G1 F1500 X114.964 Y126.843 E541.01364
G0 F7200 X115.087 Y126.4
G1 F1500 X117.506 Y128.82 E541.05655
G0 F7200 X118.072 Y128.82
G1 F1500 X115.101 Y125.849 E541.10924
G1 X115.031 Y125.779
G0 F7200 X114.762 Y124.944
G1 F1500 X118.638 Y128.82 E541.17798
G0 F7200 X118.82 Y128.437
G1 F1500 X114.169 Y123.785 E541.26048
G1 X114.099 Y123.715
G0 F7200 X113.576 Y122.627
G1 F1500 X118.82 Y127.871 E541.35348
G0 F7200 X118.82 Y127.305
G1 F1500 X112.983 Y121.468 E541.457
G1 X112.913 Y121.398
G0 F7200 X112.39 Y120.309
G1 F1500 X118.82 Y126.74 E541.57104
G0 F7200 X118.82 Y126.174
G1 F1500 X111.796 Y119.15 E541.69561
G1 X111.726 Y119.08
G0 F7200 X111.204 Y117.992
G1 F1500 X118.82 Y125.608 E541.83068
G0 F7200 X118.82 Y125.043
G1 F1500 X110.611 Y116.833 E541.97627
G0 F7200 X111.043 Y116.699
G1 F1500 X118.82 Y124.477 E542.1142
G0 F7200 X118.82 Y123.911
G1 F1500 X111.608 Y116.699 E542.24211
G0 F7200 X112.173 Y116.698
G1 F1500 X118.82 Y123.346 E542.36
G0 F7200 X118.82 Y122.78
G1 F1500 X112.738 Y116.697 E542.46787
G0 F7200 X113.302 Y116.696
G1 F1500 X118.82 Y122.214 E542.56573
G0 F7200 X118.82 Y121.649
G1 F1500 X113.867 Y116.695 E542.65358
G0 F7200 X114.391 Y116.654
G1 F1500 X118.82 Y121.083 E542.73213
G0 F7200 X118.82 Y120.517
G1 F1500 X114.771 Y116.468 E542.80393
G0 F7200 X115.051 Y116.182
G1 F1500 X118.82 Y119.951 E542.87078
G0 F7200 X118.82 Y119.386
G1 F1500 X115.233 Y115.799 E542.93439
G0 F7200 X115.291 Y115.291
G1 F1500 X118.82 Y118.82 E542.99698
G0 F7200 X118.82 Y118.254
G1 F1500 X115.289 Y114.723 E543.0596
G0 F7200 X115.287 Y114.156
G1 F1500 X118.82 Y117.689 E543.12225
G0 F7200 X118.82 Y117.123
G1 F1500 X115.145 Y113.448 E543.18743
G0 F7200 X114.691 Y112.994
G1 F1500 X112.878 Y111.181 E543.21958
G0 F7200 X113.443 Y111.181
G1 F1500 X118.82 Y116.557 E543.31493
G0 F7200 X118.82 Y115.992
G1 F1500 X114.009 Y111.181 E543.40026
G0 F7200 X114.575 Y111.181
G1 F1500 X118.82 Y115.426 E543.47554
G0 F7200 X118.82 Y114.86
G1 F1500 X115.14 Y111.181 E543.5408
G0 F7200 X115.706 Y111.181
G1 F1500 X118.82 Y114.295 E543.59602
G0 F7200 X118.82 Y113.729
G1 F1500 X116.272 Y111.181 E543.64121
G0 F7200 X116.837 Y111.181
G1 F1500 X118.82 Y113.163 E543.67637
G0 F7200 X118.82 Y112.598
G1 F1500 X117.403 Y111.181 E543.7015
G0 F7200 X117.969 Y111.181
G1 F1500 X118.82 Y112.032 E543.71659
G0 F7200 X118.82 Y111.466
G1 F1500 X118.534 Y111.181 E543.72165
G0 F7200 X113.96 Y112.829
G1 F1500 X112.312 Y111.181 E543.75088
G0 F7200 X111.746 Y111.181
G1 F1500 X113.394 Y112.829 E543.78011
G0 F7200 X112.829 Y112.829
G1 F1500 X111.181 Y111.181 E543.80934
G0 F7200 X110.615 Y111.181
G1 F1500 X112.263 Y112.829 E543.83856
G0 F7200 X111.697 Y112.829
G1 F1500 X110.049 Y111.181 E543.86779
G0 F7200 X109.483 Y111.181
G1 F1500 X111.132 Y112.829 E543.89702
G0 F7200 X110.566 Y112.829
G1 F1500 X108.918 Y111.181 E543.92625
G0 F7200 X108.352 Y111.181
G1 F1500 X110 Y112.829 E543.95548
G0 F7200 X109.435 Y112.829
G1 F1500 X107.786 Y111.181 E543.98471
G0 F7200 X107.221 Y111.181
G1 F1500 X108.869 Y112.829 E544.01394
G0 F7200 X108.303 Y112.829
G1 F1500 X106.655 Y111.181 E544.04317
G0 F7200 X106.089 Y111.181
G1 F1500 X107.738 Y112.829 E544.0724
G0 F7200 X107.172 Y112.829
G1 F1500 X105.524 Y111.181 E544.10163
G0 F7200 X104.958 Y111.181
G1 F1500 X106.606 Y112.829 E544.13086
G0 F7200 X106.068 Y112.856
G1 F1500 X104.392 Y111.181 E544.16057
G0 F7200 X103.827 Y111.181
G1 F1500 X105.681 Y113.035 E544.19345
G0 F7200 X105.386 Y113.306
G1 F1500 X103.261 Y111.181 E544.23114
G0 F7200 X102.695 Y111.181
G1 F1500 X105.188 Y113.674 E544.27535
G0 F7200 X105.147 Y114.198
G1 F1500 X102.13 Y111.181 E544.32886
G0 F7200 X101.564 Y111.181
G1 F1500 X105.175 Y114.792 E544.3929
G1 X105.245 Y114.862
G0 F7200 X105.765 Y115.948
G1 F1500 X101.18 Y111.362 E544.47422
G0 F7200 X101.18 Y111.928
G1 F1500 X106.356 Y117.104 E544.56602
G1 X106.426 Y117.174
G0 F7200 X106.946 Y118.26
G1 F1500 X101.18 Y112.494 E544.66827
G0 F7200 X101.18 Y113.059
G1 F1500 X107.537 Y119.416 E544.78101
G1 X107.607 Y119.486
G0 F7200 X108.127 Y120.572
G1 F1500 X101.18 Y113.625 E544.90422
G0 F7200 X101.18 Y114.191
G1 F1500 X108.718 Y121.728 E545.03789
G1 X108.788 Y121.798
G0 F7200 X109.308 Y122.885
G1 F1500 X101.18 Y114.756 E545.18205
G0 F7200 X101.18 Y115.322
G1 F1500 X109.482 Y123.624 E545.32928
G0 F7200 X108.916 Y123.624
G1 F1500 X101.18 Y115.888 E545.46648
G0 F7200 X101.18 Y116.453
G1 F1500 X108.351 Y123.624 E545.59366
G0 F7200 X107.785 Y123.624
G1 F1500 X101.18 Y117.019 E545.71079
G0 F7200 X101.18 Y117.585
G1 F1500 X107.219 Y123.624 E545.81789
G0 F7200 X106.654 Y123.624
G1 F1500 X101.18 Y118.15 E545.91497
G0 F7200 X101.18 Y118.716
G1 F1500 X106.144 Y123.68 E546.00301
G0 F7200 X105.746 Y123.848
G1 F1500 X101.18 Y119.282 E546.08399
G0 F7200 X101.18 Y119.848
G1 F1500 X105.459 Y124.126 E546.15987
G0 F7200 X105.256 Y124.489
G1 F1500 X101.18 Y120.413 E546.23215
G0 F7200 X101.18 Y120.979
G1 F1500 X105.225 Y125.024 E546.30389
G0 F7200 X105.227 Y125.591
G1 F1500 X101.18 Y121.545 E546.37565
G0 F7200 X101.18 Y122.11
G1 F1500 X105.228 Y126.158 E546.44744
G1 X105.298 Y126.228
G0 F7200 X105.196 Y126.228
;TIME_ELAPSED:1411.564598
G1 F1500 E539.94744
M140 S0
M107
M104 S0
M140 S0
;Retract the filament
G92 E1
G1 E-1 F300
G28 X0 Y0
M84
M82 ;absolute extrusion mode
M104 S0
;End of Gcode
;SETTING_3 {"global_quality": "[general]\\nversion = 4\\nname = Fine #2\\ndefini
;SETTING_3 tion = custom\\n\\n[metadata]\\ntype = quality_changes\\nquality_type
;SETTING_3  = normal\\nsetting_version = 25\\n\\n[values]\\nlayer_height = 0.2\\
;SETTING_3 n\\n", "extruder_quality": ["[general]\\nversion = 4\\nname = Fine #2
;SETTING_3 \\ndefinition = custom\\n\\n[metadata]\\ntype = quality_changes\\nqua
;SETTING_3 lity_type = normal\\nsetting_version = 25\\nposition = 0\\n\\n[values
;SETTING_3 ]\\nspeed_print = 50.0\\n\\n"]}
